Time,Forces,Platform Position
10994.0,7.11,0.0
10995.0,7.1,0.0
10995.0,6.74,0.0
10996.0,6.73,0.0
10997.0,6.74,0.0
10997.0,6.73,0.0
10998.0,6.74,0.0
10998.0,6.43,0.0
10999.0,6.43,0.0
11000.0,6.43,0.0
11000.0,6.43,0.0
11001.0,6.43,0.0
11001.0,6.43,0.0
11002.0,6.38,0.0
11002.0,6.39,0.0
11003.0,6.38,0.0
11004.0,6.39,0.0
11004.0,6.38,0.0
11005.0,6.78,0.0
11005.0,6.77,0.0
11006.0,6.78,0.0
11007.0,6.77,0.0
11007.0,6.78,0.0
11008.0,7.27,0.0
11008.0,7.28,0.0
11009.0,7.27,0.0
11010.0,7.28,0.0
11010.0,7.27,0.0
11011.0,7.19,0.0
11011.0,7.19,0.0
11012.0,7.19,0.0
11012.0,7.19,0.0
11013.0,7.19,0.0
11014.0,7.19,0.0
11014.0,6.91,0.0
11015.0,6.91,0.0
11015.0,6.91,0.0
11016.0,6.91,0.0
11017.0,6.91,0.0
11017.0,6.58,0.0
11018.0,6.58,0.0
11018.0,6.58,0.0
11019.0,6.58,0.0
11019.0,6.58,0.0
11020.0,6.41,0.0
11021.0,6.4,0.0
11021.0,6.41,0.0
11022.0,6.4,0.0
11022.0,6.41,0.0
11023.0,6.4,0.0
11024.0,6.63,0.0
11024.0,6.63,0.0
11025.0,6.63,0.0
11025.0,6.63,0.0
11026.0,6.63,0.0
11027.0,6.79,0.0
11027.0,6.8,0.0
11028.0,6.79,0.0
11028.0,6.8,0.0
11029.0,6.79,0.0
11029.0,7.0,0.0
11030.0,7.0,0.0
11031.0,7.0,0.0
11031.0,7.0,0.0
11032.0,7.0,0.0
11032.0,7.0,0.0
11033.0,6.95,0.0
11034.0,6.95,0.0
11034.0,6.95,0.0
11035.0,6.95,0.0
11035.0,6.95,0.0
11036.0,6.62,0.0
11036.0,6.62,0.0
11037.0,6.62,0.0
11038.0,6.62,0.0
11038.0,6.62,0.0
11039.0,6.85,0.0
11039.0,6.85,0.0
11040.0,6.85,0.0
11041.0,6.85,0.0
11041.0,6.85,0.0
11042.0,6.85,0.0
11042.0,6.68,0.0
11043.0,6.68,0.0
11044.0,6.68,0.0
11044.0,6.68,0.0
11045.0,6.68,0.0
11045.0,6.66,0.0
11046.0,6.66,0.0
11046.0,6.66,0.0
11047.0,6.66,0.0
11048.0,6.66,0.0
11048.0,6.95,0.0
11049.0,6.95,0.0
11049.0,6.95,0.0
11050.0,6.95,0.0
11051.0,6.95,0.0
11051.0,6.95,0.0
11052.0,6.84,0.0
11052.0,6.83,0.0
11053.0,6.84,0.0
11054.0,6.83,0.0
11054.0,6.84,0.0
11055.0,6.81,0.0
11055.0,6.81,0.0
11056.0,6.81,0.0
11056.0,6.81,0.0
11057.0,6.81,0.0
11058.0,6.84,0.0
11058.0,6.83,0.0
11059.0,6.84,0.0
11059.0,6.83,0.0
11060.0,6.84,0.0
11061.0,6.83,0.0
11061.0,6.68,0.0
11062.0,6.68,0.0
11062.0,6.68,0.0
11063.0,6.68,0.0
11063.0,6.68,0.0
11064.0,6.74,0.0
11065.0,6.74,0.0
11065.0,6.74,0.0
11066.0,6.74,0.0
11066.0,6.74,0.0
11067.0,6.99,0.0
11068.0,6.99,0.0
11068.0,6.99,0.0
11069.0,6.99,0.0
11069.0,6.99,0.0
11070.0,6.99,0.0
11070.0,7.47,0.0
11071.0,7.47,0.0
11072.0,7.47,0.0
11072.0,7.47,0.0
11073.0,7.47,0.0
11073.0,7.2,0.0
11074.0,7.2,0.0
11075.0,7.2,0.0
11075.0,7.2,0.0
11076.0,7.2,0.0
11076.0,6.92,0.0
11077.0,6.92,0.0
11078.0,6.92,0.0
11078.0,6.92,0.0
11079.0,6.92,0.0
11079.0,6.92,0.0
11080.0,6.69,0.0
11080.0,6.69,0.0
11081.0,6.69,0.0
11082.0,6.69,0.0
11082.0,6.69,0.0
11083.0,6.66,0.0
11084.0,6.66,0.0
11084.0,6.66,0.0
11085.0,6.66,0.0
11085.0,6.66,0.0
11086.0,6.99,0.0
11086.0,6.99,0.0
11087.0,6.99,0.0
11088.0,6.99,0.0
11088.0,6.99,0.0
11089.0,6.99,0.0
11089.0,6.99,0.0
11090.0,6.99,0.0
11091.0,6.99,0.0
11091.0,6.99,0.0
11092.0,6.99,0.0
11092.0,6.9,0.0
11093.0,6.9,0.0
11093.0,6.9,0.0
11094.0,6.9,0.0
11095.0,6.9,0.0
11095.0,6.81,0.0
11096.0,6.81,0.0
11096.0,6.81,0.0
11097.0,6.81,0.0
11098.0,6.81,0.0
11098.0,6.6,0.0
11099.0,6.6,0.0
11099.0,6.6,0.0
11100.0,6.6,0.0
11101.0,6.6,0.0
11101.0,6.6,0.0
11102.0,6.44,0.0
11102.0,6.45,0.0
11103.0,6.44,0.0
11103.0,6.45,0.0
11104.0,6.44,0.0
11105.0,6.75,0.0
11105.0,6.75,0.0
11106.0,6.75,0.0
11106.0,6.75,0.0
11107.0,6.75,0.0
11108.0,6.99,0.0
11108.0,6.99,0.0
11109.0,6.99,0.0
11109.0,6.99,0.0
11110.0,6.99,0.0
11110.0,6.99,0.0
11111.0,7.05,0.0
11112.0,7.05,0.0
11112.0,7.05,0.0
11113.0,7.05,0.0
11113.0,7.05,0.0
11114.0,6.64,0.0
11115.0,6.63,0.0
11115.0,6.64,0.0
11116.0,6.63,0.0
11116.0,6.64,0.0
11117.0,6.44,0.0
11118.0,6.44,0.0
11118.0,6.44,0.0
11119.0,6.44,0.0
11119.0,6.44,0.0
11120.0,6.44,0.0
11120.0,6.6,0.0
11121.0,6.6,0.0
11122.0,6.6,0.0
11122.0,6.6,0.0
11123.0,6.6,0.0
11123.0,6.65,0.0
11124.0,6.65,0.0
11125.0,6.65,0.0
11125.0,6.65,0.0
11126.0,6.65,0.0
11126.0,6.69,0.0
11127.0,6.7,0.0
11127.0,6.69,0.0
11128.0,6.7,0.0
11129.0,6.69,0.0
11129.0,6.98,0.0
11130.0,6.98,0.0
11130.0,6.98,0.0
11131.0,6.98,0.0
11132.0,6.98,0.0
11132.0,6.98,0.0
11133.0,7.03,0.0
11133.0,7.02,0.0
11134.0,7.03,0.0
11135.0,7.02,0.0
11135.0,7.03,0.0
11136.0,7.0,0.0
11136.0,7.01,0.0
11137.0,7.0,0.0
11137.0,7.01,0.0
11138.0,7.0,0.0
11139.0,6.79,0.0
11139.0,6.79,0.0
11140.0,6.79,0.0
11140.0,6.79,0.0
11141.0,6.79,0.0
11142.0,6.79,0.0
11142.0,6.66,0.0
11143.0,6.66,0.0
11143.0,6.66,0.0
11144.0,6.66,0.0
11144.0,6.66,0.0
11145.0,6.59,0.0
11146.0,6.59,0.0
11146.0,6.59,0.0
11147.0,6.59,0.0
11147.0,6.59,0.0
11148.0,6.99,0.0
11149.0,6.99,0.0
11149.0,6.99,0.0
11150.0,6.99,0.0
11150.0,6.99,0.0
11151.0,6.99,0.0
11152.0,7.17,0.0
11152.0,7.17,0.0
11153.0,7.17,0.0
11153.0,7.17,0.0
11154.0,7.17,0.0
11154.0,7.13,0.0
11155.0,7.13,0.0
11156.0,7.13,0.0
11156.0,7.13,0.0
11157.0,7.13,0.0
11157.0,6.81,0.0
11158.0,6.81,0.0
11159.0,6.81,0.0
11159.0,6.81,0.0
11160.0,6.81,0.0
11160.0,6.81,0.0
11161.0,6.69,0.0
11161.0,6.69,0.0
11162.0,6.69,0.0
11163.0,6.69,0.0
11163.0,6.69,0.0
11164.0,6.72,0.0
11164.0,6.72,0.0
11165.0,6.72,0.0
11166.0,6.72,0.0
11166.0,6.72,0.0
11167.0,7.03,0.0
11167.0,7.03,0.0
11168.0,7.03,0.0
11169.0,7.03,0.0
11169.0,7.03,0.0
11170.0,7.03,0.0
11170.0,7.27,0.0
11171.0,7.27,0.0
11171.0,7.27,0.0
11172.0,7.27,0.0
11173.0,7.27,0.0
11173.0,6.97,0.0
11174.0,6.97,0.0
11174.0,6.97,0.0
11175.0,6.97,0.0
11176.0,6.97,0.0
11176.0,6.47,0.0
11177.0,6.47,0.0
11177.0,6.47,0.0
11178.0,6.47,0.0
11178.0,6.47,0.0
11179.0,6.47,0.0
11180.0,6.57,0.0
11180.0,6.57,0.0
11181.0,6.57,0.0
11181.0,6.57,0.0
11182.0,6.57,0.0
11183.0,6.69,0.0
11183.0,6.69,0.0
11184.0,6.69,0.0
11184.0,6.69,0.0
11185.0,6.69,0.0
11186.0,6.86,0.0
11186.0,6.86,0.0
11187.0,6.86,0.0
11187.0,6.86,0.0
11188.0,6.86,0.0
11189.0,7.24,0.0
11189.0,7.24,0.0
11190.0,7.24,0.0
11190.0,7.24,0.0
11191.0,7.24,0.0
11191.0,7.24,0.0
11192.0,7.0,0.0
11193.0,7.0,0.0
11193.0,7.0,0.0
11194.0,7.0,0.0
11194.0,7.0,0.0
11195.0,6.82,0.0
11196.0,6.82,0.0
11196.0,6.82,0.0
11197.0,6.82,0.0
11197.0,6.82,0.0
11198.0,6.65,0.0
11199.0,6.65,0.0
11199.0,6.65,0.0
11200.0,6.65,0.0
11200.0,6.65,0.0
11201.0,6.65,0.0
11201.0,6.39,0.0
11202.0,6.39,0.0
11203.0,6.39,0.0
11203.0,6.39,0.0
11204.0,6.39,0.0
11204.0,6.44,0.0
11205.0,6.44,0.0
11206.0,6.44,0.0
11206.0,6.44,0.0
11207.0,6.44,0.0
11207.0,6.79,0.0
11208.0,6.8,0.0
11209.0,6.79,0.0
11209.0,6.8,0.0
11210.0,6.79,0.0
11210.0,6.8,0.0
11211.0,6.88,0.0
11211.0,6.88,0.0
11212.0,6.88,0.0
11213.0,6.88,0.0
11213.0,6.88,0.0
11214.0,6.86,0.0
11214.0,6.86,0.0
11215.0,6.86,0.0
11216.0,6.86,0.0
11216.0,6.86,0.0
11217.0,6.96,0.0
11217.0,6.96,0.0
11218.0,6.96,0.0
11218.0,6.96,0.0
11219.0,6.96,0.0
11220.0,6.96,0.0
11220.0,6.98,0.0
11221.0,6.98,0.0
11221.0,6.98,0.0
11222.0,6.98,0.0
11223.0,6.98,0.0
11223.0,6.87,0.0
11224.0,6.87,0.0
11224.0,6.87,0.0
11225.0,6.87,0.0
11225.0,6.87,0.0
11226.0,7.02,0.0
11227.0,7.03,0.0
11227.0,7.02,0.0
11228.0,7.03,0.0
11228.0,7.02,0.0
11229.0,7.03,0.0
11230.0,7.15,0.0
11230.0,7.16,0.0
11231.0,7.15,0.0
11231.0,7.16,0.0
11232.0,7.15,0.0
11233.0,7.24,0.0
11233.0,7.23,0.0
11234.0,7.24,0.0
11234.0,7.23,0.0
11235.0,7.24,0.0
11235.0,6.88,0.0
11236.0,6.89,0.0
11237.0,6.88,0.0
11237.0,6.89,0.0
11238.0,6.88,0.0
11238.0,6.89,0.0
11239.0,6.49,0.0
11240.0,6.49,0.0
11240.0,6.49,0.0
11241.0,6.49,0.0
11241.0,6.49,0.0
11242.0,6.72,0.0
11243.0,6.72,0.0
11243.0,6.72,0.0
11244.0,6.72,0.0
11244.0,6.72,0.0
11245.0,6.77,0.0
11245.0,6.78,0.0
11246.0,6.77,0.0
11247.0,6.78,0.0
11247.0,6.77,0.0
11248.0,6.97,0.0
11248.0,6.96,0.0
11249.0,6.97,0.0
11250.0,6.96,0.0
11250.0,6.97,0.0
11251.0,6.96,0.0
11251.0,6.83,0.0
11252.0,6.83,0.0
11252.0,6.83,0.0
11253.0,6.83,0.0
11254.0,6.83,0.0
11254.0,6.69,0.0
11255.0,6.69,0.0
11255.0,6.69,0.0
11256.0,6.69,0.0
11257.0,6.69,0.0
11257.0,6.8,0.0
11258.0,6.8,0.0
11258.0,6.8,0.0
11259.0,6.8,0.0
11260.0,6.8,0.0
11260.0,6.8,0.0
11261.0,6.66,0.0
11261.0,6.66,0.0
11262.0,6.66,0.0
11262.0,6.66,0.0
11263.0,6.66,0.0
11264.0,6.92,0.0
11264.0,6.92,0.0
11265.0,6.92,0.0
11265.0,6.92,0.0
11266.0,6.92,0.0
11267.0,7.06,0.0
11267.0,7.06,0.0
11268.0,7.06,0.0
11268.0,7.06,0.0
11269.0,7.06,0.0
11269.0,7.06,0.0
11270.0,6.96,0.0
11271.0,6.96,0.0
11271.0,6.96,0.0
11272.0,6.96,0.0
11272.0,6.96,0.0
11273.0,6.9,0.0
11274.0,6.9,0.0
11274.0,6.9,0.0
11275.0,6.9,0.0
11275.0,6.9,0.0
11276.0,6.7,0.0
11277.0,6.7,0.0
11277.0,6.7,0.0
11278.0,6.7,0.0
11278.0,6.7,0.0
11279.0,6.7,0.0
11279.0,6.64,0.0
11280.0,6.64,0.0
11281.0,6.64,0.0
11281.0,6.64,0.0
11282.0,6.64,0.0
11282.0,6.86,0.0
11283.0,6.86,0.0
11284.0,6.86,0.0
11284.0,6.86,0.0
11285.0,6.86,0.0
11285.0,6.89,0.0
11286.0,6.89,0.0
11287.0,6.89,0.0
11287.0,6.89,0.0
11288.0,6.89,0.0
11288.0,6.98,0.0
11289.0,6.99,0.0
11290.0,6.98,0.0
11290.0,6.99,0.0
11291.0,6.98,0.0
11291.0,6.99,0.0
11292.0,6.9,0.0
11292.0,6.9,0.0
11293.0,6.9,0.0
11294.0,6.9,0.0
11294.0,6.9,0.0
11295.0,6.82,0.0
11295.0,6.82,0.0
11296.0,6.82,0.0
11297.0,6.82,0.0
11297.0,6.82,0.0
11298.0,6.71,0.0
11298.0,6.72,0.0
11299.0,6.71,0.0
11299.0,6.72,0.0
11300.0,6.71,0.0
11301.0,6.72,0.0
11301.0,6.44,0.0
11302.0,6.45,0.0
11302.0,6.44,0.0
11303.0,6.45,0.0
11304.0,6.44,0.0
11304.0,6.74,0.0
11305.0,6.74,0.0
11305.0,6.74,0.0
11306.0,6.74,0.0
11307.0,6.74,0.0
11307.0,6.95,0.0
11308.0,6.95,0.0
11308.0,6.95,0.0
11309.0,6.95,0.0
11309.0,6.95,0.0
11310.0,6.95,0.0
11311.0,7.35,0.0
11311.0,7.35,0.0
11312.0,7.35,0.0
11312.0,7.35,0.0
11313.0,7.35,0.0
11314.0,7.5,0.0
11314.0,7.5,0.0
11315.0,7.5,0.0
11315.0,7.5,0.0
11316.0,7.5,0.0
11316.0,7.23,0.0
11317.0,7.23,0.0
11318.0,7.23,0.0
11318.0,7.23,0.0
11319.0,7.23,0.0
11319.0,7.23,0.0
11320.0,6.91,0.0
11321.0,6.91,0.0
11321.0,6.91,0.0
11322.0,6.91,0.0
11322.0,6.91,0.0
11323.0,6.72,0.0
11324.0,6.71,0.0
11324.0,6.72,0.0
11325.0,6.71,0.0
11325.0,6.72,0.0
11326.0,6.9,0.0
11326.0,6.91,0.0
11327.0,6.9,0.0
11328.0,6.91,0.0
11328.0,6.9,0.0
11329.0,6.91,0.0
11329.0,7.2,0.0
11330.0,7.2,0.0
11331.0,7.2,0.0
11331.0,7.2,0.0
11332.0,7.2,0.0
11332.0,7.19,0.0
11333.0,7.19,0.0
11333.0,7.19,0.0
11334.0,7.19,0.0
11335.0,7.19,0.0
11335.0,7.05,0.0
11336.0,7.05,0.0
11336.0,7.05,0.0
11337.0,7.05,0.0
11338.0,7.05,0.0
11338.0,7.05,0.0
11339.0,6.58,0.0
11339.0,6.58,0.0
11340.0,6.58,0.0
11341.0,6.58,0.0
11341.0,6.58,0.0
11342.0,6.47,0.0
11342.0,6.47,0.0
11343.0,6.47,0.0
11343.0,6.47,0.0
11344.0,6.47,0.0
11345.0,6.69,0.0
11345.0,6.69,0.0
11346.0,6.69,0.0
11346.0,6.69,0.0
11347.0,6.69,0.0
11348.0,6.69,0.0
11348.0,7.11,0.0
11349.0,7.11,0.0
11349.0,7.11,0.0
11350.0,7.11,0.0
11351.0,7.11,0.0
11351.0,7.3,0.0
11352.0,7.3,0.0
11352.0,7.3,0.0
11353.0,7.3,0.0
11353.0,7.3,0.0
11354.0,6.8,0.0
11355.0,6.8,0.0
11355.0,6.8,0.0
11356.0,6.8,0.0
11356.0,6.8,0.0
11357.0,6.61,0.0
11358.0,6.61,0.0
11358.0,6.61,0.0
11359.0,6.61,0.0
11359.0,6.61,0.0
11360.0,6.61,0.0
11360.0,6.69,0.0
11361.0,6.69,0.0
11362.0,6.69,0.0
11362.0,6.69,0.0
11363.0,6.69,0.0
11363.0,6.88,0.0
11364.0,6.89,0.0
11365.0,6.88,0.0
11365.0,6.89,0.0
11366.0,6.88,0.0
11366.0,7.07,0.0
11367.0,7.07,0.0
11367.0,7.07,0.0
11368.0,7.07,0.0
11369.0,7.07,0.0
11369.0,7.07,0.0
11370.0,7.22,0.0
11370.0,7.22,0.0
11371.0,7.22,0.0
11372.0,7.22,0.0
11372.0,7.22,0.0
11373.0,6.86,0.0
11373.0,6.86,0.0
11374.0,6.86,0.0
11375.0,6.86,0.0
11375.0,6.86,0.0
11376.0,6.57,0.0
11376.0,6.57,0.0
11377.0,6.57,0.0
11377.0,6.57,0.0
11378.0,6.57,0.0
11379.0,6.57,0.0
11379.0,6.67,0.0
11380.0,6.67,0.0
11380.0,6.67,0.0
11381.0,6.67,0.0
11382.0,6.67,0.0
11382.0,6.77,0.0
11383.0,6.77,0.0
11383.0,6.77,0.0
11384.0,6.77,0.0
11385.0,6.77,0.0
11385.0,6.82,0.0
11386.0,6.81,0.0
11386.0,6.82,0.0
11387.0,6.81,0.0
11388.0,6.82,0.0
11388.0,6.87,0.0
11389.0,6.87,0.0
11389.0,6.87,0.0
11390.0,6.87,0.0
11390.0,6.87,0.0
11391.0,6.87,0.0
11392.0,7.06,0.0
11392.0,7.06,0.0
11393.0,7.06,0.0
11393.0,7.06,0.0
11394.0,7.06,0.0
11395.0,7.03,0.0
11395.0,7.03,0.0
11396.0,7.03,0.0
11396.0,7.03,0.0
11397.0,7.03,0.0
11398.0,6.79,0.0
11398.0,6.79,0.0
11399.0,6.79,0.0
11399.0,6.79,0.0
11400.0,6.79,0.0
11400.0,6.79,0.0
11401.0,6.74,0.0
11402.0,6.74,0.0
11402.0,6.74,0.0
11403.0,6.74,0.0
11403.0,6.74,0.0
11404.0,6.9,0.0
11405.0,6.9,0.0
11405.0,6.9,0.0
11406.0,6.9,0.0
11406.0,6.9,0.0
11407.0,7.19,0.0
11407.0,7.19,0.0
11408.0,7.19,0.0
11409.0,7.19,0.0
11409.0,7.19,0.0
11410.0,7.19,0.0
11410.0,7.33,0.0
11411.0,7.33,0.0
11412.0,7.33,0.0
11412.0,7.33,0.0
11413.0,7.33,0.0
11413.0,7.07,0.0
11414.0,7.07,0.0
11415.0,7.07,0.0
11415.0,7.07,0.0
11416.0,7.07,0.0
11416.0,6.93,0.0
11417.0,6.93,0.0
11417.0,6.93,0.0
11418.0,6.93,0.0
11419.0,6.93,0.0
11419.0,6.93,0.0
11420.0,6.56,0.0
11420.0,6.56,0.0
11421.0,6.56,0.0
11422.0,6.56,0.0
11422.0,6.56,0.0
11423.0,6.72,0.0
11423.0,6.72,0.0
11424.0,6.72,0.0
11424.0,6.72,0.0
11425.0,6.72,0.0
11426.0,7.01,0.0
11426.0,7.01,0.0
11427.0,7.01,0.0
11427.0,7.01,0.0
11428.0,7.01,0.0
11429.0,7.01,0.0
11429.0,7.22,0.0
11430.0,7.22,0.0
11430.0,7.22,0.0
11431.0,7.22,0.0
11432.0,7.22,0.0
11432.0,6.98,0.0
11433.0,6.98,0.0
11433.0,6.98,0.0
11434.0,6.98,0.0
11434.0,6.98,0.0
11435.0,6.83,0.0
11436.0,6.83,0.0
11436.0,6.83,0.0
11437.0,6.83,0.0
11437.0,6.83,0.0
11438.0,6.83,0.0
11439.0,6.63,0.0
11439.0,6.63,0.0
11440.0,6.63,0.0
11440.0,6.63,0.0
11441.0,6.63,0.0
11441.0,6.51,0.0
11442.0,6.51,0.0
11443.0,6.51,0.0
11443.0,6.51,0.0
11444.0,6.51,0.0
11444.0,6.77,0.0
11445.0,6.78,0.0
11446.0,6.77,0.0
11446.0,6.78,0.0
11447.0,6.77,0.0
11447.0,6.78,0.0
11448.0,7.07,0.0
11449.0,7.07,0.0
11449.0,7.07,0.0
11450.0,7.07,0.0
11450.0,7.07,0.0
11451.0,7.05,0.0
11451.0,7.05,0.0
11452.0,7.05,0.0
11453.0,7.05,0.0
11453.0,7.05,0.0
11454.0,7.12,0.0
11454.0,7.12,0.0
11455.0,7.12,0.0
11456.0,7.12,0.0
11456.0,7.12,0.0   
11457.0,7.12,0.0
11457.0,6.84,0.0
11458.0,6.84,0.0
11458.0,6.84,0.0
11459.0,6.84,0.0
11460.0,6.84,0.0
11460.0,6.8,0.0
11461.0,6.79,0.0
11461.0,6.8,0.0
11462.0,6.79,0.0
11463.0,6.8,0.0
11463.0,7.09,0.0
11464.0,7.09,0.0
11464.0,7.09,0.0
11465.0,7.09,0.0
11466.0,7.09,0.0
11466.0,7.09,0.0
11467.0,7.05,0.0
11467.0,7.05,0.0
11468.0,7.05,0.0
11468.0,7.05,0.0
11469.0,7.05,0.0
11470.0,7.01,0.0
11470.0,7.01,0.0
11471.0,7.01,0.0
11471.0,7.01,0.0
11472.0,7.01,0.0
11473.0,6.87,0.0
11473.0,6.87,0.0
11474.0,6.87,0.0
11474.0,6.87,0.0
11475.0,6.87,0.0
11475.0,6.61,0.0
11476.0,6.61,0.0
11477.0,6.61,0.0
11477.0,6.61,0.0
11478.0,6.61,0.0
11478.0,6.61,0.0
11479.0,6.62,0.0
11480.0,6.62,0.0
11480.0,6.62,0.0
11481.0,6.62,0.0
11481.0,6.62,0.0
11482.0,6.58,0.0
11483.0,6.58,0.0
11483.0,6.58,0.0
11484.0,6.58,0.0
11484.0,6.58,0.0
11485.0,6.78,0.0
11485.0,6.78,0.0
11486.0,6.78,0.0
11487.0,6.78,0.0
11487.0,6.78,0.0
11488.0,6.78,0.0
11488.0,7.03,0.0
11489.0,7.02,0.0
11490.0,7.03,0.0
11490.0,7.02,0.0
11491.0,7.03,0.0
11491.0,7.07,0.0
11492.0,7.07,0.0
11493.0,7.07,0.0
11493.0,7.07,0.0
11494.0,7.07,0.0
11494.0,7.09,0.0
11495.0,7.09,0.0
11496.0,7.09,0.0
11496.0,7.09,0.0
11497.0,7.09,0.0
11497.0,7.09,0.0
11498.0,6.92,0.0
11498.0,6.92,0.0
11499.0,6.92,0.0
11500.0,6.92,0.0
11500.0,6.92,0.0
11501.0,6.67,0.0
11501.0,6.67,0.0
11502.0,6.67,0.0
11503.0,6.67,0.0
11503.0,6.67,0.0
11504.0,6.64,0.0
11504.0,6.64,0.0
11505.0,6.64,0.0
11506.0,6.64,0.0
11506.0,6.64,0.0
11507.0,6.9,0.0
11507.0,6.9,0.0
11508.0,6.9,0.0
11508.0,6.9,0.0
11509.0,6.9,0.0
11510.0,6.9,0.0
11510.0,7.06,0.0
11511.0,7.06,0.0
11511.0,7.06,0.0
11512.0,7.06,0.0
11513.0,7.06,0.0
11513.0,7.2,0.0
11514.0,7.2,0.0
11514.0,7.2,0.0
11515.0,7.2,0.0
11515.0,7.2,0.0
11516.0,7.1,0.0
11517.0,7.1,0.0
11517.0,7.1,0.0
11518.0,7.1,0.0
11518.0,7.1,0.0
11519.0,7.1,0.0
11520.0,6.65,0.0
11520.0,6.65,0.0
11521.0,6.65,0.0
11521.0,6.65,0.0
11522.0,6.65,0.0
11522.0,6.78,0.0
11523.0,6.78,0.0
11524.0,6.78,0.0
11524.0,6.78,0.0
11525.0,6.78,0.0
11525.0,7.11,0.0
11526.0,7.11,0.0
11527.0,7.11,0.0
11527.0,7.11,0.0
11528.0,7.11,0.0
11528.0,7.11,0.0
11529.0,6.96,0.0
11530.0,6.96,0.0
11530.0,6.96,0.0
11531.0,6.96,0.0
11531.0,6.96,0.0
11532.0,6.85,0.0
11532.0,6.85,0.0
11533.0,6.85,0.0
11534.0,6.85,0.0
11534.0,6.85,0.0
11535.0,6.53,0.0
11535.0,6.53,0.0
11536.0,6.53,0.0
11537.0,6.53,0.0
11537.0,6.53,0.0
11538.0,6.53,0.0
11538.0,6.53,0.0
11539.0,6.53,0.0
11540.0,6.53,0.0
11540.0,6.53,0.0
11541.0,6.53,0.0
11541.0,6.74,0.0
11542.0,6.74,0.0
11542.0,6.74,0.0
11543.0,6.74,0.0
11544.0,6.74,0.0
11544.0,6.93,0.0
11545.0,6.93,0.0
11545.0,6.93,0.0
11546.0,6.93,0.0
11547.0,6.93,0.0
11547.0,6.93,0.0
11548.0,7.07,0.0
11548.0,7.07,0.0
11549.0,7.07,0.0
11549.0,7.07,0.0
11550.0,7.07,0.0
11551.0,6.97,0.0
11551.0,6.96,0.0
11552.0,6.97,0.0
11552.0,6.96,0.0
11553.0,6.97,0.0
11554.0,6.88,0.0
11554.0,6.88,0.0
11555.0,6.88,0.0
11555.0,6.88,0.0
11556.0,6.88,0.0
11557.0,6.88,0.0
11557.0,6.7,0.0
11558.0,6.7,0.0
11558.0,6.7,0.0
11559.0,6.7,0.0
11559.0,6.7,0.0
11560.0,6.65,0.0
11561.0,6.65,0.0
11561.0,6.65,0.0
11562.0,6.65,0.0
11562.0,6.65,0.0
11563.0,6.6,0.0
11564.0,6.6,0.0
11564.0,6.6,0.0
11565.0,6.6,0.0
11565.0,6.6,0.0
11566.0,6.6,0.0
11566.0,6.66,0.0
11567.0,6.66,0.0
11568.0,6.66,0.0
11568.0,6.66,0.0
11569.0,6.66,0.0
11569.0,7.15,0.0
11570.0,7.15,0.0
11571.0,7.15,0.0
11571.0,7.15,0.0
11572.0,7.15,0.0
11572.0,7.33,0.0
11573.0,7.33,0.0
11574.0,7.33,0.0
11574.0,7.33,0.0
11575.0,7.33,0.0
11575.0,7.33,0.0
11576.0,6.92,0.0
11576.0,6.92,0.0
11577.0,6.92,0.0
11578.0,6.92,0.0
11578.0,6.92,0.0
11579.0,6.65,0.0
11579.0,6.65,0.0
11580.0,6.65,0.0
11581.0,6.65,0.0
11581.0,6.65,0.0
11582.0,6.73,0.0
11582.0,6.73,0.0
11583.0,6.73,0.0
11583.0,6.73,0.0
11584.0,6.73,0.0
11585.0,6.73,0.0
11585.0,6.85,0.0
11586.0,6.85,0.0
11586.0,6.85,0.0
11587.0,6.85,0.0
11588.0,6.85,0.0
11588.0,7.21,0.0
11589.0,7.21,0.0
11589.0,7.21,0.0
11590.0,7.21,0.0
11591.0,7.21,0.0
11591.0,7.2,0.0
11592.0,7.2,0.0
11592.0,7.2,0.0
11593.0,7.2,0.0
11594.0,7.2,0.0
11594.0,7.02,0.0
11595.0,7.02,0.0
11595.0,7.02,0.0
11596.0,7.02,0.0
11596.0,7.02,0.0
11597.0,7.02,0.0
11598.0,6.71,0.0
11598.0,6.71,0.0
11599.0,6.71,0.0
11599.0,6.71,0.0
11600.0,6.71,0.0
11601.0,6.52,0.0
11601.0,6.53,0.0
11602.0,6.52,0.0
11602.0,6.53,0.0
11603.0,6.52,0.0
11604.0,6.62,0.0
11604.0,6.62,0.0
11605.0,6.62,0.0
11605.0,6.62,0.0
11606.0,6.62,0.0
11606.0,6.62,0.0
11607.0,7.03,0.0
11608.0,7.03,0.0
11608.0,7.03,0.0
11609.0,7.03,0.0
11609.0,7.03,0.0
11610.0,7.1,0.0
11611.0,7.1,0.0
11611.0,7.1,0.0
11612.0,7.1,0.0
11612.0,7.1,0.0
11613.0,6.91,0.0
11613.0,6.91,0.0
11614.0,6.91,0.0
11615.0,6.91,0.0
11615.0,6.91,0.0
11616.0,6.91,0.0
11616.0,6.78,0.0
11617.0,6.78,0.0
11618.0,6.78,0.0
11618.0,6.78,0.0
11619.0,6.78,0.0
11619.0,6.55,0.0
11620.0,6.55,0.0
11621.0,6.55,0.0
11621.0,6.55,0.0
11622.0,6.55,0.0
11622.0,6.75,0.0
11623.0,6.75,0.0
11623.0,6.75,0.0
11624.0,6.75,0.0
11625.0,6.75,0.0
11625.0,6.96,0.0
11626.0,6.96,0.0
11626.0,6.96,0.0
11627.0,6.96,0.0
11628.0,6.96,0.0
11628.0,6.96,0.0
11629.0,6.94,0.0
11629.0,6.94,0.0
11630.0,6.94,0.0
11630.0,6.94,0.0
11631.0,6.94,0.0
11632.0,6.93,0.0
11632.0,6.93,0.0
11633.0,6.93,0.0
11633.0,6.93,0.0
11634.0,6.93,0.0
11635.0,6.87,0.0
11635.0,6.87,0.0
11636.0,6.87,0.0
11636.0,6.87,0.0
11637.0,6.87,0.0
11638.0,6.87,0.0
11638.0,6.77,0.0
11639.0,6.77,0.0
11639.0,6.77,0.0
11640.0,6.77,0.0
11640.0,6.77,0.0
11641.0,7.04,0.0
11642.0,7.04,0.0
11642.0,7.04,0.0
11643.0,7.04,0.0
11643.0,7.04,0.0
11644.0,6.84,0.0
11645.0,6.84,0.0
11645.0,6.84,0.0
11646.0,6.84,0.0
11646.0,6.84,0.0
11647.0,6.84,0.0
11648.0,7.04,0.0
11648.0,7.04,0.0
11649.0,7.04,0.0
11649.0,7.04,0.0
11650.0,7.04,0.0
11650.0,7.05,0.0
11651.0,7.05,0.0
11652.0,7.05,0.0
11652.0,7.05,0.0
11653.0,7.05,0.0
11653.0,6.92,0.0
11654.0,6.92,0.0
11655.0,6.92,0.0
11655.0,6.92,0.0
11656.0,6.92,0.0
11656.0,6.92,0.0
11657.0,6.86,0.0
11657.0,6.86,0.0
11658.0,6.86,0.0
11659.0,6.86,0.0
11659.0,6.86,0.0
11660.0,6.6,0.0
11660.0,6.6,0.0
11661.0,6.6,0.0
11662.0,6.6,0.0
11662.0,6.6,0.0
11663.0,6.52,0.0
11663.0,6.52,0.0
11664.0,6.52,0.0
11664.0,6.52,0.0
11665.0,6.52,0.0
11666.0,6.52,0.0
11666.0,6.89,0.0
11667.0,6.89,0.0
11667.0,6.89,0.0
11668.0,6.89,0.0
11669.0,6.89,0.0
11669.0,7.14,0.0
11670.0,7.14,0.0
11670.0,7.14,0.0
11671.0,7.14,0.0
11672.0,7.14,0.0
11672.0,7.36,0.0
11673.0,7.36,0.0
11673.0,7.36,0.0
11674.0,7.36,0.0
11674.0,7.36,0.0
11675.0,7.36,0.0
11676.0,7.15,0.0
11676.0,7.15,0.0
11677.0,7.15,0.0
11677.0,7.15,0.0
11678.0,7.15,0.0
11679.0,6.59,0.0
11679.0,6.59,0.0
11680.0,6.59,0.0
11680.0,6.59,0.0
11681.0,6.59,0.0
11682.0,6.46,0.0
11682.0,6.46,0.0
11683.0,6.46,0.0
11683.0,6.46,0.0
11684.0,6.46,0.0
11684.0,6.46,0.0
11685.0,6.65,0.0
11686.0,6.65,0.0
11686.0,6.65,0.0
11687.0,6.65,0.0
11687.0,6.65,0.0
11688.0,7.07,0.0
11689.0,7.07,0.0
11689.0,7.07,0.0
11690.0,7.07,0.0
11690.0,7.07,0.0
11691.0,7.14,0.0
11692.0,7.14,0.0
11692.0,7.14,0.0
11693.0,7.14,0.0
11693.0,7.14,0.0
11694.0,6.91,0.0
11695.0,6.91,0.0
11695.0,6.91,0.0
11696.0,6.91,0.0
11696.0,6.91,0.0
11697.0,6.91,0.0
11697.0,6.7,0.0
11698.0,6.69,0.0
11699.0,6.7,0.0
11699.0,6.69,0.0
11700.0,6.7,0.0
11700.0,6.66,0.0
11701.0,6.66,0.0
11702.0,6.66,0.0
11702.0,6.66,0.0
11703.0,6.66,0.0
11703.0,6.98,0.0
11704.0,6.98,0.0
11704.0,6.98,0.0
11705.0,6.98,0.0
11706.0,6.98,0.0
11706.0,6.98,0.0
11707.0,7.02,0.0
11707.0,7.02,0.0
11708.0,7.02,0.0
11709.0,7.02,0.0
11709.0,7.02,0.0
11710.0,6.9,0.0
11710.0,6.91,0.0
11711.0,6.9,0.0
11712.0,6.91,0.0
11712.0,6.9,0.0
11713.0,6.75,0.0
11713.0,6.75,0.0
11714.0,6.75,0.0
11714.0,6.75,0.0
11715.0,6.75,0.0
11716.0,6.75,0.0
11716.0,6.71,0.0
11717.0,6.71,0.0
11717.0,6.71,0.0
11718.0,6.71,0.0
11719.0,6.71,0.0
11719.0,6.6,0.0
11720.0,6.61,0.0
11720.0,6.6,0.0
11721.0,6.61,0.0
11721.0,6.6,0.0
11722.0,6.74,0.0
11723.0,6.74,0.0
11723.0,6.74,0.0
11724.0,6.74,0.0
11724.0,6.74,0.0
11725.0,6.74,0.0
11726.0,7.03,0.0
11726.0,7.03,0.0
11727.0,7.03,0.0
11727.0,7.03,0.0
11728.0,7.03,0.0
11729.0,7.07,0.0
11729.0,7.07,0.0
11730.0,7.07,0.0
11730.0,7.07,0.0
11731.0,7.07,0.0
11731.0,7.0,0.0
11732.0,7.0,0.0
11733.0,7.0,0.0
11733.0,7.0,0.0
11734.0,7.0,0.0
11734.0,6.99,0.0
11735.0,6.99,0.0
11736.0,6.99,0.0
11736.0,6.99,0.0
11737.0,6.99,0.0
11737.0,6.99,0.0
11738.0,6.81,0.0
11738.0,6.81,0.0
11739.0,6.81,0.0
11740.0,6.81,0.0
11740.0,6.81,0.0
11741.0,6.7,0.0
11741.0,6.7,0.0
11742.0,6.7,0.0
11743.0,6.7,0.0
11743.0,6.7,0.0
11744.0,6.62,0.0
11744.0,6.62,0.0
11745.0,6.62,0.0
11746.0,6.62,0.0
11746.0,6.62,0.0
11747.0,6.62,0.0
11747.0,7.05,0.0
11748.0,7.05,0.0
11748.0,7.05,0.0
11749.0,7.05,0.0
11750.0,7.05,0.0
11750.0,6.99,0.0
11751.0,6.99,0.0
11751.0,6.99,0.0
11752.0,6.99,0.0
11753.0,6.99,0.0
11753.0,6.87,0.0
11754.0,6.87,0.0
11754.0,6.87,0.0
11755.0,6.87,0.0
11755.0,6.87,0.0
11756.0,6.87,0.0
11757.0,6.87,0.0
11757.0,6.87,0.0
11758.0,6.87,0.0
11758.0,6.87,0.0
11759.0,6.87,0.0
11760.0,6.75,0.0
11760.0,6.75,0.0
11761.0,6.75,0.0
11761.0,6.75,0.0
11762.0,6.75,0.0
11763.0,6.57,0.0
11763.0,6.57,0.0
11764.0,6.57,0.0
11764.0,6.57,0.0
11765.0,6.57,0.0
11765.0,6.57,0.0
11766.0,6.9,0.0
11767.0,6.91,0.0
11767.0,6.9,0.0
11768.0,6.91,0.0
11768.0,6.9,0.0
11769.0,6.88,0.0
11770.0,6.88,0.0
11770.0,6.88,0.0
11771.0,6.88,0.0
11771.0,6.88,0.0
11772.0,6.95,0.0
11772.0,6.95,0.0
11773.0,6.95,0.0
11774.0,6.95,0.0
11774.0,6.95,0.0
11775.0,6.95,0.0
11775.0,6.72,0.0
11776.0,6.72,0.0
11777.0,6.72,0.0
11777.0,6.72,0.0
11778.0,6.72,0.0
11778.0,6.61,0.0
11779.0,6.61,0.0
11780.0,6.61,0.0
11780.0,6.61,0.0
11781.0,6.61,0.0
11781.0,6.81,0.0
11782.0,6.81,0.0
11782.0,6.81,0.0
11783.0,6.81,0.0
11784.0,6.81,0.0
11784.0,6.81,0.0
11785.0,6.84,0.0
11785.0,6.84,0.0
11786.0,6.84,0.0
11787.0,6.84,0.0
11787.0,6.84,0.0
11788.0,7.24,0.0
11788.0,7.23,0.0
11789.0,7.24,0.0
11790.0,7.23,0.0
11790.0,7.24,0.0
11791.0,7.02,0.0
11791.0,7.02,0.0
11792.0,7.02,0.0
11793.0,7.02,0.0
11793.0,7.02,0.0
11794.0,6.57,0.0
11794.0,6.57,0.0
11795.0,6.57,0.0
11795.0,6.57,0.0
11796.0,6.57,0.0
11797.0,6.57,0.0
11797.0,6.57,0.0
11798.0,6.57,0.0
11798.0,6.57,0.0
11799.0,6.57,0.0
11800.0,6.57,0.0
11800.0,6.7,0.0
11801.0,6.7,0.0
11801.0,6.7,0.0
11802.0,6.7,0.0
11803.0,6.7,0.0
11803.0,6.77,0.0
11804.0,6.77,0.0
11804.0,6.77,0.0
11805.0,6.77,0.0
11805.0,6.77,0.0
11806.0,6.77,0.0
11807.0,6.68,0.0
11807.0,6.68,0.0
11808.0,6.68,0.0
11808.0,6.68,0.0
11809.0,6.68,0.0
11810.0,7.09,0.0
11810.0,7.09,0.0
11811.0,7.09,0.0
11811.0,7.09,0.0
11812.0,7.09,0.0
11812.0,7.08,0.0
11813.0,7.08,0.0
11814.0,7.08,0.0
11814.0,7.08,0.0
11815.0,7.08,0.0
11815.0,7.08,0.0
11816.0,6.93,0.0
11817.0,6.93,0.0
11817.0,6.93,0.0
11818.0,6.93,0.0
11818.0,6.93,0.0
11819.0,6.69,0.0
11819.0,6.69,0.0
11820.0,6.69,0.0
11821.0,6.69,0.0
11821.0,6.69,0.0
11822.0,6.63,0.0
11822.0,6.63,0.0
11823.0,6.63,0.0
11824.0,6.63,0.0
11824.0,6.63,0.0
11825.0,6.63,0.0
11825.0,7.02,0.0
11826.0,7.02,0.0
11827.0,7.02,0.0
11827.0,7.02,0.0
11828.0,7.02,0.0
11828.0,7.07,0.0
11829.0,7.07,0.0
11829.0,7.07,0.0
11830.0,7.07,0.0
11831.0,7.07,0.0
11831.0,7.1,0.0
11832.0,7.1,0.0
11832.0,7.1,0.0
11833.0,7.1,0.0
11834.0,7.1,0.0
11834.0,7.1,0.0
11835.0,6.64,0.0
11835.0,6.64,0.0
11836.0,6.64,0.0
11837.0,6.64,0.0
11837.0,6.64,0.0
11838.0,6.3,0.0
11838.0,6.3,0.0
11839.0,6.3,0.0
11839.0,6.3,0.0
11840.0,6.3,0.0
11841.0,6.61,0.0
11841.0,6.61,0.0
11842.0,6.61,0.0
11842.0,6.61,0.0
11843.0,6.61,0.0
11844.0,6.61,0.0
11844.0,6.73,0.0
11845.0,6.73,0.0
11845.0,6.73,0.0
11846.0,6.73,0.0
11846.0,6.73,0.0
11847.0,7.14,0.0
11848.0,7.14,0.0
11848.0,7.14,0.0
11849.0,7.14,0.0
11849.0,7.14,0.0
11850.0,7.15,0.0
11851.0,7.15,0.0
11851.0,7.15,0.0
11852.0,7.15,0.0
11852.0,7.15,0.0
11853.0,6.87,0.0
11854.0,6.87,0.0
11854.0,6.87,0.0
11855.0,6.87,0.0
11855.0,6.87,0.0
11856.0,6.87,0.0
11856.0,6.68,0.0
11857.0,6.68,0.0
11858.0,6.68,0.0
11858.0,6.68,0.0
11859.0,6.68,0.0
11859.0,6.81,0.0
11860.0,6.81,0.0
11861.0,6.81,0.0
11861.0,6.81,0.0
11862.0,6.81,0.0
11862.0,6.9,0.0
11863.0,6.91,0.0
11863.0,6.9,0.0
11864.0,6.91,0.0
11865.0,6.9,0.0
11865.0,6.91,0.0
11866.0,6.98,0.0
11866.0,6.98,0.0
11867.0,6.98,0.0
11868.0,6.98,0.0
11868.0,6.98,0.0
11869.0,6.95,0.0
11869.0,6.94,0.0
11870.0,6.95,0.0
11871.0,6.94,0.0
11871.0,6.95,0.0
11872.0,6.99,0.0
11872.0,6.99,0.0
11873.0,6.99,0.0
11873.0,6.99,0.0
11874.0,6.99,0.0
11875.0,6.99,0.0
11875.0,6.93,0.0
11876.0,6.93,0.0
11876.0,6.93,0.0
11877.0,6.93,0.0
11878.0,6.93,0.0
11878.0,6.86,0.0
11879.0,6.85,0.0
11879.0,6.86,0.0
11880.0,6.85,0.0
11880.0,6.86,0.0
11881.0,6.49,0.0
11882.0,6.49,0.0
11882.0,6.49,0.0
11883.0,6.49,0.0
11883.0,6.49,0.0
11884.0,6.49,0.0
11885.0,6.59,0.0
11885.0,6.59,0.0
11886.0,6.59,0.0
11886.0,6.59,0.0
11887.0,6.59,0.0
11888.0,6.99,0.0
11888.0,6.99,0.0
11889.0,6.99,0.0
11889.0,6.99,0.0
11890.0,6.99,0.0
11890.0,7.21,0.0
11891.0,7.22,0.0
11892.0,7.21,0.0
11892.0,7.22,0.0
11893.0,7.21,0.0
11893.0,6.98,0.0
11894.0,6.98,0.0
11895.0,6.98,0.0
11895.0,6.98,0.0
11896.0,6.98,0.0
11896.0,6.98,0.0
11897.0,6.45,0.0
11898.0,6.45,0.0
11898.0,6.45,0.0
11899.0,6.45,0.0
11899.0,6.45,0.0
11900.0,6.36,0.0
11901.0,6.36,0.0
11901.0,6.36,0.0
11902.0,6.36,0.0
11902.0,6.36,0.0
11903.0,6.8,0.0
11903.0,6.8,0.0
11904.0,6.8,0.0
11905.0,6.8,0.0
11905.0,6.8,0.0
11906.0,6.8,0.0
11906.0,7.05,0.0
11907.0,7.05,0.0
11908.0,7.05,0.0
11908.0,7.05,0.0
11909.0,7.05,0.0
11909.0,7.12,0.0
11910.0,7.12,0.0
11910.0,7.12,0.0
11911.0,7.12,0.0
11912.0,7.12,0.0
11912.0,7.05,0.0
11913.0,7.05,0.0
11913.0,7.05,0.0
11914.0,7.05,0.0
11915.0,7.05,0.0
11915.0,7.05,0.0
11916.0,6.93,0.0
11916.0,6.93,0.0
11917.0,6.93,0.0
11918.0,6.93,0.0
11918.0,6.93,0.0
11919.0,6.65,0.0
11919.0,6.65,0.0
11920.0,6.65,0.0
11920.0,6.65,0.0
11921.0,6.65,0.0
11922.0,6.62,0.0
11922.0,6.62,0.0
11923.0,6.62,0.0
11923.0,6.62,0.0
11924.0,6.62,0.0
11925.0,6.62,0.0
11925.0,6.91,0.0
11926.0,6.9,0.0
11926.0,6.91,0.0
11927.0,6.9,0.0
11927.0,6.91,0.0
11928.0,7.38,0.0
11929.0,7.38,0.0
11929.0,7.38,0.0
11930.0,7.38,0.0
11930.0,7.38,0.0
11931.0,7.01,0.0
11932.0,7.01,0.0
11932.0,7.01,0.0
11933.0,7.01,0.0
11933.0,7.01,0.0
11934.0,7.01,0.0
11935.0,6.8,0.0
11935.0,6.8,0.0
11936.0,6.8,0.0
11936.0,6.8,0.0
11937.0,6.8,0.0
11937.0,6.63,0.0
11938.0,6.64,0.0
11939.0,6.63,0.0
11939.0,6.64,0.0
11940.0,6.63,0.0
11940.0,6.7,0.0
11941.0,6.69,0.0
11942.0,6.7,0.0
11942.0,6.69,0.0
11943.0,6.7,0.0
11943.0,6.69,0.0
11944.0,6.76,0.0
11945.0,6.75,0.0
11945.0,6.76,0.0
11946.0,6.75,0.0
11946.0,6.76,0.0
11947.0,6.93,0.0
11947.0,6.93,0.0
11948.0,6.93,0.0
11949.0,6.93,0.0
11949.0,6.93,0.0
11950.0,7.21,0.0
11950.0,7.21,0.0
11951.0,7.21,0.0
11952.0,7.21,0.0
11952.0,7.21,0.0
11953.0,7.21,0.0
11953.0,7.23,0.0
11954.0,7.23,0.0
11954.0,7.23,0.0
11955.0,7.23,0.0
11956.0,7.23,0.0
11956.0,7.2,0.0
11957.0,7.2,0.0
11957.0,7.2,0.0
11958.0,7.2,0.0
11959.0,7.2,0.0
11959.0,6.98,0.0
11960.0,6.98,0.0
11960.0,6.98,0.0
11961.0,6.98,0.0
11961.0,6.98,0.0
11962.0,6.98,0.0
11963.0,6.62,0.0
11963.0,6.62,0.0
11964.0,6.62,0.0
11964.0,6.62,0.0
11965.0,6.62,0.0
11966.0,6.8,0.0
11966.0,6.8,0.0
11967.0,6.8,0.0
11967.0,6.8,0.0
11968.0,6.8,0.0
11969.0,6.98,0.0
11969.0,6.98,0.0
11970.0,6.98,0.0
11970.0,6.98,0.0
11971.0,6.98,0.0
11971.0,7.16,0.0
11972.0,7.16,0.0
11973.0,7.16,0.0
11973.0,7.16,0.0
11974.0,7.16,0.0
11974.0,7.16,0.0
11975.0,6.94,0.0
11976.0,6.94,0.0
11976.0,6.94,0.0
11977.0,6.94,0.0
11977.0,6.94,0.0
11978.0,6.59,0.0
11979.0,6.59,0.0
11979.0,6.59,0.0
11980.0,6.59,0.0
11980.0,6.59,0.0
11981.0,6.6,0.0
11981.0,6.6,0.0
11982.0,6.6,0.0
11983.0,6.6,0.0
11983.0,6.6,0.0
11984.0,6.6,0.0
11984.0,6.69,0.0
11985.0,6.69,0.0
11986.0,6.69,0.0
11986.0,6.69,0.0
11987.0,6.69,0.0
11987.0,7.13,0.0
11988.0,7.13,0.0
11988.0,7.13,0.0
11989.0,7.13,0.0
11990.0,7.13,0.0
11990.0,7.05,0.0
11991.0,7.05,0.0
11991.0,7.05,0.0
11992.0,7.05,0.0
11993.0,7.05,0.0
11993.0,7.05,0.0
11994.0,6.72,0.0
11994.0,6.72,0.0
11995.0,6.72,0.0
11996.0,6.72,0.0
11996.0,6.72,0.0
11997.0,6.56,0.0
11997.0,6.56,0.0
11998.0,6.56,0.0
11999.0,6.56,0.0
11999.0,6.56,0.0
12000.0,6.68,0.0
12000.0,6.68,0.0
12001.0,6.68,0.0
12001.0,6.68,0.0
12002.0,6.68,0.0
12003.0,6.68,0.0
12003.0,6.95,0.0
12004.0,6.95,0.0
12004.0,6.95,0.0
12005.0,6.95,0.0
12006.0,6.95,0.0
12006.0,6.82,0.0
12007.0,6.82,0.0
12007.0,6.82,0.0
12008.0,6.82,0.0
12009.0,6.82,0.0
12009.0,6.91,0.0
12010.0,6.91,0.0
12010.0,6.91,0.0
12011.0,6.91,0.0
12011.0,6.91,0.0
12012.0,6.88,0.0
12013.0,6.88,0.0
12013.0,6.88,0.0
12014.0,6.88,0.0
12014.0,6.88,0.0
12015.0,6.88,0.0
12016.0,6.47,0.0
12016.0,6.47,0.0
12017.0,6.47,0.0
12017.0,6.47,0.0
12018.0,6.47,0.0
12018.0,6.44,0.0
12019.0,6.45,0.0
12020.0,6.44,0.0
12020.0,6.45,0.0
12021.0,6.44,0.0
12021.0,6.61,0.0
12022.0,6.61,0.0
12023.0,6.61,0.0
12023.0,6.61,0.0
12024.0,6.61,0.0
12024.0,6.61,0.0
12025.0,6.87,0.0
12026.0,6.87,0.0
12026.0,6.87,0.0
12027.0,6.87,0.0
12027.0,6.87,0.0
12028.0,7.06,0.0
12028.0,7.06,0.0
12029.0,7.06,0.0
12030.0,7.06,0.0
12030.0,7.06,0.0
12031.0,7.0,0.0
12031.0,7.0,0.0
12032.0,7.0,0.0
12033.0,7.0,0.0
12033.0,7.0,0.0
12034.0,7.0,0.0
12034.0,7.07,0.0
12035.0,7.07,0.0
12035.0,7.07,0.0
12036.0,7.07,0.0
12037.0,7.07,0.0
12037.0,7.09,0.0
12038.0,7.09,0.0
12038.0,7.09,0.0
12039.0,7.09,0.0
12040.0,7.09,0.0
12040.0,7.0,0.0
12041.0,7.0,0.0
12041.0,7.0,0.0
12042.0,7.0,0.0
12043.0,7.0,0.0
12043.0,7.0,0.0
12044.0,6.93,0.0
12044.0,6.93,0.0
12045.0,6.93,0.0
12045.0,6.93,0.0
12046.0,6.93,0.0
12047.0,6.9,0.0
12047.0,6.9,0.0
12048.0,6.9,0.0
12048.0,6.9,0.0
12049.0,6.9,0.0
12050.0,7.24,0.0
12050.0,7.24,0.0
12051.0,7.24,0.0
12051.0,7.24,0.0
12052.0,7.24,0.0
12052.0,7.24,0.0
12053.0,6.86,0.0
12054.0,6.86,0.0
12054.0,6.86,0.0
12055.0,6.86,0.0
12055.0,6.86,0.0
12056.0,6.64,0.0
12057.0,6.64,0.0
12057.0,6.64,0.0
12058.0,6.64,0.0
12058.0,6.64,0.0
12059.0,6.62,0.0
12060.0,6.62,0.0
12060.0,6.62,0.0
12061.0,6.62,0.0
12061.0,6.62,0.0
12062.0,6.62,0.0
12062.0,6.8,0.0
12063.0,6.8,0.0
12064.0,6.8,0.0
12064.0,6.8,0.0
12065.0,6.8,0.0
12065.0,7.13,0.0
12066.0,7.13,0.0
12067.0,7.13,0.0
12067.0,7.13,0.0
12068.0,7.13,0.0
12068.0,7.03,0.0
12069.0,7.03,0.0
12069.0,7.03,0.0
12070.0,7.03,0.0
12071.0,7.03,0.0
12071.0,7.03,0.0
12072.0,6.99,0.0
12072.0,6.99,0.0
12073.0,6.99,0.0
12074.0,6.99,0.0
12074.0,6.99,0.0
12075.0,6.72,0.0
12075.0,6.72,0.0
12076.0,6.72,0.0
12077.0,6.72,0.0
12077.0,6.72,0.0
12078.0,6.44,0.0
12078.0,6.44,0.0
12079.0,6.44,0.0
12079.0,6.44,0.0
12080.0,6.44,0.0
12081.0,6.61,0.0
12081.0,6.61,0.0
12082.0,6.61,0.0
12082.0,6.61,0.0
12083.0,6.61,0.0
12084.0,6.61,0.0
12084.0,6.6,0.0
12085.0,6.6,0.0
12085.0,6.6,0.0
12086.0,6.6,0.0
12087.0,6.6,0.0
12087.0,6.97,0.0
12088.0,6.96,0.0
12088.0,6.97,0.0
12089.0,6.96,0.0
12089.0,6.97,0.0
12090.0,7.1,0.0
12091.0,7.11,0.0
12091.0,7.1,0.0
12092.0,7.11,0.0
12092.0,7.1,0.0
12093.0,7.11,0.0
12094.0,7.13,0.0
12094.0,7.13,0.0
12095.0,7.13,0.0
12095.0,7.13,0.0
12096.0,7.13,0.0
12097.0,7.07,0.0
12097.0,7.07,0.0
12098.0,7.07,0.0
12098.0,7.07,0.0
12099.0,7.07,0.0
12100.0,6.69,0.0
12100.0,6.7,0.0
12101.0,6.69,0.0
12101.0,6.7,0.0
12102.0,6.69,0.0
12102.0,6.7,0.0
12103.0,6.61,0.0
12104.0,6.61,0.0
12104.0,6.61,0.0
12105.0,6.61,0.0
12105.0,6.61,0.0
12106.0,6.87,0.0
12107.0,6.87,0.0
12107.0,6.87,0.0
12108.0,6.87,0.0
12108.0,6.87,0.0
12109.0,7.2,0.0
12109.0,7.2,0.0
12110.0,7.2,0.0
12111.0,7.2,0.0
12111.0,7.2,0.0
12112.0,7.2,0.0
12112.0,7.3,0.0
12113.0,7.3,0.0
12114.0,7.3,0.0
12114.0,7.3,0.0
12115.0,7.3,0.0
12115.0,6.95,0.0
12116.0,6.95,0.0
12116.0,6.95,0.0
12117.0,6.95,0.0
12118.0,6.95,0.0
12118.0,6.71,0.0
12119.0,6.72,0.0
12119.0,6.71,0.0
12120.0,6.72,0.0
12121.0,6.71,0.0
12121.0,6.68,0.0
12122.0,6.68,0.0
12122.0,6.68,0.0
12123.0,6.68,0.0
12124.0,6.68,0.0
12124.0,6.68,0.0
12125.0,7.15,0.0
12125.0,7.15,0.0
12126.0,7.15,0.0
12126.0,7.15,0.0
12127.0,7.15,0.0
12128.0,7.47,0.0
12128.0,7.47,0.0
12129.0,7.47,0.0
12129.0,7.47,0.0
12130.0,7.47,0.0
12131.0,7.18,0.0
12131.0,7.17,0.0
12132.0,7.18,0.0
12132.0,7.17,0.0
12133.0,7.18,0.0
12134.0,7.17,0.0
12134.0,6.7,0.0
12135.0,6.7,0.0
12135.0,6.7,0.0
12136.0,6.7,0.0
12136.0,6.7,0.0
12137.0,6.52,0.0
12138.0,6.52,0.0
12138.0,6.52,0.0
12139.0,6.52,0.0
12139.0,6.52,0.0
12140.0,6.55,0.0
12141.0,6.55,0.0
12141.0,6.55,0.0
12142.0,6.55,0.0
12142.0,6.55,0.0
12143.0,6.55,0.0
12143.0,6.74,0.0
12144.0,6.74,0.0
12145.0,6.74,0.0
12145.0,6.74,0.0
12146.0,6.74,0.0
12146.0,7.09,0.0
12147.0,7.09,0.0
12148.0,7.09,0.0
12148.0,7.09,0.0
12149.0,7.09,0.0
12149.0,7.28,0.0
12150.0,7.28,0.0
12151.0,7.28,0.0
12151.0,7.28,0.0
12152.0,7.28,0.0
12152.0,7.28,0.0
12153.0,7.03,0.0
12153.0,7.02,0.0
12154.0,7.03,0.0
12155.0,7.02,0.0
12155.0,7.03,0.0
12156.0,6.77,0.0
12156.0,6.78,0.0
12157.0,6.77,0.0
12158.0,6.78,0.0
12158.0,6.77,0.0
12159.0,6.74,0.0
12159.0,6.74,0.0
12160.0,6.74,0.0
12160.0,6.74,0.0
12161.0,6.74,0.0
12162.0,6.74,0.0
12162.0,6.64,0.0
12163.0,6.63,0.0
12163.0,6.64,0.0
12164.0,6.63,0.0
12165.0,6.64,0.0
12165.0,6.67,0.0
12166.0,6.68,0.0
12166.0,6.67,0.0
12167.0,6.68,0.0
12168.0,6.67,0.0
12168.0,6.97,0.0
12169.0,6.97,0.0
12169.0,6.97,0.0
12170.0,6.97,0.0
12170.0,6.97,0.0
12171.0,6.97,0.0
12172.0,7.12,0.0
12172.0,7.12,0.0
12173.0,7.12,0.0
12173.0,7.12,0.0
12174.0,7.12,0.0
12175.0,6.86,0.0
12175.0,6.86,0.0
12176.0,6.86,0.0
12176.0,6.86,0.0
12177.0,6.86,0.0
12177.0,6.76,0.0
12178.0,6.76,0.0
12179.0,6.76,0.0
12179.0,6.76,0.0
12180.0,6.76,0.0
12180.0,6.76,0.0
12181.0,6.62,0.0
12182.0,6.62,0.0
12182.0,6.62,0.0
12183.0,6.62,0.0
12183.0,6.62,0.0
12184.0,6.87,0.0
12185.0,6.87,0.0
12185.0,6.87,0.0
12186.0,6.87,0.0
12186.0,6.87,0.0
12187.0,7.0,0.0
12187.0,7.0,0.0
12188.0,7.0,0.0
12189.0,7.0,0.0
12189.0,7.0,0.0
12190.0,7.13,0.0
12190.0,7.13,0.0
12191.0,7.13,0.0
12192.0,7.13,0.0
12192.0,7.13,0.0
12193.0,7.13,0.0
12193.0,7.06,0.0
12194.0,7.06,0.0
12194.0,7.06,0.0
12195.0,7.06,0.0
12196.0,7.06,0.0
12196.0,6.76,0.0
12197.0,6.76,0.0
12198.0,6.76,0.0
12198.0,6.76,0.0
12199.0,6.76,0.0
12199.0,6.81,0.0
12200.0,6.81,0.0
12200.0,6.81,0.0
12201.0,6.81,0.0
12202.0,6.81,0.0
12202.0,6.81,0.0
12203.0,6.72,0.0
12203.0,6.72,0.0
12204.0,6.72,0.0
12205.0,6.72,0.0
12205.0,6.72,0.0
12206.0,6.8,0.0
12206.0,6.8,0.0
12207.0,6.8,0.0
12207.0,6.8,0.0
12208.0,6.8,0.0
12209.0,7.1,0.0
12209.0,7.11,0.0
12210.0,7.1,0.0
12210.0,7.11,0.0
12211.0,7.1,0.0
12212.0,7.11,0.0
12212.0,7.34,0.0
12213.0,7.34,0.0
12213.0,7.34,0.0
12214.0,7.34,0.0
12215.0,7.34,0.0
12215.0,7.12,0.0
12216.0,7.12,0.0
12216.0,7.12,0.0
12217.0,7.12,0.0
12217.0,7.12,0.0
12218.0,6.78,0.0
12219.0,6.78,0.0
12219.0,6.78,0.0
12220.0,6.78,0.0
12220.0,6.78,0.0
12221.0,6.78,0.0
12222.0,6.72,0.0
12222.0,6.72,0.0
12223.0,6.72,0.0
12223.0,6.72,0.0
12224.0,6.72,0.0
12224.0,6.75,0.0
12225.0,6.75,0.0
12226.0,6.75,0.0
12226.0,6.75,0.0
12227.0,6.75,0.0
12227.0,6.92,0.0
12228.0,6.92,0.0
12229.0,6.92,0.0
12229.0,6.92,0.0
12230.0,6.92,0.0
12230.0,6.98,0.0
12231.0,6.98,0.0
12232.0,6.98,0.0
12232.0,6.98,0.0
12233.0,6.98,0.0
12233.0,6.98,0.0
12234.0,7.01,0.0
12234.0,7.0,0.0
12235.0,7.01,0.0
12236.0,7.0,0.0
12236.0,7.01,0.0
12237.0,6.94,0.0
12237.0,6.94,0.0
12238.0,6.94,0.0
12239.0,6.94,0.0
12239.0,6.94,0.0
12240.0,6.56,0.0
12240.0,6.56,0.0
12241.0,6.56,0.0
12242.0,6.56,0.0
12242.0,6.56,0.0
12243.0,6.56,0.0
12243.0,6.8,0.0
12244.0,6.79,0.0
12244.0,6.8,0.0
12245.0,6.79,0.0
12246.0,6.8,0.0
12246.0,7.13,0.0
12247.0,7.14,0.0
12247.0,7.13,0.0
12248.0,7.14,0.0
12249.0,7.13,0.0
12249.0,6.99,0.0
12250.0,6.98,0.0
12250.0,6.99,0.0
12251.0,6.98,0.0
12251.0,6.99,0.0
12252.0,6.98,0.0
12253.0,6.91,0.0
12253.0,6.91,0.0
12254.0,6.91,0.0
12254.0,6.91,0.0
12255.0,6.91,0.0
12256.0,6.68,0.0
12256.0,6.68,0.0
12257.0,6.68,0.0
12257.0,6.68,0.0
12258.0,6.68,0.0
12258.0,6.7,0.0
12259.0,6.69,0.0
12260.0,6.7,0.0
12260.0,6.69,0.0
12261.0,6.7,0.0
12261.0,6.69,0.0
12262.0,6.84,0.0
12263.0,6.84,0.0
12263.0,6.84,0.0
12264.0,6.84,0.0
12264.0,6.84,0.0
12265.0,6.87,0.0
12266.0,6.87,0.0
12266.0,6.87,0.0
12267.0,6.87,0.0
12267.0,6.87,0.0
12268.0,7.07,0.0
12268.0,7.07,0.0
12269.0,7.07,0.0
12270.0,7.07,0.0
12270.0,7.07,0.0
12271.0,7.07,0.0
12271.0,6.99,0.0
12272.0,6.99,0.0
12273.0,6.99,0.0
12273.0,6.99,0.0
12274.0,6.99,0.0
12274.0,6.86,0.0
12275.0,6.86,0.0
12276.0,6.86,0.0
12276.0,6.86,0.0
12277.0,6.86,0.0
12277.0,6.84,0.0
12278.0,6.83,0.0
12278.0,6.84,0.0
12279.0,6.83,0.0
12280.0,6.84,0.0
12280.0,6.83,0.0
12281.0,6.7,0.0
12281.0,6.7,0.0
12282.0,6.7,0.0
12283.0,6.7,0.0
12283.0,6.7,0.0
12284.0,6.85,0.0
12284.0,6.85,0.0
12285.0,6.85,0.0
12285.0,6.85,0.0
12286.0,6.85,0.0
12287.0,7.01,0.0
12287.0,7.01,0.0
12288.0,7.01,0.0
12288.0,7.01,0.0
12289.0,7.01,0.0
12290.0,7.01,0.0
12290.0,6.91,0.0
12291.0,6.91,0.0
12291.0,6.91,0.0
12292.0,6.91,0.0
12293.0,6.91,0.0
12293.0,6.84,0.0
12294.0,6.84,0.0
12294.0,6.84,0.0
12295.0,6.84,0.0
12295.0,6.84,0.0
12296.0,6.85,0.0
12297.0,6.85,0.0
12297.0,6.85,0.0
12298.0,6.85,0.0
12298.0,6.85,0.0
12299.0,6.71,0.0
12300.0,6.71,0.0
12300.0,6.71,0.0
12301.0,6.71,0.0
12301.0,6.71,0.0
12302.0,6.71,0.0
12303.0,6.63,0.0
12303.0,6.63,0.0
12304.0,6.63,0.0
12304.0,6.63,0.0
12305.0,6.63,0.0
12306.0,7.12,0.0
12306.0,7.12,0.0
12307.0,7.12,0.0
12307.0,7.12,0.0
12308.0,7.12,0.0
12308.0,7.15,0.0
12309.0,7.16,0.0
12310.0,7.15,0.0
12310.0,7.16,0.0
12311.0,7.15,0.0
12311.0,7.16,0.0
12312.0,6.99,0.0
12313.0,6.99,0.0
12313.0,6.99,0.0
12314.0,6.99,0.0
12314.0,6.99,0.0
12315.0,6.82,0.0
12315.0,6.82,0.0
12316.0,6.82,0.0
12317.0,6.82,0.0
12317.0,6.82,0.0
12318.0,6.32,0.0
12318.0,6.32,0.0
12319.0,6.32,0.0
12320.0,6.32,0.0
12320.0,6.32,0.0
12321.0,6.32,0.0
12321.0,6.56,0.0
12322.0,6.56,0.0
12323.0,6.56,0.0
12323.0,6.56,0.0
12324.0,6.56,0.0
12324.0,6.95,0.0
12325.0,6.94,0.0
12325.0,6.95,0.0
12326.0,6.94,0.0
12327.0,6.95,0.0
12327.0,7.19,0.0
12328.0,7.2,0.0
12328.0,7.19,0.0
12329.0,7.2,0.0
12330.0,7.19,0.0
12330.0,7.2,0.0
12331.0,7.15,0.0
12331.0,7.15,0.0
12332.0,7.15,0.0
12332.0,7.15,0.0
12333.0,7.15,0.0
12334.0,6.84,0.0
12334.0,6.84,0.0
12335.0,6.84,0.0
12335.0,6.84,0.0
12336.0,6.84,0.0
12337.0,6.94,0.0
12337.0,6.94,0.0
12338.0,6.94,0.0
12338.0,6.94,0.0
12339.0,6.94,0.0
12340.0,6.76,0.0
12340.0,6.76,0.0
12341.0,6.76,0.0
12341.0,6.76,0.0
12342.0,6.76,0.0
12342.0,6.76,0.0
12343.0,6.71,0.0
12344.0,6.71,0.0
12344.0,6.71,0.0
12345.0,6.71,0.0
12345.0,6.71,0.0
12346.0,7.03,0.0
12347.0,7.03,0.0
12347.0,7.03,0.0
12348.0,7.03,0.0
12348.0,7.03,0.0
12349.0,7.0,0.0
12349.0,7.0,0.0
12350.0,7.0,0.0
12351.0,7.0,0.0
12351.0,7.0,0.0
12352.0,7.0,0.0
12352.0,6.97,0.0
12353.0,6.97,0.0
12354.0,6.97,0.0
12354.0,6.97,0.0
12355.0,6.97,0.0
12355.0,6.75,0.0
12356.0,6.75,0.0
12357.0,6.75,0.0
12357.0,6.75,0.0
12358.0,6.75,0.0
12358.0,6.62,0.0
12359.0,6.62,0.0
12359.0,6.62,0.0
12360.0,6.62,0.0
12361.0,6.62,0.0
12361.0,6.62,0.0
12362.0,6.64,0.0
12362.0,6.64,0.0
12363.0,6.64,0.0
12364.0,6.64,0.0
12364.0,6.64,0.0
12365.0,6.66,0.0
12365.0,6.66,0.0
12366.0,6.66,0.0
12366.0,6.66,0.0
12367.0,6.66,0.0
12368.0,6.97,0.0
12368.0,6.97,0.0
12369.0,6.97,0.0
12369.0,6.97,0.0
12370.0,6.97,0.0
12371.0,6.97,0.0
12371.0,7.04,0.0
12372.0,7.04,0.0
12372.0,7.04,0.0
12373.0,7.04,0.0
12374.0,7.04,0.0
12374.0,6.85,0.0
12375.0,6.86,0.0
12375.0,6.85,0.0
12376.0,6.86,0.0
12376.0,6.85,0.0
12377.0,6.75,0.0
12378.0,6.75,0.0
12378.0,6.75,0.0
12379.0,6.75,0.0
12379.0,6.75,0.0
12380.0,6.75,0.0
12381.0,6.53,0.0
12381.0,6.53,0.0
12382.0,6.53,0.0
12382.0,6.53,0.0
12383.0,6.53,0.0
12384.0,6.56,0.0
12384.0,6.57,0.0
12385.0,6.56,0.0
12385.0,6.57,0.0
12386.0,6.56,0.0
12386.0,6.91,0.0
12387.0,6.91,0.0
12388.0,6.91,0.0
12388.0,6.91,0.0
12389.0,6.91,0.0
12389.0,6.91,0.0
12390.0,7.21,0.0
12391.0,7.21,0.0
12391.0,7.21,0.0
12392.0,7.21,0.0
12392.0,7.21,0.0
12393.0,7.17,0.0
12393.0,7.17,0.0
12394.0,7.17,0.0
12395.0,7.17,0.0
12395.0,7.17,0.0
12396.0,6.7,0.0
12396.0,6.69,0.0
12397.0,6.7,0.0
12398.0,6.69,0.0
12398.0,6.7,0.0
12399.0,6.55,0.0
12399.0,6.55,0.0
12400.0,6.55,0.0
12401.0,6.55,0.0
12401.0,6.55,0.0
12402.0,6.55,0.0
12402.0,6.76,0.0
12403.0,6.76,0.0
12404.0,6.76,0.0
12404.0,6.76,0.0
12405.0,6.76,0.0
12405.0,6.78,0.0
12406.0,6.78,0.0
12406.0,6.78,0.0
12407.0,6.78,0.0
12408.0,6.78,0.0
12408.0,6.89,0.0
12409.0,6.89,0.0
12409.0,6.89,0.0
12410.0,6.89,0.0
12411.0,6.89,0.0
12411.0,6.89,0.0
12412.0,6.81,0.0
12412.0,6.82,0.0
12413.0,6.81,0.0
12414.0,6.82,0.0
12414.0,6.81,0.0
12415.0,6.86,0.0
12415.0,6.86,0.0
12416.0,6.86,0.0
12416.0,6.86,0.0
12417.0,6.86,0.0
12418.0,6.83,0.0
12418.0,6.83,0.0
12419.0,6.83,0.0
12419.0,6.83,0.0
12420.0,6.83,0.0
12421.0,6.83,0.0
12421.0,6.88,0.0
12422.0,6.88,0.0
12422.0,6.88,0.0
12423.0,6.88,0.0
12423.0,6.88,0.0
12424.0,6.8,0.0
12425.0,6.79,0.0
12425.0,6.8,0.0
12426.0,6.79,0.0
12426.0,6.8,0.0
12427.0,6.98,0.0
12428.0,6.99,0.0
12428.0,6.98,0.0
12429.0,6.99,0.0
12429.0,6.98,0.0
12430.0,6.99,0.0
12431.0,7.11,0.0
12431.0,7.11,0.0
12432.0,7.11,0.0
12432.0,7.11,0.0
12433.0,7.11,0.0
12433.0,6.93,0.0
12434.0,6.93,0.0
12435.0,6.93,0.0
12435.0,6.93,0.0
12436.0,6.93,0.0
12436.0,6.83,0.0
12437.0,6.84,0.0
12438.0,6.83,0.0
12438.0,6.84,0.0
12439.0,6.83,0.0
12439.0,6.84,0.0
12440.0,6.51,0.0
12440.0,6.51,0.0
12441.0,6.51,0.0
12442.0,6.51,0.0
12442.0,6.51,0.0
12443.0,6.69,0.0
12443.0,6.69,0.0
12444.0,6.69,0.0
12445.0,6.69,0.0
12445.0,6.69,0.0
12446.0,6.96,0.0
12446.0,6.97,0.0
12447.0,6.96,0.0
12448.0,6.97,0.0
12448.0,6.96,0.0
12449.0,6.97,0.0
12449.0,7.1,0.0
12450.0,7.1,0.0
12450.0,7.1,0.0
12451.0,7.1,0.0
12452.0,7.1,0.0
12452.0,7.11,0.0
12453.0,7.1,0.0
12453.0,7.11,0.0
12454.0,7.1,0.0
12455.0,7.11,0.0
12455.0,6.92,0.0
12456.0,6.93,0.0
12456.0,6.92,0.0
12457.0,6.93,0.0
12457.0,6.92,0.0
12458.0,6.58,0.0
12459.0,6.58,0.0
12459.0,6.58,0.0
12460.0,6.58,0.0
12460.0,6.58,0.0
12461.0,6.58,0.0
12462.0,6.7,0.0
12462.0,6.69,0.0
12463.0,6.7,0.0
12463.0,6.69,0.0
12464.0,6.7,0.0
12465.0,6.93,0.0
12465.0,6.93,0.0
12466.0,6.93,0.0
12466.0,6.93,0.0
12467.0,6.93,0.0
12467.0,7.09,0.0
12468.0,7.09,0.0
12469.0,7.09,0.0
12469.0,7.09,0.0
12470.0,7.09,0.0
12470.0,7.09,0.0
12471.0,7.11,0.0
12472.0,7.11,0.0
12472.0,7.11,0.0
12473.0,7.11,0.0
12473.0,7.11,0.0
12474.0,7.02,0.0
12474.0,7.02,0.0
12475.0,7.02,0.0
12476.0,7.02,0.0
12476.0,7.02,0.0
12477.0,6.81,0.0
12477.0,6.81,0.0
12478.0,6.81,0.0
12479.0,6.81,0.0
12479.0,6.81,0.0
12480.0,6.81,0.0
12480.0,6.67,0.0
12481.0,6.67,0.0
12482.0,6.67,0.0
12482.0,6.67,0.0
12483.0,6.67,0.0
12483.0,6.89,0.0
12484.0,6.89,0.0
12484.0,6.89,0.0
12485.0,6.89,0.0
12486.0,6.89,0.0
12486.0,7.07,0.0
12487.0,7.07,0.0
12487.0,7.07,0.0
12488.0,7.07,0.0
12489.0,7.07,0.0
12489.0,7.07,0.0
12490.0,7.11,0.0
12490.0,7.11,0.0
12491.0,7.11,0.0
12491.0,7.11,0.0
12492.0,7.11,0.0
12493.0,6.96,0.0
12493.0,6.96,0.0
12494.0,6.96,0.0
12494.0,6.96,0.0
12495.0,6.96,0.0
12496.0,6.76,0.0
12496.0,6.76,0.0
12497.0,6.76,0.0
12497.0,6.76,0.0
12498.0,6.76,0.0
12499.0,6.76,0.0
12499.0,6.59,0.0
12500.0,6.59,0.0
12500.0,6.59,0.0
12501.0,6.59,0.0
12502.0,6.59,0.0
12502.0,6.81,0.0
12503.0,6.81,0.0
12503.0,6.81,0.0
12504.0,6.81,0.0
12504.0,6.81,0.0
12505.0,7.01,0.0
12506.0,7.01,0.0
12506.0,7.01,0.0
12507.0,7.01,0.0
12507.0,7.01,0.0
12508.0,7.29,0.0
12509.0,7.29,0.0
12509.0,7.29,0.0
12510.0,7.29,0.0
12510.0,7.29,0.0
12511.0,7.29,0.0
12512.0,7.05,0.0
12512.0,7.05,0.0
12513.0,7.05,0.0
12513.0,7.05,0.0
12514.0,7.05,0.0
12514.0,7.04,0.0
12515.0,7.04,0.0
12516.0,7.04,0.0
12516.0,7.04,0.0
12517.0,7.04,0.0
12517.0,6.94,0.0
12518.0,6.94,0.0
12519.0,6.94,0.0
12519.0,6.94,0.0
12520.0,6.94,0.0
12520.0,6.94,0.0
12521.0,6.76,0.0
12521.0,6.76,0.0
12522.0,6.76,0.0
12523.0,6.76,0.0
12523.0,6.76,0.0
12524.0,6.9,0.0
12524.0,6.9,0.0
12525.0,6.9,0.0
12526.0,6.9,0.0
12526.0,6.9,0.0
12527.0,7.12,0.0
12527.0,7.12,0.0
12528.0,7.12,0.0
12529.0,7.12,0.0
12529.0,7.12,0.0
12530.0,7.12,0.0
12530.0,6.94,0.0
12531.0,6.95,0.0
12531.0,6.94,0.0
12532.0,6.95,0.0
12533.0,6.94,0.0
12533.0,6.84,0.0
12534.0,6.84,0.0
12534.0,6.84,0.0
12535.0,6.84,0.0
12536.0,6.84,0.0
12536.0,6.69,0.0
12537.0,6.7,0.0
12537.0,6.69,0.0
12538.0,6.7,0.0
12539.0,6.69,0.0
12539.0,6.7,0.0
12540.0,6.72,0.0
12540.0,6.72,0.0
12541.0,6.72,0.0
12541.0,6.72,0.0
12542.0,6.72,0.0
12543.0,6.68,0.0
12543.0,6.68,0.0
12544.0,6.68,0.0
12544.0,6.68,0.0
12545.0,6.68,0.0
12546.0,6.74,0.0
12546.0,6.74,0.0
12547.0,6.74,0.0
12547.0,6.74,0.0
12548.0,6.74,0.0
12548.0,6.74,0.0
12549.0,6.99,0.0
12550.0,6.99,0.0
12550.0,6.99,0.0
12551.0,6.99,0.0
12551.0,6.99,0.0
12552.0,7.05,0.0
12553.0,7.05,0.0
12553.0,7.05,0.0
12554.0,7.05,0.0
12554.0,7.05,0.0
12555.0,6.8,0.0
12555.0,6.8,0.0
12556.0,6.8,0.0
12557.0,6.8,0.0
12557.0,6.8,0.0
12558.0,6.8,0.0
12558.0,6.56,0.0
12559.0,6.56,0.0
12560.0,6.56,0.0
12560.0,6.56,0.0
12561.0,6.56,0.0
12561.0,6.47,0.0
12562.0,6.47,0.0
12563.0,6.47,0.0
12563.0,6.47,0.0
12564.0,6.47,0.0
12564.0,6.9,0.0
12565.0,6.9,0.0
12565.0,6.9,0.0
12566.0,6.9,0.0
12567.0,6.9,0.0
12567.0,6.9,0.0
12568.0,7.13,0.0
12568.0,7.13,0.0
12569.0,7.13,0.0
12570.0,7.13,0.0
12570.0,7.13,0.0
12571.0,7.11,0.0
12571.0,7.1,0.0
12572.0,7.11,0.0
12573.0,7.1,0.0
12573.0,7.11,0.0
12574.0,6.9,0.0
12574.0,6.9,0.0
12575.0,6.9,0.0
12575.0,6.9,0.0
12576.0,6.9,0.0
12577.0,6.69,0.0
12577.0,6.69,0.0
12578.0,6.69,0.0
12578.0,6.69,0.0
12579.0,6.69,0.0
12580.0,6.69,0.0
12580.0,6.75,0.0
12581.0,6.75,0.0
12581.0,6.75,0.0
12582.0,6.75,0.0
12582.0,6.75,0.0
12583.0,6.6,0.0
12584.0,6.61,0.0
12584.0,6.6,0.0
12585.0,6.61,0.0
12585.0,6.6,0.0
12586.0,6.83,0.0
12587.0,6.83,0.0
12587.0,6.83,0.0
12588.0,6.83,0.0
12588.0,6.83,0.0
12589.0,6.83,0.0
12590.0,6.97,0.0
12590.0,6.97,0.0
12591.0,6.97,0.0
12591.0,6.97,0.0
12592.0,6.97,0.0
12592.0,6.7,0.0
12593.0,6.7,0.0
12594.0,6.7,0.0
12594.0,6.7,0.0
12595.0,6.7,0.0
12595.0,6.62,0.0
12596.0,6.62,0.0
12597.0,6.62,0.0
12597.0,6.62,0.0
12598.0,6.62,0.0
12598.0,6.62,0.0
12599.0,6.57,0.0
12599.0,6.57,0.0
12600.0,6.57,0.0
12601.0,6.57,0.0
12601.0,6.57,0.0
12602.0,6.68,0.0
12603.0,6.68,0.0
12603.0,6.68,0.0
12604.0,6.68,0.0
12604.0,6.68,0.0
12605.0,6.97,0.0
12605.0,6.96,0.0
12606.0,6.97,0.0
12607.0,6.96,0.0
12607.0,6.97,0.0
12608.0,7.15,0.0
12608.0,7.16,0.0
12609.0,7.15,0.0
12610.0,7.16,0.0
12610.0,7.15,0.0
12611.0,7.16,0.0
12611.0,7.12,0.0
12612.0,7.12,0.0
12612.0,7.12,0.0
12613.0,7.12,0.0
12614.0,7.12,0.0
12614.0,6.86,0.0
12615.0,6.86,0.0
12615.0,6.86,0.0
12616.0,6.86,0.0
12617.0,6.86,0.0
12617.0,6.66,0.0
12618.0,6.66,0.0
12618.0,6.66,0.0
12619.0,6.66,0.0
12620.0,6.66,0.0
12620.0,6.66,0.0
12621.0,6.76,0.0
12621.0,6.76,0.0
12622.0,6.76,0.0
12622.0,6.76,0.0
12623.0,6.76,0.0
12624.0,6.74,0.0
12624.0,6.74,0.0
12625.0,6.74,0.0
12625.0,6.74,0.0
12626.0,6.74,0.0
12627.0,7.11,0.0
12627.0,7.11,0.0
12628.0,7.11,0.0
12628.0,7.11,0.0
12629.0,7.11,0.0
12629.0,7.11,0.0
12630.0,7.08,0.0
12631.0,7.08,0.0
12631.0,7.08,0.0
12632.0,7.08,0.0
12632.0,7.08,0.0
12633.0,6.89,0.0
12634.0,6.89,0.0
12634.0,6.89,0.0
12635.0,6.89,0.0
12635.0,6.89,0.0
12636.0,6.71,0.0
12637.0,6.71,0.0
12637.0,6.71,0.0
12638.0,6.71,0.0
12638.0,6.71,0.0
12639.0,6.71,0.0
12639.0,6.57,0.0
12640.0,6.57,0.0
12641.0,6.57,0.0
12641.0,6.57,0.0
12642.0,6.57,0.0
12642.0,6.69,0.0
12643.0,6.69,0.0
12644.0,6.69,0.0
12644.0,6.69,0.0
12645.0,6.69,0.0
12645.0,6.82,0.0
12646.0,6.82,0.0
12646.0,6.82,0.0
12647.0,6.82,0.0
12648.0,6.82,0.0
12648.0,6.82,0.0
12649.0,7.11,0.0
12649.0,7.11,0.0
12650.0,7.11,0.0
12651.0,7.11,0.0
12651.0,7.11,0.0
12652.0,6.99,0.0
12652.0,6.99,0.0
12653.0,6.99,0.0
12654.0,6.99,0.0
12654.0,6.99,0.0
12655.0,6.69,0.0
12655.0,6.69,0.0
12656.0,6.69,0.0
12656.0,6.69,0.0
12657.0,6.69,0.0
12658.0,6.69,0.0
12658.0,6.74,0.0
12659.0,6.74,0.0
12659.0,6.74,0.0
12660.0,6.74,0.0
12661.0,6.74,0.0
12661.0,6.67,0.0
12662.0,6.67,0.0
12662.0,6.67,0.0
12663.0,6.67,0.0
12663.0,6.67,0.0
12664.0,6.94,0.0
12665.0,6.94,0.0
12665.0,6.94,0.0
12666.0,6.94,0.0
12666.0,6.94,0.0
12667.0,6.94,0.0
12668.0,7.39,0.0
12668.0,7.39,0.0
12669.0,7.39,0.0
12669.0,7.39,0.0
12670.0,7.39,0.0
12671.0,7.14,0.0
12671.0,7.14,0.0
12672.0,7.14,0.0
12672.0,7.14,0.0
12673.0,7.14,0.0
12673.0,6.92,0.0
12674.0,6.93,0.0
12675.0,6.92,0.0
12675.0,6.93,0.0
12676.0,6.92,0.0
12676.0,6.93,0.0
12677.0,6.75,0.0
12678.0,6.75,0.0
12678.0,6.75,0.0
12679.0,6.75,0.0
12679.0,6.75,0.0
12680.0,6.8,0.0
12681.0,6.8,0.0
12681.0,6.8,0.0
12682.0,6.8,0.0
12682.0,6.8,0.0
12683.0,6.8,0.0
12683.0,6.8,0.0
12684.0,6.8,0.0
12685.0,6.8,0.0
12685.0,6.8,0.0
12686.0,6.8,0.0
12686.0,7.08,0.0
12687.0,7.08,0.0
12688.0,7.08,0.0
12688.0,7.08,0.0
12689.0,7.08,0.0
12689.0,7.1,0.0
12690.0,7.1,0.0
12690.0,7.1,0.0
12691.0,7.1,0.0
12692.0,7.1,0.0
12692.0,6.98,0.0
12693.0,6.98,0.0
12693.0,6.98,0.0
12694.0,6.98,0.0
12695.0,6.98,0.0
12695.0,7.03,0.0
12696.0,7.02,0.0
12696.0,7.03,0.0
12697.0,7.02,0.0
12697.0,7.03,0.0
12698.0,7.02,0.0
12699.0,6.62,0.0
12699.0,6.62,0.0
12700.0,6.62,0.0
12700.0,6.62,0.0
12701.0,6.62,0.0
12702.0,6.62,0.0
12702.0,6.62,0.0
12703.0,6.62,0.0
12703.0,6.62,0.0
12704.0,6.62,0.0
12705.0,6.78,0.0
12705.0,6.78,0.0
12706.0,6.78,0.0
12706.0,6.78,0.0
12707.0,6.78,0.0
12708.0,6.78,0.0
12708.0,6.89,0.0
12709.0,6.88,0.0
12709.0,6.89,0.0
12710.0,6.88,0.0
12711.0,6.89,0.0
12711.0,6.97,0.0
12712.0,6.97,0.0
12712.0,6.97,0.0
12713.0,6.97,0.0
12713.0,6.97,0.0
12714.0,6.92,0.0
12715.0,6.92,0.0
12715.0,6.92,0.0
12716.0,6.92,0.0
12716.0,6.92,0.0
12717.0,6.92,0.0
12718.0,6.68,0.0
12718.0,6.68,0.0
12719.0,6.68,0.0
12719.0,6.68,0.0
12720.0,6.68,0.0
12720.0,6.73,0.0
12721.0,6.73,0.0
12722.0,6.73,0.0
12722.0,6.73,0.0
12723.0,6.73,0.0
12723.0,6.92,0.0
12724.0,6.92,0.0
12725.0,6.92,0.0
12725.0,6.92,0.0
12726.0,6.92,0.0
12726.0,7.16,0.0
12727.0,7.16,0.0
12728.0,7.16,0.0
12728.0,7.16,0.0
12729.0,7.16,0.0
12729.0,7.16,0.0
12730.0,7.21,0.0
12730.0,7.21,0.0
12731.0,7.21,0.0
12732.0,7.21,0.0
12732.0,7.21,0.0
12733.0,7.03,0.0
12733.0,7.03,0.0
12734.0,7.03,0.0
12735.0,7.03,0.0
12735.0,7.03,0.0
12736.0,6.87,0.0
12736.0,6.87,0.0
12737.0,6.87,0.0
12737.0,6.87,0.0
12738.0,6.87,0.0
12739.0,6.87,0.0
12739.0,6.49,0.0
12740.0,6.49,0.0
12740.0,6.49,0.0
12741.0,6.49,0.0
12742.0,6.49,0.0
12742.0,6.53,0.0
12743.0,6.52,0.0
12743.0,6.53,0.0
12744.0,6.52,0.0
12745.0,6.53,0.0
12745.0,6.7,0.0
12746.0,6.7,0.0
12746.0,6.7,0.0
12747.0,6.7,0.0
12747.0,6.7,0.0
12748.0,6.7,0.0
12749.0,6.94,0.0
12749.0,6.94,0.0
12750.0,6.94,0.0
12750.0,6.94,0.0
12751.0,6.94,0.0
12752.0,7.27,0.0
12752.0,7.27,0.0
12753.0,7.27,0.0
12753.0,7.27,0.0
12754.0,7.27,0.0
12754.0,6.88,0.0
12755.0,6.89,0.0
12756.0,6.88,0.0
12756.0,6.89,0.0
12757.0,6.88,0.0
12757.0,6.89,0.0
12758.0,6.83,0.0
12759.0,6.84,0.0
12759.0,6.83,0.0
12760.0,6.84,0.0
12760.0,6.83,0.0
12761.0,6.98,0.0
12762.0,6.98,0.0
12762.0,6.98,0.0
12763.0,6.98,0.0
12763.0,6.98,0.0
12764.0,7.05,0.0
12764.0,7.05,0.0
12765.0,7.05,0.0
12766.0,7.05,0.0
12766.0,7.05,0.0
12767.0,7.05,0.0
12767.0,7.06,0.0
12768.0,7.06,0.0
12769.0,7.06,0.0
12769.0,7.06,0.0
12770.0,7.06,0.0
12770.0,6.75,0.0
12771.0,6.75,0.0
12771.0,6.75,0.0
12772.0,6.75,0.0
12773.0,6.75,0.0
12773.0,6.76,0.0
12774.0,6.76,0.0
12774.0,6.76,0.0
12775.0,6.76,0.0
12776.0,6.76,0.0
12776.0,6.76,0.0
12777.0,6.71,0.0
12777.0,6.71,0.0
12778.0,6.71,0.0
12779.0,6.71,0.0
12779.0,6.71,0.0
12780.0,6.52,0.0
12780.0,6.52,0.0
12781.0,6.52,0.0
12781.0,6.52,0.0
12782.0,6.52,0.0
12783.0,6.7,0.0
12783.0,6.7,0.0
12784.0,6.7,0.0
12784.0,6.7,0.0
12785.0,6.7,0.0
12786.0,6.7,0.0
12786.0,6.88,0.0
12787.0,6.89,0.0
12787.0,6.88,0.0
12788.0,6.89,0.0
12788.0,6.88,0.0
12789.0,7.08,0.0
12790.0,7.08,0.0
12790.0,7.08,0.0
12791.0,7.08,0.0
12791.0,7.08,0.0
12792.0,7.04,0.0
12793.0,7.05,0.0
12793.0,7.04,0.0
12794.0,7.05,0.0
12794.0,7.04,0.0
12795.0,7.05,0.0
12796.0,6.78,0.0
12796.0,6.78,0.0
12797.0,6.78,0.0
12797.0,6.78,0.0
12798.0,6.78,0.0
12798.0,6.7,0.0
12799.0,6.69,0.0
12800.0,6.7,0.0
12800.0,6.69,0.0
12801.0,6.7,0.0
12801.0,6.52,0.0
12802.0,6.53,0.0
12803.0,6.52,0.0
12803.0,6.53,0.0
12804.0,6.52,0.0
12804.0,6.67,0.0
12805.0,6.67,0.0
12806.0,6.67,0.0
12806.0,6.67,0.0
12807.0,6.67,0.0
12807.0,6.67,0.0
12808.0,6.92,0.0
12809.0,6.92,0.0
12809.0,6.92,0.0
12810.0,6.92,0.0
12810.0,6.92,0.0
12811.0,6.97,0.0
12811.0,6.97,0.0
12812.0,6.97,0.0
12813.0,6.97,0.0
12813.0,6.97,0.0
12814.0,7.14,0.0
12814.0,7.13,0.0
12815.0,7.14,0.0
12816.0,7.13,0.0
12816.0,7.14,0.0
12817.0,7.13,0.0
12817.0,6.78,0.0
12818.0,6.78,0.0
12818.0,6.78,0.0
12819.0,6.78,0.0
12820.0,6.78,0.0
12820.0,6.71,0.0
12821.0,6.71,0.0
12821.0,6.71,0.0
12822.0,6.71,0.0
12823.0,6.71,0.0
12823.0,6.78,0.0
12824.0,6.77,0.0
12824.0,6.78,0.0
12825.0,6.77,0.0
12826.0,6.78,0.0
12826.0,6.77,0.0
12827.0,6.94,0.0
12827.0,6.94,0.0
12828.0,6.94,0.0
12828.0,6.94,0.0
12829.0,6.94,0.0
12830.0,7.24,0.0
12830.0,7.24,0.0
12831.0,7.24,0.0
12831.0,7.24,0.0
12832.0,7.24,0.0
12833.0,6.76,0.0
12833.0,6.76,0.0
12834.0,6.76,0.0
12834.0,6.76,0.0
12835.0,6.76,0.0
12836.0,6.47,0.0
12836.0,6.47,0.0
12837.0,6.47,0.0
12837.0,6.47,0.0
12838.0,6.47,0.0
12838.0,6.47,0.0
12839.0,6.51,0.0
12840.0,6.51,0.0
12840.0,6.51,0.0
12841.0,6.51,0.0
12841.0,6.51,0.0
12842.0,6.89,0.0
12843.0,6.88,0.0
12843.0,6.89,0.0
12844.0,6.88,0.0
12844.0,6.89,0.0
12845.0,7.26,0.0
12845.0,7.26,0.0
12846.0,7.26,0.0
12847.0,7.26,0.0
12847.0,7.26,0.0
12848.0,7.26,0.0
12848.0,7.1,0.0
12849.0,7.11,0.0
12850.0,7.1,0.0
12850.0,7.11,0.0
12851.0,7.1,0.0
12851.0,6.83,0.0
12852.0,6.83,0.0
12852.0,6.83,0.0
12853.0,6.83,0.0
12854.0,6.83,0.0
12854.0,6.7,0.0
12855.0,6.7,0.0
12855.0,6.7,0.0
12856.0,6.7,0.0
12857.0,6.7,0.0
12857.0,6.7,0.0
12858.0,6.51,0.0
12858.0,6.51,0.0
12859.0,6.51,0.0
12860.0,6.51,0.0
12860.0,6.51,0.0
12861.0,6.57,0.0
12861.0,6.57,0.0
12862.0,6.57,0.0
12862.0,6.57,0.0
12863.0,6.57,0.0
12864.0,6.71,0.0
12864.0,6.71,0.0
12865.0,6.71,0.0
12865.0,6.71,0.0
12866.0,6.71,0.0
12867.0,6.71,0.0
12867.0,6.81,0.0
12868.0,6.82,0.0
12868.0,6.81,0.0
12869.0,6.82,0.0
12870.0,6.81,0.0
12870.0,6.96,0.0
12871.0,6.96,0.0
12871.0,6.96,0.0
12872.0,6.96,0.0
12872.0,6.96,0.0
12873.0,6.89,0.0
12874.0,6.89,0.0
12874.0,6.89,0.0
12875.0,6.89,0.0
12875.0,6.89,0.0
12876.0,6.89,0.0
12877.0,6.77,0.0
12877.0,6.77,0.0
12878.0,6.77,0.0
12878.0,6.77,0.0
12879.0,6.77,0.0
12879.0,6.68,0.0
12880.0,6.68,0.0
12881.0,6.68,0.0
12881.0,6.68,0.0
12882.0,6.68,0.0
12882.0,6.66,0.0
12883.0,6.66,0.0
12884.0,6.66,0.0
12884.0,6.66,0.0
12885.0,6.66,0.0
12885.0,6.66,0.0
12886.0,6.83,0.0
12887.0,6.84,0.0
12887.0,6.83,0.0
12888.0,6.84,0.0
12888.0,6.83,0.0
12889.0,6.91,0.0
12889.0,6.91,0.0
12890.0,6.91,0.0
12891.0,6.91,0.0
12891.0,6.91,0.0
12892.0,7.04,0.0
12892.0,7.04,0.0
12893.0,7.04,0.0
12894.0,7.04,0.0
12894.0,7.04,0.0
12895.0,7.04,0.0
12895.0,6.73,0.0
12896.0,6.73,0.0
12896.0,6.73,0.0
12897.0,6.73,0.0
12898.0,6.73,0.0
12898.0,6.53,0.0
12899.0,6.53,0.0
12899.0,6.53,0.0
12900.0,6.53,0.0
12901.0,6.53,0.0
12901.0,6.91,0.0
12902.0,6.91,0.0
12902.0,6.91,0.0
12903.0,6.91,0.0
12904.0,6.91,0.0
12904.0,7.17,0.0
12905.0,7.17,0.0
12905.0,7.17,0.0
12906.0,7.17,0.0
12907.0,7.17,0.0
12907.0,7.17,0.0
12908.0,7.14,0.0
12908.0,7.14,0.0
12909.0,7.14,0.0
12909.0,7.14,0.0
12910.0,7.14,0.0
12911.0,7.06,0.0
12911.0,7.07,0.0
12912.0,7.06,0.0
12912.0,7.07,0.0
12913.0,7.06,0.0
12914.0,6.78,0.0
12914.0,6.77,0.0
12915.0,6.78,0.0
12915.0,6.77,0.0
12916.0,6.78,0.0
12917.0,6.77,0.0
12917.0,6.64,0.0
12918.0,6.64,0.0
12918.0,6.64,0.0
12919.0,6.64,0.0
12919.0,6.64,0.0
12920.0,6.44,0.0
12921.0,6.45,0.0
12921.0,6.44,0.0
12922.0,6.45,0.0
12922.0,6.44,0.0
12923.0,6.83,0.0
12924.0,6.83,0.0
12924.0,6.83,0.0
12925.0,6.83,0.0
12925.0,6.83,0.0
12926.0,6.83,0.0
12926.0,7.08,0.0
12927.0,7.08,0.0
12928.0,7.08,0.0
12928.0,7.08,0.0
12929.0,7.08,0.0
12929.0,7.0,0.0
12930.0,7.01,0.0
12931.0,7.0,0.0
12931.0,7.01,0.0
12932.0,7.0,0.0
12932.0,6.91,0.0
12933.0,6.91,0.0
12934.0,6.91,0.0
12934.0,6.91,0.0
12935.0,6.91,0.0
12935.0,6.91,0.0
12936.0,6.82,0.0
12936.0,6.82,0.0
12937.0,6.82,0.0
12938.0,6.82,0.0
12938.0,6.82,0.0
12939.0,6.94,0.0
12939.0,6.94,0.0
12940.0,6.94,0.0
12941.0,6.94,0.0
12941.0,6.94,0.0
12942.0,7.04,0.0
12942.0,7.04,0.0
12943.0,7.04,0.0
12943.0,7.04,0.0
12944.0,7.04,0.0
12945.0,7.04,0.0
12945.0,7.06,0.0
12946.0,7.06,0.0
12946.0,7.06,0.0
12947.0,7.06,0.0
12948.0,7.06,0.0
12948.0,7.15,0.0
12949.0,7.16,0.0
12949.0,7.15,0.0
12950.0,7.16,0.0
12951.0,7.15,0.0
12951.0,6.84,0.0
12952.0,6.83,0.0
12952.0,6.84,0.0
12953.0,6.83,0.0
12953.0,6.84,0.0
12954.0,6.73,0.0
12955.0,6.73,0.0
12955.0,6.73,0.0
12956.0,6.73,0.0
12956.0,6.73,0.0
12957.0,6.73,0.0
12958.0,6.74,0.0
12958.0,6.74,0.0
12959.0,6.74,0.0
12959.0,6.74,0.0
12960.0,6.74,0.0
12960.0,6.72,0.0
12961.0,6.72,0.0
12962.0,6.72,0.0
12962.0,6.72,0.0
12963.0,6.72,0.0
12963.0,6.84,0.0
12964.0,6.84,0.0
12965.0,6.84,0.0
12965.0,6.84,0.0
12966.0,6.84,0.0
12966.0,6.84,0.0
12967.0,6.96,0.0
12968.0,6.96,0.0
12968.0,6.96,0.0
12969.0,6.96,0.0
12969.0,6.96,0.0
12970.0,6.93,0.0
12970.0,6.92,0.0
12971.0,6.93,0.0
12972.0,6.92,0.0
12972.0,6.93,0.0
12973.0,7.05,0.0
12973.0,7.05,0.0
12974.0,7.05,0.0
12975.0,7.05,0.0
12975.0,7.05,0.0
12976.0,7.05,0.0
12976.0,6.74,0.0
12977.0,6.74,0.0
12978.0,6.74,0.0
12978.0,6.74,0.0
12979.0,6.74,0.0
12979.0,6.57,0.0
12980.0,6.56,0.0
12980.0,6.57,0.0
12981.0,6.56,0.0
12982.0,6.57,0.0
12982.0,6.64,0.0
12983.0,6.64,0.0
12983.0,6.64,0.0
12984.0,6.64,0.0
12985.0,6.64,0.0
12985.0,6.64,0.0
12986.0,6.85,0.0
12986.0,6.85,0.0
12987.0,6.85,0.0
12987.0,6.85,0.0
12988.0,6.85,0.0
12989.0,7.19,0.0
12989.0,7.19,0.0
12990.0,7.19,0.0
12990.0,7.19,0.0
12991.0,7.19,0.0
12992.0,7.06,0.0
12992.0,7.06,0.0
12993.0,7.06,0.0
12993.0,7.06,0.0
12994.0,7.06,0.0
12994.0,7.06,0.0
12995.0,6.94,0.0
12996.0,6.95,0.0
12996.0,6.94,0.0
12997.0,6.95,0.0
12997.0,6.94,0.0
12998.0,6.61,0.0
12999.0,6.61,0.0
12999.0,6.61,0.0
13000.0,6.61,0.0
13000.0,6.61,0.0
13001.0,6.52,0.0
13002.0,6.52,0.0
13002.0,6.52,0.0
13003.0,6.52,0.0
13003.0,6.52,0.0
13004.0,6.52,0.0
13004.0,6.72,0.0
13005.0,6.72,0.0
13006.0,6.72,0.0
13006.0,6.72,0.0
13007.0,6.72,0.0
13008.0,6.95,0.0
13008.0,6.94,0.0
13009.0,6.95,0.0
13009.0,6.94,0.0
13010.0,6.95,0.0
13010.0,7.2,0.0
13011.0,7.2,0.0
13012.0,7.2,0.0
13012.0,7.2,0.0
13013.0,7.2,0.0
13013.0,6.95,0.0
13014.0,6.95,0.0
13015.0,6.95,0.0
13015.0,6.95,0.0
13016.0,6.95,0.0
13016.0,6.95,0.0
13017.0,6.61,0.0
13017.0,6.61,0.0
13018.0,6.61,0.0
13019.0,6.61,0.0
13019.0,6.61,0.0
13020.0,6.52,0.0
13020.0,6.53,0.0
13021.0,6.52,0.0
13022.0,6.53,0.0
13022.0,6.52,0.0
13023.0,6.94,0.0
13023.0,6.94,0.0
13024.0,6.94,0.0
13025.0,6.94,0.0
13025.0,6.94,0.0
13026.0,6.94,0.0
13026.0,7.3,0.0
13027.0,7.29,0.0
13027.0,7.3,0.0
13028.0,7.29,0.0
13029.0,7.3,0.0
13029.0,7.28,0.0
13030.0,7.28,0.0
13030.0,7.28,0.0
13031.0,7.28,0.0
13032.0,7.28,0.0
13032.0,6.97,0.0
13033.0,6.97,0.0
13033.0,6.97,0.0
13034.0,6.97,0.0
13034.0,6.97,0.0
13035.0,6.97,0.0
13036.0,6.69,0.0
13036.0,6.69,0.0
13037.0,6.69,0.0
13037.0,6.69,0.0
13038.0,6.69,0.0
13039.0,6.76,0.0
13039.0,6.76,0.0
13040.0,6.76,0.0
13040.0,6.76,0.0
13041.0,6.76,0.0
13042.0,6.97,0.0
13042.0,6.97,0.0
13043.0,6.97,0.0
13043.0,6.97,0.0
13044.0,6.97,0.0
13044.0,6.97,0.0
13045.0,7.14,0.0
13046.0,7.14,0.0
13046.0,7.14,0.0
13047.0,7.14,0.0
13047.0,7.14,0.0
13048.0,7.02,0.0
13049.0,7.03,0.0
13049.0,7.02,0.0
13050.0,7.03,0.0
13050.0,7.02,0.0
13051.0,7.03,0.0
13051.0,7.03,0.0
13052.0,7.03,0.0
13053.0,7.03,0.0
13053.0,7.03,0.0
13054.0,7.03,0.0
13054.0,6.91,0.0
13055.0,6.91,0.0
13056.0,6.91,0.0
13056.0,6.91,0.0
13057.0,6.91,0.0
13057.0,6.94,0.0
13058.0,6.94,0.0
13059.0,6.94,0.0
13059.0,6.94,0.0
13060.0,6.94,0.0
13060.0,6.74,0.0
13061.0,6.74,0.0
13061.0,6.74,0.0
13062.0,6.74,0.0
13063.0,6.74,0.0
13063.0,6.74,0.0
13064.0,6.8,0.0
13064.0,6.8,0.0
13065.0,6.8,0.0
13066.0,6.8,0.0
13066.0,6.8,0.0
13067.0,7.09,0.0
13067.0,7.09,0.0
13068.0,7.09,0.0
13068.0,7.09,0.0
13069.0,7.09,0.0
13070.0,7.17,0.0
13070.0,7.17,0.0
13071.0,7.17,0.0
13071.0,7.17,0.0
13072.0,7.17,0.0
13073.0,6.7,0.0
13073.0,6.7,0.0
13074.0,6.7,0.0
13074.0,6.7,0.0
13075.0,6.7,0.0
13076.0,6.7,0.0
13076.0,6.44,0.0
13077.0,6.45,0.0
13077.0,6.44,0.0
13078.0,6.45,0.0
13078.0,6.44,0.0
13079.0,6.45,0.0
13080.0,6.44,0.0
13080.0,6.45,0.0
13081.0,6.44,0.0
13081.0,6.45,0.0
13082.0,6.66,0.0
13083.0,6.66,0.0
13083.0,6.66,0.0
13084.0,6.66,0.0
13084.0,6.66,0.0
13085.0,6.66,0.0
13085.0,6.89,0.0
13086.0,6.89,0.0
13087.0,6.89,0.0
13087.0,6.89,0.0
13088.0,6.89,0.0
13088.0,7.16,0.0
13089.0,7.16,0.0
13090.0,7.16,0.0
13090.0,7.16,0.0
13091.0,7.16,0.0
13091.0,7.16,0.0
13092.0,7.16,0.0
13093.0,7.16,0.0
13093.0,7.16,0.0
13094.0,7.16,0.0
13094.0,7.16,0.0
13095.0,6.87,0.0
13095.0,6.87,0.0
13096.0,6.87,0.0
13097.0,6.87,0.0
13097.0,6.87,0.0
13098.0,6.73,0.0
13098.0,6.73,0.0
13099.0,6.73,0.0
13100.0,6.73,0.0
13100.0,6.73,0.0
13101.0,6.76,0.0
13101.0,6.76,0.0
13102.0,6.76,0.0
13102.0,6.76,0.0
13103.0,6.76,0.0
13104.0,6.76,0.0
13104.0,6.78,0.0
13105.0,6.78,0.0
13105.0,6.78,0.0
13106.0,6.78,0.0
13107.0,6.78,0.0
13107.0,7.19,0.0
13108.0,7.19,0.0
13108.0,7.19,0.0
13109.0,7.19,0.0
13110.0,7.19,0.0
13110.0,7.15,0.0
13111.0,7.16,0.0
13111.0,7.15,0.0
13112.0,7.16,0.0
13113.0,7.15,0.0
13113.0,6.83,0.0
13114.0,6.83,0.0
13114.0,6.83,0.0
13115.0,6.83,0.0
13115.0,6.83,0.0
13116.0,6.83,0.0
13117.0,6.62,0.0
13117.0,6.62,0.0
13118.0,6.62,0.0
13118.0,6.62,0.0
13119.0,6.62,0.0
13120.0,6.99,0.0
13120.0,6.99,0.0
13121.0,6.99,0.0
13121.0,6.99,0.0
13122.0,6.99,0.0
13123.0,7.13,0.0
13123.0,7.13,0.0
13124.0,7.13,0.0
13124.0,7.13,0.0
13125.0,7.13,0.0
13125.0,7.13,0.0
13126.0,7.15,0.0
13127.0,7.15,0.0
13127.0,7.15,0.0
13128.0,7.15,0.0
13128.0,7.15,0.0
13129.0,7.03,0.0
13130.0,7.03,0.0
13130.0,7.03,0.0
13131.0,7.03,0.0
13131.0,7.03,0.0
13132.0,6.61,0.0
13133.0,6.61,0.0
13133.0,6.61,0.0
13134.0,6.61,0.0
13134.0,6.61,0.0
13135.0,6.61,0.0
13135.0,6.77,0.0
13136.0,6.77,0.0
13137.0,6.77,0.0
13137.0,6.77,0.0
13138.0,6.77,0.0
13138.0,6.69,0.0
13139.0,6.69,0.0
13140.0,6.69,0.0
13140.0,6.69,0.0
13141.0,6.69,0.0
13141.0,6.66,0.0
13142.0,6.66,0.0
13142.0,6.66,0.0
13143.0,6.66,0.0
13144.0,6.66,0.0
13144.0,6.66,0.0
13145.0,7.01,0.0
13145.0,7.01,0.0
13146.0,7.01,0.0
13147.0,7.01,0.0
13147.0,7.01,0.0
13148.0,7.16,0.0
13148.0,7.16,0.0
13149.0,7.16,0.0
13150.0,7.16,0.0
13150.0,7.16,0.0
13151.0,7.1,0.0
13151.0,7.1,0.0
13152.0,7.1,0.0
13152.0,7.1,0.0
13153.0,7.1,0.0
13154.0,7.1,0.0
13154.0,7.05,0.0
13155.0,7.04,0.0
13155.0,7.05,0.0
13156.0,7.04,0.0
13157.0,7.05,0.0
13157.0,6.81,0.0
13158.0,6.81,0.0
13158.0,6.81,0.0
13159.0,6.81,0.0
13159.0,6.81,0.0
13160.0,6.73,0.0
13161.0,6.73,0.0
13161.0,6.73,0.0
13162.0,6.73,0.0
13162.0,6.73,0.0
13163.0,6.73,0.0
13164.0,6.73,0.0
13164.0,6.73,0.0
13165.0,6.73,0.0
13165.0,6.73,0.0
13166.0,6.73,0.0
13167.0,6.95,0.0
13167.0,6.95,0.0
13168.0,6.95,0.0
13168.0,6.95,0.0
13169.0,6.95,0.0
13169.0,7.23,0.0
13170.0,7.23,0.0
13171.0,7.23,0.0
13171.0,7.23,0.0
13172.0,7.23,0.0
13172.0,7.23,0.0
13173.0,6.95,0.0
13174.0,6.95,0.0
13174.0,6.95,0.0
13175.0,6.95,0.0
13175.0,6.95,0.0
13176.0,6.96,0.0
13176.0,6.97,0.0
13177.0,6.96,0.0
13178.0,6.97,0.0
13178.0,6.96,0.0
13179.0,6.65,0.0
13179.0,6.65,0.0
13180.0,6.65,0.0
13181.0,6.65,0.0
13181.0,6.65,0.0
13182.0,6.65,0.0
13182.0,6.49,0.0
13183.0,6.49,0.0
13184.0,6.49,0.0
13184.0,6.49,0.0
13185.0,6.49,0.0
13185.0,6.8,0.0
13186.0,6.8,0.0
13186.0,6.8,0.0
13187.0,6.8,0.0
13188.0,6.8,0.0
13188.0,6.76,0.0
13189.0,6.75,0.0
13189.0,6.76,0.0
13190.0,6.75,0.0
13191.0,6.76,0.0
13191.0,6.75,0.0
13192.0,6.76,0.0
13192.0,6.75,0.0
13193.0,6.76,0.0
13193.0,6.75,0.0
13194.0,6.76,0.0
13195.0,6.64,0.0
13195.0,6.64,0.0
13196.0,6.64,0.0
13196.0,6.64,0.0
13197.0,6.64,0.0
13198.0,6.51,0.0
13198.0,6.51,0.0
13199.0,6.51,0.0
13199.0,6.51,0.0
13200.0,6.51,0.0
13201.0,6.64,0.0
13201.0,6.64,0.0
13202.0,6.64,0.0
13202.0,6.64,0.0
13203.0,6.64,0.0
13203.0,6.64,0.0
13204.0,6.66,0.0
13205.0,6.66,0.0
13205.0,6.66,0.0
13206.0,6.66,0.0
13206.0,6.66,0.0
13207.0,6.93,0.0
13208.0,6.93,0.0
13208.0,6.93,0.0
13209.0,6.93,0.0
13209.0,6.93,0.0
13210.0,7.14,0.0
13211.0,7.14,0.0
13211.0,7.14,0.0
13212.0,7.14,0.0
13212.0,7.14,0.0
13213.0,7.14,0.0
13214.0,6.98,0.0
13214.0,6.98,0.0
13215.0,6.98,0.0
13215.0,6.98,0.0
13216.0,6.98,0.0
13216.0,6.78,0.0
13217.0,6.78,0.0
13218.0,6.78,0.0
13218.0,6.78,0.0
13219.0,6.78,0.0
13219.0,6.5,0.0
13220.0,6.51,0.0
13221.0,6.5,0.0
13221.0,6.51,0.0
13222.0,6.5,0.0
13222.0,6.51,0.0
13223.0,6.74,0.0
13223.0,6.74,0.0
13224.0,6.74,0.0
13225.0,6.74,0.0
13225.0,6.74,0.0
13226.0,7.17,0.0
13226.0,7.17,0.0
13227.0,7.17,0.0
13228.0,7.17,0.0
13228.0,7.17,0.0
13229.0,7.26,0.0
13229.0,7.26,0.0
13230.0,7.26,0.0
13231.0,7.26,0.0
13231.0,7.26,0.0
13232.0,7.09,0.0
13232.0,7.08,0.0
13233.0,7.09,0.0
13233.0,7.08,0.0
13234.0,7.09,0.0
13235.0,7.08,0.0
13235.0,6.6,0.0
13236.0,6.6,0.0
13236.0,6.6,0.0
13237.0,6.6,0.0
13238.0,6.6,0.0
13238.0,6.71,0.0
13239.0,6.72,0.0
13239.0,6.71,0.0
13240.0,6.72,0.0
13241.0,6.71,0.0
13241.0,6.96,0.0
13242.0,6.96,0.0
13242.0,6.96,0.0
13243.0,6.96,0.0
13243.0,6.96,0.0
13244.0,6.96,0.0
13245.0,6.94,0.0
13245.0,6.94,0.0
13246.0,6.94,0.0
13246.0,6.94,0.0
13247.0,6.94,0.0
13248.0,6.86,0.0
13248.0,6.86,0.0
13249.0,6.86,0.0
13249.0,6.86,0.0
13250.0,6.86,0.0
13250.0,6.72,0.0
13251.0,6.72,0.0
13252.0,6.72,0.0
13252.0,6.72,0.0
13253.0,6.72,0.0
13253.0,6.72,0.0
13254.0,6.68,0.0
13255.0,6.68,0.0
13255.0,6.68,0.0
13256.0,6.68,0.0
13256.0,6.68,0.0
13257.0,6.75,0.0
13257.0,6.75,0.0
13258.0,6.75,0.0
13259.0,6.75,0.0
13259.0,6.75,0.0
13260.0,6.76,0.0
13260.0,6.76,0.0
13261.0,6.76,0.0
13262.0,6.76,0.0
13262.0,6.76,0.0
13263.0,6.76,0.0
13263.0,6.95,0.0
13264.0,6.94,0.0
13265.0,6.95,0.0
13265.0,6.94,0.0
13266.0,6.95,0.0
13266.0,7.04,0.0
13267.0,7.04,0.0
13267.0,7.04,0.0
13268.0,7.04,0.0
13269.0,7.04,0.0
13269.0,7.28,0.0
13270.0,7.28,0.0
13270.0,7.28,0.0
13271.0,7.28,0.0
13272.0,7.28,0.0
13272.0,7.28,0.0
13273.0,7.09,0.0
13273.0,7.09,0.0
13274.0,7.09,0.0
13275.0,7.09,0.0
13275.0,7.09,0.0
13276.0,6.65,0.0
13276.0,6.65,0.0
13277.0,6.65,0.0
13277.0,6.65,0.0
13278.0,6.65,0.0
13279.0,6.87,0.0
13279.0,6.87,0.0
13280.0,6.87,0.0
13280.0,6.87,0.0
13281.0,6.87,0.0
13282.0,6.87,0.0
13282.0,6.88,0.0
13283.0,6.88,0.0
13283.0,6.88,0.0
13284.0,6.88,0.0
13284.0,6.88,0.0
13285.0,6.74,0.0
13286.0,6.74,0.0
13286.0,6.74,0.0
13287.0,6.74,0.0
13287.0,6.74,0.0
13288.0,6.87,0.0
13289.0,6.87,0.0
13289.0,6.87,0.0
13290.0,6.87,0.0
13290.0,6.87,0.0
13291.0,6.87,0.0
13292.0,7.18,0.0
13292.0,7.18,0.0
13293.0,7.18,0.0
13293.0,7.18,0.0
13294.0,7.18,0.0
13294.0,7.05,0.0
13295.0,7.05,0.0
13296.0,7.05,0.0
13296.0,7.05,0.0
13297.0,7.05,0.0
13297.0,6.78,0.0
13298.0,6.78,0.0
13299.0,6.78,0.0
13299.0,6.78,0.0
13300.0,6.78,0.0
13300.0,6.78,0.0
13301.0,6.45,0.0
13301.0,6.45,0.0
13302.0,6.45,0.0
13303.0,6.45,0.0
13303.0,6.45,0.0
13304.0,6.71,0.0
13304.0,6.71,0.0
13305.0,6.71,0.0
13306.0,6.71,0.0
13306.0,6.71,0.0
13307.0,7.17,0.0
13307.0,7.17,0.0
13308.0,7.17,0.0
13309.0,7.17,0.0
13309.0,7.17,0.0
13310.0,7.31,0.0
13310.0,7.31,0.0
13311.0,7.31,0.0
13312.0,7.31,0.0
13312.0,7.31,0.0
13313.0,7.31,0.0
13313.0,7.13,0.0
13314.0,7.14,0.0
13314.0,7.13,0.0
13315.0,7.14,0.0
13316.0,7.13,0.0
13316.0,6.8,0.0
13317.0,6.8,0.0
13317.0,6.8,0.0
13318.0,6.8,0.0
13319.0,6.8,0.0
13319.0,6.63,0.0
13320.0,6.64,0.0
13320.0,6.63,0.0
13321.0,6.64,0.0
13322.0,6.63,0.0
13322.0,6.64,0.0
13323.0,6.72,0.0
13323.0,6.72,0.0
13324.0,6.72,0.0
13324.0,6.72,0.0
13325.0,6.72,0.0
13326.0,7.12,0.0
13326.0,7.12,0.0
13327.0,7.12,0.0
13327.0,7.12,0.0
13328.0,7.12,0.0
13329.0,7.32,0.0
13329.0,7.32,0.0
13330.0,7.32,0.0
13330.0,7.32,0.0
13331.0,7.32,0.0
13331.0,7.32,0.0
13332.0,6.85,0.0
13333.0,6.85,0.0
13333.0,6.85,0.0
13334.0,6.85,0.0
13334.0,6.85,0.0
13335.0,6.72,0.0
13336.0,6.71,0.0
13336.0,6.72,0.0
13337.0,6.71,0.0
13337.0,6.72,0.0
13338.0,6.76,0.0
13339.0,6.76,0.0
13339.0,6.76,0.0
13340.0,6.76,0.0
13340.0,6.76,0.0
13341.0,6.76,0.0
13341.0,6.88,0.0
13342.0,6.88,0.0
13343.0,6.88,0.0
13343.0,6.88,0.0
13344.0,6.88,0.0
13344.0,6.95,0.0
13345.0,6.95,0.0
13346.0,6.95,0.0
13346.0,6.95,0.0
13347.0,6.95,0.0
13347.0,7.17,0.0
13348.0,7.18,0.0
13348.0,7.17,0.0
13349.0,7.18,0.0
13350.0,7.17,0.0
13350.0,6.99,0.0
13351.0,6.99,0.0
13351.0,6.99,0.0
13352.0,6.99,0.0
13353.0,6.99,0.0
13353.0,6.99,0.0
13354.0,6.77,0.0
13354.0,6.77,0.0
13355.0,6.77,0.0
13356.0,6.77,0.0
13356.0,6.77,0.0
13357.0,6.83,0.0
13357.0,6.84,0.0
13358.0,6.83,0.0
13358.0,6.84,0.0
13359.0,6.83,0.0
13360.0,6.73,0.0
13360.0,6.73,0.0
13361.0,6.73,0.0
13361.0,6.73,0.0
13362.0,6.73,0.0
13363.0,6.73,0.0
13363.0,6.69,0.0
13364.0,6.69,0.0
13364.0,6.69,0.0
13365.0,6.69,0.0
13365.0,6.69,0.0
13366.0,7.09,0.0
13367.0,7.09,0.0
13367.0,7.09,0.0
13368.0,7.09,0.0
13368.0,7.09,0.0
13369.0,7.14,0.0
13370.0,7.14,0.0
13370.0,7.14,0.0
13371.0,7.14,0.0
13371.0,7.14,0.0
13372.0,7.14,0.0
13373.0,7.07,0.0
13373.0,7.07,0.0
13374.0,7.07,0.0
13374.0,7.07,0.0
13375.0,7.07,0.0
13375.0,6.8,0.0
13376.0,6.8,0.0
13377.0,6.8,0.0
13377.0,6.8,0.0
13378.0,6.8,0.0
13378.0,6.64,0.0
13379.0,6.64,0.0
13380.0,6.64,0.0
13380.0,6.64,0.0
13381.0,6.64,0.0
13381.0,6.64,0.0
13382.0,6.74,0.0
13383.0,6.74,0.0
13383.0,6.74,0.0
13384.0,6.74,0.0
13384.0,6.74,0.0
13385.0,6.99,0.0
13385.0,6.99,0.0
13386.0,6.99,0.0
13387.0,6.99,0.0
13387.0,6.99,0.0
13388.0,7.36,0.0
13388.0,7.36,0.0
13389.0,7.36,0.0
13390.0,7.36,0.0
13390.0,7.36,0.0
13391.0,7.36,0.0
13391.0,6.99,0.0
13392.0,6.99,0.0
13392.0,6.99,0.0
13393.0,6.99,0.0
13394.0,6.99,0.0
13394.0,6.57,0.0
13395.0,6.57,0.0
13395.0,6.57,0.0
13396.0,6.57,0.0
13397.0,6.57,0.0
13397.0,6.41,0.0
13398.0,6.41,0.0
13398.0,6.41,0.0
13399.0,6.41,0.0
13399.0,6.41,0.0
13400.0,6.41,0.0
13401.0,6.57,0.0
13401.0,6.56,0.0
13402.0,6.57,0.0
13402.0,6.56,0.0
13403.0,6.57,0.0
13404.0,6.77,0.0
13404.0,6.77,0.0
13405.0,6.77,0.0
13405.0,6.77,0.0
13406.0,6.77,0.0
13407.0,6.93,0.0
13407.0,6.93,0.0
13408.0,6.93,0.0
13408.0,6.93,0.0
13409.0,6.93,0.0
13409.0,6.93,0.0
13410.0,6.89,0.0
13411.0,6.89,0.0
13411.0,6.89,0.0
13412.0,6.89,0.0
13412.0,6.89,0.0
13413.0,6.68,0.0
13414.0,6.68,0.0
13414.0,6.68,0.0
13415.0,6.68,0.0
13415.0,6.68,0.0
13416.0,6.56,0.0
13417.0,6.56,0.0
13417.0,6.56,0.0
13418.0,6.56,0.0
13418.0,6.56,0.0
13419.0,6.56,0.0
13420.0,6.57,0.0
13420.0,6.56,0.0
13421.0,6.57,0.0
13421.0,6.56,0.0
13422.0,6.57,0.0
13422.0,6.57,0.0
13423.0,6.57,0.0
13424.0,6.57,0.0
13424.0,6.57,0.0
13425.0,6.57,0.0
13425.0,6.86,0.0
13426.0,6.86,0.0
13427.0,6.86,0.0
13427.0,6.86,0.0
13428.0,6.86,0.0
13428.0,6.86,0.0
13429.0,6.86,0.0
13430.0,6.86,0.0
13430.0,6.86,0.0
13431.0,6.86,0.0
13431.0,6.86,0.0
13432.0,6.91,0.0
13432.0,6.91,0.0
13433.0,6.91,0.0
13434.0,6.91,0.0
13434.0,6.91,0.0
13435.0,6.82,0.0
13435.0,6.82,0.0
13436.0,6.82,0.0
13437.0,6.82,0.0
13437.0,6.82,0.0
13438.0,6.55,0.0
13438.0,6.55,0.0
13439.0,6.55,0.0
13439.0,6.55,0.0
13440.0,6.55,0.0
13441.0,6.55,0.0
13441.0,6.74,0.0
13442.0,6.74,0.0
13442.0,6.74,0.0
13443.0,6.74,0.0
13444.0,6.74,0.0
13444.0,6.83,0.0
13445.0,6.83,0.0
13445.0,6.83,0.0
13446.0,6.83,0.0
13447.0,6.83,0.0
13447.0,7.19,0.0
13448.0,7.19,0.0
13448.0,7.19,0.0
13449.0,7.19,0.0
13449.0,7.19,0.0
13450.0,7.19,0.0
13451.0,7.18,0.0
13451.0,7.18,0.0
13452.0,7.18,0.0
13452.0,7.18,0.0
13453.0,7.18,0.0
13454.0,6.81,0.0
13454.0,6.81,0.0
13455.0,6.81,0.0
13455.0,6.81,0.0
13456.0,6.81,0.0
13456.0,6.61,0.0
13457.0,6.61,0.0
13458.0,6.61,0.0
13458.0,6.61,0.0
13459.0,6.61,0.0
13459.0,6.61,0.0
13460.0,6.69,0.0
13461.0,6.7,0.0
13461.0,6.69,0.0
13462.0,6.7,0.0
13462.0,6.69,0.0
13463.0,6.67,0.0
13464.0,6.67,0.0
13464.0,6.67,0.0
13465.0,6.67,0.0
13465.0,6.67,0.0
13466.0,6.79,0.0
13466.0,6.79,0.0
13467.0,6.79,0.0
13468.0,6.79,0.0
13468.0,6.79,0.0
13469.0,7.05,0.0
13469.0,7.05,0.0
13470.0,7.05,0.0
13471.0,7.05,0.0
13471.0,7.05,0.0
13472.0,7.05,0.0
13472.0,7.11,0.0
13473.0,7.11,0.0
13473.0,7.11,0.0
13474.0,7.11,0.0
13475.0,7.11,0.0
13475.0,6.94,0.0
13476.0,6.94,0.0
13476.0,6.94,0.0
13477.0,6.94,0.0
13478.0,6.94,0.0
13478.0,6.71,0.0
13479.0,6.71,0.0
13479.0,6.71,0.0
13480.0,6.71,0.0
13481.0,6.71,0.0
13481.0,6.71,0.0
13482.0,6.72,0.0
13482.0,6.72,0.0
13483.0,6.72,0.0
13483.0,6.72,0.0
13484.0,6.72,0.0
13485.0,6.97,0.0
13485.0,6.97,0.0
13486.0,6.97,0.0
13486.0,6.97,0.0
13487.0,6.97,0.0
13488.0,7.08,0.0
13488.0,7.08,0.0
13489.0,7.08,0.0
13489.0,7.08,0.0
13490.0,7.08,0.0
13490.0,7.08,0.0
13491.0,7.06,0.0
13492.0,7.06,0.0
13492.0,7.06,0.0
13493.0,7.06,0.0
13493.0,7.06,0.0
13494.0,6.81,0.0
13495.0,6.82,0.0
13495.0,6.81,0.0
13496.0,6.82,0.0
13496.0,6.81,0.0
13497.0,6.57,0.0
13498.0,6.56,0.0
13498.0,6.57,0.0
13499.0,6.56,0.0
13499.0,6.57,0.0
13500.0,6.56,0.0
13500.0,6.64,0.0
13501.0,6.64,0.0
13502.0,6.64,0.0
13502.0,6.64,0.0
13503.0,6.64,0.0
13503.0,6.84,0.0
13504.0,6.84,0.0
13505.0,6.84,0.0
13505.0,6.84,0.0
13506.0,6.84,0.0
13506.0,7.3,0.0
13507.0,7.3,0.0
13507.0,7.3,0.0
13508.0,7.3,0.0
13509.0,7.3,0.0
13509.0,7.3,0.0
13510.0,7.43,0.0
13510.0,7.43,0.0
13511.0,7.43,0.0
13512.0,7.43,0.0
13512.0,7.43,0.0
13513.0,7.05,0.0
13513.0,7.05,0.0
13514.0,7.05,0.0
13515.0,7.05,0.0
13515.0,7.05,0.0
13516.0,6.67,0.0
13516.0,6.67,0.0
13517.0,6.67,0.0
13518.0,6.67,0.0
13518.0,6.67,0.0
13519.0,6.5,0.0
13519.0,6.51,0.0
13520.0,6.5,0.0
13520.0,6.51,0.0
13521.0,6.5,0.0
13522.0,6.51,0.0
13522.0,6.76,0.0
13523.0,6.76,0.0
13523.0,6.76,0.0
13524.0,6.76,0.0
13525.0,6.76,0.0
13525.0,7.0,0.0
13526.0,7.0,0.0
13526.0,7.0,0.0
13527.0,7.0,0.0
13528.0,7.0,0.0
13528.0,6.75,0.0
13529.0,6.75,0.0
13529.0,6.75,0.0
13530.0,6.75,0.0
13530.0,6.75,0.0
13531.0,6.75,0.0
13532.0,6.79,0.0
13532.0,6.8,0.0
13533.0,6.79,0.0
13533.0,6.8,0.0
13534.0,6.79,0.0
13535.0,6.7,0.0
13535.0,6.7,0.0
13536.0,6.7,0.0
13536.0,6.7,0.0
13537.0,6.7,0.0
13538.0,6.73,0.0
13538.0,6.73,0.0
13539.0,6.73,0.0
13539.0,6.73,0.0
13540.0,6.73,0.0
13540.0,6.73,0.0
13541.0,7.05,0.0
13542.0,7.05,0.0
13542.0,7.05,0.0
13543.0,7.05,0.0
13543.0,7.05,0.0
13544.0,7.09,0.0
13545.0,7.09,0.0
13545.0,7.09,0.0
13546.0,7.09,0.0
13546.0,7.09,0.0
13547.0,7.04,0.0
13547.0,7.05,0.0
13548.0,7.04,0.0
13549.0,7.05,0.0
13549.0,7.04,0.0
13550.0,7.05,0.0
13550.0,6.83,0.0
13551.0,6.84,0.0
13552.0,6.83,0.0
13552.0,6.84,0.0
13553.0,6.83,0.0
13553.0,6.91,0.0
13554.0,6.91,0.0
13554.0,6.91,0.0
13555.0,6.91,0.0
13556.0,6.91,0.0
13556.0,6.85,0.0
13557.0,6.85,0.0
13557.0,6.85,0.0
13558.0,6.85,0.0
13559.0,6.85,0.0
13559.0,6.85,0.0
13560.0,6.72,0.0
13560.0,6.72,0.0
13561.0,6.72,0.0
13562.0,6.72,0.0
13562.0,6.72,0.0
13563.0,6.96,0.0
13563.0,6.96,0.0
13564.0,6.96,0.0
13564.0,6.96,0.0
13565.0,6.96,0.0
13566.0,7.14,0.0
13566.0,7.14,0.0
13567.0,7.14,0.0
13567.0,7.14,0.0
13568.0,7.14,0.0
13569.0,7.14,0.0
13569.0,7.15,0.0
13570.0,7.15,0.0
13570.0,7.15,0.0
13571.0,7.15,0.0
13572.0,7.15,0.0
13572.0,7.12,0.0
13573.0,7.12,0.0
13573.0,7.12,0.0
13574.0,7.12,0.0
13574.0,7.12,0.0
13575.0,6.92,0.0
13576.0,6.92,0.0
13576.0,6.92,0.0
13577.0,6.92,0.0
13577.0,6.92,0.0
13578.0,6.92,0.0
13579.0,6.74,0.0
13579.0,6.74,0.0
13580.0,6.74,0.0
13580.0,6.74,0.0
13581.0,6.74,0.0
13581.0,6.56,0.0
13582.0,6.56,0.0
13583.0,6.56,0.0
13583.0,6.56,0.0
13584.0,6.56,0.0
13584.0,6.56,0.0
13585.0,6.57,0.0
13586.0,6.56,0.0
13586.0,6.57,0.0
13587.0,6.56,0.0
13587.0,7.09,0.0
13588.0,7.09,0.0
13589.0,7.09,0.0
13589.0,7.09,0.0
13590.0,7.09,0.0
13590.0,7.09,0.0
13591.0,7.3,0.0
13591.0,7.29,0.0
13592.0,7.3,0.0
13593.0,7.29,0.0
13593.0,7.3,0.0
13594.0,6.92,0.0
13594.0,6.92,0.0
13595.0,6.92,0.0
13596.0,6.92,0.0
13596.0,6.92,0.0
13597.0,7.0,0.0
13597.0,7.0,0.0
13598.0,7.0,0.0
13598.0,7.0,0.0
13599.0,7.0,0.0
13600.0,7.0,0.0
13600.0,7.01,0.0
13601.0,7.0,0.0
13601.0,7.01,0.0
13602.0,7.0,0.0
13603.0,7.01,0.0
13603.0,6.97,0.0
13604.0,6.97,0.0
13604.0,6.97,0.0
13605.0,6.97,0.0
13606.0,6.97,0.0
13606.0,7.05,0.0
13607.0,7.04,0.0
13607.0,7.05,0.0
13608.0,7.04,0.0
13608.0,7.05,0.0
13609.0,7.04,0.0
13610.0,7.03,0.0
13610.0,7.02,0.0
13611.0,7.03,0.0
13611.0,7.02,0.0
13612.0,7.03,0.0
13613.0,6.92,0.0
13613.0,6.92,0.0
13614.0,6.92,0.0
13614.0,6.92,0.0
13615.0,6.92,0.0
13616.0,6.45,0.0
13616.0,6.44,0.0
13617.0,6.45,0.0
13617.0,6.44,0.0
13618.0,6.45,0.0
13619.0,6.55,0.0
13619.0,6.55,0.0
13620.0,6.55,0.0
13620.0,6.55,0.0
13621.0,6.55,0.0
13621.0,6.55,0.0
13622.0,6.86,0.0
13623.0,6.86,0.0
13623.0,6.86,0.0
13624.0,6.86,0.0
13624.0,6.86,0.0
13625.0,7.05,0.0
13626.0,7.05,0.0
13626.0,7.05,0.0
13627.0,7.05,0.0
13627.0,7.05,0.0
13628.0,7.29,0.0
13628.0,7.3,0.0
13629.0,7.29,0.0
13630.0,7.3,0.0
13630.0,7.29,0.0
13631.0,7.3,0.0
13631.0,7.17,0.0
13632.0,7.18,0.0
13633.0,7.17,0.0
13633.0,7.18,0.0
13634.0,7.17,0.0
13634.0,6.62,0.0
13635.0,6.62,0.0
13636.0,6.62,0.0
13636.0,6.62,0.0
13637.0,6.62,0.0
13637.0,6.42,0.0
13638.0,6.43,0.0
13638.0,6.42,0.0
13639.0,6.43,0.0
13640.0,6.42,0.0
13640.0,6.43,0.0
13641.0,6.51,0.0
13641.0,6.51,0.0
13642.0,6.51,0.0
13643.0,6.51,0.0
13643.0,6.51,0.0
13644.0,6.72,0.0
13644.0,6.72,0.0
13645.0,6.72,0.0
13645.0,6.72,0.0
13646.0,6.72,0.0
13647.0,7.13,0.0
13647.0,7.13,0.0
13648.0,7.13,0.0
13648.0,7.13,0.0
13649.0,7.13,0.0
13650.0,7.13,0.0
13650.0,7.17,0.0
13651.0,7.17,0.0
13651.0,7.17,0.0
13652.0,7.17,0.0
13653.0,7.17,0.0
13653.0,7.01,0.0
13654.0,7.01,0.0
13654.0,7.01,0.0
13655.0,7.01,0.0
13655.0,7.01,0.0
13656.0,6.6,0.0
13657.0,6.6,0.0
13657.0,6.6,0.0
13658.0,6.6,0.0
13658.0,6.6,0.0
13659.0,6.6,0.0
13660.0,6.82,0.0
13660.0,6.82,0.0
13661.0,6.82,0.0
13661.0,6.82,0.0
13662.0,6.82,0.0
13662.0,7.03,0.0
13663.0,7.03,0.0
13664.0,7.03,0.0
13664.0,7.03,0.0
13665.0,7.03,0.0
13665.0,6.87,0.0
13666.0,6.87,0.0
13667.0,6.87,0.0
13667.0,6.87,0.0
13668.0,6.87,0.0
13668.0,6.87,0.0
13669.0,7.09,0.0
13670.0,7.09,0.0
13670.0,7.09,0.0
13671.0,7.09,0.0
13671.0,7.09,0.0
13672.0,6.84,0.0
13672.0,6.84,0.0
13673.0,6.84,0.0
13674.0,6.84,0.0
13674.0,6.84,0.0
13675.0,6.55,0.0
13675.0,6.55,0.0
13676.0,6.55,0.0
13677.0,6.55,0.0
13677.0,6.55,0.0
13678.0,6.55,0.0
13678.0,6.68,0.0
13679.0,6.68,0.0
13680.0,6.68,0.0
13680.0,6.68,0.0
13681.0,6.68,0.0
13681.0,6.81,0.0
13682.0,6.81,0.0
13682.0,6.81,0.0
13683.0,6.81,0.0
13684.0,6.81,0.0
13684.0,7.2,0.0
13685.0,7.2,0.0
13685.0,7.2,0.0
13686.0,7.2,0.0
13687.0,7.2,0.0
13687.0,7.2,0.0
13688.0,7.22,0.0
13688.0,7.22,0.0
13689.0,7.22,0.0
13689.0,7.22,0.0
13690.0,7.22,0.0
13691.0,6.8,0.0
13691.0,6.79,0.0
13692.0,6.8,0.0
13692.0,6.79,0.0
13693.0,6.8,0.0
13694.0,6.65,0.0
13694.0,6.66,0.0
13695.0,6.65,0.0
13695.0,6.66,0.0
13696.0,6.65,0.0
13696.0,6.66,0.0
13697.0,6.78,0.0
13698.0,6.78,0.0
13698.0,6.78,0.0
13699.0,6.78,0.0
13699.0,6.78,0.0
13700.0,6.86,0.0
13701.0,6.86,0.0
13701.0,6.86,0.0
13702.0,6.86,0.0
13702.0,6.86,0.0
13703.0,6.72,0.0
13704.0,6.72,0.0
13704.0,6.72,0.0
13705.0,6.72,0.0
13705.0,6.72,0.0
13706.0,6.72,0.0
13706.0,7.01,0.0
13707.0,7.01,0.0
13708.0,7.01,0.0
13708.0,7.01,0.0
13709.0,7.01,0.0
13709.0,7.01,0.0
13710.0,7.01,0.0
13711.0,7.01,0.0
13711.0,7.01,0.0
13712.0,7.01,0.0
13712.0,6.81,0.0
13713.0,6.82,0.0
13714.0,6.81,0.0
13714.0,6.82,0.0
13715.0,6.81,0.0
13715.0,6.76,0.0
13716.0,6.76,0.0
13717.0,6.76,0.0
13717.0,6.76,0.0
13718.0,6.76,0.0
13718.0,6.76,0.0
13719.0,6.92,0.0
13719.0,6.92,0.0
13720.0,6.92,0.0
13721.0,6.92,0.0
13721.0,6.92,0.0
13722.0,6.94,0.0
13722.0,6.95,0.0
13723.0,6.94,0.0
13724.0,6.95,0.0
13724.0,6.94,0.0
13725.0,6.96,0.0
13725.0,6.96,0.0
13726.0,6.96,0.0
13727.0,6.96,0.0
13727.0,6.96,0.0
13728.0,6.96,0.0
13728.0,6.97,0.0
13729.0,6.97,0.0
13729.0,6.97,0.0
13730.0,6.97,0.0
13731.0,6.97,0.0
13731.0,6.8,0.0
13732.0,6.8,0.0
13732.0,6.8,0.0
13733.0,6.8,0.0
13734.0,6.8,0.0
13734.0,6.68,0.0
13735.0,6.68,0.0
13735.0,6.68,0.0
13736.0,6.68,0.0
13736.0,6.68,0.0
13737.0,6.68,0.0
13738.0,6.47,0.0
13738.0,6.46,0.0
13739.0,6.47,0.0
13739.0,6.46,0.0
13740.0,6.47,0.0
13741.0,6.67,0.0
13741.0,6.67,0.0
13742.0,6.67,0.0
13742.0,6.67,0.0
13743.0,6.67,0.0
13744.0,6.86,0.0
13744.0,6.86,0.0
13745.0,6.86,0.0
13745.0,6.86,0.0
13746.0,6.86,0.0
13746.0,6.83,0.0
13747.0,6.83,0.0
13748.0,6.83,0.0
13748.0,6.83,0.0
13749.0,6.83,0.0
13749.0,6.83,0.0
13750.0,6.96,0.0
13751.0,6.96,0.0
13751.0,6.96,0.0
13752.0,6.96,0.0
13752.0,6.96,0.0
13753.0,6.9,0.0
13753.0,6.9,0.0
13754.0,6.9,0.0
13755.0,6.9,0.0
13755.0,6.9,0.0
13756.0,6.68,0.0
13756.0,6.68,0.0
13757.0,6.68,0.0
13758.0,6.68,0.0
13758.0,6.68,0.0
13759.0,6.68,0.0
13759.0,6.76,0.0
13760.0,6.76,0.0
13761.0,6.76,0.0
13761.0,6.76,0.0
13762.0,6.76,0.0
13762.0,6.84,0.0
13763.0,6.84,0.0
13763.0,6.84,0.0
13764.0,6.84,0.0
13765.0,6.84,0.0
13765.0,6.97,0.0
13766.0,6.97,0.0
13766.0,6.97,0.0
13767.0,6.97,0.0
13768.0,6.97,0.0
13768.0,6.97,0.0
13769.0,7.29,0.0
13769.0,7.3,0.0
13770.0,7.29,0.0
13770.0,7.3,0.0
13771.0,7.29,0.0
13772.0,7.2,0.0
13772.0,7.2,0.0
13773.0,7.2,0.0
13773.0,7.2,0.0
13774.0,7.2,0.0
13775.0,6.98,0.0
13775.0,6.98,0.0
13776.0,6.98,0.0
13776.0,6.98,0.0
13777.0,6.98,0.0
13778.0,6.98,0.0
13778.0,6.88,0.0
13779.0,6.88,0.0
13779.0,6.88,0.0
13780.0,6.88,0.0
13780.0,6.88,0.0
13781.0,6.79,0.0
13782.0,6.79,0.0
13782.0,6.79,0.0
13783.0,6.79,0.0
13783.0,6.79,0.0
13784.0,7.3,0.0
13785.0,7.3,0.0
13785.0,7.3,0.0
13786.0,7.3,0.0
13786.0,7.3,0.0
13787.0,7.3,0.0
13787.0,7.15,0.0
13788.0,7.16,0.0
13789.0,7.15,0.0
13789.0,7.16,0.0
13790.0,7.15,0.0
13790.0,7.05,0.0
13791.0,7.05,0.0
13792.0,7.05,0.0
13792.0,7.05,0.0
13793.0,7.05,0.0
13793.0,6.85,0.0
13794.0,6.85,0.0
13795.0,6.85,0.0
13795.0,6.85,0.0
13796.0,6.85,0.0
13796.0,6.85,0.0
13797.0,6.66,0.0
13797.0,6.66,0.0
13798.0,6.66,0.0
13799.0,6.66,0.0
13799.0,6.66,0.0
13800.0,6.53,0.0
13800.0,6.52,0.0
13801.0,6.53,0.0
13802.0,6.52,0.0
13802.0,6.53,0.0
13803.0,6.72,0.0
13803.0,6.72,0.0
13804.0,6.72,0.0
13804.0,6.72,0.0
13805.0,6.72,0.0
13806.0,6.72,0.0
13806.0,7.11,0.0
13807.0,7.11,0.0
13807.0,7.11,0.0
13808.0,7.11,0.0
13809.0,7.11,0.0
13809.0,7.22,0.0
13810.0,7.22,0.0
13810.0,7.22,0.0
13811.0,7.22,0.0
13812.0,7.22,0.0
13812.0,7.01,0.0
13813.0,7.01,0.0
13813.0,7.01,0.0
13814.0,7.01,0.0
13814.0,7.01,0.0
13815.0,7.01,0.0
13816.0,6.75,0.0
13816.0,6.76,0.0
13817.0,6.75,0.0
13817.0,6.76,0.0
13818.0,6.75,0.0
13819.0,6.66,0.0
13819.0,6.66,0.0
13820.0,6.66,0.0
13820.0,6.66,0.0
13821.0,6.66,0.0
13822.0,6.81,0.0
13822.0,6.81,0.0
13823.0,6.81,0.0
13823.0,6.81,0.0
13824.0,6.81,0.0
13825.0,7.3,0.0
13825.0,7.29,0.0
13826.0,7.3,0.0
13826.0,7.29,0.0
13827.0,7.3,0.0
13827.0,7.29,0.0
13828.0,7.14,0.0
13829.0,7.14,0.0
13829.0,7.14,0.0
13830.0,7.14,0.0
13830.0,7.14,0.0
13831.0,6.99,0.0
13832.0,6.99,0.0
13832.0,6.99,0.0
13833.0,6.99,0.0
13833.0,6.99,0.0
13834.0,6.88,0.0
13835.0,6.88,0.0
13835.0,6.88,0.0
13836.0,6.88,0.0
13836.0,6.88,0.0
13837.0,6.88,0.0
13837.0,6.5,0.0
13838.0,6.5,0.0
13839.0,6.5,0.0
13839.0,6.5,0.0
13840.0,6.5,0.0
13840.0,6.8,0.0
13841.0,6.8,0.0
13842.0,6.8,0.0
13842.0,6.8,0.0
13843.0,6.8,0.0
13843.0,6.97,0.0
13844.0,6.96,0.0
13844.0,6.97,0.0
13845.0,6.96,0.0
13846.0,6.97,0.0
13846.0,6.96,0.0
13847.0,7.05,0.0
13847.0,7.05,0.0
13848.0,7.05,0.0
13849.0,7.05,0.0
13849.0,7.05,0.0
13850.0,6.94,0.0
13850.0,6.94,0.0
13851.0,6.94,0.0
13852.0,6.94,0.0
13852.0,6.94,0.0
13853.0,6.84,0.0
13853.0,6.84,0.0
13854.0,6.84,0.0
13854.0,6.84,0.0
13855.0,6.84,0.0
13856.0,6.84,0.0
13856.0,6.7,0.0
13857.0,6.7,0.0
13857.0,6.7,0.0
13858.0,6.7,0.0
13859.0,6.7,0.0
13859.0,6.7,0.0
13860.0,6.7,0.0
13860.0,6.7,0.0
13861.0,6.7,0.0
13861.0,6.7,0.0
13862.0,6.95,0.0
13863.0,6.95,0.0
13863.0,6.95,0.0
13864.0,6.95,0.0
13864.0,6.95,0.0
13865.0,7.08,0.0
13866.0,7.08,0.0
13866.0,7.08,0.0
13867.0,7.08,0.0
13867.0,7.08,0.0
13868.0,7.08,0.0
13869.0,6.96,0.0
13869.0,6.96,0.0
13870.0,6.96,0.0
13870.0,6.96,0.0
13871.0,6.96,0.0
13871.0,6.97,0.0
13872.0,6.97,0.0
13873.0,6.97,0.0
13873.0,6.97,0.0
13874.0,6.97,0.0
13874.0,6.71,0.0
13875.0,6.72,0.0
13876.0,6.71,0.0
13876.0,6.72,0.0
13877.0,6.71,0.0
13877.0,6.72,0.0
13878.0,6.58,0.0
13878.0,6.59,0.0
13879.0,6.58,0.0
13880.0,6.59,0.0
13880.0,6.58,0.0
13881.0,6.77,0.0
13881.0,6.77,0.0
13882.0,6.77,0.0
13883.0,6.77,0.0
13883.0,6.77,0.0
13884.0,6.72,0.0
13884.0,6.72,0.0
13885.0,6.72,0.0
13886.0,6.72,0.0
13886.0,6.72,0.0
13887.0,6.72,0.0
13887.0,6.82,0.0
13888.0,6.82,0.0
13888.0,6.82,0.0
13889.0,6.82,0.0
13890.0,6.82,0.0
13890.0,7.18,0.0
13891.0,7.17,0.0
13891.0,7.18,0.0
13892.0,7.17,0.0
13893.0,7.18,0.0
13893.0,6.98,0.0
13894.0,6.98,0.0
13894.0,6.98,0.0
13895.0,6.98,0.0
13895.0,6.98,0.0
13896.0,6.98,0.0
13897.0,6.79,0.0
13897.0,6.79,0.0
13898.0,6.79,0.0
13898.0,6.79,0.0
13899.0,6.79,0.0
13900.0,6.68,0.0
13900.0,6.68,0.0
13901.0,6.68,0.0
13901.0,6.68,0.0
13902.0,6.68,0.0
13903.0,6.79,0.0
13903.0,6.79,0.0
13904.0,6.79,0.0
13904.0,6.79,0.0
13905.0,6.79,0.0
13905.0,6.79,0.0
13906.0,7.15,0.0
13907.0,7.16,0.0
13907.0,7.15,0.0
13908.0,7.16,0.0
13908.0,7.15,0.0
13909.0,7.29,0.0
13910.0,7.29,0.0
13910.0,7.29,0.0
13911.0,7.29,0.0
13911.0,7.29,0.0
13912.0,7.15,0.0
13912.0,7.15,0.0
13913.0,7.15,0.0
13914.0,7.15,0.0
13914.0,7.15,0.0
13915.0,7.15,0.0
13915.0,6.93,0.0
13916.0,6.93,0.0
13917.0,6.93,0.0
13917.0,6.93,0.0
13918.0,6.93,0.0
13918.0,6.71,0.0
13919.0,6.71,0.0
13920.0,6.71,0.0
13920.0,6.71,0.0
13921.0,6.71,0.0
13921.0,6.76,0.0
13922.0,6.76,0.0
13923.0,6.76,0.0
13923.0,6.76,0.0
13924.0,6.76,0.0
13924.0,6.98,0.0
13925.0,6.98,0.0
13925.0,6.98,0.0
13926.0,6.98,0.0
13927.0,6.98,0.0
13927.0,6.98,0.0
13928.0,6.97,0.0
13928.0,6.97,0.0
13929.0,6.97,0.0
13930.0,6.97,0.0
13930.0,6.97,0.0
13931.0,7.07,0.0
13931.0,7.07,0.0
13932.0,7.07,0.0
13933.0,7.07,0.0
13933.0,7.07,0.0
13934.0,6.91,0.0
13934.0,6.9,0.0
13935.0,6.91,0.0
13935.0,6.9,0.0
13936.0,6.91,0.0
13937.0,6.9,0.0
13937.0,6.7,0.0
13938.0,6.7,0.0
13938.0,6.7,0.0
13939.0,6.7,0.0
13940.0,6.7,0.0
13940.0,6.75,0.0
13941.0,6.75,0.0
13941.0,6.75,0.0
13942.0,6.75,0.0
13943.0,6.75,0.0
13943.0,6.94,0.0
13944.0,6.94,0.0
13944.0,6.94,0.0
13945.0,6.94,0.0
13945.0,6.94,0.0
13946.0,6.94,0.0
13947.0,7.22,0.0
13947.0,7.22,0.0
13948.0,7.22,0.0
13948.0,7.22,0.0
13949.0,7.22,0.0
13950.0,6.98,0.0
13950.0,6.98,0.0
13951.0,6.98,0.0
13951.0,6.98,0.0
13952.0,6.98,0.0
13952.0,6.76,0.0
13953.0,6.76,0.0
13954.0,6.76,0.0
13954.0,6.76,0.0
13955.0,6.76,0.0
13955.0,6.76,0.0
13956.0,6.53,0.0
13957.0,6.53,0.0
13957.0,6.53,0.0
13958.0,6.53,0.0
13958.0,6.53,0.0
13959.0,6.65,0.0
13959.0,6.65,0.0
13960.0,6.65,0.0
13961.0,6.65,0.0
13961.0,6.65,0.0
13962.0,7.03,0.0
13962.0,7.02,0.0
13963.0,7.03,0.0
13964.0,7.02,0.0
13964.0,7.03,0.0
13965.0,7.02,0.0
13965.0,7.2,0.0
13966.0,7.2,0.0
13967.0,7.2,0.0
13967.0,7.2,0.0
13968.0,7.2,0.0
13968.0,7.1,0.0
13969.0,7.1,0.0
13969.0,7.1,0.0
13970.0,7.1,0.0
13971.0,7.1,0.0
13971.0,6.88,0.0
13972.0,6.88,0.0
13972.0,6.88,0.0
13973.0,6.88,0.0
13974.0,6.88,0.0
13974.0,6.88,0.0
13975.0,6.44,0.0
13975.0,6.44,0.0
13976.0,6.44,0.0
13977.0,6.44,0.0
13977.0,6.44,0.0
13978.0,6.5,0.0
13978.0,6.5,0.0
13979.0,6.5,0.0
13979.0,6.5,0.0
13980.0,6.5,0.0
13981.0,6.76,0.0
13981.0,6.76,0.0
13982.0,6.76,0.0
13982.0,6.76,0.0
13983.0,6.76,0.0
13984.0,6.76,0.0
13984.0,7.07,0.0
13985.0,7.07,0.0
13985.0,7.07,0.0
13986.0,7.07,0.0
13986.0,7.07,0.0
13987.0,7.06,0.0
13988.0,7.07,0.0
13988.0,7.06,0.0
13989.0,7.07,0.0
13989.0,7.06,0.0
13990.0,6.86,0.0
13991.0,6.86,0.0
13991.0,6.86,0.0
13992.0,6.86,0.0
13992.0,6.86,0.0
13993.0,6.79,0.0
13993.0,6.8,0.0
13994.0,6.79,0.0
13995.0,6.8,0.0
13995.0,6.79,0.0
13996.0,6.8,0.0
13996.0,6.72,0.0
13997.0,6.72,0.0
13998.0,6.72,0.0
13998.0,6.72,0.0
13999.0,6.72,0.0
13999.0,6.8,0.0
14000.0,6.79,0.0
14001.0,6.8,0.0
14001.0,6.79,0.0
14002.0,6.8,0.0
14002.0,7.0,0.0
14003.0,7.0,0.0
14003.0,7.0,0.0
14004.0,7.0,0.0
14005.0,7.0,0.0
14005.0,7.0,0.0
14006.0,7.24,0.0
14006.0,7.24,0.0
14007.0,7.24,0.0
14008.0,7.24,0.0
14008.0,7.24,0.0
14009.0,7.07,0.0
14009.0,7.07,0.0
14010.0,7.07,0.0
14011.0,7.07,0.0
14011.0,7.07,0.0
14012.0,6.9,0.0
14012.0,6.91,0.0
14013.0,6.9,0.0
14013.0,6.91,0.0
14014.0,6.9,0.0
14015.0,6.91,0.0
14015.0,6.78,0.0
14016.0,6.78,0.0
14016.0,6.78,0.0
14017.0,6.78,0.0
14018.0,6.78,0.0
14018.0,6.87,0.0
14019.0,6.87,0.0
14019.0,6.87,0.0
14020.0,6.87,0.0
14021.0,6.87,0.0
14021.0,6.97,0.0
14022.0,6.97,0.0
14022.0,6.97,0.0
14023.0,6.97,0.0
14024.0,6.97,0.0
14024.0,6.97,0.0
14025.0,6.89,0.0
14025.0,6.89,0.0
14026.0,6.89,0.0
14026.0,6.89,0.0
14027.0,6.89,0.0
14028.0,6.81,0.0
14028.0,6.81,0.0
14029.0,6.81,0.0
14029.0,6.81,0.0
14030.0,6.81,0.0
14031.0,6.91,0.0
14031.0,6.91,0.0
14032.0,6.91,0.0
14032.0,6.91,0.0
14033.0,6.91,0.0
14033.0,6.74,0.0
14034.0,6.74,0.0
14035.0,6.74,0.0
14035.0,6.74,0.0
14036.0,6.74,0.0
14036.0,6.74,0.0
14037.0,6.8,0.0
14038.0,6.79,0.0
14038.0,6.8,0.0
14039.0,6.79,0.0
14039.0,6.8,0.0
14040.0,6.52,0.0
14041.0,6.52,0.0
14041.0,6.52,0.0
14042.0,6.52,0.0
14042.0,6.52,0.0
14043.0,6.84,0.0
14043.0,6.84,0.0
14044.0,6.84,0.0
14045.0,6.84,0.0
14045.0,6.84,0.0
14046.0,6.84,0.0
14046.0,7.03,0.0
14047.0,7.03,0.0
14048.0,7.03,0.0
14048.0,7.03,0.0
14049.0,7.03,0.0
14049.0,7.07,0.0
14050.0,7.07,0.0
14050.0,7.07,0.0
14051.0,7.07,0.0
14052.0,7.07,0.0
14052.0,7.04,0.0
14053.0,7.04,0.0
14053.0,7.04,0.0
14054.0,7.04,0.0
14055.0,7.04,0.0
14055.0,7.04,0.0
14056.0,6.71,0.0
14056.0,6.71,0.0
14057.0,6.71,0.0
14058.0,6.71,0.0
14058.0,6.71,0.0
14059.0,6.56,0.0
14059.0,6.56,0.0
14060.0,6.56,0.0
14060.0,6.56,0.0
14061.0,6.56,0.0
14062.0,6.58,0.0
14062.0,6.58,0.0
14063.0,6.58,0.0
14063.0,6.58,0.0
14064.0,6.58,0.0
14065.0,6.58,0.0
14065.0,6.78,0.0
14066.0,6.78,0.0
14066.0,6.78,0.0
14067.0,6.78,0.0
14067.0,6.78,0.0
14068.0,7.24,0.0
14069.0,7.24,0.0
14069.0,7.24,0.0
14070.0,7.24,0.0
14070.0,7.24,0.0
14071.0,7.11,0.0
14072.0,7.1,0.0
14072.0,7.11,0.0
14073.0,7.1,0.0
14073.0,7.11,0.0
14074.0,7.1,0.0
14075.0,6.87,0.0
14075.0,6.87,0.0
14076.0,6.87,0.0
14076.0,6.87,0.0
14077.0,6.87,0.0
14077.0,6.82,0.0
14078.0,6.82,0.0
14079.0,6.82,0.0
14079.0,6.82,0.0
14080.0,6.82,0.0
14080.0,6.65,0.0
14081.0,6.65,0.0
14082.0,6.65,0.0
14082.0,6.65,0.0
14083.0,6.65,0.0
14083.0,6.65,0.0
14084.0,6.8,0.0
14085.0,6.79,0.0
14085.0,6.8,0.0
14086.0,6.79,0.0
14086.0,6.8,0.0
14087.0,6.99,0.0
14087.0,6.99,0.0
14088.0,6.99,0.0
14089.0,6.99,0.0
14089.0,6.99,0.0
14090.0,7.22,0.0
14090.0,7.22,0.0
14091.0,7.22,0.0
14092.0,7.22,0.0
14092.0,7.22,0.0
14093.0,7.22,0.0
14093.0,7.17,0.0
14094.0,7.17,0.0
14094.0,7.17,0.0
14095.0,7.17,0.0
14096.0,7.17,0.0
14096.0,6.75,0.0
14097.0,6.75,0.0
14097.0,6.75,0.0
14098.0,6.75,0.0
14099.0,6.75,0.0
14099.0,6.74,0.0
14100.0,6.74,0.0
14100.0,6.74,0.0
14101.0,6.74,0.0
14101.0,6.74,0.0
14102.0,6.74,0.0
14103.0,6.93,0.0
14103.0,6.93,0.0
14104.0,6.93,0.0
14104.0,6.93,0.0
14105.0,6.93,0.0
14106.0,7.12,0.0
14106.0,7.12,0.0
14107.0,7.12,0.0
14107.0,7.12,0.0
14108.0,7.12,0.0
14109.0,7.05,0.0
14109.0,7.04,0.0
14110.0,7.05,0.0
14110.0,7.04,0.0
14111.0,7.05,0.0
14111.0,6.71,0.0
14112.0,6.71,0.0
14113.0,6.71,0.0
14113.0,6.71,0.0
14114.0,6.71,0.0
14114.0,6.71,0.0
14115.0,6.64,0.0
14116.0,6.64,0.0
14116.0,6.64,0.0
14117.0,6.64,0.0
14117.0,6.64,0.0
14118.0,6.75,0.0
14119.0,6.75,0.0
14119.0,6.75,0.0
14120.0,6.75,0.0
14120.0,6.75,0.0
14121.0,6.77,0.0
14122.0,6.77,0.0
14122.0,6.77,0.0
14123.0,6.77,0.0
14123.0,6.77,0.0
14124.0,6.77,0.0
14124.0,6.85,0.0
14125.0,6.86,0.0
14126.0,6.85,0.0
14126.0,6.86,0.0
14127.0,6.85,0.0
14127.0,6.76,0.0
14128.0,6.76,0.0
14129.0,6.76,0.0
14129.0,6.76,0.0
14130.0,6.76,0.0
14130.0,6.87,0.0
14131.0,6.87,0.0
14132.0,6.87,0.0
14132.0,6.87,0.0
14133.0,6.87,0.0
14133.0,6.87,0.0
14134.0,6.75,0.0
14134.0,6.75,0.0
14135.0,6.75,0.0
14136.0,6.75,0.0
14136.0,6.75,0.0
14137.0,6.82,0.0
14137.0,6.82,0.0
14138.0,6.82,0.0
14139.0,6.82,0.0
14139.0,6.82,0.0
14140.0,6.96,0.0
14140.0,6.96,0.0
14141.0,6.96,0.0
14141.0,6.96,0.0
14142.0,6.96,0.0
14143.0,6.96,0.0
14143.0,7.02,0.0
14144.0,7.03,0.0
14144.0,7.02,0.0
14145.0,7.03,0.0
14146.0,7.02,0.0
14146.0,6.87,0.0
14147.0,6.87,0.0
14147.0,6.87,0.0
14148.0,6.87,0.0
14149.0,6.87,0.0
14149.0,6.92,0.0
14150.0,6.92,0.0
14150.0,6.92,0.0
14151.0,6.92,0.0
14151.0,6.92,0.0
14152.0,6.74,0.0
14153.0,6.74,0.0
14153.0,6.74,0.0
14154.0,6.74,0.0
14154.0,6.74,0.0
14155.0,6.74,0.0
14156.0,6.74,0.0
14156.0,6.74,0.0
14157.0,6.74,0.0
14157.0,6.74,0.0
14158.0,6.74,0.0
14158.0,6.72,0.0
14159.0,6.72,0.0
14160.0,6.72,0.0
14160.0,6.72,0.0
14161.0,6.72,0.0
14161.0,6.76,0.0
14162.0,6.76,0.0
14163.0,6.76,0.0
14163.0,6.76,0.0
14164.0,6.76,0.0
14164.0,6.76,0.0
14165.0,6.93,0.0
14166.0,6.93,0.0
14166.0,6.93,0.0
14167.0,6.93,0.0
14167.0,6.93,0.0
14168.0,7.04,0.0
14168.0,7.04,0.0
14169.0,7.04,0.0
14170.0,7.04,0.0
14170.0,7.04,0.0
14171.0,7.2,0.0
14171.0,7.2,0.0
14172.0,7.2,0.0
14173.0,7.2,0.0
14173.0,7.2,0.0
14174.0,7.2,0.0
14174.0,6.84,0.0
14175.0,6.83,0.0
14175.0,6.84,0.0
14176.0,6.83,0.0
14177.0,6.84,0.0
14177.0,6.55,0.0
14178.0,6.55,0.0
14178.0,6.55,0.0
14179.0,6.55,0.0
14180.0,6.55,0.0
14180.0,6.74,0.0
14181.0,6.74,0.0
14181.0,6.74,0.0
14182.0,6.74,0.0
14183.0,6.74,0.0
14183.0,6.74,0.0
14184.0,6.95,0.0
14184.0,6.95,0.0
14185.0,6.95,0.0
14185.0,6.95,0.0
14186.0,6.95,0.0
14187.0,7.22,0.0
14187.0,7.22,0.0
14188.0,7.22,0.0
14188.0,7.22,0.0
14189.0,7.22,0.0
14190.0,7.12,0.0
14190.0,7.12,0.0
14191.0,7.12,0.0
14191.0,7.12,0.0
14192.0,7.12,0.0
14192.0,7.12,0.0
14193.0,6.93,0.0
14194.0,6.93,0.0
14194.0,6.93,0.0
14195.0,6.93,0.0
14195.0,6.93,0.0
14196.0,6.73,0.0
14197.0,6.74,0.0
14197.0,6.73,0.0
14198.0,6.74,0.0
14198.0,6.73,0.0
14199.0,6.67,0.0
14200.0,6.67,0.0
14200.0,6.67,0.0
14201.0,6.67,0.0
14201.0,6.67,0.0
14202.0,6.67,0.0
14202.0,6.77,0.0
14203.0,6.77,0.0
14204.0,6.77,0.0
14204.0,6.77,0.0
14205.0,6.77,0.0
14205.0,7.0,0.0
14206.0,7.0,0.0
14207.0,7.0,0.0
14207.0,7.0,0.0
14208.0,7.0,0.0
14208.0,6.95,0.0
14209.0,6.94,0.0
14209.0,6.95,0.0
14210.0,6.94,0.0
14211.0,6.95,0.0
14211.0,6.94,0.0
14212.0,6.99,0.0
14212.0,6.98,0.0
14213.0,6.99,0.0
14214.0,6.98,0.0
14214.0,6.99,0.0
14215.0,6.54,0.0
14215.0,6.54,0.0
14216.0,6.54,0.0
14217.0,6.54,0.0
14217.0,6.54,0.0
14218.0,6.35,0.0
14218.0,6.35,0.0
14219.0,6.35,0.0
14219.0,6.35,0.0
14220.0,6.35,0.0
14221.0,6.35,0.0
14221.0,6.69,0.0
14222.0,6.69,0.0
14222.0,6.69,0.0
14223.0,6.69,0.0
14224.0,6.69,0.0
14224.0,6.84,0.0
14225.0,6.84,0.0
14225.0,6.84,0.0
14226.0,6.84,0.0
14227.0,6.84,0.0
14227.0,7.18,0.0
14228.0,7.17,0.0
14228.0,7.18,0.0
14229.0,7.17,0.0
14230.0,7.18,0.0
14230.0,6.79,0.0
14231.0,6.79,0.0
14231.0,6.79,0.0
14232.0,6.79,0.0
14232.0,6.79,0.0
14233.0,6.79,0.0
14234.0,6.79,0.0
14234.0,6.79,0.0
14235.0,6.79,0.0
14235.0,6.79,0.0
14236.0,6.79,0.0
14237.0,6.82,0.0
14237.0,6.82,0.0
14238.0,6.82,0.0
14238.0,6.82,0.0
14239.0,6.82,0.0
14240.0,6.88,0.0
14240.0,6.89,0.0
14241.0,6.88,0.0
14241.0,6.89,0.0
14242.0,6.88,0.0
14242.0,6.89,0.0
14243.0,6.97,0.0
14244.0,6.97,0.0
14244.0,6.97,0.0
14245.0,6.97,0.0
14245.0,6.97,0.0
14246.0,6.89,0.0
14247.0,6.89,0.0
14247.0,6.89,0.0
14248.0,6.89,0.0
14248.0,6.89,0.0
14249.0,6.73,0.0
14249.0,6.73,0.0
14250.0,6.73,0.0
14251.0,6.73,0.0
14251.0,6.73,0.0
14252.0,6.73,0.0
14252.0,6.55,0.0
14253.0,6.55,0.0
14254.0,6.55,0.0
14254.0,6.55,0.0
14255.0,6.55,0.0
14255.0,6.57,0.0
14256.0,6.57,0.0
14256.0,6.57,0.0
14257.0,6.57,0.0
14258.0,6.57,0.0
14258.0,6.56,0.0
14259.0,6.57,0.0
14259.0,6.56,0.0
14260.0,6.57,0.0
14261.0,6.56,0.0
14261.0,6.57,0.0
14262.0,6.59,0.0
14262.0,6.59,0.0
14263.0,6.59,0.0
14264.0,6.59,0.0
14264.0,6.59,0.0
14265.0,6.88,0.0
14265.0,6.88,0.0
14266.0,6.88,0.0
14266.0,6.88,0.0
14267.0,6.88,0.0
14268.0,7.04,0.0
14268.0,7.04,0.0
14269.0,7.04,0.0
14269.0,7.04,0.0
14270.0,7.04,0.0
14271.0,6.93,0.0
14271.0,6.93,0.0
14272.0,6.93,0.0
14272.0,6.93,0.0
14273.0,6.93,0.0
14274.0,6.93,0.0
14274.0,6.92,0.0
14275.0,6.92,0.0
14275.0,6.92,0.0
14276.0,6.92,0.0
14276.0,6.92,0.0
14277.0,6.62,0.0
14278.0,6.62,0.0
14278.0,6.62,0.0
14279.0,6.62,0.0
14279.0,6.62,0.0
14280.0,6.59,0.0
14281.0,6.59,0.0
14281.0,6.59,0.0
14282.0,6.59,0.0
14282.0,6.59,0.0
14283.0,6.59,0.0
14283.0,6.93,0.0
14284.0,6.93,0.0
14285.0,6.93,0.0
14285.0,6.93,0.0
14286.0,6.93,0.0
14286.0,7.09,0.0
14287.0,7.09,0.0
14288.0,7.09,0.0
14288.0,7.09,0.0
14289.0,7.09,0.0
14289.0,7.12,0.0
14290.0,7.12,0.0
14291.0,7.12,0.0
14291.0,7.12,0.0
14292.0,7.12,0.0
14292.0,7.12,0.0
14293.0,6.91,0.0
14293.0,6.9,0.0
14294.0,6.91,0.0
14295.0,6.9,0.0
14295.0,6.91,0.0
14296.0,6.67,0.0
14296.0,6.67,0.0
14297.0,6.67,0.0
14298.0,6.67,0.0
14298.0,6.67,0.0
14299.0,6.79,0.0
14299.0,6.79,0.0
14300.0,6.79,0.0
14300.0,6.79,0.0
14301.0,6.79,0.0
14302.0,6.79,0.0
14302.0,6.92,0.0
14303.0,6.92,0.0
14303.0,6.92,0.0
14304.0,6.92,0.0
14305.0,6.92,0.0
14305.0,7.06,0.0
14306.0,7.07,0.0
14306.0,7.06,0.0
14307.0,7.07,0.0
14308.0,7.06,0.0
14308.0,7.07,0.0
14309.0,7.07,0.0
14309.0,7.07,0.0
14310.0,7.07,0.0
14310.0,7.07,0.0
14311.0,7.07,0.0
14312.0,7.09,0.0
14312.0,7.09,0.0
14313.0,7.09,0.0
14313.0,7.09,0.0
14314.0,7.09,0.0
14315.0,6.76,0.0
14315.0,6.76,0.0
14316.0,6.76,0.0
14316.0,6.76,0.0
14317.0,6.76,0.0
14317.0,6.81,0.0
14318.0,6.81,0.0
14319.0,6.81,0.0
14319.0,6.81,0.0
14320.0,6.81,0.0
14320.0,6.81,0.0
14321.0,6.96,0.0
14322.0,6.96,0.0
14322.0,6.96,0.0
14323.0,6.96,0.0
14323.0,6.96,0.0
14324.0,7.27,0.0
14325.0,7.28,0.0
14325.0,7.27,0.0
14326.0,7.28,0.0
14326.0,7.27,0.0
14327.0,7.15,0.0
14328.0,7.15,0.0
14328.0,7.15,0.0
14329.0,7.15,0.0
14329.0,7.15,0.0
14330.0,7.02,0.0
14330.0,7.02,0.0
14331.0,7.02,0.0
14332.0,7.02,0.0
14332.0,7.02,0.0
14333.0,7.02,0.0
14333.0,6.52,0.0
14334.0,6.53,0.0
14335.0,6.52,0.0
14335.0,6.53,0.0
14336.0,6.52,0.0
14336.0,6.68,0.0
14337.0,6.68,0.0
14338.0,6.68,0.0
14338.0,6.68,0.0
14339.0,6.68,0.0
14339.0,7.09,0.0
14340.0,7.09,0.0
14340.0,7.09,0.0
14341.0,7.09,0.0
14342.0,7.09,0.0
14342.0,7.09,0.0
14343.0,7.05,0.0
14343.0,7.05,0.0
14344.0,7.05,0.0
14345.0,7.05,0.0
14345.0,7.05,0.0
14346.0,6.99,0.0
14346.0,6.99,0.0
14347.0,6.99,0.0
14347.0,6.99,0.0
14348.0,6.99,0.0
14349.0,6.8,0.0
14349.0,6.8,0.0
14350.0,6.8,0.0
14350.0,6.8,0.0
14351.0,6.8,0.0
14352.0,6.8,0.0
14352.0,6.48,0.0
14353.0,6.49,0.0
14353.0,6.48,0.0
14354.0,6.49,0.0
14355.0,6.48,0.0
14355.0,6.67,0.0
14356.0,6.67,0.0
14356.0,6.67,0.0
14357.0,6.67,0.0
14357.0,6.67,0.0
14358.0,6.77,0.0
14359.0,6.78,0.0
14359.0,6.77,0.0
14360.0,6.78,0.0
14360.0,6.77,0.0
14361.0,6.78,0.0
14362.0,6.73,0.0
14362.0,6.73,0.0
14363.0,6.73,0.0
14363.0,6.73,0.0
14364.0,6.73,0.0
14364.0,6.87,0.0
14365.0,6.87,0.0
14366.0,6.87,0.0
14366.0,6.87,0.0
14367.0,6.87,0.0
14367.0,6.84,0.0
14368.0,6.84,0.0
14369.0,6.84,0.0
14369.0,6.84,0.0
14370.0,6.84,0.0
14370.0,6.84,0.0
14371.0,6.93,0.0
14372.0,6.93,0.0
14372.0,6.93,0.0
14373.0,6.93,0.0
14373.0,6.93,0.0
14374.0,6.98,0.0
14374.0,6.98,0.0
14375.0,6.98,0.0
14376.0,6.98,0.0
14376.0,6.98,0.0
14377.0,6.87,0.0
14377.0,6.87,0.0
14378.0,6.87,0.0
14379.0,6.87,0.0
14379.0,6.87,0.0
14380.0,6.87,0.0
14380.0,6.85,0.0
14381.0,6.85,0.0
14382.0,6.85,0.0
14382.0,6.85,0.0
14383.0,6.85,0.0
14383.0,6.7,0.0
14384.0,6.7,0.0
14384.0,6.7,0.0
14385.0,6.7,0.0
14386.0,6.7,0.0
14386.0,7.03,0.0
14387.0,7.03,0.0
14387.0,7.03,0.0
14388.0,7.03,0.0
14389.0,7.03,0.0
14389.0,7.03,0.0
14390.0,7.01,0.0
14390.0,7.01,0.0
14391.0,7.01,0.0
14391.0,7.01,0.0
14392.0,7.01,0.0
14393.0,6.84,0.0
14393.0,6.84,0.0
14394.0,6.84,0.0
14394.0,6.84,0.0
14395.0,6.84,0.0
14396.0,6.78,0.0
14396.0,6.78,0.0
14397.0,6.78,0.0
14397.0,6.78,0.0
14398.0,6.78,0.0
14398.0,6.76,0.0
14399.0,6.76,0.0
14400.0,6.76,0.0
14400.0,6.76,0.0
14401.0,6.76,0.0
14401.0,6.76,0.0
14402.0,6.89,0.0
14403.0,6.88,0.0
14403.0,6.89,0.0
14404.0,6.88,0.0
14404.0,6.89,0.0
14405.0,7.17,0.0
14406.0,7.17,0.0
14406.0,7.17,0.0
14407.0,7.17,0.0
14407.0,7.17,0.0
14408.0,7.18,0.0
14408.0,7.18,0.0
14409.0,7.18,0.0
14410.0,7.18,0.0
14410.0,7.18,0.0
14411.0,7.18,0.0
14411.0,7.18,0.0
14412.0,7.17,0.0
14413.0,7.18,0.0
14413.0,7.17,0.0
14414.0,7.18,0.0
14414.0,6.85,0.0
14415.0,6.86,0.0
14416.0,6.85,0.0
14416.0,6.86,0.0
14417.0,6.85,0.0
14417.0,6.78,0.0
14418.0,6.78,0.0
14418.0,6.78,0.0
14419.0,6.78,0.0
14420.0,6.78,0.0
14420.0,6.78,0.0
14421.0,6.77,0.0
14421.0,6.77,0.0
14422.0,6.77,0.0
14423.0,6.77,0.0
14423.0,6.77,0.0
14424.0,6.93,0.0
14424.0,6.93,0.0
14425.0,6.93,0.0
14426.0,6.93,0.0
14426.0,6.93,0.0
14427.0,7.21,0.0
14427.0,7.21,0.0
14428.0,7.21,0.0
14429.0,7.21,0.0
14429.0,7.21,0.0
14430.0,6.91,0.0
14430.0,6.91,0.0
14431.0,6.91,0.0
14431.0,6.91,0.0
14432.0,6.91,0.0
14433.0,6.91,0.0
14433.0,6.72,0.0
14434.0,6.72,0.0
14434.0,6.72,0.0
14435.0,6.72,0.0
14436.0,6.72,0.0
14436.0,6.8,0.0
14437.0,6.8,0.0
14437.0,6.8,0.0
14438.0,6.8,0.0
14438.0,6.8,0.0
14439.0,6.92,0.0
14440.0,6.93,0.0
14440.0,6.92,0.0
14441.0,6.93,0.0
14441.0,6.92,0.0
14442.0,6.93,0.0
14443.0,7.01,0.0
14443.0,7.01,0.0
14444.0,7.01,0.0
14444.0,7.01,0.0
14445.0,7.01,0.0
14446.0,6.99,0.0
14446.0,6.99,0.0
14447.0,6.99,0.0
14447.0,6.99,0.0
14448.0,6.99,0.0
14448.0,6.7,0.0
14449.0,6.7,0.0
14450.0,6.7,0.0
14450.0,6.7,0.0
14451.0,6.7,0.0
14451.0,6.7,0.0
14452.0,6.78,0.0
14453.0,6.78,0.0
14453.0,6.78,0.0
14454.0,6.78,0.0
14454.0,6.78,0.0
14455.0,6.82,0.0
14455.0,6.82,0.0
14456.0,6.82,0.0
14457.0,6.82,0.0
14457.0,6.82,0.0
14458.0,6.76,0.0
14458.0,6.76,0.0
14459.0,6.76,0.0
14460.0,6.76,0.0
14460.0,6.76,0.0
14461.0,6.76,0.0
14461.0,6.71,0.0
14462.0,6.72,0.0
14463.0,6.71,0.0
14463.0,6.72,0.0
14464.0,6.71,0.0
14464.0,6.8,0.0
14465.0,6.8,0.0
14465.0,6.8,0.0
14466.0,6.8,0.0
14467.0,6.8,0.0
14467.0,6.94,0.0
14468.0,6.94,0.0
14468.0,6.94,0.0
14469.0,6.94,0.0
14470.0,6.94,0.0
14470.0,6.94,0.0
14471.0,6.88,0.0
14471.0,6.89,0.0
14472.0,6.88,0.0
14472.0,6.89,0.0
14473.0,6.88,0.0
14474.0,6.83,0.0
14474.0,6.83,0.0
14475.0,6.83,0.0
14475.0,6.83,0.0
14476.0,6.83,0.0
14477.0,6.84,0.0
14477.0,6.84,0.0
14478.0,6.84,0.0
14478.0,6.84,0.0
14479.0,6.84,0.0
14480.0,6.84,0.0
14480.0,6.76,0.0
14481.0,6.76,0.0
14481.0,6.76,0.0
14482.0,6.76,0.0
14482.0,6.76,0.0
14483.0,7.0,0.0
14484.0,7.0,0.0
14484.0,7.0,0.0
14485.0,7.0,0.0
14485.0,7.0,0.0
14486.0,6.77,0.0
14487.0,6.77,0.0
14487.0,6.77,0.0
14488.0,6.77,0.0
14488.0,6.77,0.0
14489.0,6.77,0.0
14489.0,6.85,0.0
14490.0,6.85,0.0
14491.0,6.85,0.0
14491.0,6.85,0.0
14492.0,6.85,0.0
14492.0,6.95,0.0
14493.0,6.95,0.0
14494.0,6.95,0.0
14494.0,6.95,0.0
14495.0,6.95,0.0
14495.0,6.7,0.0
14496.0,6.7,0.0
14497.0,6.7,0.0
14497.0,6.7,0.0
14498.0,6.7,0.0
14498.0,6.7,0.0
14499.0,6.63,0.0
14499.0,6.64,0.0
14500.0,6.63,0.0
14501.0,6.64,0.0
14501.0,6.63,0.0
14502.0,6.67,0.0
14502.0,6.67,0.0
14503.0,6.67,0.0
14504.0,6.67,0.0
14504.0,6.67,0.0
14505.0,6.78,0.0
14505.0,6.78,0.0
14506.0,6.78,0.0
14506.0,6.78,0.0
14507.0,6.78,0.0
14508.0,6.78,0.0
14508.0,6.86,0.0
14509.0,6.86,0.0
14509.0,6.86,0.0
14510.0,6.86,0.0
14511.0,6.86,0.0
14511.0,6.8,0.0
14512.0,6.8,0.0
14512.0,6.8,0.0
14513.0,6.8,0.0
14514.0,6.8,0.0
14514.0,6.7,0.0
14515.0,6.7,0.0
14515.0,6.7,0.0
14516.0,6.7,0.0
14516.0,6.7,0.0
14517.0,6.64,0.0
14518.0,6.63,0.0
14518.0,6.64,0.0
14519.0,6.63,0.0
14519.0,6.64,0.0
14520.0,6.63,0.0
14521.0,6.82,0.0
14521.0,6.81,0.0
14522.0,6.82,0.0
14522.0,6.81,0.0
14523.0,6.82,0.0
14524.0,7.02,0.0
14524.0,7.02,0.0
14525.0,7.02,0.0
14525.0,7.02,0.0
14526.0,7.02,0.0
14527.0,7.16,0.0
14527.0,7.16,0.0
14528.0,7.16,0.0
14528.0,7.16,0.0
14529.0,7.16,0.0
14529.0,7.16,0.0
14530.0,6.82,0.0
14531.0,6.82,0.0
14531.0,6.82,0.0
14532.0,6.82,0.0
14532.0,6.82,0.0
14533.0,6.46,0.0
14534.0,6.47,0.0
14534.0,6.46,0.0
14535.0,6.47,0.0
14535.0,6.46,0.0
14536.0,6.57,0.0
14537.0,6.57,0.0
14537.0,6.57,0.0
14538.0,6.57,0.0
14538.0,6.57,0.0
14539.0,6.7,0.0
14539.0,6.7,0.0
14540.0,6.7,0.0
14541.0,6.7,0.0
14541.0,6.7,0.0
14542.0,6.7,0.0
14542.0,6.93,0.0
14543.0,6.93,0.0
14544.0,6.93,0.0
14544.0,6.93,0.0
14545.0,6.93,0.0
14545.0,6.91,0.0
14546.0,6.9,0.0
14546.0,6.91,0.0
14547.0,6.9,0.0
14548.0,6.91,0.0
14548.0,6.55,0.0
14549.0,6.55,0.0
14549.0,6.55,0.0
14550.0,6.55,0.0
14551.0,6.55,0.0
14551.0,6.55,0.0
14552.0,6.38,0.0
14552.0,6.38,0.0
14553.0,6.38,0.0
14553.0,6.38,0.0
14554.0,6.38,0.0
14555.0,6.44,0.0
14555.0,6.44,0.0
14556.0,6.44,0.0
14556.0,6.44,0.0
14557.0,6.44,0.0
14558.0,6.6,0.0
14558.0,6.6,0.0
14559.0,6.6,0.0
14559.0,6.6,0.0
14560.0,6.6,0.0
14561.0,6.6,0.0
14561.0,6.86,0.0
14562.0,6.86,0.0
14562.0,6.86,0.0
14563.0,6.86,0.0
14563.0,6.86,0.0
14564.0,6.96,0.0
14565.0,6.96,0.0
14565.0,6.96,0.0
14566.0,6.96,0.0
14566.0,6.96,0.0
14567.0,7.03,0.0
14568.0,7.03,0.0
14568.0,7.03,0.0
14569.0,7.03,0.0
14569.0,7.03,0.0
14570.0,7.03,0.0
14571.0,6.94,0.0
14571.0,6.94,0.0
14572.0,6.94,0.0
14572.0,6.94,0.0
14573.0,6.94,0.0
14573.0,6.57,0.0
14574.0,6.57,0.0
14575.0,6.57,0.0
14575.0,6.57,0.0
14576.0,6.57,0.0
14576.0,6.79,0.0
14577.0,6.79,0.0
14578.0,6.79,0.0
14578.0,6.79,0.0
14579.0,6.79,0.0
14579.0,6.79,0.0
14580.0,6.66,0.0
14580.0,6.66,0.0
14581.0,6.66,0.0
14582.0,6.66,0.0
14582.0,6.66,0.0
14583.0,6.73,0.0
14583.0,6.73,0.0
14584.0,6.73,0.0
14585.0,6.73,0.0
14585.0,6.73,0.0
14586.0,7.02,0.0
14586.0,7.02,0.0
14587.0,7.02,0.0
14588.0,7.02,0.0
14588.0,7.02,0.0
14589.0,7.02,0.0
14589.0,6.99,0.0
14590.0,6.99,0.0
14590.0,6.99,0.0
14591.0,6.99,0.0
14592.0,6.99,0.0
14592.0,7.16,0.0
14593.0,7.16,0.0
14593.0,7.16,0.0
14594.0,7.16,0.0
14595.0,7.16,0.0
14595.0,6.83,0.0
14596.0,6.83,0.0
14596.0,6.83,0.0
14597.0,6.83,0.0
14597.0,6.83,0.0
14598.0,6.83,0.0
14599.0,6.62,0.0
14599.0,6.62,0.0
14600.0,6.62,0.0
14600.0,6.62,0.0
14601.0,6.62,0.0
14602.0,6.76,0.0
14602.0,6.76,0.0
14603.0,6.76,0.0
14603.0,6.76,0.0
14604.0,6.76,0.0
14605.0,6.83,0.0
14605.0,6.83,0.0
14606.0,6.83,0.0
14606.0,6.83,0.0
14607.0,6.83,0.0
14607.0,6.83,0.0
14608.0,6.98,0.0
14609.0,6.98,0.0
14609.0,6.98,0.0
14610.0,6.98,0.0
14610.0,6.98,0.0
14611.0,6.82,0.0
14612.0,6.82,0.0
14612.0,6.82,0.0
14613.0,6.82,0.0
14613.0,6.82,0.0
14614.0,6.46,0.0
14614.0,6.46,0.0
14615.0,6.46,0.0
14616.0,6.46,0.0
14616.0,6.46,0.0
14617.0,6.46,0.0
14617.0,6.67,0.0
14618.0,6.67,0.0
14619.0,6.67,0.0
14619.0,6.67,0.0
14620.0,6.67,0.0
14620.0,6.92,0.0
14621.0,6.92,0.0
14622.0,6.92,0.0
14622.0,6.92,0.0
14623.0,6.92,0.0
14623.0,6.93,0.0
14624.0,6.93,0.0
14624.0,6.93,0.0
14625.0,6.93,0.0
14626.0,6.93,0.0
14626.0,7.06,0.0
14627.0,7.06,0.0
14627.0,7.06,0.0
14628.0,7.06,0.0
14629.0,7.06,0.0
14629.0,7.06,0.0
14630.0,7.17,0.0
14630.0,7.17,0.0
14631.0,7.17,0.0
14632.0,7.17,0.0
14632.0,7.17,0.0
14633.0,6.8,0.0
14633.0,6.8,0.0
14634.0,6.8,0.0
14635.0,6.8,0.0
14635.0,6.8,0.0
14636.0,6.5,0.0
14636.0,6.5,0.0
14637.0,6.5,0.0
14637.0,6.5,0.0
14638.0,6.5,0.0
14639.0,6.5,0.0
14639.0,6.7,0.0
14640.0,6.7,0.0
14640.0,6.7,0.0
14641.0,6.7,0.0
14642.0,6.7,0.0
14642.0,6.9,0.0
14643.0,6.9,0.0
14643.0,6.9,0.0
14644.0,6.9,0.0
14644.0,6.9,0.0
14645.0,7.06,0.0
14646.0,7.06,0.0
14646.0,7.06,0.0
14647.0,7.06,0.0
14647.0,7.06,0.0
14648.0,7.06,0.0
14649.0,7.12,0.0
14649.0,7.12,0.0
14650.0,7.12,0.0
14650.0,7.12,0.0
14651.0,7.12,0.0
14652.0,6.61,0.0
14652.0,6.61,0.0
14653.0,6.61,0.0
14653.0,6.61,0.0
14654.0,6.61,0.0
14654.0,6.57,0.0
14655.0,6.57,0.0
14656.0,6.57,0.0
14656.0,6.57,0.0
14657.0,6.57,0.0
14657.0,6.57,0.0
14658.0,6.73,0.0
14659.0,6.73,0.0
14659.0,6.73,0.0
14660.0,6.73,0.0
14660.0,6.73,0.0
14661.0,6.74,0.0
14661.0,6.74,0.0
14662.0,6.74,0.0
14663.0,6.74,0.0
14663.0,6.74,0.0
14664.0,6.81,0.0
14664.0,6.81,0.0
14665.0,6.81,0.0
14666.0,6.81,0.0
14666.0,6.81,0.0
14667.0,6.69,0.0
14667.0,6.69,0.0
14668.0,6.69,0.0
14669.0,6.69,0.0
14669.0,6.69,0.0
14670.0,6.69,0.0
14670.0,6.71,0.0
14671.0,6.71,0.0
14671.0,6.71,0.0
14672.0,6.71,0.0
14673.0,6.71,0.0
14673.0,6.82,0.0
14674.0,6.82,0.0
14674.0,6.82,0.0
14675.0,6.82,0.0
14676.0,6.82,0.0
14676.0,6.88,0.0
14677.0,6.88,0.0
14677.0,6.88,0.0
14678.0,6.88,0.0
14679.0,6.88,0.0
14679.0,6.88,0.0
14680.0,6.8,0.0
14680.0,6.8,0.0
14681.0,6.8,0.0
14681.0,6.8,0.0
14682.0,6.8,0.0
14683.0,6.89,0.0
14683.0,6.88,0.0
14684.0,6.89,0.0
14684.0,6.88,0.0
14685.0,6.89,0.0
14686.0,6.92,0.0
14686.0,6.93,0.0
14687.0,6.92,0.0
14687.0,6.93,0.0
14688.0,6.92,0.0
14688.0,6.93,0.0
14689.0,6.76,0.0
14690.0,6.76,0.0
14690.0,6.76,0.0
14691.0,6.76,0.0
14691.0,6.76,0.0
14692.0,6.78,0.0
14693.0,6.78,0.0
14693.0,6.78,0.0
14694.0,6.78,0.0
14694.0,6.78,0.0
14695.0,6.97,0.0
14695.0,6.97,0.0
14696.0,6.97,0.0
14697.0,6.97,0.0
14697.0,6.97,0.0
14698.0,6.97,0.0
14698.0,7.02,0.0
14699.0,7.03,0.0
14700.0,7.02,0.0
14700.0,7.03,0.0
14701.0,7.02,0.0
14701.0,6.91,0.0
14702.0,6.91,0.0
14703.0,6.91,0.0
14703.0,6.91,0.0
14704.0,6.91,0.0
14704.0,6.89,0.0
14705.0,6.89,0.0
14705.0,6.89,0.0
14706.0,6.89,0.0
14707.0,6.89,0.0
14707.0,6.89,0.0
14708.0,6.83,0.0
14708.0,6.83,0.0
14709.0,6.83,0.0
14710.0,6.83,0.0
14710.0,6.83,0.0
14711.0,7.02,0.0
14711.0,7.02,0.0
14712.0,7.02,0.0
14713.0,7.02,0.0
14713.0,7.02,0.0
14714.0,6.69,0.0
14714.0,6.69,0.0
14715.0,6.69,0.0
14715.0,6.69,0.0
14716.0,6.69,0.0
14717.0,6.69,0.0
14717.0,6.54,0.0
14718.0,6.55,0.0
14718.0,6.54,0.0
14719.0,6.55,0.0
14720.0,6.54,0.0
14720.0,6.78,0.0
14721.0,6.78,0.0
14721.0,6.78,0.0
14722.0,6.78,0.0
14722.0,6.78,0.0
14723.0,6.9,0.0
14724.0,6.91,0.0
14724.0,6.9,0.0
14725.0,6.91,0.0
14725.0,6.9,0.0
14726.0,6.91,0.0
14727.0,7.28,0.0
14727.0,7.28,0.0
14728.0,7.28,0.0
14728.0,7.28,0.0
14729.0,7.28,0.0
14730.0,7.16,0.0
14730.0,7.16,0.0
14731.0,7.16,0.0
14731.0,7.16,0.0
14732.0,7.16,0.0
14733.0,6.66,0.0
14733.0,6.66,0.0
14734.0,6.66,0.0
14734.0,6.66,0.0
14735.0,6.66,0.0
14735.0,6.49,0.0
14736.0,6.49,0.0
14737.0,6.49,0.0
14737.0,6.49,0.0
14738.0,6.49,0.0
14738.0,6.49,0.0
14739.0,6.69,0.0
14740.0,6.69,0.0
14740.0,6.69,0.0
14741.0,6.69,0.0
14741.0,6.69,0.0
14742.0,7.05,0.0
14743.0,7.05,0.0
14743.0,7.05,0.0
14744.0,7.05,0.0
14744.0,7.05,0.0
14745.0,7.24,0.0
14745.0,7.23,0.0
14746.0,7.24,0.0
14747.0,7.23,0.0
14747.0,7.24,0.0
14748.0,7.23,0.0
14748.0,6.99,0.0
14749.0,6.99,0.0
14750.0,6.99,0.0
14750.0,6.99,0.0
14751.0,6.99,0.0
14751.0,6.73,0.0
14752.0,6.73,0.0
14752.0,6.73,0.0
14753.0,6.73,0.0
14754.0,6.73,0.0
14754.0,6.71,0.0
14755.0,6.71,0.0
14755.0,6.71,0.0
14756.0,6.71,0.0
14757.0,6.71,0.0
14757.0,6.71,0.0
14758.0,6.89,0.0
14758.0,6.89,0.0
14759.0,6.89,0.0
14760.0,6.89,0.0
14760.0,6.89,0.0
14761.0,7.03,0.0
14761.0,7.03,0.0
14762.0,7.03,0.0
14762.0,7.03,0.0
14763.0,7.03,0.0
14764.0,7.03,0.0
14764.0,7.03,0.0
14765.0,7.03,0.0
14765.0,7.03,0.0
14766.0,7.03,0.0
14767.0,7.03,0.0
14767.0,6.95,0.0
14768.0,6.95,0.0
14768.0,6.95,0.0
14769.0,6.95,0.0
14769.0,6.95,0.0
14770.0,6.79,0.0
14771.0,6.79,0.0
14771.0,6.79,0.0
14772.0,6.79,0.0
14772.0,6.79,0.0
14773.0,6.76,0.0
14774.0,6.76,0.0
14774.0,6.76,0.0
14775.0,6.76,0.0
14775.0,6.76,0.0
14776.0,6.76,0.0
14777.0,6.86,0.0
14777.0,6.86,0.0
14778.0,6.86,0.0
14778.0,6.86,0.0
14779.0,6.86,0.0
14779.0,6.76,0.0
14780.0,6.76,0.0
14781.0,6.76,0.0
14781.0,6.76,0.0
14782.0,6.76,0.0
14782.0,6.82,0.0
14783.0,6.82,0.0
14784.0,6.82,0.0
14784.0,6.82,0.0
14785.0,6.82,0.0
14785.0,6.98,0.0
14786.0,6.98,0.0
14786.0,6.98,0.0
14787.0,6.98,0.0
14788.0,6.98,0.0
14788.0,6.98,0.0
14789.0,6.68,0.0
14789.0,6.68,0.0
14790.0,6.68,0.0
14791.0,6.68,0.0
14791.0,6.68,0.0
14792.0,6.89,0.0
14792.0,6.88,0.0
14793.0,6.89,0.0
14794.0,6.88,0.0
14794.0,6.89,0.0
14795.0,6.83,0.0
14795.0,6.83,0.0
14796.0,6.83,0.0
14796.0,6.83,0.0
14797.0,6.83,0.0
14798.0,6.83,0.0
14798.0,6.75,0.0
14799.0,6.75,0.0
14799.0,6.75,0.0
14800.0,6.75,0.0
14801.0,6.75,0.0
14801.0,6.84,0.0
14802.0,6.84,0.0
14802.0,6.84,0.0
14803.0,6.84,0.0
14803.0,6.84,0.0
14804.0,6.88,0.0
14805.0,6.88,0.0
14805.0,6.88,0.0
14806.0,6.88,0.0
14806.0,6.88,0.0
14807.0,6.88,0.0
14808.0,7.19,0.0
14808.0,7.19,0.0
14809.0,7.19,0.0
14809.0,7.19,0.0
14810.0,7.19,0.0
14811.0,6.9,0.0
14811.0,6.9,0.0
14812.0,6.9,0.0
14812.0,6.9,0.0
14813.0,6.9,0.0
14813.0,6.59,0.0
14814.0,6.59,0.0
14815.0,6.59,0.0
14815.0,6.59,0.0
14816.0,6.59,0.0
14816.0,6.59,0.0
14817.0,6.57,0.0
14818.0,6.57,0.0
14818.0,6.57,0.0
14819.0,6.57,0.0
14819.0,6.57,0.0
14820.0,6.47,0.0
14821.0,6.46,0.0
14821.0,6.47,0.0
14822.0,6.46,0.0
14822.0,6.47,0.0
14823.0,6.84,0.0
14823.0,6.84,0.0
14824.0,6.84,0.0
14825.0,6.84,0.0
14825.0,6.84,0.0
14826.0,6.84,0.0
14826.0,7.03,0.0
14827.0,7.03,0.0
14828.0,7.03,0.0
14828.0,7.03,0.0
14829.0,7.03,0.0
14829.0,6.8,0.0
14830.0,6.8,0.0
14831.0,6.8,0.0
14831.0,6.8,0.0
14832.0,6.8,0.0
14832.0,6.85,0.0
14833.0,6.85,0.0
14834.0,6.85,0.0
14834.0,6.85,0.0
14835.0,6.85,0.0
14835.0,6.94,0.0
14836.0,6.94,0.0
14836.0,6.94,0.0
14837.0,6.94,0.0
14838.0,6.94,0.0
14838.0,6.94,0.0
14839.0,6.77,0.0
14839.0,6.77,0.0
14840.0,6.77,0.0
14841.0,6.77,0.0
14841.0,6.77,0.0
14842.0,7.0,0.0
14842.0,7.0,0.0
14843.0,7.0,0.0
14843.0,7.0,0.0
14844.0,7.0,0.0
14845.0,7.03,0.0
14845.0,7.02,0.0
14846.0,7.03,0.0
14846.0,7.02,0.0
14847.0,7.03,0.0
14848.0,7.02,0.0
14848.0,7.12,0.0
14849.0,7.12,0.0
14849.0,7.12,0.0
14850.0,7.12,0.0
14850.0,7.12,0.0
14851.0,6.88,0.0
14852.0,6.88,0.0
14852.0,6.88,0.0
14853.0,6.88,0.0
14853.0,6.88,0.0
14854.0,6.66,0.0
14855.0,6.66,0.0
14855.0,6.66,0.0
14856.0,6.66,0.0
14856.0,6.66,0.0
14857.0,6.66,0.0
14858.0,6.72,0.0
14858.0,6.71,0.0
14859.0,6.72,0.0
14859.0,6.71,0.0
14860.0,6.72,0.0
14860.0,6.85,0.0
14861.0,6.86,0.0
14862.0,6.85,0.0
14862.0,6.86,0.0
14863.0,6.85,0.0
14863.0,7.1,0.0
14864.0,7.1,0.0
14865.0,7.1,0.0
14865.0,7.1,0.0
14866.0,7.1,0.0
14866.0,7.1,0.0
14867.0,7.05,0.0
14868.0,7.05,0.0
14868.0,7.05,0.0
14869.0,7.05,0.0
14869.0,7.05,0.0
14870.0,6.88,0.0
14870.0,6.88,0.0
14871.0,6.88,0.0
14872.0,6.88,0.0
14872.0,6.88,0.0
14873.0,6.79,0.0
14873.0,6.79,0.0
14874.0,6.79,0.0
14875.0,6.79,0.0
14875.0,6.79,0.0
14876.0,6.79,0.0
14876.0,6.63,0.0
14877.0,6.63,0.0
14877.0,6.63,0.0
14878.0,6.63,0.0
14879.0,6.63,0.0
14879.0,6.82,0.0
14880.0,6.82,0.0
14880.0,6.82,0.0
14881.0,6.82,0.0
14882.0,6.82,0.0
14882.0,7.19,0.0
14883.0,7.19,0.0
14883.0,7.19,0.0
14884.0,7.19,0.0
14885.0,7.19,0.0
14885.0,7.19,0.0
14886.0,7.06,0.0
14886.0,7.06,0.0
14887.0,7.06,0.0
14887.0,7.06,0.0
14888.0,7.06,0.0
14889.0,6.77,0.0
14889.0,6.78,0.0
14890.0,6.77,0.0
14890.0,6.78,0.0
14891.0,6.77,0.0
14892.0,6.48,0.0
14892.0,6.48,0.0
14893.0,6.48,0.0
14893.0,6.48,0.0
14894.0,6.48,0.0
14894.0,6.48,0.0
14895.0,6.69,0.0
14896.0,6.69,0.0
14896.0,6.69,0.0
14897.0,6.69,0.0
14897.0,6.69,0.0
14898.0,6.85,0.0
14899.0,6.85,0.0
14899.0,6.85,0.0
14900.0,6.85,0.0
14900.0,6.85,0.0
14901.0,6.87,0.0
14902.0,6.87,0.0
14902.0,6.87,0.0
14903.0,6.87,0.0
14903.0,6.87,0.0
14904.0,7.04,0.0
14904.0,7.04,0.0
14905.0,7.04,0.0
14906.0,7.04,0.0
14906.0,7.04,0.0
14907.0,7.04,0.0
14907.0,7.05,0.0
14908.0,7.05,0.0
14909.0,7.05,0.0
14909.0,7.05,0.0
14910.0,7.05,0.0
14910.0,7.0,0.0
14911.0,7.0,0.0
14911.0,7.0,0.0
14912.0,7.0,0.0
14913.0,7.0,0.0
14913.0,6.94,0.0
14914.0,6.94,0.0
14914.0,6.94,0.0
14915.0,6.94,0.0
14916.0,6.94,0.0
14916.0,6.94,0.0
14917.0,6.65,0.0
14917.0,6.65,0.0
14918.0,6.65,0.0
14919.0,6.65,0.0
14919.0,6.65,0.0
14920.0,6.8,0.0
14920.0,6.79,0.0
14921.0,6.8,0.0
14921.0,6.79,0.0
14922.0,6.8,0.0
14923.0,6.97,0.0
14923.0,6.97,0.0
14924.0,6.97,0.0
14924.0,6.97,0.0
14925.0,6.97,0.0
14926.0,6.97,0.0
14926.0,7.05,0.0
14927.0,7.05,0.0
14927.0,7.05,0.0
14928.0,7.05,0.0
14928.0,7.05,0.0
14929.0,7.0,0.0
14930.0,7.0,0.0
14930.0,7.0,0.0
14931.0,7.0,0.0
14932.0,7.0,0.0
14932.0,6.77,0.0
14933.0,6.77,0.0
14933.0,6.77,0.0
14934.0,6.77,0.0
14934.0,6.77,0.0
14935.0,6.77,0.0
14936.0,6.7,0.0
14936.0,6.7,0.0
14937.0,6.7,0.0
14937.0,6.7,0.0
14938.0,6.7,0.0
14939.0,6.59,0.0
14939.0,6.58,0.0
14940.0,6.59,0.0
14940.0,6.58,0.0
14941.0,6.59,0.0
14941.0,6.63,0.0
14942.0,6.63,0.0
14943.0,6.63,0.0
14943.0,6.63,0.0
14944.0,6.63,0.0
14944.0,6.91,0.0
14945.0,6.91,0.0
14946.0,6.91,0.0
14946.0,6.91,0.0
14947.0,6.91,0.0
14947.0,6.91,0.0
14948.0,7.02,0.0
14949.0,7.02,0.0
14949.0,7.02,0.0
14950.0,7.02,0.0
14950.0,7.02,0.0
14951.0,6.86,0.0
14951.0,6.86,0.0
14952.0,6.86,0.0
14953.0,6.86,0.0
14953.0,6.86,0.0
14954.0,6.85,0.0
14954.0,6.85,0.0
14955.0,6.85,0.0
14956.0,6.85,0.0
14956.0,6.85,0.0
14957.0,6.85,0.0
14957.0,6.78,0.0
14958.0,6.78,0.0
14958.0,6.78,0.0
14959.0,6.78,0.0
14960.0,6.78,0.0
14960.0,6.8,0.0
14961.0,6.8,0.0
14961.0,6.8,0.0
14962.0,6.8,0.0
14963.0,6.8,0.0
14963.0,6.89,0.0
14964.0,6.89,0.0
14964.0,6.89,0.0
14965.0,6.89,0.0
14966.0,6.89,0.0
14966.0,6.89,0.0
14967.0,6.81,0.0
14967.0,6.81,0.0
14968.0,6.81,0.0
14968.0,6.81,0.0
14969.0,6.81,0.0
14970.0,6.97,0.0
14970.0,6.97,0.0
14971.0,6.97,0.0
14971.0,6.97,0.0
14972.0,6.97,0.0
14973.0,6.84,0.0
14973.0,6.83,0.0
14974.0,6.84,0.0
14974.0,6.83,0.0
14975.0,6.84,0.0
14976.0,6.83,0.0
14976.0,6.62,0.0
14977.0,6.62,0.0
14977.0,6.62,0.0
14978.0,6.62,0.0
14978.0,6.62,0.0
14979.0,6.79,0.0
14980.0,6.79,0.0
14980.0,6.79,0.0
14981.0,6.79,0.0
14981.0,6.79,0.0
14982.0,6.93,0.0
14983.0,6.93,0.0
14983.0,6.93,0.0
14984.0,6.93,0.0
14984.0,6.93,0.0
14985.0,6.93,0.0
14985.0,7.06,0.0
14986.0,7.06,0.0
14987.0,7.06,0.0
14987.0,7.06,0.0
14988.0,7.06,0.0
14988.0,7.06,0.0
14989.0,7.07,0.0
14990.0,7.06,0.0
14990.0,7.07,0.0
14991.0,7.06,0.0
14991.0,6.66,0.0
14992.0,6.66,0.0
14992.0,6.66,0.0
14993.0,6.66,0.0
14994.0,6.66,0.0
14994.0,6.66,0.0
14995.0,6.64,0.0
14995.0,6.64,0.0
14996.0,6.64,0.0
14997.0,6.64,0.0
14997.0,6.64,0.0
14998.0,6.61,0.0
14998.0,6.61,0.0
14999.0,6.61,0.0
15000.0,6.61,0.0
15000.0,6.61,0.0
15001.0,6.84,0.0
15001.0,6.84,0.0
15002.0,6.84,0.0
15002.0,6.84,0.0
15003.0,6.84,0.0
15004.0,6.84,0.0
15004.0,6.98,0.0
15005.0,6.98,0.0
15005.0,6.98,0.0
15006.0,6.98,0.0
15007.0,6.98,0.0
15007.0,6.82,0.0
15008.0,6.82,0.0
15008.0,6.82,0.0
15009.0,6.82,0.0
15010.0,6.82,0.0
15010.0,6.66,0.0
15011.0,6.66,0.0
15011.0,6.66,0.0
15012.0,6.66,0.0
15012.0,6.66,0.0
15013.0,6.66,0.0
15014.0,6.47,0.0
15014.0,6.47,0.0
15015.0,6.47,0.0
15015.0,6.47,0.0
15016.0,6.47,0.0
15017.0,6.29,0.0
15017.0,6.3,0.0
15018.0,6.29,0.0
15018.0,6.3,0.0
15019.0,6.29,0.0
15019.0,6.62,0.0
15020.0,6.62,0.0
15021.0,6.62,0.0
15021.0,6.62,0.0
15022.0,6.62,0.0
15022.0,7.04,0.0
15023.0,7.04,0.0
15024.0,7.04,0.0
15024.0,7.04,0.0
15025.0,7.04,0.0
15025.0,7.04,0.0
15026.0,7.25,0.0
15027.0,7.26,0.0
15027.0,7.25,0.0
15028.0,7.26,0.0
15028.0,7.25,0.0
15029.0,6.92,0.0
15029.0,6.92,0.0
15030.0,6.92,0.0
15031.0,6.92,0.0
15031.0,6.92,0.0
15032.0,6.51,0.0
15032.0,6.51,0.0
15033.0,6.51,0.0
15034.0,6.51,0.0
15034.0,6.51,0.0
15035.0,6.51,0.0
15035.0,6.76,0.0
15036.0,6.76,0.0
15037.0,6.76,0.0
15037.0,6.76,0.0
15038.0,6.76,0.0
15038.0,6.87,0.0
15039.0,6.87,0.0
15040.0,6.87,0.0
15040.0,6.87,0.0
15041.0,6.87,0.0
15041.0,6.92,0.0
15042.0,6.92,0.0
15042.0,6.92,0.0
15043.0,6.92,0.0
15044.0,6.92,0.0
15044.0,6.92,0.0
15045.0,6.98,0.0
15045.0,6.98,0.0
15046.0,6.98,0.0
15047.0,6.98,0.0
15047.0,6.98,0.0
15048.0,6.86,0.0
15048.0,6.85,0.0
15049.0,6.86,0.0
15049.0,6.85,0.0
15050.0,6.86,0.0
15051.0,6.86,0.0
15051.0,6.86,0.0
15052.0,6.86,0.0
15052.0,6.86,0.0
15053.0,6.86,0.0
15054.0,6.86,0.0
15054.0,6.9,0.0
15055.0,6.9,0.0
15055.0,6.9,0.0
15056.0,6.9,0.0
15057.0,6.9,0.0
15057.0,6.7,0.0
15058.0,6.7,0.0
15058.0,6.7,0.0
15059.0,6.7,0.0
15059.0,6.7,0.0
15060.0,6.94,0.0
15061.0,6.94,0.0
15061.0,6.94,0.0
15062.0,6.94,0.0
15062.0,6.94,0.0
15063.0,6.94,0.0
15064.0,7.07,0.0
15064.0,7.07,0.0
15065.0,7.07,0.0
15065.0,7.07,0.0
15066.0,7.07,0.0
15066.0,6.81,0.0
15067.0,6.81,0.0
15068.0,6.81,0.0
15068.0,6.81,0.0
15069.0,6.81,0.0
15069.0,6.67,0.0
15070.0,6.67,0.0
15071.0,6.67,0.0
15071.0,6.67,0.0
15072.0,6.67,0.0
15072.0,6.72,0.0
15073.0,6.72,0.0
15074.0,6.72,0.0
15074.0,6.72,0.0
15075.0,6.72,0.0
15075.0,6.72,0.0
15076.0,7.13,0.0
15076.0,7.13,0.0
15077.0,7.13,0.0
15078.0,7.13,0.0
15078.0,7.13,0.0
15079.0,7.03,0.0
15079.0,7.03,0.0
15080.0,7.03,0.0
15081.0,7.03,0.0
15081.0,7.03,0.0
15082.0,7.03,0.0
15082.0,7.03,0.0
15083.0,7.03,0.0
15083.0,7.03,0.0
15084.0,7.03,0.0
15085.0,7.03,0.0
15085.0,7.04,0.0
15086.0,7.04,0.0
15086.0,7.04,0.0
15087.0,7.04,0.0
15088.0,7.04,0.0
15088.0,6.88,0.0
15089.0,6.89,0.0
15089.0,6.88,0.0
15090.0,6.89,0.0
15091.0,6.88,0.0
15091.0,6.83,0.0
15092.0,6.83,0.0
15092.0,6.83,0.0
15093.0,6.83,0.0
15093.0,6.83,0.0
15094.0,6.83,0.0
15095.0,6.87,0.0
15095.0,6.87,0.0
15096.0,6.87,0.0
15096.0,6.87,0.0
15097.0,6.87,0.0
15098.0,6.88,0.0
15098.0,6.89,0.0
15099.0,6.88,0.0
15099.0,6.89,0.0
15100.0,6.88,0.0
15100.0,7.04,0.0
15101.0,7.04,0.0
15102.0,7.04,0.0
15102.0,7.04,0.0
15103.0,7.04,0.0
15103.0,7.04,0.0
15104.0,7.03,0.0
15105.0,7.02,0.0
15105.0,7.03,0.0
15106.0,7.02,0.0
15106.0,7.03,0.0
15107.0,6.71,0.0
15108.0,6.71,0.0
15108.0,6.71,0.0
15109.0,6.71,0.0
15109.0,6.71,0.0
15110.0,6.8,0.0
15110.0,6.8,0.0
15111.0,6.8,0.0
15112.0,6.8,0.0
15112.0,6.8,0.0
15113.0,6.8,0.0
15113.0,6.83,0.0
15114.0,6.83,0.0
15115.0,6.83,0.0
15115.0,6.83,0.0
15116.0,6.83,0.0
15116.0,6.84,0.0
15117.0,6.84,0.0
15118.0,6.84,0.0
15118.0,6.84,0.0
15119.0,6.84,0.0
15119.0,6.77,0.0
15120.0,6.77,0.0
15120.0,6.77,0.0
15121.0,6.77,0.0
15122.0,6.77,0.0
15122.0,6.77,0.0
15123.0,6.66,0.0
15123.0,6.66,0.0
15124.0,6.66,0.0
15125.0,6.66,0.0
15125.0,6.66,0.0
15126.0,6.98,0.0
15126.0,6.98,0.0
15127.0,6.98,0.0
15127.0,6.98,0.0
15128.0,6.98,0.0
15129.0,6.99,0.0
15129.0,6.99,0.0
15130.0,6.99,0.0
15130.0,6.99,0.0
15131.0,6.99,0.0
15132.0,6.99,0.0
15132.0,6.74,0.0
15133.0,6.74,0.0
15133.0,6.74,0.0
15134.0,6.74,0.0
15135.0,6.74,0.0
15135.0,6.51,0.0
15136.0,6.51,0.0
15136.0,6.51,0.0
15137.0,6.51,0.0
15138.0,6.51,0.0
15138.0,6.68,0.0
15139.0,6.67,0.0
15139.0,6.68,0.0
15140.0,6.67,0.0
15140.0,6.68,0.0
15141.0,6.93,0.0
15142.0,6.93,0.0
15142.0,6.93,0.0
15143.0,6.93,0.0
15143.0,6.93,0.0
15144.0,6.93,0.0
15145.0,6.93,0.0
15145.0,6.93,0.0
15146.0,6.93,0.0
15146.0,6.93,0.0
15147.0,6.93,0.0
15148.0,6.94,0.0
15148.0,6.94,0.0
15149.0,6.94,0.0
15149.0,6.94,0.0
15150.0,6.94,0.0
15150.0,7.02,0.0
15151.0,7.02,0.0
15152.0,7.02,0.0
15152.0,7.02,0.0
15153.0,7.02,0.0
15153.0,7.02,0.0
15154.0,6.82,0.0
15155.0,6.82,0.0
15155.0,6.82,0.0
15156.0,6.82,0.0
15156.0,6.82,0.0
15157.0,6.66,0.0
15157.0,6.66,0.0
15158.0,6.66,0.0
15159.0,6.66,0.0
15159.0,6.66,0.0
15160.0,6.93,0.0
15160.0,6.93,0.0
15161.0,6.93,0.0
15162.0,6.93,0.0
15162.0,6.93,0.0
15163.0,6.93,0.0
15163.0,7.02,0.0
15164.0,7.02,0.0
15165.0,7.02,0.0
15165.0,7.02,0.0
15166.0,7.02,0.0
15166.0,7.19,0.0
15167.0,7.19,0.0
15167.0,7.19,0.0
15168.0,7.19,0.0
15169.0,7.19,0.0
15169.0,7.06,0.0
15170.0,7.06,0.0
15170.0,7.06,0.0
15171.0,7.06,0.0
15172.0,7.06,0.0
15172.0,7.06,0.0
15173.0,6.72,0.0
15173.0,6.72,0.0
15174.0,6.72,0.0
15174.0,6.72,0.0
15175.0,6.72,0.0
15176.0,6.81,0.0
15176.0,6.81,0.0
15177.0,6.81,0.0
15177.0,6.81,0.0
15178.0,6.81,0.0
15179.0,6.86,0.0
15179.0,6.86,0.0
15180.0,6.86,0.0
15180.0,6.86,0.0
15181.0,6.86,0.0
15182.0,6.86,0.0
15182.0,7.14,0.0
15183.0,7.14,0.0
15183.0,7.14,0.0
15184.0,7.14,0.0
15184.0,7.14,0.0
15185.0,7.11,0.0
15186.0,7.1,0.0
15186.0,7.11,0.0
15187.0,7.1,0.0
15187.0,7.11,0.0
15188.0,6.89,0.0
15189.0,6.89,0.0
15189.0,6.89,0.0
15190.0,6.89,0.0
15190.0,6.89,0.0
15191.0,6.99,0.0
15191.0,6.99,0.0
15192.0,6.99,0.0
15193.0,6.99,0.0
15193.0,6.99,0.0
15194.0,6.99,0.0
15194.0,6.62,0.0
15195.0,6.62,0.0
15196.0,6.62,0.0
15196.0,6.62,0.0
15197.0,6.62,0.0
15197.0,6.55,0.0
15198.0,6.55,0.0
15199.0,6.55,0.0
15199.0,6.55,0.0
15200.0,6.55,0.0
15200.0,6.96,0.0
15201.0,6.96,0.0
15201.0,6.96,0.0
15202.0,6.96,0.0
15203.0,6.96,0.0
15203.0,6.96,0.0
15204.0,7.07,0.0
15204.0,7.07,0.0
15205.0,7.07,0.0
15206.0,7.07,0.0
15206.0,7.07,0.0
15207.0,7.09,0.0
15207.0,7.09,0.0
15208.0,7.09,0.0
15208.0,7.09,0.0
15209.0,7.09,0.0
15210.0,6.57,0.0
15210.0,6.57,0.0
15211.0,6.57,0.0
15211.0,6.57,0.0
15212.0,6.57,0.0
15213.0,6.57,0.0
15213.0,6.28,0.0
15214.0,6.28,0.0
15214.0,6.28,0.0
15215.0,6.28,0.0
15216.0,6.28,0.0
15216.0,6.59,0.0
15217.0,6.59,0.0
15217.0,6.59,0.0
15218.0,6.59,0.0
15218.0,6.59,0.0
15219.0,6.81,0.0
15220.0,6.81,0.0
15220.0,6.81,0.0
15221.0,6.81,0.0
15221.0,6.81,0.0
15222.0,6.81,0.0
15223.0,7.23,0.0
15223.0,7.23,0.0
15224.0,7.23,0.0
15224.0,7.23,0.0
15225.0,7.23,0.0
15225.0,7.34,0.0
15226.0,7.34,0.0
15227.0,7.34,0.0
15227.0,7.34,0.0
15228.0,7.34,0.0
15228.0,7.18,0.0
15229.0,7.18,0.0
15230.0,7.18,0.0
15230.0,7.18,0.0
15231.0,7.18,0.0
15231.0,7.18,0.0
15232.0,6.84,0.0
15233.0,6.83,0.0
15233.0,6.84,0.0
15234.0,6.83,0.0
15234.0,6.84,0.0
15235.0,6.74,0.0
15236.0,6.74,0.0
15236.0,6.74,0.0
15237.0,6.74,0.0
15237.0,6.74,0.0
15238.0,6.85,0.0
15239.0,6.85,0.0
15239.0,6.85,0.0
15240.0,6.85,0.0
15240.0,6.85,0.0
15241.0,6.98,0.0
15241.0,6.99,0.0
15242.0,6.98,0.0
15243.0,6.99,0.0
15243.0,6.98,0.0
15244.0,6.99,0.0
15244.0,6.81,0.0
15245.0,6.82,0.0
15246.0,6.81,0.0
15246.0,6.82,0.0
15247.0,6.81,0.0
15247.0,6.86,0.0
15248.0,6.86,0.0
15248.0,6.86,0.0
15249.0,6.86,0.0
15250.0,6.86,0.0
15250.0,6.76,0.0
15251.0,6.76,0.0
15251.0,6.76,0.0
15252.0,6.76,0.0
15253.0,6.76,0.0
15253.0,6.76,0.0
15254.0,6.93,0.0
15254.0,6.93,0.0
15255.0,6.93,0.0
15255.0,6.93,0.0
15256.0,6.93,0.0
15257.0,6.95,0.0
15257.0,6.95,0.0
15258.0,6.95,0.0
15258.0,6.95,0.0
15259.0,6.95,0.0
15260.0,6.83,0.0
15260.0,6.83,0.0
15261.0,6.83,0.0
15261.0,6.83,0.0
15262.0,6.83,0.0
15263.0,6.83,0.0
15263.0,7.04,0.0
15264.0,7.04,0.0
15264.0,7.04,0.0
15265.0,7.04,0.0
15265.0,7.04,0.0
15266.0,7.01,0.0
15267.0,7.01,0.0
15267.0,7.01,0.0
15268.0,7.01,0.0
15268.0,7.01,0.0
15269.0,6.97,0.0
15270.0,6.97,0.0
15270.0,6.97,0.0
15271.0,6.97,0.0
15271.0,6.97,0.0
15272.0,6.97,0.0
15273.0,6.83,0.0
15273.0,6.84,0.0
15274.0,6.83,0.0
15274.0,6.84,0.0
15275.0,6.83,0.0
15275.0,6.55,0.0
15276.0,6.55,0.0
15277.0,6.55,0.0
15277.0,6.55,0.0
15278.0,6.55,0.0
15278.0,6.61,0.0
15279.0,6.61,0.0
15280.0,6.61,0.0
15280.0,6.61,0.0
15281.0,6.61,0.0
15281.0,6.61,0.0
15282.0,6.91,0.0
15282.0,6.91,0.0
15283.0,6.91,0.0
15284.0,6.91,0.0
15284.0,6.91,0.0
15285.0,7.14,0.0
15285.0,7.14,0.0
15286.0,7.14,0.0
15287.0,7.14,0.0
15287.0,7.14,0.0
15288.0,7.3,0.0
15288.0,7.3,0.0
15289.0,7.3,0.0
15290.0,7.3,0.0
15290.0,7.3,0.0
15291.0,7.3,0.0
15291.0,6.94,0.0
15292.0,6.95,0.0
15292.0,6.94,0.0
15293.0,6.95,0.0
15294.0,6.94,0.0
15294.0,6.81,0.0
15295.0,6.81,0.0
15295.0,6.81,0.0
15296.0,6.81,0.0
15297.0,6.81,0.0
15297.0,6.75,0.0
15298.0,6.76,0.0
15298.0,6.75,0.0
15299.0,6.76,0.0
15299.0,6.75,0.0
15300.0,6.76,0.0
15301.0,6.72,0.0
15301.0,6.72,0.0
15302.0,6.72,0.0
15302.0,6.72,0.0
15303.0,6.72,0.0
15304.0,6.95,0.0
15304.0,6.94,0.0
15305.0,6.95,0.0
15305.0,6.94,0.0
15306.0,6.95,0.0
15307.0,7.05,0.0
15307.0,7.05,0.0
15308.0,7.05,0.0
15308.0,7.05,0.0
15309.0,7.05,0.0
15309.0,6.86,0.0
15310.0,6.86,0.0
15311.0,6.86,0.0
15311.0,6.86,0.0
15312.0,6.86,0.0
15312.0,6.86,0.0
15313.0,6.78,0.0
15314.0,6.77,0.0
15314.0,6.78,0.0
15315.0,6.77,0.0
15315.0,6.78,0.0
15316.0,6.71,0.0
15316.0,6.71,0.0
15317.0,6.71,0.0
15318.0,6.71,0.0
15318.0,6.71,0.0
15319.0,6.83,0.0
15319.0,6.83,0.0
15320.0,6.83,0.0
15321.0,6.83,0.0
15321.0,6.83,0.0
15322.0,6.83,0.0
15322.0,6.95,0.0
15323.0,6.94,0.0
15324.0,6.95,0.0
15324.0,6.94,0.0
15325.0,6.95,0.0
15325.0,6.84,0.0
15326.0,6.84,0.0
15326.0,6.84,0.0
15327.0,6.84,0.0
15328.0,6.84,0.0
15328.0,6.61,0.0
15329.0,6.61,0.0
15329.0,6.61,0.0
15330.0,6.61,0.0
15331.0,6.61,0.0
15331.0,6.61,0.0
15332.0,6.59,0.0
15332.0,6.58,0.0
15333.0,6.59,0.0
15333.0,6.58,0.0
15334.0,6.59,0.0
15335.0,6.68,0.0
15335.0,6.68,0.0
15336.0,6.68,0.0
15337.0,6.68,0.0
15337.0,6.68,0.0
15338.0,6.69,0.0
15338.0,6.69,0.0
15339.0,6.69,0.0
15339.0,6.69,0.0
15340.0,6.69,0.0
15341.0,6.69,0.0
15341.0,6.76,0.0
15342.0,6.76,0.0
15342.0,6.76,0.0
15343.0,6.76,0.0
15344.0,6.76,0.0
15344.0,6.97,0.0
15345.0,6.97,0.0
15345.0,6.97,0.0
15346.0,6.97,0.0
15346.0,6.97,0.0
15347.0,6.96,0.0
15348.0,6.96,0.0
15348.0,6.96,0.0
15349.0,6.96,0.0
15349.0,6.96,0.0
15350.0,6.79,0.0
15351.0,6.8,0.0
15351.0,6.79,0.0
15352.0,6.8,0.0
15352.0,6.79,0.0
15353.0,6.8,0.0
15354.0,6.74,0.0
15354.0,6.74,0.0
15355.0,6.74,0.0
15355.0,6.74,0.0
15356.0,6.74,0.0
15356.0,6.97,0.0
15357.0,6.97,0.0
15358.0,6.97,0.0
15358.0,6.97,0.0
15359.0,6.97,0.0
15359.0,6.89,0.0
15360.0,6.89,0.0
15361.0,6.89,0.0
15361.0,6.89,0.0
15362.0,6.89,0.0
15362.0,6.89,0.0
15363.0,6.77,0.0
15363.0,6.77,0.0
15364.0,6.77,0.0
15365.0,6.77,0.0
15365.0,6.77,0.0
15366.0,6.91,0.0
15366.0,6.9,0.0
15367.0,6.91,0.0
15368.0,6.9,0.0
15368.0,6.91,0.0
15369.0,6.9,0.0
15369.0,6.9,0.0
15370.0,6.9,0.0
15371.0,6.9,0.0
15371.0,6.9,0.0
15372.0,6.9,0.0
15372.0,6.72,0.0
15373.0,6.72,0.0
15373.0,6.72,0.0
15374.0,6.72,0.0
15375.0,6.72,0.0
15375.0,6.77,0.0
15376.0,6.77,0.0
15376.0,6.77,0.0
15377.0,6.77,0.0
15378.0,6.77,0.0
15378.0,6.86,0.0
15379.0,6.86,0.0
15379.0,6.86,0.0
15380.0,6.86,0.0
15380.0,6.86,0.0
15381.0,6.86,0.0
15382.0,6.83,0.0
15382.0,6.83,0.0
15383.0,6.83,0.0
15383.0,6.83,0.0
15384.0,6.83,0.0
15385.0,6.89,0.0
15385.0,6.89,0.0
15386.0,6.89,0.0
15386.0,6.89,0.0
15387.0,6.89,0.0
15388.0,6.91,0.0
15388.0,6.91,0.0
15389.0,6.91,0.0
15389.0,6.91,0.0
15390.0,6.91,0.0
15390.0,6.91,0.0
15391.0,6.67,0.0
15392.0,6.67,0.0
15392.0,6.67,0.0
15393.0,6.67,0.0
15393.0,6.67,0.0
15394.0,6.58,0.0
15395.0,6.58,0.0
15395.0,6.58,0.0
15396.0,6.58,0.0
15396.0,6.58,0.0
15397.0,6.52,0.0
15397.0,6.52,0.0
15398.0,6.52,0.0
15399.0,6.52,0.0
15399.0,6.52,0.0
15400.0,6.52,0.0
15400.0,6.73,0.0
15401.0,6.73,0.0
15402.0,6.73,0.0
15402.0,6.73,0.0
15403.0,6.73,0.0
15403.0,6.99,0.0
15404.0,6.98,0.0
15405.0,6.99,0.0
15405.0,6.98,0.0
15406.0,6.99,0.0
15406.0,7.38,0.0
15407.0,7.39,0.0
15407.0,7.38,0.0
15408.0,7.39,0.0
15409.0,7.38,0.0
15409.0,7.39,0.0
15410.0,6.96,0.0
15410.0,6.97,0.0
15411.0,6.96,0.0
15412.0,6.97,0.0
15412.0,6.96,0.0
15413.0,6.72,0.0
15413.0,6.71,0.0
15414.0,6.72,0.0
15415.0,6.71,0.0
15415.0,6.72,0.0
15416.0,6.69,0.0
15416.0,6.7,0.0
15417.0,6.69,0.0
15417.0,6.7,0.0
15418.0,6.69,0.0
15419.0,6.7,0.0
15419.0,6.67,0.0
15420.0,6.67,0.0
15420.0,6.67,0.0
15421.0,6.67,0.0
15422.0,6.67,0.0
15422.0,6.94,0.0
15423.0,6.94,0.0
15423.0,6.94,0.0
15424.0,6.94,0.0
15424.0,6.94,0.0
15425.0,7.07,0.0
15426.0,7.07,0.0
15426.0,7.07,0.0
15427.0,7.07,0.0
15427.0,7.07,0.0
15428.0,7.07,0.0
15429.0,6.98,0.0
15429.0,6.98,0.0
15430.0,6.98,0.0
15430.0,6.98,0.0
15431.0,6.98,0.0
15431.0,6.67,0.0
15432.0,6.67,0.0
15433.0,6.67,0.0
15433.0,6.67,0.0
15434.0,6.67,0.0
15434.0,6.57,0.0
15435.0,6.57,0.0
15436.0,6.57,0.0
15436.0,6.57,0.0
15437.0,6.57,0.0
15437.0,6.85,0.0
15438.0,6.85,0.0
15439.0,6.85,0.0
15439.0,6.85,0.0
15440.0,6.85,0.0
15440.0,6.85,0.0
15441.0,7.09,0.0
15442.0,7.09,0.0
15442.0,7.09,0.0
15443.0,7.09,0.0
15443.0,7.09,0.0
15444.0,6.92,0.0
15445.0,6.92,0.0
15445.0,6.92,0.0
15446.0,6.92,0.0
15446.0,6.92,0.0
15447.0,6.87,0.0
15447.0,6.87,0.0
15448.0,6.87,0.0
15449.0,6.87,0.0
15449.0,6.87,0.0
15450.0,6.87,0.0
15450.0,6.59,0.0
15451.0,6.59,0.0
15452.0,6.59,0.0
15452.0,6.59,0.0
15453.0,6.59,0.0
15453.0,6.75,0.0
15454.0,6.75,0.0
15454.0,6.75,0.0
15455.0,6.75,0.0
15456.0,6.75,0.0
15456.0,7.12,0.0
15457.0,7.12,0.0
15457.0,7.12,0.0
15458.0,7.12,0.0
15459.0,7.12,0.0
15459.0,7.12,0.0
15460.0,7.03,0.0
15460.0,7.02,0.0
15461.0,7.03,0.0
15462.0,7.02,0.0
15462.0,7.03,0.0
15463.0,7.05,0.0
15463.0,7.05,0.0
15464.0,7.05,0.0
15464.0,7.05,0.0
15465.0,7.05,0.0
15466.0,7.03,0.0
15466.0,7.03,0.0
15467.0,7.03,0.0
15467.0,7.03,0.01
15468.0,7.03,0.01
15468.0,7.03,0.01
15469.0,7.06,0.01
15470.0,7.06,0.01
15470.0,7.06,0.01
15471.0,7.06,0.01
15471.0,7.06,0.01
15472.0,7.21,0.01
15472.0,7.21,0.01
15473.0,7.21,0.01
15474.0,7.21,0.01
15474.0,7.21,0.01
15475.0,7.47,0.01
15475.0,7.46,0.01
15476.0,7.47,0.01
15477.0,7.46,0.02
15477.0,7.47,0.02
15478.0,7.46,0.02
15478.0,7.86,0.02
15479.0,7.86,0.02
15479.0,7.86,0.02
15480.0,7.86,0.02
15481.0,7.86,0.02
15481.0,8.36,0.02
15482.0,8.36,0.02
15482.0,8.36,0.02
15483.0,8.36,0.02
15483.0,8.36,0.02
15484.0,8.36,0.02
15485.0,8.58,0.02
15485.0,8.58,0.03
15486.0,8.58,0.03
15486.0,8.58,0.03
15487.0,8.58,0.03
15487.0,8.84,0.03
15488.0,8.83,0.03
15489.0,8.84,0.03
15489.0,8.83,0.03
15490.0,8.84,0.03
15490.0,8.83,0.03
15491.0,8.74,0.03
15492.0,8.74,0.03
15492.0,8.74,0.03
15493.0,8.74,0.03
15493.0,8.74,0.03
15494.0,8.81,0.03
15494.0,8.81,0.04
15495.0,8.81,0.04
15496.0,8.81,0.04
15496.0,8.81,0.04
15497.0,9.23,0.04
15497.0,9.23,0.04
15498.0,9.23,0.04
15498.0,9.23,0.04
15499.0,9.23,0.04
15500.0,9.23,0.04
15500.0,9.5,0.04
15501.0,9.5,0.04
15501.0,9.5,0.04
15502.0,9.5,0.04
15502.0,9.5,0.04
15503.0,9.76,0.04
15504.0,9.76,0.05
15504.0,9.76,0.05
15505.0,9.76,0.05
15505.0,9.76,0.05
15506.0,9.76,0.05
15507.0,9.97,0.05
15507.0,9.97,0.05
15508.0,9.97,0.05
15508.0,9.97,0.05
15509.0,9.97,0.05
15509.0,10.15,0.05
15510.0,10.15,0.05
15511.0,10.15,0.05
15511.0,10.15,0.05
15512.0,10.15,0.05
15512.0,10.33,0.05
15513.0,10.33,0.05
15513.0,10.33,0.06
15514.0,10.33,0.06
15515.0,10.33,0.06
15515.0,10.33,0.06
15516.0,10.61,0.06
15516.0,10.61,0.06
15517.0,10.61,0.06
15517.0,10.61,0.06
15518.0,10.61,0.06
15519.0,10.79,0.06
15519.0,10.79,0.06
15520.0,10.79,0.06
15520.0,10.79,0.06
15521.0,10.79,0.06
15522.0,10.79,0.06
15522.0,11.28,0.06
15523.0,11.28,0.07
15523.0,11.28,0.07
15524.0,11.28,0.07
15524.0,11.28,0.07
15525.0,11.57,0.07
15526.0,11.57,0.07
15526.0,11.57,0.07
15527.0,11.57,0.07
15527.0,11.57,0.07
15528.0,11.17,0.07
15528.0,11.17,0.07
15529.0,11.17,0.07
15530.0,11.17,0.07
15530.0,11.17,0.07
15531.0,11.17,0.07
15531.0,11.28,0.08
15532.0,11.28,0.08
15532.0,11.28,0.08
15533.0,11.28,0.08
15534.0,11.28,0.08
15534.0,11.62,0.08
15535.0,11.62,0.08
15535.0,11.62,0.08
15536.0,11.62,0.08
15537.0,11.62,0.08
15537.0,11.78,0.08
15538.0,11.78,0.08
15538.0,11.78,0.08
15539.0,11.78,0.08
15540.0,11.78,0.08
15540.0,11.78,0.08
15541.0,12.25,0.09
15541.0,12.25,0.09
15542.0,12.25,0.09
15542.0,12.25,0.09
15543.0,12.25,0.09
15544.0,12.33,0.09
15544.0,12.33,0.09
15545.0,12.33,0.09
15545.0,12.33,0.09
15546.0,12.33,0.09
15546.0,12.33,0.09
15547.0,12.52,0.09
15548.0,12.52,0.09
15548.0,12.52,0.09
15549.0,12.52,0.09
15549.0,12.52,0.09
15550.0,12.64,0.09
15550.0,12.63,0.1
15551.0,12.64,0.1
15552.0,12.63,0.1
15552.0,12.64,0.1
15553.0,12.86,0.1
15553.0,12.86,0.1
15554.0,12.86,0.1
15555.0,12.86,0.1
15555.0,12.86,0.1
15556.0,12.86,0.1
15556.0,12.99,0.1
15557.0,12.99,0.1
15557.0,12.99,0.1
15558.0,12.99,0.1
15559.0,12.99,0.1
15559.0,12.97,0.1
15560.0,12.97,0.11
15560.0,12.97,0.11
15561.0,12.97,0.11
15561.0,12.97,0.11
15562.0,12.97,0.11
15563.0,13.24,0.11
15563.0,13.24,0.11
15564.0,13.24,0.11
15564.0,13.24,0.11
15565.0,13.24,0.11
15565.0,13.49,0.11
15566.0,13.49,0.11
15567.0,13.49,0.11
15567.0,13.49,0.11
15568.0,13.49,0.11
15568.0,13.49,0.12
15569.0,13.62,0.12
15570.0,13.63,0.12
15570.0,13.62,0.12
15571.0,13.63,0.12
15571.0,13.62,0.12
15572.0,13.69,0.12
15572.0,13.69,0.12
15573.0,13.69,0.12
15574.0,13.69,0.12
15574.0,13.69,0.12
15575.0,13.79,0.12
15575.0,13.79,0.12
15576.0,13.79,0.12
15576.0,13.79,0.12
15577.0,13.79,0.12
15578.0,13.79,0.13
15578.0,14.09,0.13
15579.0,14.1,0.13
15579.0,14.09,0.13
15580.0,14.1,0.13
15580.0,14.09,0.13
15581.0,14.41,0.13
15582.0,14.41,0.13
15582.0,14.41,0.13
15583.0,14.41,0.13
15583.0,14.41,0.13
15584.0,14.41,0.13
15585.0,14.66,0.13
15585.0,14.66,0.13
15586.0,14.66,0.13
15586.0,14.66,0.13
15587.0,14.66,0.14
15587.0,14.48,0.14
15588.0,14.48,0.14
15589.0,14.48,0.14
15589.0,14.48,0.14
15590.0,14.48,0.14
15590.0,14.69,0.14
15591.0,14.68,0.14
15591.0,14.69,0.14
15592.0,14.68,0.14
15593.0,14.69,0.14
15593.0,14.68,0.14
15594.0,14.74,0.14
15594.0,14.74,0.14
15595.0,14.74,0.14
15595.0,14.74,0.14
15596.0,14.74,0.14
15597.0,14.85,0.15
15597.0,14.85,0.15
15598.0,14.85,0.15
15598.0,14.85,0.15
15599.0,14.85,0.15
15600.0,14.85,0.15
15600.0,15.2,0.15
15601.0,15.2,0.15
15601.0,15.2,0.15
15602.0,15.2,0.15
15602.0,15.2,0.15
15603.0,15.07,0.15
15604.0,15.07,0.15
15604.0,15.07,0.15
15605.0,15.07,0.15
15605.0,15.07,0.16
15606.0,15.27,0.16
15606.0,15.27,0.16
15607.0,15.27,0.16
15608.0,15.27,0.16
15608.0,15.27,0.16
15609.0,15.27,0.16
15609.0,15.4,0.16
15610.0,15.4,0.16
15611.0,15.4,0.16
15611.0,15.4,0.16
15612.0,15.4,0.16
15612.0,15.38,0.16
15613.0,15.37,0.16
15613.0,15.38,0.16
15614.0,15.37,0.16
15615.0,15.38,0.17
15615.0,15.37,0.17
15616.0,15.77,0.17
15616.0,15.76,0.17
15617.0,15.77,0.17
15617.0,15.76,0.17
15618.0,15.77,0.17
15619.0,15.93,0.17
15619.0,15.93,0.17
15620.0,15.93,0.17
15620.0,15.93,0.17
15621.0,15.93,0.17
15621.0,16.29,0.17
15622.0,16.29,0.17
15623.0,16.29,0.17
15623.0,16.29,0.17
15624.0,16.29,0.17
15624.0,16.29,0.18
15625.0,16.75,0.18
15626.0,16.75,0.18
15626.0,16.75,0.18
15627.0,16.75,0.18
15627.0,16.75,0.18
15628.0,16.67,0.18
15628.0,16.67,0.18
15629.0,16.67,0.18
15630.0,16.67,0.18
15630.0,16.67,0.18
15631.0,16.67,0.18
15631.0,16.64,0.18
15632.0,16.64,0.18
15632.0,16.64,0.18
15633.0,16.64,0.19
15634.0,16.64,0.19
15634.0,16.94,0.19
15635.0,16.94,0.19
15635.0,16.94,0.19
15636.0,16.94,0.19
15636.0,16.94,0.19
15637.0,17.28,0.19
15638.0,17.28,0.19
15638.0,17.28,0.19
15639.0,17.28,0.19
15639.0,17.28,0.19
15640.0,17.28,0.19
15641.0,17.36,0.19
15641.0,17.36,0.19
15642.0,17.36,0.19
15642.0,17.36,0.19
15643.0,17.36,0.2
15644.0,17.64,0.2
15644.0,17.63,0.2
15645.0,17.64,0.2
15645.0,17.63,0.2
15646.0,17.64,0.2
15646.0,17.96,0.2
15647.0,17.96,0.2
15648.0,17.96,0.2
15648.0,17.96,0.2
15649.0,17.96,0.2
15649.0,17.96,0.2
15650.0,18.06,0.2
15650.0,18.07,0.2
15651.0,18.06,0.2
15652.0,18.07,0.2
15652.0,18.06,0.21
15653.0,17.98,0.21
15653.0,17.98,0.21
15654.0,17.98,0.21
15654.0,17.98,0.21
15655.0,17.98,0.21
15656.0,17.98,0.21
15656.0,18.26,0.21
15657.0,18.26,0.21
15657.0,18.26,0.21
15658.0,18.26,0.21
15659.0,18.26,0.21
15659.0,18.7,0.21
15660.0,18.7,0.21
15660.0,18.7,0.21
15661.0,18.7,0.22
15661.0,18.7,0.22
15662.0,18.7,0.22
15663.0,19.14,0.22
15663.0,19.14,0.22
15664.0,19.14,0.22
15664.0,19.14,0.22
15665.0,19.14,0.22
15665.0,19.4,0.22
15666.0,19.39,0.22
15667.0,19.4,0.22
15667.0,19.39,0.22
15668.0,19.4,0.22
15668.0,19.36,0.22
15669.0,19.36,0.22
15669.0,19.36,0.22
15670.0,19.36,0.22
15671.0,19.36,0.23
15671.0,19.36,0.23
15672.0,19.5,0.23
15672.0,19.5,0.23
15673.0,19.5,0.23
15674.0,19.5,0.23
15674.0,19.5,0.23
15675.0,19.55,0.23
15675.0,19.55,0.23
15676.0,19.55,0.23
15676.0,19.55,0.23
15677.0,19.55,0.23
15678.0,19.55,0.23
15678.0,19.75,0.23
15679.0,19.75,0.23
15679.0,19.75,0.23
15680.0,19.75,0.24
15680.0,19.75,0.24
15681.0,20.37,0.24
15682.0,20.37,0.24
15682.0,20.37,0.24
15683.0,20.37,0.24
15683.0,20.37,0.24
15684.0,20.58,0.24
15684.0,20.57,0.24
15685.0,20.58,0.24
15686.0,20.57,0.24
15686.0,20.58,0.24
15687.0,20.57,0.24
15687.0,20.52,0.24
15688.0,20.52,0.24
15689.0,20.52,0.25
15689.0,20.52,0.25
15690.0,20.52,0.25
15690.0,20.57,0.25
15691.0,20.58,0.25
15691.0,20.57,0.25
15692.0,20.58,0.25
15693.0,20.57,0.25
15693.0,20.58,0.25
15694.0,20.94,0.25
15694.0,20.94,0.25
15695.0,20.94,0.25
15695.0,20.94,0.25
15696.0,20.94,0.25
15697.0,21.21,0.25
15697.0,21.21,0.25
15698.0,21.21,0.25
15698.0,21.21,0.26
15699.0,21.21,0.26
15699.0,21.44,0.26
15700.0,21.44,0.26
15701.0,21.44,0.26
15701.0,21.44,0.26
15702.0,21.44,0.26
15702.0,21.44,0.26
15703.0,21.69,0.26
15704.0,21.69,0.26
15704.0,21.69,0.26
15705.0,21.69,0.26
15705.0,21.69,0.26
15706.0,21.64,0.26
15706.0,21.64,0.26
15707.0,21.64,0.26
15708.0,21.64,0.27
15708.0,21.64,0.27
15709.0,21.64,0.27
15709.0,21.78,0.27
15710.0,21.78,0.27
15710.0,21.78,0.27
15711.0,21.78,0.27
15712.0,21.78,0.27
15712.0,22.03,0.27
15713.0,22.03,0.27
15713.0,22.03,0.27
15714.0,22.03,0.27
15714.0,22.03,0.27
15715.0,22.02,0.27
15716.0,22.02,0.27
15716.0,22.02,0.28
15717.0,22.02,0.28
15717.0,22.02,0.28
15718.0,22.02,0.28
15719.0,22.18,0.28
15719.0,22.18,0.28
15720.0,22.18,0.28
15720.0,22.18,0.28
15721.0,22.18,0.28
15721.0,22.7,0.28
15722.0,22.7,0.28
15723.0,22.7,0.28
15723.0,22.7,0.28
15724.0,22.7,0.28
15724.0,22.7,0.28
15725.0,22.86,0.28
15725.0,22.86,0.28
15726.0,22.86,0.29
15727.0,22.86,0.29
15727.0,22.86,0.29
15728.0,22.96,0.29
15728.0,22.96,0.29
15729.0,22.96,0.29
15729.0,22.96,0.29
15730.0,22.96,0.29
15731.0,23.23,0.29
15731.0,23.23,0.29
15732.0,23.23,0.29
15732.0,23.23,0.29
15733.0,23.23,0.29
15734.0,23.23,0.29
15734.0,23.36,0.29
15735.0,23.36,0.29
15735.0,23.36,0.3
15736.0,23.36,0.3
15736.0,23.36,0.3
15737.0,23.64,0.3
15738.0,23.64,0.3
15738.0,23.64,0.3
15739.0,23.64,0.3
15739.0,23.64,0.3
15740.0,23.83,0.3
15741.0,23.83,0.3
15741.0,23.83,0.3
15742.0,23.83,0.3
15742.0,23.83,0.3
15743.0,23.83,0.3
15743.0,24.25,0.3
15744.0,24.25,0.31
15745.0,24.25,0.31
15745.0,24.25,0.31
15746.0,24.25,0.31
15746.0,24.66,0.31
15747.0,24.66,0.31
15747.0,24.66,0.31
15748.0,24.66,0.31
15749.0,24.66,0.31
15749.0,24.66,0.31
15750.0,24.62,0.31
15750.0,24.62,0.31
15751.0,24.62,0.31
15752.0,24.62,0.31
15752.0,24.62,0.31
15753.0,24.36,0.31
15753.0,24.36,0.31
15754.0,24.36,0.32
15754.0,24.36,0.32
15755.0,24.36,0.32
15756.0,24.36,0.32
15756.0,24.71,0.32
15757.0,24.71,0.32
15757.0,24.71,0.32
15758.0,24.71,0.32
15758.0,24.71,0.32
15759.0,25.0,0.32
15760.0,25.0,0.32
15760.0,25.0,0.32
15761.0,25.0,0.32
15761.0,25.0,0.32
15762.0,25.09,0.32
15762.0,25.09,0.32
15763.0,25.09,0.33
15764.0,25.09,0.33
15764.0,25.09,0.33
15765.0,25.09,0.33
15765.0,25.57,0.33
15766.0,25.57,0.33
15767.0,25.57,0.33
15767.0,25.57,0.33
15768.0,25.57,0.33
15768.0,25.83,0.33
15769.0,25.83,0.33
15769.0,25.83,0.33
15770.0,25.83,0.33
15771.0,25.83,0.33
15771.0,25.83,0.33
15772.0,25.74,0.34
15772.0,25.74,0.34
15773.0,25.74,0.34
15773.0,25.74,0.34
15774.0,25.74,0.34
15775.0,25.61,0.34
15775.0,25.61,0.34
15776.0,25.61,0.34
15776.0,25.61,0.34
15777.0,25.61,0.34
15777.0,25.92,0.34
15778.0,25.92,0.34
15779.0,25.92,0.34
15779.0,25.92,0.34
15780.0,25.92,0.34
15780.0,25.92,0.34
15781.0,26.58,0.34
15782.0,26.58,0.35
15782.0,26.58,0.35
15783.0,26.58,0.35
15783.0,26.58,0.35
15784.0,26.85,0.35
15784.0,26.85,0.35
15785.0,26.85,0.35
15786.0,26.85,0.35
15786.0,26.85,0.35
15787.0,26.85,0.35
15787.0,26.77,0.35
15788.0,26.77,0.35
15788.0,26.77,0.35
15789.0,26.77,0.35
15790.0,26.77,0.35
15790.0,26.76,0.35
15791.0,26.76,0.36
15791.0,26.76,0.36
15792.0,26.76,0.36
15793.0,26.76,0.36
15793.0,26.84,0.36
15794.0,26.84,0.36
15794.0,26.84,0.36
15795.0,26.84,0.36
15795.0,26.84,0.36
15796.0,26.84,0.36
15797.0,27.06,0.36
15797.0,27.06,0.36
15798.0,27.06,0.36
15798.0,27.06,0.36
15799.0,27.06,0.36
15799.0,27.28,0.37
15800.0,27.28,0.37
15801.0,27.28,0.37
15801.0,27.28,0.37
15802.0,27.28,0.37
15802.0,27.28,0.37
15803.0,27.47,0.37
15803.0,27.47,0.37
15804.0,27.47,0.37
15805.0,27.47,0.37
15805.0,27.47,0.37
15806.0,27.85,0.37
15806.0,27.85,0.37
15807.0,27.85,0.37
15808.0,27.85,0.37
15808.0,27.85,0.37
15809.0,27.76,0.37
15809.0,27.76,0.38
15810.0,27.76,0.38
15810.0,27.76,0.38
15811.0,27.76,0.38
15812.0,27.76,0.38
15812.0,27.87,0.38
15813.0,27.87,0.38
15813.0,27.87,0.38
15814.0,27.87,0.38
15814.0,27.87,0.38
15815.0,28.07,0.38
15816.0,28.08,0.38
15816.0,28.07,0.38
15817.0,28.08,0.38
15817.0,28.07,0.38
15818.0,28.08,0.38
15818.0,28.47,0.39
15819.0,28.47,0.39
15820.0,28.47,0.39
15820.0,28.47,0.39
15821.0,28.47,0.39
15821.0,28.53,0.39
15822.0,28.53,0.39
15823.0,28.53,0.39
15823.0,28.53,0.39
15824.0,28.53,0.39
15824.0,28.66,0.39
15825.0,28.66,0.39
15825.0,28.66,0.39
15826.0,28.66,0.39
15827.0,28.66,0.39
15827.0,28.66,0.4
15828.0,28.83,0.4
15828.0,28.83,0.4
15829.0,28.83,0.4
15829.0,28.83,0.4
15830.0,28.83,0.4
15831.0,28.64,0.4
15831.0,28.64,0.4
15832.0,28.64,0.4
15832.0,28.64,0.4
15833.0,28.64,0.4
15833.0,28.64,0.4
15834.0,28.76,0.4
15835.0,28.76,0.4
15835.0,28.76,0.4
15836.0,28.76,0.4
15836.0,28.76,0.41
15837.0,28.98,0.41
15838.0,28.99,0.41
15838.0,28.98,0.41
15839.0,28.99,0.41
15839.0,28.98,0.41
15840.0,29.05,0.41
15841.0,29.04,0.41
15841.0,29.05,0.41
15842.0,29.04,0.41
15842.0,29.05,0.41
15843.0,29.04,0.41
15843.0,29.45,0.41
15844.0,29.45,0.41
15845.0,29.45,0.41
15845.0,29.45,0.41
15846.0,29.45,0.41
15846.0,29.77,0.42
15847.0,29.77,0.42
15847.0,29.77,0.42
15848.0,29.77,0.42
15849.0,29.77,0.42
15849.0,29.77,0.42
15850.0,29.87,0.42
15850.0,29.87,0.42
15851.0,29.87,0.42
15851.0,29.87,0.42
15852.0,29.87,0.42
15853.0,29.73,0.42
15853.0,29.73,0.42
15854.0,29.73,0.42
15854.0,29.73,0.42
15855.0,29.73,0.43
15856.0,29.88,0.43
15856.0,29.89,0.43
15857.0,29.88,0.43
15857.0,29.89,0.43
15858.0,29.88,0.43
15858.0,29.89,0.43
15859.0,30.13,0.43
15860.0,30.14,0.43
15860.0,30.13,0.43
15861.0,30.14,0.43
15861.0,30.13,0.43
15862.0,30.69,0.43
15862.0,30.69,0.43
15863.0,30.69,0.43
15864.0,30.69,0.43
15864.0,30.69,0.44
15865.0,30.69,0.44
15865.0,30.75,0.44
15866.0,30.74,0.44
15866.0,30.75,0.44
15867.0,30.74,0.44
15868.0,30.75,0.44
15868.0,31.08,0.44
15869.0,31.08,0.44
15869.0,31.08,0.44
15870.0,31.08,0.44
15871.0,31.08,0.44
15871.0,31.08,0.44
15872.0,31.08,0.44
15872.0,31.08,0.44
15873.0,31.08,0.44
15873.0,31.08,0.44
15874.0,31.08,0.45
15875.0,31.02,0.45
15875.0,31.02,0.45
15876.0,31.02,0.45
15876.0,31.02,0.45
15877.0,31.02,0.45
15877.0,31.38,0.45
15878.0,31.38,0.45
15879.0,31.38,0.45
15879.0,31.38,0.45
15880.0,31.38,0.45
15880.0,31.38,0.45
15881.0,31.59,0.45
15881.0,31.59,0.45
15882.0,31.59,0.45
15883.0,31.59,0.46
15883.0,31.59,0.46
15884.0,31.83,0.46
15884.0,31.83,0.46
15885.0,31.83,0.46
15886.0,31.83,0.46
15886.0,31.83,0.46
15887.0,32.25,0.46
15887.0,32.25,0.46
15888.0,32.25,0.46
15888.0,32.25,0.46
15889.0,32.25,0.46
15890.0,32.25,0.46
15890.0,32.24,0.46
15891.0,32.24,0.46
15891.0,32.24,0.46
15892.0,32.24,0.47
15892.0,32.24,0.47
15893.0,32.19,0.47
15894.0,32.18,0.47
15894.0,32.19,0.47
15895.0,32.18,0.47
15895.0,32.19,0.47
15896.0,32.18,0.47
15896.0,32.49,0.47
15897.0,32.49,0.47
15898.0,32.49,0.47
15898.0,32.49,0.47
15899.0,32.49,0.47
15899.0,32.54,0.47
15900.0,32.54,0.47
15901.0,32.54,0.47
15901.0,32.54,0.47
15902.0,32.54,0.48
15902.0,32.6,0.48
15903.0,32.6,0.48
15903.0,32.6,0.48
15904.0,32.6,0.48
15905.0,32.6,0.48
15905.0,32.6,0.48
15906.0,32.92,0.48
15906.0,32.92,0.48
15907.0,32.92,0.48
15907.0,32.92,0.48
15908.0,32.92,0.48
15909.0,33.01,0.48
15909.0,33.01,0.48
15910.0,33.01,0.48
15910.0,33.01,0.49
15911.0,33.01,0.49
15911.0,33.01,0.49
15912.0,33.12,0.49
15913.0,33.13,0.49
15913.0,33.12,0.49
15914.0,33.13,0.49
15914.0,33.12,0.49
15915.0,33.37,0.49
15916.0,33.36,0.49
15916.0,33.37,0.49
15917.0,33.36,0.49
15917.0,33.37,0.49
15918.0,33.41,0.49
15918.0,33.41,0.49
15919.0,33.41,0.49
15920.0,33.41,0.5
15920.0,33.41,0.5
15921.0,33.41,0.5
15921.0,33.57,0.5
15922.0,33.58,0.5
15922.0,33.57,0.5
15923.0,33.58,0.5
15924.0,33.57,0.5
15924.0,33.83,0.5
15925.0,33.83,0.5
15925.0,33.83,0.5
15926.0,33.83,0.5
15926.0,33.83,0.5
15927.0,33.83,0.5
15928.0,33.92,0.5
15928.0,33.92,0.5
15929.0,33.92,0.5
15929.0,33.92,0.51
15930.0,33.92,0.51
15931.0,33.81,0.51
15931.0,33.81,0.51
15932.0,33.81,0.51
15932.0,33.81,0.51
15933.0,33.81,0.51
15933.0,34.13,0.51
15934.0,34.13,0.51
15935.0,34.13,0.51
15935.0,34.13,0.51
15936.0,34.13,0.51
15936.0,34.13,0.51
15937.0,34.46,0.51
15937.0,34.45,0.51
15938.0,34.46,0.51
15939.0,34.45,0.52
15939.0,34.46,0.52
15940.0,34.43,0.52
15940.0,34.44,0.52
15941.0,34.43,0.52
15942.0,34.44,0.52
15942.0,34.43,0.52
15943.0,34.44,0.52
15943.0,34.74,0.52
15944.0,34.74,0.52
15944.0,34.74,0.52
15945.0,34.74,0.52
15946.0,34.74,0.52
15946.0,34.87,0.52
15947.0,34.87,0.52
15947.0,34.87,0.52
15948.0,34.87,0.53
15949.0,34.87,0.53
15949.0,34.97,0.53
15950.0,34.97,0.53
15950.0,34.97,0.53
15951.0,34.97,0.53
15951.0,34.97,0.53
15952.0,34.97,0.53
15953.0,35.08,0.53
15953.0,35.08,0.53
15954.0,35.08,0.53
15954.0,35.08,0.53
15955.0,35.08,0.53
15955.0,35.08,0.53
15956.0,35.08,0.53
15957.0,35.08,0.54
15957.0,35.08,0.54
15958.0,35.08,0.54
15958.0,35.08,0.54
15959.0,35.17,0.54
15959.0,35.17,0.54
15960.0,35.17,0.54
15961.0,35.17,0.54
15961.0,35.17,0.54
15962.0,35.52,0.54
15962.0,35.53,0.54
15963.0,35.52,0.54
15964.0,35.53,0.54
15964.0,35.52,0.54
15965.0,35.36,0.54
15965.0,35.36,0.54
15966.0,35.36,0.55
15966.0,35.36,0.55
15967.0,35.36,0.55
15968.0,35.36,0.55
15968.0,35.51,0.55
15969.0,35.5,0.55
15969.0,35.51,0.55
15970.0,35.5,0.55
15970.0,35.51,0.55
15971.0,35.5,0.55
15972.0,35.5,0.55
15972.0,35.5,0.55
15973.0,35.5,0.55
15973.0,35.5,0.55
15974.0,35.5,0.55
15975.0,35.54,0.55
15975.0,35.54,0.56
15976.0,35.54,0.56
15976.0,35.54,0.56
15977.0,35.54,0.56
15977.0,35.95,0.56
15978.0,35.95,0.56
15979.0,35.95,0.56
15979.0,35.95,0.56
15980.0,35.95,0.56
15980.0,36.17,0.56
15981.0,36.17,0.56
15981.0,36.17,0.56
15982.0,36.17,0.56
15983.0,36.17,0.56
15983.0,36.17,0.56
15984.0,36.21,0.56
15984.0,36.22,0.56
15985.0,36.21,0.57
15985.0,36.22,0.57
15986.0,36.21,0.57
15987.0,36.31,0.57
15987.0,36.31,0.57
15988.0,36.31,0.57
15988.0,36.31,0.57
15989.0,36.31,0.57
15990.0,36.31,0.57
15990.0,36.37,0.57
15991.0,36.37,0.57
15991.0,36.37,0.57
15992.0,36.37,0.57
15992.0,36.37,0.57
15993.0,36.14,0.57
15994.0,36.14,0.57
15994.0,36.14,0.58
15995.0,36.14,0.58
15995.0,36.14,0.58
15996.0,36.36,0.58
15996.0,36.36,0.58
15997.0,36.36,0.58
15998.0,36.36,0.58
15998.0,36.36,0.58
15999.0,36.36,0.58
15999.0,36.66,0.58
16000.0,36.66,0.58
16000.0,36.66,0.58
16001.0,36.66,0.58
16002.0,36.66,0.58
16002.0,36.81,0.58
16003.0,36.81,0.58
16003.0,36.81,0.59
16004.0,36.81,0.59
16005.0,36.81,0.59
16005.0,36.81,0.59
16006.0,37.15,0.59
16006.0,37.15,0.59
16007.0,37.15,0.59
16007.0,37.15,0.59
16008.0,37.15,0.59
16009.0,37.23,0.59
16009.0,37.23,0.59
16010.0,37.23,0.59
16010.0,37.23,0.59
16011.0,37.23,0.59
16011.0,37.0,0.59
16012.0,37.01,0.6
16013.0,37.0,0.6
16013.0,37.01,0.6
16014.0,37.0,0.6
16014.0,37.01,0.6
16015.0,37.09,0.6
16015.0,37.09,0.6
16016.0,37.09,0.6
16017.0,37.09,0.6
16017.0,37.09,0.6
16018.0,37.35,0.6
16018.0,37.34,0.6
16019.0,37.35,0.6
16020.0,37.34,0.6
16020.0,37.35,0.6
16021.0,37.34,0.6
16021.0,37.6,0.61
16022.0,37.59,0.61
16022.0,37.6,0.61
16023.0,37.59,0.61
16024.0,37.6,0.61
16024.0,38.09,0.61
16025.0,38.09,0.61
16025.0,38.09,0.61
16026.0,38.09,0.61
16026.0,38.09,0.61
16027.0,38.09,0.61
16028.0,38.29,0.61
16028.0,38.29,0.61
16029.0,38.29,0.61
16029.0,38.29,0.61
16030.0,38.29,0.61
16030.0,38.47,0.62
16031.0,38.47,0.62
16032.0,38.47,0.62
16032.0,38.47,0.62
16033.0,38.47,0.62
16033.0,38.59,0.62
16034.0,38.6,0.62
16035.0,38.59,0.62
16035.0,38.6,0.62
16036.0,38.59,0.62
16036.0,38.6,0.62
16037.0,38.48,0.62
16037.0,38.49,0.62
16038.0,38.48,0.62
16039.0,38.49,0.62
16039.0,38.48,0.62
16040.0,38.78,0.62
16040.0,38.78,0.63
16041.0,38.78,0.63
16041.0,38.78,0.63
16042.0,38.78,0.63
16043.0,39.06,0.63
16043.0,39.06,0.63
16044.0,39.06,0.63
16044.0,39.06,0.63
16045.0,39.06,0.63
16046.0,39.06,0.63
16046.0,39.25,0.63
16047.0,39.25,0.63
16047.0,39.25,0.63
16048.0,39.25,0.63
16048.0,39.25,0.63
16049.0,39.11,0.63
16050.0,39.11,0.64
16050.0,39.11,0.64
16051.0,39.11,0.64
16051.0,39.11,0.64
16052.0,39.11,0.64
16053.0,39.03,0.64
16053.0,39.03,0.64
16054.0,39.03,0.64
16054.0,39.03,0.64
16055.0,39.03,0.64
16055.0,39.04,0.64
16056.0,39.04,0.64
16057.0,39.04,0.64
16057.0,39.04,0.64
16058.0,39.04,0.64
16058.0,39.41,0.64
16059.0,39.41,0.65
16059.0,39.41,0.65
16060.0,39.41,0.65
16061.0,39.41,0.65
16061.0,39.41,0.65
16062.0,39.65,0.65
16062.0,39.64,0.65
16063.0,39.65,0.65
16063.0,39.64,0.65
16064.0,39.65,0.65
16065.0,39.95,0.65
16065.0,39.95,0.65
16066.0,39.95,0.65
16066.0,39.95,0.65
16067.0,39.95,0.65
16068.0,39.95,0.65
16068.0,40.21,0.66
16069.0,40.21,0.66
16069.0,40.21,0.66
16070.0,40.21,0.66
16070.0,40.21,0.66
16071.0,40.07,0.66
16072.0,40.07,0.66
16072.0,40.07,0.66
16073.0,40.07,0.66
16073.0,40.07,0.66
16074.0,39.94,0.66
16074.0,39.94,0.66
16075.0,39.94,0.66
16076.0,39.94,0.66
16076.0,39.94,0.66
16077.0,39.94,0.67
16077.0,39.98,0.67
16078.0,39.98,0.67
16078.0,39.98,0.67
16079.0,39.98,0.67
16080.0,39.98,0.67
16080.0,40.5,0.67
16081.0,40.5,0.67
16081.0,40.5,0.67
16082.0,40.5,0.67
16083.0,40.5,0.67
16083.0,40.5,0.67
16084.0,41.0,0.67
16084.0,41.0,0.67
16085.0,41.0,0.67
16085.0,41.0,0.67
16086.0,41.0,0.68
16087.0,41.1,0.68
16087.0,41.1,0.68
16088.0,41.1,0.68
16088.0,41.1,0.68
16089.0,41.1,0.68
16089.0,40.98,0.68
16090.0,40.98,0.68
16091.0,40.98,0.68
16091.0,40.98,0.68
16092.0,40.98,0.68
16092.0,40.98,0.68
16093.0,41.06,0.68
16093.0,41.06,0.68
16094.0,41.06,0.68
16095.0,41.06,0.68
16095.0,41.06,0.69
16096.0,41.15,0.69
16096.0,41.15,0.69
16097.0,41.15,0.69
16098.0,41.15,0.69
16098.0,41.15,0.69
16099.0,41.15,0.69
16099.0,41.39,0.69
16100.0,41.39,0.69
16100.0,41.39,0.69
16101.0,41.39,0.69
16102.0,41.39,0.69
16102.0,41.84,0.69
16103.0,41.84,0.69
16103.0,41.84,0.69
16104.0,41.84,0.69
16104.0,41.84,0.69
16105.0,41.96,0.7
16106.0,41.96,0.7
16106.0,41.96,0.7
16107.0,41.96,0.7
16107.0,41.96,0.7
16108.0,41.96,0.7
16108.0,42.06,0.7
16109.0,42.06,0.7
16110.0,42.06,0.7
16110.0,42.06,0.7
16111.0,42.06,0.7
16111.0,42.04,0.7
16112.0,42.04,0.7
16113.0,42.04,0.7
16113.0,42.04,0.7
16114.0,42.04,0.7
16114.0,42.04,0.71
16115.0,42.06,0.71
16115.0,42.05,0.71
16116.0,42.06,0.71
16117.0,42.05,0.71
16117.0,42.06,0.71
16118.0,42.5,0.71
16118.0,42.5,0.71
16119.0,42.5,0.71
16119.0,42.5,0.71
16120.0,42.5,0.71
16121.0,42.5,0.71
16121.0,42.54,0.71
16122.0,42.54,0.71
16122.0,42.54,0.71
16123.0,42.54,0.71
16123.0,42.54,0.72
16124.0,42.82,0.72
16125.0,42.82,0.72
16125.0,42.82,0.72
16126.0,42.82,0.72
16126.0,42.82,0.72
16127.0,43.12,0.72
16128.0,43.13,0.72
16128.0,43.12,0.72
16129.0,43.13,0.72
16129.0,43.12,0.72
16130.0,43.13,0.72
16130.0,42.95,0.72
16131.0,42.96,0.72
16132.0,42.95,0.72
16132.0,42.96,0.73
16133.0,42.95,0.73
16133.0,42.98,0.73
16134.0,42.98,0.73
16134.0,42.98,0.73
16135.0,42.98,0.73
16136.0,42.98,0.73
16136.0,42.98,0.73
16137.0,43.31,0.73
16137.0,43.31,0.73
16138.0,43.31,0.73
16139.0,43.31,0.73
16139.0,43.31,0.73
16140.0,43.78,0.73
16140.0,43.78,0.73
16141.0,43.78,0.73
16141.0,43.78,0.74
16142.0,43.78,0.74
16143.0,43.92,0.74
16143.0,43.91,0.74
16144.0,43.92,0.74
16144.0,43.91,0.74
16145.0,43.92,0.74
16146.0,43.91,0.74
16146.0,44.1,0.74
16147.0,44.09,0.74
16147.0,44.1,0.74
16148.0,44.09,0.74
16148.0,44.1,0.74
16149.0,44.33,0.74
16150.0,44.33,0.74
16150.0,44.33,0.74
16151.0,44.33,0.75
16151.0,44.33,0.75
16152.0,44.25,0.75
16152.0,44.25,0.75
16153.0,44.25,0.75
16154.0,44.25,0.75
16154.0,44.25,0.75
16155.0,44.25,0.75
16155.0,44.26,0.75
16156.0,44.26,0.75
16156.0,44.26,0.75
16157.0,44.26,0.75
16158.0,44.26,0.75
16158.0,44.47,0.75
16159.0,44.47,0.75
16159.0,44.47,0.75
16160.0,44.47,0.75
16161.0,44.47,0.76
16161.0,44.47,0.76
16162.0,44.85,0.76
16162.0,44.85,0.76
16163.0,44.85,0.76
16163.0,44.85,0.76
16164.0,44.85,0.76
16165.0,45.02,0.76
16165.0,45.02,0.76
16166.0,45.02,0.76
16166.0,45.02,0.76
16167.0,45.02,0.76
16167.0,45.05,0.76
16168.0,45.06,0.76
16169.0,45.05,0.76
16169.0,45.06,0.76
16170.0,45.05,0.77
16170.0,45.06,0.77
16171.0,45.13,0.77
16172.0,45.13,0.77
16172.0,45.13,0.77
16173.0,45.13,0.77
16173.0,45.13,0.77
16174.0,45.28,0.77
16174.0,45.28,0.77
16175.0,45.28,0.77
16176.0,45.28,0.77
16176.0,45.28,0.77
16177.0,45.28,0.77
16177.0,45.49,0.77
16178.0,45.49,0.77
16178.0,45.49,0.77
16179.0,45.49,0.78
16180.0,45.49,0.78
16180.0,45.84,0.78
16181.0,45.85,0.78
16181.0,45.84,0.78
16182.0,45.85,0.78
16182.0,45.84,0.78
16183.0,46.26,0.78
16184.0,46.26,0.78
16184.0,46.26,0.78
16185.0,46.26,0.78
16185.0,46.26,0.78
16186.0,46.26,0.78
16187.0,46.38,0.78
16187.0,46.38,0.78
16188.0,46.38,0.79
16188.0,46.38,0.79
16189.0,46.38,0.79
16189.0,46.39,0.79
16190.0,46.4,0.79
16191.0,46.39,0.79
16191.0,46.4,0.79
16192.0,46.39,0.79
16192.0,46.4,0.79
16193.0,46.11,0.79
16193.0,46.11,0.79
16194.0,46.11,0.79
16195.0,46.11,0.79
16195.0,46.11,0.79
16196.0,46.28,0.79
16196.0,46.28,0.79
16197.0,46.28,0.8
16197.0,46.28,0.8
16198.0,46.28,0.8
16199.0,46.74,0.8
16199.0,46.74,0.8
16200.0,46.74,0.8
16200.0,46.74,0.8
16201.0,46.74,0.8
16202.0,46.74,0.8
16202.0,46.93,0.8
16203.0,46.93,0.8
16203.0,46.93,0.8
16204.0,46.93,0.8
16204.0,46.93,0.8
16205.0,47.13,0.8
16206.0,47.13,0.8
16206.0,47.13,0.81
16207.0,47.13,0.81
16207.0,47.13,0.81
16208.0,47.13,0.81
16208.0,47.19,0.81
16209.0,47.18,0.81
16210.0,47.19,0.81
16210.0,47.18,0.81
16211.0,47.19,0.81
16211.0,47.17,0.81
16212.0,47.17,0.81
16212.0,47.17,0.81
16213.0,47.17,0.81
16214.0,47.17,0.81
16214.0,47.17,0.81
16215.0,47.31,0.81
16215.0,47.31,0.81
16216.0,47.31,0.82
16217.0,47.31,0.82
16217.0,47.31,0.82
16218.0,47.65,0.82
16218.0,47.64,0.82
16219.0,47.65,0.82
16219.0,47.64,0.82
16220.0,47.65,0.82
16221.0,48.05,0.82
16221.0,48.05,0.82
16222.0,48.05,0.82
16222.0,48.05,0.82
16223.0,48.05,0.82
16223.0,48.05,0.82
16224.0,47.96,0.82
16225.0,47.97,0.82
16225.0,47.96,0.83
16226.0,47.97,0.83
16226.0,47.96,0.83
16227.0,48.04,0.83
16227.0,48.04,0.83
16228.0,48.04,0.83
16229.0,48.04,0.83
16229.0,48.04,0.83
16230.0,48.04,0.83
16230.0,48.34,0.83
16231.0,48.34,0.83
16232.0,48.34,0.83
16232.0,48.34,0.83
16233.0,48.34,0.83
16233.0,48.38,0.83
16234.0,48.38,0.83
16234.0,48.38,0.84
16235.0,48.38,0.84
16236.0,48.38,0.84
16236.0,48.35,0.84
16237.0,48.34,0.84
16237.0,48.35,0.84
16238.0,48.34,0.84
16238.0,48.35,0.84
16239.0,48.34,0.84
16240.0,48.83,0.84
16240.0,48.83,0.84
16241.0,48.83,0.84
16241.0,48.83,0.84
16242.0,48.83,0.84
16242.0,49.08,0.84
16243.0,49.08,0.85
16244.0,49.08,0.85
16244.0,49.08,0.85
16245.0,49.08,0.85
16245.0,49.15,0.85
16246.0,49.14,0.85
16247.0,49.15,0.85
16247.0,49.14,0.85
16248.0,49.15,0.85
16248.0,49.14,0.85
16249.0,49.4,0.85
16250.0,49.4,0.85
16250.0,49.4,0.85
16251.0,49.4,0.85
16251.0,49.4,0.85
16252.0,49.6,0.85
16252.0,49.6,0.86
16253.0,49.6,0.86
16254.0,49.6,0.86
16254.0,49.6,0.86
16255.0,49.6,0.86
16255.0,49.81,0.86
16256.0,49.81,0.86
16256.0,49.81,0.86
16257.0,49.81,0.86
16258.0,49.81,0.86
16258.0,49.95,0.86
16259.0,49.95,0.86
16259.0,49.95,0.86
16260.0,49.95,0.86
16260.0,49.95,0.86
16261.0,50.28,0.86
16262.0,50.28,0.87
16262.0,50.28,0.87
16263.0,50.28,0.87
16263.0,50.28,0.87
16264.0,50.28,0.87
16265.0,50.5,0.87
16265.0,50.51,0.87
16266.0,50.5,0.87
16266.0,50.51,0.87
16267.0,50.5,0.87
16267.0,50.57,0.87
16268.0,50.57,0.87
16269.0,50.57,0.87
16269.0,50.57,0.87
16270.0,50.57,0.87
16270.0,50.57,0.87
16271.0,50.33,0.88
16271.0,50.33,0.88
16272.0,50.33,0.88
16273.0,50.33,0.88
16273.0,50.33,0.88
16274.0,50.64,0.88
16274.0,50.64,0.88
16275.0,50.64,0.88
16275.0,50.64,0.88
16276.0,50.64,0.88
16277.0,50.91,0.88
16277.0,50.91,0.88
16278.0,50.91,0.88
16278.0,50.91,0.88
16279.0,50.91,0.88
16280.0,50.91,0.88
16280.0,50.92,0.88
16281.0,50.92,0.89
16281.0,50.92,0.89
16282.0,50.92,0.89
16282.0,50.92,0.89
16283.0,51.3,0.89
16284.0,51.3,0.89
16284.0,51.3,0.89
16285.0,51.3,0.89
16285.0,51.3,0.89
16286.0,51.3,0.89
16286.0,51.56,0.89
16287.0,51.56,0.89
16288.0,51.56,0.89
16288.0,51.56,0.89
16289.0,51.56,0.89
16289.0,51.7,0.89
16290.0,51.7,0.9
16290.0,51.7,0.9
16291.0,51.7,0.9
16292.0,51.7,0.9
16292.0,51.7,0.9
16293.0,51.78,0.9
16293.0,51.78,0.9
16294.0,51.78,0.9
16295.0,51.78,0.9
16295.0,51.78,0.9
16296.0,52.03,0.9
16296.0,52.03,0.9
16297.0,52.03,0.9
16297.0,52.03,0.9
16298.0,52.03,0.9
16299.0,52.19,0.9
16299.0,52.19,0.91
16300.0,52.19,0.91
16300.0,52.19,0.91
16301.0,52.19,0.91
16301.0,52.19,0.91
16302.0,52.48,0.91
16303.0,52.48,0.91
16303.0,52.48,0.91
16304.0,52.48,0.91
16304.0,52.48,0.91
16305.0,52.84,0.91
16305.0,52.84,0.91
16306.0,52.84,0.91
16307.0,52.84,0.91
16307.0,52.84,0.91
16308.0,52.84,0.92
16308.0,52.86,0.92
16309.0,52.87,0.92
16310.0,52.86,0.92
16310.0,52.87,0.92
16311.0,52.86,0.92
16311.0,53.04,0.92
16312.0,53.04,0.92
16312.0,53.04,0.92
16313.0,53.04,0.92
16314.0,53.04,0.92
16314.0,53.06,0.92
16315.0,53.06,0.92
16315.0,53.06,0.92
16316.0,53.06,0.92
16316.0,53.06,0.92
16317.0,53.06,0.93
16318.0,53.27,0.93
16318.0,53.27,0.93
16319.0,53.27,0.93
16319.0,53.27,0.93
16320.0,53.27,0.93
16321.0,53.69,0.93
16321.0,53.68,0.93
16322.0,53.69,0.93
16322.0,53.68,0.93
16323.0,53.69,0.93
16323.0,53.68,0.93
16324.0,53.89,0.93
16325.0,53.89,0.93
16325.0,53.89,0.93
16326.0,53.89,0.93
16326.0,53.89,0.94
16327.0,53.82,0.94
16327.0,53.82,0.94
16328.0,53.82,0.94
16329.0,53.82,0.94
16329.0,53.82,0.94
16330.0,54.05,0.94
16330.0,54.05,0.94
16331.0,54.05,0.94
16331.0,54.05,0.94
16332.0,54.05,0.94
16333.0,54.05,0.94
16333.0,54.33,0.94
16334.0,54.33,0.94
16334.0,54.33,0.94
16335.0,54.33,0.94
16336.0,54.33,0.94
16336.0,54.57,0.95
16337.0,54.57,0.95
16337.0,54.57,0.95
16338.0,54.57,0.95
16338.0,54.57,0.95
16339.0,54.57,0.95
16340.0,54.72,0.95
16340.0,54.72,0.95
16341.0,54.72,0.95
16341.0,54.72,0.95
16342.0,54.72,0.95
16342.0,54.92,0.95
16343.0,54.92,0.95
16344.0,54.92,0.95
16344.0,54.92,0.95
16345.0,54.92,0.95
16345.0,55.11,0.96
16346.0,55.11,0.96
16347.0,55.11,0.96
16347.0,55.11,0.96
16348.0,55.11,0.96
16348.0,55.11,0.96
16349.0,55.23,0.96
16349.0,55.23,0.96
16350.0,55.23,0.96
16351.0,55.23,0.96
16351.0,55.23,0.96
16352.0,55.2,0.96
16352.0,55.2,0.96
16353.0,55.2,0.96
16354.0,55.2,0.96
16354.0,55.2,0.96
16355.0,55.4,0.97
16355.0,55.4,0.97
16356.0,55.4,0.97
16356.0,55.4,0.97
16357.0,55.4,0.97
16358.0,55.4,0.97
16358.0,55.64,0.97
16359.0,55.65,0.97
16359.0,55.64,0.97
16360.0,55.65,0.97
16360.0,55.64,0.97
16361.0,56.01,0.97
16362.0,56.01,0.97
16362.0,56.01,0.97
16363.0,56.01,0.97
16363.0,56.01,0.98
16364.0,56.01,0.98
16364.0,56.15,0.98
16365.0,56.14,0.98
16366.0,56.15,0.98
16366.0,56.14,0.98
16367.0,56.15,0.98
16367.0,56.4,0.98
16368.0,56.4,0.98
16369.0,56.4,0.98
16369.0,56.4,0.98
16370.0,56.4,0.98
16370.0,56.51,0.98
16371.0,56.5,0.98
16371.0,56.51,0.98
16372.0,56.5,0.98
16373.0,56.51,0.99
16373.0,56.5,0.99
16374.0,56.56,0.99
16374.0,56.56,0.99
16375.0,56.56,0.99
16375.0,56.56,0.99
16376.0,56.56,0.99
16377.0,56.66,0.99
16377.0,56.67,0.99
16378.0,56.66,0.99
16378.0,56.67,0.99
16379.0,56.66,0.99
16379.0,56.67,0.99
16380.0,56.58,0.99
16381.0,56.58,0.99
16381.0,56.58,0.99
16382.0,56.58,1.0
16382.0,56.58,1.0
16383.0,56.72,1.0
16384.0,56.72,1.0
16384.0,56.72,1.0
16385.0,56.72,1.0
16385.0,56.72,1.0
16386.0,56.72,1.0
16386.0,57.08,1.0
16387.0,57.08,1.0
16388.0,57.08,1.0
16388.0,57.08,1.0
16389.0,57.08,1.0
16389.0,57.15,1.0
16390.0,57.15,1.0
16390.0,57.15,1.0
16391.0,57.15,1.0
16392.0,57.15,1.01
16392.0,57.31,1.01
16393.0,57.31,1.01
16393.0,57.31,1.01
16394.0,57.31,1.01
16394.0,57.31,1.01
16395.0,57.31,1.01
16396.0,57.37,1.01
16396.0,57.37,1.01
16397.0,57.37,1.01
16397.0,57.37,1.01
16398.0,57.37,1.01
16399.0,57.66,1.01
16399.0,57.66,1.01
16400.0,57.66,1.01
16400.0,57.66,1.01
16401.0,57.66,1.02
16401.0,57.66,1.02
16402.0,57.81,1.02
16403.0,57.81,1.02
16403.0,57.81,1.02
16404.0,57.81,1.02
16404.0,57.81,1.02
16405.0,57.96,1.02
16405.0,57.96,1.02
16406.0,57.96,1.02
16407.0,57.96,1.02
16407.0,57.96,1.02
16408.0,57.91,1.02
16408.0,57.91,1.02
16409.0,57.91,1.02
16409.0,57.91,1.02
16410.0,57.91,1.03
16411.0,57.91,1.03
16411.0,58.12,1.03
16412.0,58.12,1.03
16412.0,58.12,1.03
16413.0,58.12,1.03
16414.0,58.12,1.03
16414.0,58.34,1.03
16415.0,58.34,1.03
16415.0,58.34,1.03
16416.0,58.34,1.03
16416.0,58.34,1.03
16417.0,58.34,1.03
16418.0,58.62,1.03
16418.0,58.61,1.03
16419.0,58.62,1.03
16419.0,58.61,1.04
16420.0,58.62,1.04
16420.0,58.71,1.04
16421.0,58.71,1.04
16422.0,58.71,1.04
16422.0,58.71,1.04
16423.0,58.71,1.04
16423.0,58.86,1.04
16424.0,58.86,1.04
16424.0,58.86,1.04
16425.0,58.86,1.04
16426.0,58.86,1.04
16426.0,58.86,1.04
16427.0,58.66,1.04
16427.0,58.66,1.04
16428.0,58.66,1.04
16429.0,58.66,1.05
16429.0,58.66,1.05
16430.0,58.33,1.05
16430.0,58.33,1.05
16431.0,58.33,1.05
16431.0,58.33,1.05
16432.0,58.33,1.05
16433.0,58.33,1.05
16433.0,58.45,1.05
16434.0,58.45,1.05
16434.0,58.45,1.05
16435.0,58.45,1.05
16435.0,58.45,1.05
16436.0,58.46,1.05
16437.0,58.46,1.05
16437.0,58.46,1.05
16438.0,58.46,1.06
16438.0,58.46,1.06
16439.0,58.72,1.06
16439.0,58.72,1.06
16440.0,58.72,1.06
16441.0,58.72,1.06
16441.0,58.72,1.06
16442.0,58.72,1.06
16442.0,58.86,1.06
16443.0,58.86,1.06
16444.0,58.86,1.06
16444.0,58.86,1.06
16445.0,58.86,1.06
16445.0,58.92,1.06
16446.0,58.92,1.06
16447.0,58.92,1.07
16447.0,58.92,1.07
16448.0,58.92,1.07
16448.0,58.75,1.07
16449.0,58.76,1.07
16449.0,58.75,1.07
16450.0,58.76,1.07
16451.0,58.75,1.07
16451.0,58.76,1.07
16452.0,59.05,1.07
16452.0,59.06,1.07
16453.0,59.05,1.07
16453.0,59.06,1.07
16454.0,59.05,1.07
16455.0,59.14,1.07
16455.0,59.14,1.07
16456.0,59.14,1.08
16456.0,59.14,1.08
16457.0,59.14,1.08
16457.0,59.14,1.08
16458.0,59.17,1.08
16459.0,59.17,1.08
16459.0,59.17,1.08
16460.0,59.17,1.08
16460.0,59.17,1.08
16461.0,59.37,1.08
16462.0,59.37,1.08
16462.0,59.37,1.08
16463.0,59.37,1.08
16463.0,59.37,1.08
16464.0,59.83,1.08
16464.0,59.83,1.08
16465.0,59.83,1.09
16466.0,59.83,1.09
16466.0,59.83,1.09
16467.0,59.83,1.09
16467.0,59.97,1.09
16468.0,59.96,1.09
16468.0,59.97,1.09
16469.0,59.96,1.09
16470.0,59.97,1.09
16470.0,60.12,1.09
16471.0,60.12,1.09
16471.0,60.12,1.09
16472.0,60.12,1.09
16472.0,60.12,1.09
16473.0,60.12,1.09
16474.0,59.9,1.09
16474.0,59.9,1.1
16475.0,59.9,1.1
16475.0,59.9,1.1
16476.0,59.9,1.1
16477.0,60.25,1.1
16477.0,60.25,1.1
16478.0,60.25,1.1
16478.0,60.25,1.1
16479.0,60.25,1.1
16479.0,60.25,1.1
16480.0,60.49,1.1
16481.0,60.49,1.1
16481.0,60.49,1.1
16482.0,60.49,1.1
16482.0,60.49,1.1
16483.0,60.46,1.1
16483.0,60.47,1.11
16484.0,60.46,1.11
16485.0,60.47,1.11
16485.0,60.46,1.11
16486.0,60.97,1.11
16486.0,60.96,1.11
16487.0,60.97,1.11
16487.0,60.96,1.11
16488.0,60.97,1.11
16489.0,60.96,1.11
16489.0,61.24,1.11
16490.0,61.24,1.11
16490.0,61.24,1.11
16491.0,61.24,1.11
16492.0,61.24,1.11
16492.0,61.15,1.11
16493.0,61.15,1.12
16493.0,61.15,1.12
16494.0,61.15,1.12
16494.0,61.15,1.12
16495.0,61.15,1.12
16496.0,61.26,1.12
16496.0,61.26,1.12
16497.0,61.26,1.12
16497.0,61.26,1.12
16498.0,61.26,1.12
16498.0,61.53,1.12
16499.0,61.52,1.12
16500.0,61.53,1.12
16500.0,61.52,1.12
16501.0,61.53,1.12
16501.0,61.87,1.12
16502.0,61.87,1.12
16503.0,61.87,1.13
16503.0,61.87,1.13
16504.0,61.87,1.13
16504.0,61.87,1.13
16505.0,62.03,1.13
16505.0,62.03,1.13
16506.0,62.03,1.13
16507.0,62.03,1.13
16507.0,62.03,1.13
16508.0,62.15,1.13
16508.0,62.15,1.13
16509.0,62.15,1.13
16509.0,62.15,1.13
16510.0,62.15,1.13
16511.0,62.15,1.13
16511.0,62.25,1.13
16512.0,62.25,1.14
16512.0,62.25,1.14
16513.0,62.25,1.14
16513.0,62.25,1.14
16514.0,62.41,1.14
16515.0,62.42,1.14
16515.0,62.41,1.14
16516.0,62.42,1.14
16516.0,62.41,1.14
16517.0,62.69,1.14
16518.0,62.69,1.14
16518.0,62.69,1.14
16519.0,62.69,1.14
16519.0,62.69,1.14
16520.0,62.69,1.14
16520.0,62.78,1.14
16521.0,62.77,1.15
16522.0,62.78,1.15
16522.0,62.77,1.15
16523.0,62.78,1.15
16523.0,63.05,1.15
16524.0,63.05,1.15
16524.0,63.05,1.15
16525.0,63.05,1.15
16526.0,63.05,1.15
16526.0,63.05,1.15
16527.0,63.13,1.15
16527.0,63.13,1.15
16528.0,63.13,1.15
16528.0,63.13,1.15
16529.0,63.13,1.15
16530.0,63.04,1.15
16530.0,63.04,1.16
16531.0,63.04,1.16
16531.0,63.04,1.16
16532.0,63.04,1.16
16533.0,63.25,1.16
16533.0,63.25,1.16
16534.0,63.25,1.16
16534.0,63.25,1.16
16535.0,63.25,1.16
16535.0,63.25,1.16
16536.0,63.4,1.16
16537.0,63.4,1.16
16537.0,63.4,1.16
16538.0,63.4,1.16
16538.0,63.4,1.16
16539.0,63.54,1.16
16539.0,63.54,1.17
16540.0,63.54,1.17
16541.0,63.54,1.17
16541.0,63.54,1.17
16542.0,63.54,1.17
16542.0,64.1,1.17
16543.0,64.1,1.17
16543.0,64.1,1.17
16544.0,64.1,1.17
16545.0,64.1,1.17
16545.0,64.15,1.17
16546.0,64.15,1.17
16546.0,64.15,1.17
16547.0,64.15,1.17
16548.0,64.15,1.17
16548.0,64.16,1.17
16549.0,64.16,1.18
16549.0,64.16,1.18
16550.0,64.16,1.18
16551.0,64.16,1.18
16551.0,64.16,1.18
16552.0,64.25,1.18
16552.0,64.24,1.18
16553.0,64.25,1.18
16553.0,64.24,1.18
16554.0,64.25,1.18
16555.0,64.35,1.18
16555.0,64.35,1.18
16556.0,64.35,1.18
16556.0,64.35,1.18
16557.0,64.35,1.18
16557.0,64.36,1.18
16558.0,64.36,1.19
16559.0,64.36,1.19
16559.0,64.36,1.19
16560.0,64.36,1.19
16560.0,64.36,1.19
16561.0,64.73,1.19
16561.0,64.73,1.19
16562.0,64.73,1.19
16563.0,64.73,1.19
16563.0,64.73,1.19
16564.0,64.69,1.19
16564.0,64.69,1.19
16565.0,64.69,1.19
16566.0,64.69,1.19
16566.0,64.69,1.19
16567.0,64.69,1.2
16567.0,64.72,1.2
16568.0,64.72,1.2
16568.0,64.72,1.2
16569.0,64.72,1.2
16570.0,64.72,1.2
16570.0,64.71,1.2
16571.0,64.71,1.2
16571.0,64.71,1.2
16572.0,64.71,1.2
16572.0,64.71,1.2
16573.0,64.71,1.2
16574.0,64.97,1.2
16574.0,64.97,1.2
16575.0,64.97,1.2
16575.0,64.97,1.2
16576.0,64.97,1.21
16576.0,65.16,1.21
16577.0,65.16,1.21
16578.0,65.16,1.21
16578.0,65.16,1.21
16579.0,65.16,1.21
16579.0,65.33,1.21
16580.0,65.33,1.21
16581.0,65.33,1.21
16581.0,65.33,1.21
16582.0,65.33,1.21
16582.0,65.33,1.21
16583.0,65.4,1.21
16583.0,65.4,1.21
16584.0,65.4,1.21
16585.0,65.4,1.21
16585.0,65.4,1.22
16586.0,65.5,1.22
16586.0,65.5,1.22
16587.0,65.5,1.22
16587.0,65.5,1.22
16588.0,65.5,1.22
16589.0,65.5,1.22
16589.0,65.83,1.22
16590.0,65.83,1.22
16590.0,65.83,1.22
16591.0,65.83,1.22
16591.0,65.83,1.22
16592.0,65.75,1.22
16593.0,65.75,1.22
16593.0,65.75,1.22
16594.0,65.75,1.22
16594.0,65.75,1.23
16595.0,65.97,1.23
16596.0,65.97,1.23
16596.0,65.97,1.23
16597.0,65.97,1.23
16597.0,65.97,1.23
16598.0,65.97,1.23
16598.0,66.44,1.23
16599.0,66.44,1.23
16600.0,66.44,1.23
16600.0,66.44,1.23
16601.0,66.44,1.23
16601.0,66.54,1.23
16602.0,66.53,1.23
16602.0,66.54,1.23
16603.0,66.53,1.23
16604.0,66.54,1.24
16604.0,66.53,1.24
16605.0,66.52,1.24
16605.0,66.52,1.24
16606.0,66.52,1.24
16606.0,66.52,1.24
16607.0,66.52,1.24
16608.0,66.67,1.24
16608.0,66.67,1.24
16609.0,66.67,1.24
16609.0,66.67,1.24
16610.0,66.67,1.24
16611.0,66.77,1.24
16611.0,66.77,1.24
16612.0,66.77,1.24
16612.0,66.77,1.24
16613.0,66.77,1.25
16613.0,66.77,1.25
16614.0,66.56,1.25
16615.0,66.56,1.25
16615.0,66.56,1.25
16616.0,66.56,1.25
16616.0,66.56,1.25
16617.0,66.83,1.25
16617.0,66.83,1.25
16618.0,66.83,1.25
16619.0,66.83,1.25
16619.0,66.83,1.25
16620.0,66.83,1.25
16620.0,67.16,1.25
16621.0,67.17,1.25
16621.0,67.16,1.25
16622.0,67.17,1.25
16623.0,67.16,1.26
16623.0,67.4,1.26
16624.0,67.4,1.26
16624.0,67.4,1.26
16625.0,67.4,1.26
16626.0,67.4,1.26
16626.0,67.36,1.26
16627.0,67.36,1.26
16627.0,67.36,1.26
16628.0,67.36,1.26
16628.0,67.36,1.26
16629.0,67.36,1.26
16630.0,67.49,1.26
16630.0,67.49,1.26
16631.0,67.49,1.26
16631.0,67.49,1.26
16632.0,67.49,1.27
16632.0,67.76,1.27
16633.0,67.76,1.27
16634.0,67.76,1.27
16634.0,67.76,1.27
16635.0,67.76,1.27
16635.0,67.76,1.27
16636.0,67.82,1.27
16637.0,67.82,1.27
16637.0,67.82,1.27
16638.0,67.82,1.27
16638.0,67.82,1.27
16639.0,67.85,1.27
16639.0,67.85,1.27
16640.0,67.85,1.27
16641.0,67.85,1.27
16641.0,67.85,1.28
16642.0,67.92,1.28
16642.0,67.91,1.28
16643.0,67.92,1.28
16643.0,67.91,1.28
16644.0,67.92,1.28
16645.0,67.91,1.28
16645.0,68.14,1.28
16646.0,68.14,1.28
16646.0,68.14,1.28
16647.0,68.14,1.28
16647.0,68.14,1.28
16648.0,67.81,1.28
16649.0,67.82,1.28
16649.0,67.81,1.28
16650.0,67.82,1.28
16650.0,67.81,1.29
16651.0,68.05,1.29
16652.0,68.05,1.29
16652.0,68.05,1.29
16653.0,68.05,1.29
16653.0,68.05,1.29
16654.0,68.05,1.29
16654.0,68.38,1.29
16655.0,68.38,1.29
16656.0,68.38,1.29
16656.0,68.38,1.29
16657.0,68.38,1.29
16657.0,68.36,1.29
16658.0,68.36,1.29
16659.0,68.36,1.29
16659.0,68.36,1.29
16660.0,68.36,1.3
16660.0,68.36,1.3
16661.0,68.63,1.3
16661.0,68.63,1.3
16662.0,68.63,1.3
16663.0,68.63,1.3
16663.0,68.63,1.3
16664.0,68.86,1.3
16664.0,68.86,1.3
16665.0,68.86,1.3
16665.0,68.86,1.3
16666.0,68.86,1.3
16667.0,68.86,1.3
16667.0,69.06,1.3
16668.0,69.06,1.3
16668.0,69.06,1.3
16669.0,69.06,1.31
16670.0,69.06,1.31
16670.0,69.0,1.31
16671.0,69.0,1.31
16671.0,69.0,1.31
16672.0,69.0,1.31
16672.0,69.0,1.31
16673.0,69.16,1.31
16674.0,69.16,1.31
16674.0,69.16,1.31
16675.0,69.16,1.31
16675.0,69.16,1.31
16676.0,69.16,1.31
16676.0,69.26,1.31
16677.0,69.26,1.31
16678.0,69.26,1.32
16678.0,69.26,1.32
16679.0,69.26,1.32
16679.0,69.37,1.32
16680.0,69.37,1.32
16680.0,69.37,1.32
16681.0,69.37,1.32
16682.0,69.37,1.32
16682.0,69.37,1.32
16683.0,69.64,1.32
16683.0,69.64,1.32
16684.0,69.64,1.32
16685.0,69.64,1.32
16685.0,69.64,1.32
16686.0,69.57,1.32
16686.0,69.57,1.32
16687.0,69.57,1.33
16687.0,69.57,1.33
16688.0,69.57,1.33
16689.0,69.64,1.33
16689.0,69.64,1.33
16690.0,69.64,1.33
16690.0,69.64,1.33
16691.0,69.64,1.33
16691.0,69.64,1.33
16692.0,69.83,1.33
16693.0,69.83,1.33
16693.0,69.83,1.33
16694.0,69.83,1.33
16694.0,69.83,1.33
16695.0,70.05,1.33
16695.0,70.05,1.33
16696.0,70.05,1.34
16697.0,70.05,1.34
16697.0,70.05,1.34
16698.0,70.05,1.34
16698.0,70.29,1.34
16699.0,70.28,1.34
16700.0,70.29,1.34
16700.0,70.28,1.34
16701.0,70.29,1.34
16701.0,70.5,1.34
16702.0,70.5,1.34
16702.0,70.5,1.34
16703.0,70.5,1.34
16704.0,70.5,1.34
16704.0,70.47,1.34
16705.0,70.47,1.34
16705.0,70.47,1.35
16706.0,70.47,1.35
16706.0,70.47,1.35
16707.0,70.47,1.35
16708.0,70.64,1.35
16708.0,70.63,1.35
16709.0,70.64,1.35
16709.0,70.63,1.35
16710.0,70.64,1.35
16710.0,70.82,1.35
16711.0,70.82,1.35
16712.0,70.82,1.35
16712.0,70.82,1.35
16713.0,70.82,1.35
16713.0,70.82,1.35
16714.0,70.7,1.35
16715.0,70.7,1.36
16715.0,70.7,1.36
16716.0,70.7,1.36
16716.0,70.7,1.36
16717.0,70.61,1.36
16717.0,70.6,1.36
16718.0,70.61,1.36
16719.0,70.6,1.36
16719.0,70.61,1.36
16720.0,70.89,1.36
16720.0,70.89,1.36
16721.0,70.89,1.36
16721.0,70.89,1.36
16722.0,70.89,1.36
16723.0,70.89,1.36
16723.0,70.61,1.36
16724.0,70.61,1.37
16724.0,70.61,1.37
16725.0,70.61,1.37
16725.0,70.61,1.37
16726.0,68.44,1.37
16727.0,68.44,1.37
16727.0,68.44,1.37
16728.0,68.44,1.37
16728.0,68.44,1.37
16729.0,68.44,1.37
16730.0,66.72,1.37
16730.0,66.72,1.37
16731.0,66.72,1.37
16731.0,66.72,1.37
16732.0,66.72,1.37
16732.0,66.85,1.37
16733.0,66.85,1.37
16734.0,66.85,1.38
16734.0,66.85,1.38
16735.0,66.85,1.38
16735.0,67.39,1.38
16736.0,67.39,1.38
16736.0,67.39,1.38
16737.0,67.39,1.38
16738.0,67.39,1.38
16738.0,67.39,1.38
16739.0,68.14,1.38
16739.0,68.14,1.38
16740.0,68.14,1.38
16740.0,68.14,1.38
16741.0,68.14,1.38
16742.0,68.56,1.38
16742.0,68.56,1.38
16743.0,68.56,1.39
16743.0,68.56,1.39
16744.0,68.56,1.39
16745.0,68.56,1.39
16745.0,68.92,1.39
16746.0,68.93,1.39
16746.0,68.92,1.39
16747.0,68.93,1.39
16747.0,68.92,1.39
16748.0,69.43,1.39
16749.0,69.43,1.39
16749.0,69.43,1.39
16750.0,69.43,1.39
16750.0,69.43,1.39
16751.0,69.71,1.39
16752.0,69.71,1.39
16752.0,69.71,1.4
16753.0,69.71,1.4
16753.0,69.71,1.4
16754.0,69.71,1.4
16754.0,70.15,1.4
16755.0,70.15,1.4
16756.0,70.15,1.4
16756.0,70.15,1.4
16757.0,70.15,1.4
16757.0,70.25,1.4
16758.0,70.25,1.4
16758.0,70.25,1.4
16759.0,70.25,1.4
16760.0,70.25,1.4
16760.0,70.25,1.4
16761.0,70.65,1.4
16761.0,70.65,1.41
16762.0,70.65,1.41
16763.0,70.65,1.41
16763.0,70.65,1.41
16764.0,71.11,1.41
16764.0,71.11,1.41
16765.0,71.11,1.41
16765.0,71.11,1.41
16766.0,71.11,1.41
16767.0,71.42,1.41
16767.0,71.42,1.41
16768.0,71.42,1.41
16768.0,71.42,1.41
16769.0,71.42,1.41
16769.0,71.42,1.41
16770.0,71.34,1.41
16771.0,71.34,1.42
16771.0,71.34,1.42
16772.0,71.34,1.42
16772.0,71.34,1.42
16773.0,71.43,1.42
16773.0,71.43,1.42
16774.0,71.43,1.42
16775.0,71.43,1.42
16775.0,71.43,1.42
16776.0,71.43,1.42
16776.0,71.68,1.42
16777.0,71.68,1.42
16778.0,71.68,1.42
16778.0,71.68,1.42
16779.0,71.68,1.42
16779.0,71.77,1.42
16780.0,71.77,1.43
16780.0,71.77,1.43
16781.0,71.77,1.43
16782.0,71.77,1.43
16782.0,71.91,1.43
16783.0,71.91,1.43
16783.0,71.91,1.43
16784.0,71.91,1.43
16784.0,71.91,1.43
16785.0,71.91,1.43
16786.0,72.4,1.43
16786.0,72.4,1.43
16787.0,72.4,1.43
16787.0,72.4,1.43
16788.0,72.4,1.43
16788.0,72.56,1.43
16789.0,72.55,1.44
16790.0,72.56,1.44
16790.0,72.55,1.44
16791.0,72.56,1.44
16791.0,72.55,1.44
16792.0,72.71,1.44
16793.0,72.71,1.44
16793.0,72.71,1.44
16794.0,72.71,1.44
16794.0,72.71,1.44
16795.0,72.5,1.44
16795.0,72.5,1.44
16796.0,72.5,1.44
16797.0,72.5,1.44
16797.0,72.5,1.44
16798.0,72.78,1.45
16798.0,72.78,1.45
16799.0,72.78,1.45
16799.0,72.78,1.45
16800.0,72.78,1.45
16801.0,72.78,1.45
16801.0,73.54,1.45
16802.0,73.54,1.45
16802.0,73.54,1.45
16803.0,73.54,1.45
16804.0,73.54,1.45
16804.0,73.71,1.45
16805.0,73.71,1.45
16805.0,73.71,1.45
16806.0,73.71,1.45
16806.0,73.71,1.45
16807.0,73.71,1.46
16808.0,73.6,1.46
16808.0,73.6,1.46
16809.0,73.6,1.46
16809.0,73.6,1.46
16810.0,73.6,1.46
16810.0,73.65,1.46
16811.0,73.65,1.46
16812.0,73.65,1.46
16812.0,73.65,1.46
16813.0,73.65,1.46
16813.0,73.69,1.46
16814.0,73.69,1.46
16814.0,73.69,1.46
16815.0,73.69,1.46
16816.0,73.69,1.46
16816.0,73.69,1.47
16817.0,73.78,1.47
16817.0,73.78,1.47
16818.0,73.78,1.47
16819.0,73.78,1.47
16819.0,73.78,1.47
16820.0,73.94,1.47
16820.0,73.94,1.47
16821.0,73.94,1.47
16821.0,73.94,1.47
16822.0,73.94,1.47
16823.0,73.94,1.47
16823.0,72.94,1.47
16824.0,72.94,1.47
16824.0,72.94,1.47
16825.0,72.94,1.47
16825.0,72.94,1.48
16826.0,70.63,1.48
16827.0,70.63,1.48
16827.0,70.63,1.48
16828.0,70.63,1.48
16828.0,70.63,1.48
16829.0,70.61,1.48
16829.0,70.6,1.48
16830.0,70.61,1.48
16831.0,70.6,1.48
16831.0,70.61,1.48
16832.0,70.6,1.48
16832.0,70.9,1.48
16833.0,70.9,1.48
16834.0,70.9,1.48
16834.0,70.9,1.48
16835.0,70.9,1.49
16835.0,71.12,1.49
16836.0,71.12,1.49
16836.0,71.12,1.49
16837.0,71.12,1.49
16838.0,71.12,1.49
16838.0,71.12,1.49
16839.0,71.84,1.49
16839.0,71.85,1.49
16840.0,71.84,1.49
16840.0,71.85,1.49
16841.0,71.84,1.49
16842.0,72.6,1.49
16842.0,72.6,1.49
16843.0,72.6,1.49
16843.0,72.6,1.49
16844.0,72.6,1.5
16844.0,73.12,1.5
16845.0,73.12,1.5
16846.0,73.12,1.5
16846.0,73.12,1.5
16847.0,73.12,1.5
16847.0,73.12,1.5
16848.0,73.31,1.5
16849.0,73.31,1.5
16849.0,73.31,1.5
16850.0,73.31,1.5
16850.0,73.31,1.5
16851.0,73.37,1.5
16852.0,73.37,1.5
16852.0,73.37,1.5
16853.0,73.37,1.5
16853.0,73.37,1.5
16854.0,73.37,1.51
16854.0,73.79,1.51
16855.0,73.78,1.51
16856.0,73.79,1.51
16856.0,73.78,1.51
16857.0,73.79,1.51
16857.0,74.22,1.51
16858.0,74.22,1.51
16858.0,74.22,1.51
16859.0,74.22,1.51
16860.0,74.22,1.51
16860.0,74.5,1.51
16861.0,74.49,1.51
16861.0,74.5,1.51
16862.0,74.49,1.51
16862.0,74.5,1.51
16863.0,74.49,1.52
16864.0,74.71,1.52
16864.0,74.7,1.52
16865.0,74.71,1.52
16865.0,74.7,1.52
16866.0,74.71,1.52
16867.0,74.91,1.52
16867.0,74.91,1.52
16868.0,74.91,1.52
16868.0,74.91,1.52
16869.0,74.91,1.52
16869.0,74.91,1.52
16870.0,75.03,1.52
16871.0,75.04,1.52
16871.0,75.03,1.52
16872.0,75.04,1.52
16872.0,75.03,1.53
16873.0,75.31,1.53
16873.0,75.3,1.53
16874.0,75.31,1.53
16875.0,75.3,1.53
16875.0,75.31,1.53
16876.0,75.68,1.53
16876.0,75.68,1.53
16877.0,75.68,1.53
16877.0,75.68,1.53
16878.0,75.68,1.53
16879.0,75.68,1.53
16879.0,75.86,1.53
16880.0,75.86,1.53
16880.0,75.86,1.53
16881.0,75.86,1.53
16882.0,75.86,1.54
16882.0,75.93,1.54
16883.0,75.93,1.54
16883.0,75.93,1.54
16884.0,75.93,1.54
16884.0,75.93,1.54
16885.0,75.93,1.54
16886.0,76.07,1.54
16886.0,76.06,1.54
16887.0,76.07,1.54
16887.0,76.06,1.54
16888.0,76.07,1.54
16888.0,76.38,1.54
16889.0,76.38,1.54
16890.0,76.38,1.54
16890.0,76.38,1.54
16891.0,76.38,1.55
16891.0,76.33,1.55
16892.0,76.33,1.55
16892.0,76.33,1.55
16893.0,76.33,1.55
16894.0,76.33,1.55
16894.0,76.33,1.55
16895.0,76.55,1.55
16895.0,76.55,1.55
16896.0,76.55,1.55
16897.0,76.55,1.55
16897.0,76.55,1.55
16898.0,76.75,1.55
16898.0,76.75,1.55
16899.0,76.75,1.55
16899.0,76.75,1.55
16900.0,76.75,1.56
16901.0,76.75,1.56
16901.0,76.96,1.56
16902.0,76.96,1.56
16902.0,76.96,1.56
16903.0,76.96,1.56
16903.0,76.96,1.56
16904.0,77.48,1.56
16905.0,77.48,1.56
16905.0,77.48,1.56
16906.0,77.48,1.56
16906.0,77.48,1.56
16907.0,77.39,1.56
16907.0,77.39,1.56
16908.0,77.39,1.56
16909.0,77.39,1.57
16909.0,77.39,1.57
16910.0,77.39,1.57
16910.0,77.62,1.57
16911.0,77.62,1.57
16912.0,77.62,1.57
16912.0,77.62,1.57
16913.0,77.62,1.57
16913.0,77.89,1.57
16914.0,77.89,1.57
16914.0,77.89,1.57
16915.0,77.89,1.57
16916.0,77.89,1.57
16916.0,77.89,1.57
16917.0,77.8,1.57
16917.0,77.8,1.57
16918.0,77.8,1.58
16918.0,77.8,1.58
16919.0,77.8,1.58
16920.0,77.94,1.58
16920.0,77.94,1.58
16921.0,77.94,1.58
16921.0,77.94,1.58
16922.0,77.94,1.58
16922.0,78.39,1.58
16923.0,78.38,1.58
16924.0,78.39,1.58
16924.0,78.38,1.58
16925.0,78.39,1.58
16925.0,78.38,1.58
16926.0,78.33,1.58
16927.0,78.33,1.58
16927.0,78.33,1.59
16928.0,78.33,1.59
16928.0,78.33,1.59
16929.0,78.41,1.59
16929.0,78.42,1.59
16930.0,78.41,1.59
16931.0,78.42,1.59
16931.0,78.41,1.59
16932.0,78.42,1.59
16932.0,78.78,1.59
16933.0,78.78,1.59
16933.0,78.78,1.59
16934.0,78.78,1.59
16935.0,78.78,1.59
16935.0,78.78,1.59
16936.0,78.78,1.59
16936.0,78.78,1.6
16937.0,78.78,1.6
16937.0,78.78,1.6
16938.0,78.77,1.6
16939.0,78.77,1.6
16939.0,78.77,1.6
16940.0,78.77,1.6
16940.0,78.77,1.6
16941.0,78.77,1.6
16942.0,78.96,1.6
16942.0,78.96,1.6
16943.0,78.96,1.6
16943.0,78.96,1.6
16944.0,78.96,1.6
16944.0,79.32,1.6
16945.0,79.31,1.6
16946.0,79.32,1.61
16946.0,79.31,1.61
16947.0,79.32,1.61
16947.0,79.31,1.61
16948.0,79.63,1.61
16948.0,79.63,1.61
16949.0,79.63,1.61
16950.0,79.63,1.61
16950.0,79.63,1.61
16951.0,79.62,1.61
16951.0,79.62,1.61
16952.0,79.62,1.61
16953.0,79.62,1.61
16953.0,79.62,1.61
16954.0,79.28,1.61
16954.0,79.28,1.61
16955.0,79.28,1.62
16955.0,79.28,1.62
16956.0,79.28,1.62
16957.0,79.28,1.62
16957.0,77.8,1.62
16958.0,77.8,1.62
16958.0,77.8,1.62
16959.0,77.8,1.62
16960.0,77.8,1.62
16960.0,76.65,1.62
16961.0,76.65,1.62
16961.0,76.65,1.62
16962.0,76.65,1.62
16962.0,76.65,1.62
16963.0,76.65,1.62
16964.0,76.66,1.62
16964.0,76.67,1.62
16965.0,76.66,1.63
16965.0,76.67,1.63
16966.0,76.66,1.63
16966.0,76.86,1.63
16967.0,76.85,1.63
16968.0,76.86,1.63
16968.0,76.85,1.63
16969.0,76.86,1.63
16969.0,77.27,1.63
16970.0,77.27,1.63
16971.0,77.27,1.63
16971.0,77.27,1.63
16972.0,77.27,1.63
16972.0,77.27,1.63
16973.0,77.75,1.63
16973.0,77.75,1.63
16974.0,77.75,1.64
16975.0,77.75,1.64
16975.0,77.75,1.64
16976.0,77.96,1.64
16976.0,77.96,1.64
16977.0,77.96,1.64
16977.0,77.96,1.64
16978.0,77.96,1.64
16979.0,77.96,1.64
16979.0,78.41,1.64
16980.0,78.41,1.64
16980.0,78.41,1.64
16981.0,78.41,1.64
16981.0,78.41,1.64
16982.0,78.78,1.64
16983.0,78.78,1.64
16983.0,78.78,1.65
16984.0,78.78,1.65
16984.0,78.78,1.65
16985.0,79.22,1.65
16986.0,79.22,1.65
16986.0,79.22,1.65
16987.0,79.22,1.65
16987.0,79.22,1.65
16988.0,79.22,1.65
16988.0,79.59,1.65
16989.0,79.59,1.65
16990.0,79.59,1.65
16990.0,79.59,1.65
16991.0,79.59,1.65
16991.0,79.57,1.65
16992.0,79.57,1.65
16992.0,79.57,1.66
16993.0,79.57,1.66
16994.0,79.57,1.66
16994.0,79.57,1.66
16995.0,79.82,1.66
16995.0,79.82,1.66
16996.0,79.82,1.66
16996.0,79.82,1.66
16997.0,79.82,1.66
16998.0,79.98,1.66
16998.0,79.98,1.66
16999.0,79.98,1.66
16999.0,79.98,1.66
17000.0,79.98,1.66
17001.0,80.12,1.66
17001.0,80.12,1.66
17002.0,80.12,1.67
17002.0,80.12,1.67
17003.0,80.12,1.67
17003.0,80.12,1.67
17004.0,80.27,1.67
17005.0,80.27,1.67
17005.0,80.27,1.67
17006.0,80.27,1.67
17006.0,80.27,1.67
17007.0,80.56,1.67
17007.0,80.56,1.67
17008.0,80.56,1.67
17009.0,80.56,1.67
17009.0,80.56,1.67
17010.0,80.56,1.67
17010.0,80.6,1.67
17011.0,80.6,1.68
17011.0,80.6,1.68
17012.0,80.6,1.68
17013.0,80.6,1.68
17013.0,80.61,1.68
17014.0,80.61,1.68
17014.0,80.61,1.68
17015.0,80.61,1.68
17016.0,80.61,1.68
17016.0,80.71,1.68
17017.0,80.71,1.68
17017.0,80.71,1.68
17018.0,80.71,1.68
17018.0,80.71,1.68
17019.0,80.71,1.68
17020.0,81.03,1.68
17020.0,81.03,1.69
17021.0,81.03,1.69
17021.0,81.03,1.69
17022.0,81.03,1.69
17022.0,81.37,1.69
17023.0,81.37,1.69
17024.0,81.37,1.69
17024.0,81.37,1.69
17025.0,81.37,1.69
17025.0,81.37,1.69
17026.0,81.58,1.69
17026.0,81.58,1.69
17027.0,81.58,1.69
17028.0,81.58,1.69
17028.0,81.58,1.69
17029.0,81.54,1.7
17029.0,81.54,1.7
17030.0,81.54,1.7
17031.0,81.54,1.7
17031.0,81.54,1.7
17032.0,81.51,1.7
17032.0,81.51,1.7
17033.0,81.51,1.7
17033.0,81.51,1.7
17034.0,81.51,1.7
17035.0,81.51,1.7
17035.0,81.71,1.7
17036.0,81.71,1.7
17036.0,81.71,1.7
17037.0,81.71,1.7
17037.0,81.71,1.7
17038.0,82.04,1.71
17039.0,82.04,1.71
17039.0,82.04,1.71
17040.0,82.04,1.71
17040.0,82.04,1.71
17041.0,82.04,1.71
17041.0,82.27,1.71
17042.0,82.27,1.71
17043.0,82.27,1.71
17043.0,82.27,1.71
17044.0,82.27,1.71
17044.0,82.36,1.71
17045.0,82.36,1.71
17046.0,82.36,1.71
17046.0,82.36,1.71
17047.0,82.36,1.71
17047.0,82.47,1.72
17048.0,82.47,1.72
17048.0,82.47,1.72
17049.0,82.47,1.72
17050.0,82.47,1.72
17050.0,82.47,1.72
17051.0,82.78,1.72
17051.0,82.77,1.72
17052.0,82.78,1.72
17053.0,82.77,1.72
17053.0,82.78,1.72
17054.0,82.54,1.72
17054.0,82.54,1.72
17055.0,82.54,1.72
17055.0,82.54,1.72
17056.0,82.54,1.72
17057.0,82.54,1.73
17057.0,82.67,1.73
17058.0,82.67,1.73
17058.0,82.67,1.73
17059.0,82.67,1.73
17059.0,82.67,1.73
17060.0,82.96,1.73
17061.0,82.95,1.73
17061.0,82.96,1.73
17062.0,82.95,1.73
17062.0,82.96,1.73
17063.0,83.16,1.73
17064.0,83.16,1.73
17064.0,83.16,1.73
17065.0,83.16,1.73
17065.0,83.16,1.73
17066.0,83.16,1.74
17066.0,83.37,1.74
17067.0,83.37,1.74
17068.0,83.37,1.74
17068.0,83.37,1.74
17069.0,83.37,1.74
17069.0,83.6,1.74
17070.0,83.59,1.74
17070.0,83.6,1.74
17071.0,83.59,1.74
17072.0,83.6,1.74
17072.0,83.59,1.74
17073.0,83.57,1.74
17073.0,83.57,1.74
17074.0,83.57,1.74
17074.0,83.57,1.74
17075.0,83.57,1.75
17076.0,83.67,1.75
17076.0,83.68,1.75
17077.0,83.67,1.75
17077.0,83.68,1.75
17078.0,83.67,1.75
17079.0,84.0,1.75
17079.0,84.0,1.75
17080.0,84.0,1.75
17080.0,84.0,1.75
17081.0,84.0,1.75
17081.0,84.0,1.75
17082.0,84.28,1.75
17083.0,84.27,1.75
17083.0,84.28,1.75
17084.0,84.27,1.75
17084.0,84.28,1.75
17085.0,84.4,1.76
17085.0,84.4,1.76
17086.0,84.4,1.76
17087.0,84.4,1.76
17087.0,84.4,1.76
17088.0,84.4,1.76
17088.0,84.47,1.76
17089.0,84.47,1.76
17089.0,84.47,1.76
17090.0,84.47,1.76
17091.0,84.47,1.76
17091.0,84.39,1.76
17092.0,84.38,1.76
17092.0,84.39,1.76
17093.0,84.38,1.76
17094.0,84.39,1.76
17094.0,84.56,1.77
17095.0,84.56,1.77
17095.0,84.56,1.77
17096.0,84.56,1.77
17096.0,84.56,1.77
17097.0,84.56,1.77
17098.0,84.96,1.77
17098.0,84.96,1.77
17099.0,84.96,1.77
17099.0,84.96,1.77
17100.0,84.96,1.77
17100.0,85.18,1.77
17101.0,85.18,1.77
17102.0,85.18,1.77
17102.0,85.18,1.77
17103.0,85.18,1.77
17103.0,85.18,1.78
17104.0,85.21,1.78
17104.0,85.21,1.78
17105.0,85.21,1.78
17106.0,85.21,1.78
17106.0,85.21,1.78
17107.0,85.43,1.78
17107.0,85.43,1.78
17108.0,85.43,1.78
17109.0,85.43,1.78
17109.0,85.43,1.78
17110.0,85.61,1.78
17110.0,85.61,1.78
17111.0,85.61,1.78
17111.0,85.61,1.78
17112.0,85.61,1.78
17113.0,85.61,1.79
17113.0,85.58,1.79
17114.0,85.58,1.79
17114.0,85.58,1.79
17115.0,85.58,1.79
17115.0,85.58,1.79
17116.0,85.87,1.79
17117.0,85.87,1.79
17117.0,85.87,1.79
17118.0,85.87,1.79
17118.0,85.87,1.79
17119.0,85.87,1.79
17120.0,86.15,1.79
17120.0,86.15,1.79
17121.0,86.15,1.79
17121.0,86.15,1.79
17122.0,86.15,1.8
17122.0,86.41,1.8
17123.0,86.41,1.8
17124.0,86.41,1.8
17124.0,86.41,1.8
17125.0,86.41,1.8
17125.0,86.55,1.8
17126.0,86.55,1.8
17126.0,86.55,1.8
17127.0,86.55,1.8
17128.0,86.55,1.8
17128.0,86.55,1.8
17129.0,86.59,1.8
17129.0,86.59,1.8
17130.0,86.59,1.8
17130.0,86.59,1.8
17131.0,86.59,1.81
17132.0,86.49,1.81
17132.0,86.49,1.81
17133.0,86.49,1.81
17133.0,86.49,1.81
17134.0,86.49,1.81
17135.0,86.49,1.81
17135.0,86.81,1.81
17136.0,86.81,1.81
17136.0,86.81,1.81
17137.0,86.81,1.81
17137.0,86.81,1.81
17138.0,86.99,1.81
17139.0,87.0,1.81
17139.0,86.99,1.81
17140.0,87.0,1.82
17140.0,86.99,1.82
17141.0,87.18,1.82
17141.0,87.17,1.82
17142.0,87.18,1.82
17143.0,87.17,1.82
17143.0,87.18,1.82
17144.0,87.17,1.82
17144.0,87.44,1.82
17145.0,87.44,1.82
17145.0,87.44,1.82
17146.0,87.44,1.82
17147.0,87.44,1.82
17147.0,87.28,1.82
17148.0,87.28,1.82
17148.0,87.28,1.82
17149.0,87.28,1.83
17150.0,87.28,1.83
17150.0,87.28,1.83
17151.0,87.37,1.83
17151.0,87.37,1.83
17152.0,87.37,1.83
17152.0,87.37,1.83
17153.0,87.37,1.83
17154.0,87.97,1.83
17154.0,87.97,1.83
17155.0,87.97,1.83
17155.0,87.97,1.83
17156.0,87.97,1.83
17157.0,87.97,1.83
17157.0,87.97,1.83
17158.0,87.97,1.83
17158.0,87.97,1.84
17159.0,87.97,1.84
17159.0,87.97,1.84
17160.0,88.21,1.84
17161.0,88.21,1.84
17161.0,88.21,1.84
17162.0,88.21,1.84
17162.0,88.21,1.84
17163.0,88.49,1.84
17163.0,88.49,1.84
17164.0,88.49,1.84
17165.0,88.49,1.84
17165.0,88.49,1.84
17166.0,88.49,1.84
17166.0,88.57,1.84
17167.0,88.57,1.84
17168.0,88.57,1.85
17168.0,88.57,1.85
17169.0,88.57,1.85
17169.0,88.34,1.85
17170.0,88.35,1.85
17170.0,88.34,1.85
17171.0,88.35,1.85
17172.0,88.34,1.85
17172.0,88.47,1.85
17173.0,88.47,1.85
17173.0,88.47,1.85
17174.0,88.47,1.85
17174.0,88.47,1.85
17175.0,88.47,1.85
17176.0,88.7,1.85
17176.0,88.7,1.85
17177.0,88.7,1.86
17177.0,88.7,1.86
17178.0,88.7,1.86
17178.0,88.73,1.86
17179.0,88.73,1.86
17180.0,88.73,1.86
17180.0,88.73,1.86
17181.0,88.73,1.86
17181.0,88.73,1.86
17182.0,88.95,1.86
17183.0,88.95,1.86
17183.0,88.95,1.86
17184.0,88.95,1.86
17184.0,88.95,1.86
17185.0,89.13,1.86
17185.0,89.13,1.86
17186.0,89.13,1.87
17187.0,89.13,1.87
17187.0,89.13,1.87
17188.0,89.26,1.87
17188.0,89.26,1.87
17189.0,89.26,1.87
17189.0,89.26,1.87
17190.0,89.26,1.87
17191.0,89.26,1.87
17191.0,89.45,1.87
17192.0,89.45,1.87
17192.0,89.45,1.87
17193.0,89.45,1.87
17193.0,89.45,1.87
17194.0,89.54,1.87
17195.0,89.53,1.87
17195.0,89.54,1.87
17196.0,89.53,1.88
17196.0,89.54,1.88
17197.0,89.53,1.88
17198.0,89.77,1.88
17198.0,89.77,1.88
17199.0,89.77,1.88
17199.0,89.77,1.88
17200.0,89.77,1.88
17200.0,90.12,1.88
17201.0,90.12,1.88
17202.0,90.12,1.88
17202.0,90.12,1.88
17203.0,90.12,1.88
17203.0,90.17,1.88
17204.0,90.17,1.88
17204.0,90.17,1.88
17205.0,90.17,1.89
17206.0,90.17,1.89
17206.0,90.17,1.89
17207.0,90.25,1.89
17207.0,90.24,1.89
17208.0,90.25,1.89
17208.0,90.24,1.89
17209.0,90.25,1.89
17210.0,90.49,1.89
17210.0,90.5,1.89
17211.0,90.49,1.89
17211.0,90.5,1.89
17212.0,90.49,1.89
17213.0,90.5,1.89
17213.0,90.51,1.89
17214.0,90.51,1.89
17214.0,90.51,1.9
17215.0,90.51,1.9
17215.0,90.51,1.9
17216.0,90.48,1.9
17217.0,90.48,1.9
17217.0,90.48,1.9
17218.0,90.48,1.9
17218.0,90.48,1.9
17219.0,90.83,1.9
17219.0,90.83,1.9
17220.0,90.83,1.9
17221.0,90.83,1.9
17221.0,90.83,1.9
17222.0,90.83,1.9
17222.0,91.06,1.9
17223.0,91.06,1.9
17223.0,91.06,1.91
17224.0,91.06,1.91
17225.0,91.06,1.91
17225.0,91.15,1.91
17226.0,91.15,1.91
17226.0,91.15,1.91
17227.0,91.15,1.91
17228.0,91.15,1.91
17228.0,91.15,1.91
17229.0,91.21,1.91
17229.0,91.21,1.91
17230.0,91.21,1.91
17230.0,91.21,1.91
17231.0,91.21,1.91
17232.0,91.27,1.91
17232.0,91.27,1.91
17233.0,91.27,1.92
17233.0,91.27,1.92
17234.0,91.27,1.92
17234.0,91.61,1.92
17235.0,91.61,1.92
17236.0,91.61,1.92
17236.0,91.61,1.92
17237.0,91.61,1.92
17237.0,91.61,1.92
17238.0,91.81,1.92
17238.0,91.81,1.92
17239.0,91.81,1.92
17240.0,91.81,1.92
17240.0,91.81,1.92
17241.0,91.93,1.92
17241.0,91.93,1.92
17242.0,91.93,1.93
17243.0,91.93,1.93
17243.0,91.93,1.93
17244.0,91.93,1.93
17244.0,92.09,1.93
17245.0,92.1,1.93
17245.0,92.09,1.93
17246.0,92.1,1.93
17247.0,92.09,1.93
17247.0,92.21,1.93
17248.0,92.2,1.93
17248.0,92.21,1.93
17249.0,92.2,1.93
17249.0,92.21,1.93
17250.0,92.2,1.93
17251.0,92.19,1.93
17251.0,92.19,1.94
17252.0,92.19,1.94
17252.0,92.19,1.94
17253.0,92.19,1.94
17254.0,92.21,1.94
17254.0,92.21,1.94
17255.0,92.21,1.94
17255.0,92.21,1.94
17256.0,92.21,1.94
17256.0,92.36,1.94
17257.0,92.36,1.94
17258.0,92.36,1.94
17258.0,92.36,1.94
17259.0,92.36,1.94
17259.0,92.36,1.94
17260.0,92.74,1.95
17261.0,92.73,1.95
17261.0,92.74,1.95
17262.0,92.73,1.95
17262.0,92.74,1.95
17263.0,93.02,1.95
17263.0,93.02,1.95
17264.0,93.02,1.95
17265.0,93.02,1.95
17265.0,93.02,1.95
17266.0,93.0,1.95
17266.0,93.0,1.95
17267.0,93.0,1.95
17267.0,93.0,1.95
17268.0,93.0,1.95
17269.0,93.0,1.95
17269.0,92.83,1.96
17270.0,92.83,1.96
17270.0,92.83,1.96
17271.0,92.83,1.96
17271.0,92.83,1.96
17272.0,93.18,1.96
17273.0,93.18,1.96
17273.0,93.18,1.96
17274.0,93.18,1.96
17274.0,93.18,1.96
17275.0,93.18,1.96
17276.0,93.38,1.96
17276.0,93.38,1.96
17277.0,93.38,1.96
17277.0,93.38,1.96
17278.0,93.38,1.96
17278.0,93.29,1.97
17279.0,93.28,1.97
17280.0,93.29,1.97
17280.0,93.28,1.97
17281.0,93.29,1.97
17281.0,93.31,1.97
17282.0,93.32,1.97
17282.0,93.31,1.97
17283.0,93.32,1.97
17284.0,93.31,1.97
17284.0,93.32,1.97
17285.0,93.65,1.97
17285.0,93.65,1.97
17286.0,93.65,1.97
17287.0,93.65,1.97
17287.0,93.65,1.97
17288.0,93.25,1.98
17288.0,93.25,1.98
17289.0,93.25,1.98
17289.0,93.25,1.98
17290.0,93.25,1.98
17291.0,93.25,1.98
17291.0,92.44,1.98
17292.0,92.44,1.98
17292.0,92.44,1.98
17293.0,92.44,1.98
17293.0,92.44,1.98
17294.0,91.94,1.98
17295.0,91.94,1.98
17295.0,91.94,1.98
17296.0,91.94,1.98
17296.0,91.94,1.98
17297.0,91.79,1.99
17297.0,91.79,1.99
17298.0,91.79,1.99
17299.0,91.79,1.99
17299.0,91.79,1.99
17300.0,91.79,1.99
17300.0,92.02,1.99
17301.0,92.02,1.99
17302.0,92.02,1.99
17302.0,92.02,1.99
17303.0,92.02,1.99
17303.0,91.91,1.99
17304.0,91.92,1.99
17304.0,91.91,1.99
17305.0,91.92,1.99
17306.0,91.91,1.99
17306.0,91.92,2.0
17307.0,91.64,2.0
17307.0,91.64,2.0
17308.0,91.64,2.0
17308.0,91.64,2.0
17309.0,91.64,2.0
17310.0,91.54,2.0
17310.0,91.54,2.0
17311.0,91.54,2.0
17311.0,91.54,2.0
17312.0,91.54,2.0
17312.0,91.61,2.0
17313.0,91.61,2.0
17314.0,91.61,2.0
17314.0,91.61,2.0
17315.0,91.61,2.0
17315.0,91.61,2.01
17316.0,91.86,2.01
17317.0,91.86,2.01
17317.0,91.86,2.01
17318.0,91.86,2.01
17318.0,91.86,2.01
17319.0,92.07,2.01
17319.0,92.07,2.01
17320.0,92.07,2.01
17321.0,92.07,2.01
17321.0,92.07,2.01
17322.0,92.07,2.01
17322.0,92.03,2.01
17323.0,92.03,2.01
17323.0,92.03,2.01
17324.0,92.03,2.01
17325.0,92.03,2.02
17325.0,92.08,2.02
17326.0,92.08,2.02
17326.0,92.08,2.02
17327.0,92.08,2.02
17327.0,92.08,2.02
17328.0,92.07,2.02
17329.0,92.07,2.02
17329.0,92.07,2.02
17330.0,92.07,2.02
17330.0,92.07,2.02
17331.0,92.07,2.02
17332.0,92.17,2.02
17332.0,92.17,2.02
17333.0,92.17,2.02
17333.0,92.17,2.02
17334.0,92.17,2.03
17334.0,91.92,2.03
17335.0,91.92,2.03
17336.0,91.92,2.03
17336.0,91.92,2.03
17337.0,91.92,2.03
17337.0,91.92,2.03
17338.0,92.31,2.03
17338.0,92.31,2.03
17339.0,92.31,2.03
17340.0,92.31,2.03
17340.0,92.31,2.03
17341.0,92.65,2.03
17341.0,92.65,2.03
17342.0,92.65,2.03
17342.0,92.65,2.03
17343.0,92.65,2.04
17344.0,92.63,2.04
17344.0,92.63,2.04
17345.0,92.63,2.04
17345.0,92.63,2.04
17346.0,92.63,2.04
17347.0,92.63,2.04
17347.0,92.52,2.04
17348.0,92.52,2.04
17348.0,92.52,2.04
17349.0,92.52,2.04
17349.0,92.52,2.04
17350.0,91.93,2.04
17351.0,91.92,2.04
17351.0,91.93,2.04
17352.0,91.92,2.04
17352.0,91.93,2.05
17353.0,91.92,2.05
17353.0,91.92,2.05
17354.0,91.92,2.05
17355.0,91.92,2.05
17355.0,91.92,2.05
17356.0,91.92,2.05
17356.0,92.27,2.05
17357.0,92.27,2.05
17358.0,92.27,2.05
17358.0,92.27,2.05
17359.0,92.27,2.05
17359.0,92.31,2.05
17360.0,92.3,2.05
17360.0,92.31,2.05
17361.0,92.3,2.05
17362.0,92.31,2.06
17362.0,92.3,2.06
17363.0,92.4,2.06
17363.0,92.4,2.06
17364.0,92.4,2.06
17365.0,92.4,2.06
17365.0,92.4,2.06
17366.0,92.79,2.06
17366.0,92.79,2.06
17367.0,92.79,2.06
17367.0,92.79,2.06
17368.0,92.79,2.06
17369.0,92.79,2.06
17369.0,92.65,2.06
17370.0,92.65,2.06
17370.0,92.65,2.06
17371.0,92.65,2.07
17371.0,92.65,2.07
17372.0,92.42,2.07
17373.0,92.42,2.07
17373.0,92.42,2.07
17374.0,92.42,2.07
17374.0,92.42,2.07
17375.0,92.33,2.07
17375.0,92.33,2.07
17376.0,92.33,2.07
17377.0,92.33,2.07
17377.0,92.33,2.07
17378.0,92.33,2.07
17378.0,92.47,2.07
17379.0,92.47,2.07
17380.0,92.47,2.07
17380.0,92.47,2.08
17381.0,92.47,2.08
17381.0,92.79,2.08
17382.0,92.79,2.08
17382.0,92.79,2.08
17383.0,92.79,2.08
17384.0,92.79,2.08
17384.0,92.79,2.08
17385.0,92.57,2.08
17385.0,92.56,2.08
17386.0,92.57,2.08
17386.0,92.56,2.08
17387.0,92.57,2.08
17388.0,91.6,2.08
17388.0,91.6,2.08
17389.0,91.6,2.08
17389.0,91.6,2.09
17390.0,91.6,2.09
17390.0,89.01,2.09
17391.0,89.01,2.09
17392.0,89.01,2.09
17392.0,89.01,2.09
17393.0,89.01,2.09
17393.0,89.01,2.09
17394.0,84.83,2.09
17395.0,84.83,2.09
17395.0,84.83,2.09
17396.0,84.83,2.09
17396.0,84.83,2.09
17397.0,82.39,2.09
17397.0,82.39,2.09
17398.0,82.39,2.09
17399.0,82.39,2.1
17399.0,82.39,2.1
17400.0,82.39,2.1
17400.0,81.26,2.1
17401.0,81.26,2.1
17401.0,81.26,2.1
17402.0,81.26,2.1
17403.0,81.26,2.1
17403.0,80.72,2.1
17404.0,80.72,2.1
17404.0,80.72,2.1
17405.0,80.72,2.1
17405.0,80.72,2.1
17406.0,79.76,2.1
17407.0,79.76,2.1
17407.0,79.76,2.1
17408.0,79.76,2.11
17408.0,79.76,2.11
17409.0,79.76,2.11
17410.0,79.0,2.11
17410.0,79.0,2.11
17411.0,79.0,2.11
17411.0,79.0,2.11
17412.0,79.0,2.11
17412.0,78.79,2.11
17413.0,78.79,2.11
17414.0,78.79,2.11
17414.0,78.79,2.11
17415.0,78.79,2.11
17415.0,78.79,2.11
17416.0,78.41,2.11
17416.0,78.41,2.11
17417.0,78.41,2.12
17418.0,78.41,2.12
17418.0,78.41,2.12
17419.0,78.03,2.12
17419.0,78.03,2.12
17420.0,78.03,2.12
17421.0,78.03,2.12
17421.0,78.03,2.12
17422.0,77.96,2.12
17422.0,77.96,2.12
17423.0,77.96,2.12
17423.0,77.96,2.12
17424.0,77.96,2.12
17425.0,77.96,2.12
17425.0,77.57,2.12
17426.0,77.57,2.12
17426.0,77.57,2.12
17427.0,77.57,2.13
17427.0,77.57,2.13
17428.0,77.03,2.13
17429.0,77.03,2.13
17429.0,77.03,2.13
17430.0,77.03,2.13
17430.0,77.03,2.13
17431.0,77.03,2.13
17431.0,76.91,2.13
17432.0,76.91,2.13
17433.0,76.91,2.13
17433.0,76.91,2.13
17434.0,76.91,2.13
17434.0,76.92,2.13
17435.0,76.92,2.13
17436.0,76.92,2.13
17436.0,76.92,2.14
17437.0,76.92,2.14
17437.0,76.92,2.14
17438.0,76.92,2.14
17438.0,76.92,2.14
17439.0,76.92,2.14
17440.0,76.92,2.14
17440.0,76.92,2.14
17441.0,76.69,2.14
17441.0,76.69,2.14
17442.0,76.69,2.14
17442.0,76.69,2.14
17443.0,76.69,2.14
17444.0,76.47,2.14
17444.0,76.47,2.14
17445.0,76.47,2.14
17445.0,76.47,2.15
17446.0,76.47,2.15
17446.0,76.47,2.15
17447.0,76.14,2.15
17448.0,76.14,2.15
17448.0,76.14,2.15
17449.0,76.14,2.15
17449.0,76.14,2.15
17450.0,75.58,2.15
17451.0,75.58,2.15
17451.0,75.58,2.15
17452.0,75.58,2.15
17452.0,75.58,2.15
17453.0,75.58,2.15
17453.0,74.85,2.15
17454.0,74.85,2.15
17455.0,74.85,2.16
17455.0,74.85,2.16
17456.0,74.85,2.16
17456.0,74.36,2.16
17457.0,74.36,2.16
17458.0,74.36,2.16
17458.0,74.36,2.16
17459.0,74.36,2.16
17459.0,74.14,2.16
17460.0,74.14,2.16
17460.0,74.14,2.16
17461.0,74.14,2.16
17462.0,74.14,2.16
17462.0,74.14,2.16
17463.0,73.67,2.16
17463.0,73.67,2.16
17464.0,73.67,2.17
17464.0,73.67,2.17
17465.0,73.67,2.17
17466.0,73.01,2.17
17466.0,73.01,2.17
17467.0,73.01,2.17
17467.0,73.01,2.17
17468.0,73.01,2.17
17469.0,72.46,2.17
17469.0,72.46,2.17
17470.0,72.46,2.17
17470.0,72.46,2.17
17471.0,72.46,2.17
17471.0,72.46,2.17
17472.0,72.06,2.17
17473.0,72.06,2.17
17473.0,72.06,2.18
17474.0,72.06,2.18
17474.0,72.06,2.18
17475.0,71.95,2.18
17475.0,71.95,2.18
17476.0,71.95,2.18
17477.0,71.95,2.18
17477.0,71.95,2.18
17478.0,71.95,2.18
17478.0,71.79,2.18
17479.0,71.79,2.18
17479.0,71.79,2.18
17480.0,71.79,2.18
17481.0,71.79,2.18
17481.0,71.23,2.18
17482.0,71.24,2.18
17482.0,71.23,2.19
17483.0,71.24,2.19
17484.0,71.23,2.19
17484.0,70.75,2.19
17485.0,70.74,2.19
17485.0,70.75,2.19
17486.0,70.74,2.19
17486.0,70.75,2.19
17487.0,70.74,2.19
17488.0,70.44,2.19
17488.0,70.44,2.19
17489.0,70.44,2.19
17489.0,70.44,2.19
17490.0,70.44,2.19
17490.0,69.87,2.19
17491.0,69.87,2.19
17492.0,69.87,2.2
17492.0,69.87,2.2
17493.0,69.87,2.2
17493.0,69.87,2.2
17494.0,69.27,2.2
17494.0,69.27,2.2
17495.0,69.27,2.2
17496.0,69.27,2.2
17496.0,69.27,2.2
17497.0,68.47,2.2
17497.0,68.47,2.2
17498.0,68.47,2.2
17499.0,68.47,2.2
17499.0,68.47,2.2
17500.0,68.24,2.2
17500.0,68.24,2.2
17501.0,68.24,2.21
17501.0,68.24,2.21
17502.0,68.24,2.21
17503.0,68.24,2.21
17503.0,67.82,2.21
17504.0,67.82,2.21
17504.0,67.82,2.21
17505.0,67.82,2.21
17505.0,67.82,2.21
17506.0,67.6,2.21
17507.0,67.59,2.21
17507.0,67.6,2.21
17508.0,67.59,2.21
17508.0,67.6,2.21
17509.0,67.59,2.21
17509.0,67.32,2.21
17510.0,67.32,2.22
17511.0,67.32,2.22
17511.0,67.32,2.22
17512.0,67.32,2.22
17512.0,66.96,2.22
17513.0,66.96,2.22
17514.0,66.96,2.22
17514.0,66.96,2.22
17515.0,66.96,2.22
17515.0,66.69,2.22
17516.0,66.69,2.22
17516.0,66.69,2.22
17517.0,66.69,2.22
17518.0,66.69,2.22
17518.0,66.69,2.22
17519.0,66.48,2.22
17519.0,66.48,2.23
17520.0,66.48,2.23
17520.0,66.48,2.23
17521.0,66.48,2.23
17522.0,66.5,2.23
17522.0,66.5,2.23
17523.0,66.5,2.23
17523.0,66.5,2.23
17524.0,66.5,2.23
17524.0,66.5,2.23
17525.0,66.41,2.23
17526.0,66.42,2.23
17526.0,66.41,2.23
17527.0,66.42,2.23
17527.0,66.41,2.23
17528.0,65.41,2.23
17529.0,65.41,2.24
17529.0,65.41,2.24
17530.0,65.41,2.24
17530.0,65.41,2.24
17531.0,62.95,2.24
17531.0,62.95,2.24
17532.0,62.95,2.24
17533.0,62.95,2.24
17533.0,62.95,2.24
17534.0,62.95,2.24
17534.0,60.87,2.24
17535.0,60.88,2.24
17535.0,60.87,2.24
17536.0,60.88,2.24
17537.0,60.87,2.24
17537.0,59.78,2.24
17538.0,59.78,2.25
17538.0,59.78,2.25
17539.0,59.78,2.25
17539.0,59.78,2.25
17540.0,59.78,2.25
17541.0,59.14,2.25
17541.0,59.14,2.25
17542.0,59.14,2.25
17542.0,59.14,2.25
17543.0,59.14,2.25
17544.0,58.51,2.25
17544.0,58.51,2.25
17545.0,58.51,2.25
17545.0,58.51,2.25
17546.0,58.51,2.25
17546.0,58.51,2.26
17547.0,58.09,2.26
17548.0,58.1,2.26
17548.0,58.09,2.26
17549.0,58.1,2.26
17549.0,58.09,2.26
17550.0,57.74,2.26
17550.0,57.73,2.26
17551.0,57.74,2.26
17552.0,57.73,2.26
17552.0,57.74,2.26
17553.0,57.42,2.26
17553.0,57.42,2.26
17554.0,57.42,2.26
17554.0,57.42,2.26
17555.0,57.42,2.26
17556.0,57.42,2.27
17556.0,57.3,2.27
17557.0,57.3,2.27
17557.0,57.3,2.27
17558.0,57.3,2.27
17559.0,57.3,2.27
17559.0,57.06,2.27
17560.0,57.05,2.27
17560.0,57.06,2.27
17561.0,57.05,2.27
17562.0,57.06,2.27
17562.0,56.92,2.27
17563.0,56.92,2.27
17563.0,56.92,2.27
17564.0,56.92,2.27
17564.0,56.92,2.27
17565.0,56.92,2.28
17566.0,56.73,2.28
17566.0,56.73,2.28
17567.0,56.73,2.28
17567.0,56.73,2.28
17568.0,56.73,2.28
17568.0,56.4,2.28
17569.0,56.39,2.28
17570.0,56.4,2.28
17570.0,56.39,2.28
17571.0,56.4,2.28
17571.0,56.39,2.28
17572.0,56.02,2.28
17572.0,56.02,2.28
17573.0,56.02,2.28
17574.0,56.02,2.28
17574.0,56.02,2.29
17575.0,56.0,2.29
17575.0,56.0,2.29
17576.0,56.0,2.29
17577.0,56.0,2.29
17577.0,56.0,2.29
17578.0,55.94,2.29
17578.0,55.94,2.29
17579.0,55.94,2.29
17579.0,55.94,2.29
17580.0,55.94,2.29
17581.0,55.94,2.29
17581.0,55.9,2.29
17582.0,55.9,2.29
17582.0,55.9,2.29
17583.0,55.9,2.29
17583.0,55.9,2.3
17584.0,55.83,2.3
17585.0,55.83,2.3
17585.0,55.83,2.3
17586.0,55.83,2.3
17586.0,55.83,2.3
17587.0,55.83,2.3
17588.0,55.66,2.3
17588.0,55.66,2.3
17589.0,55.66,2.3
17589.0,55.66,2.3
17590.0,55.66,2.3
17590.0,55.12,2.3
17591.0,55.11,2.3
17592.0,55.12,2.3
17592.0,55.11,2.3
17593.0,55.12,2.31
17593.0,55.04,2.31
17594.0,55.04,2.31
17594.0,55.04,2.31
17595.0,55.04,2.31
17596.0,55.04,2.31
17596.0,55.04,2.31
17597.0,55.15,2.31
17597.0,55.15,2.31
17598.0,55.15,2.31
17598.0,55.15,2.31
17599.0,55.15,2.31
17600.0,55.29,2.31
17600.0,55.29,2.31
17601.0,55.29,2.31
17601.0,55.29,2.31
17602.0,55.29,2.32
17603.0,55.29,2.32
17603.0,55.58,2.32
17604.0,55.58,2.32
17604.0,55.58,2.32
17605.0,55.58,2.32
17605.0,55.58,2.32
17606.0,55.23,2.32
17607.0,55.23,2.32
17607.0,55.23,2.32
17608.0,55.23,2.32
17608.0,55.23,2.32
17609.0,54.78,2.32
17609.0,54.78,2.32
17610.0,54.78,2.32
17611.0,54.78,2.32
17611.0,54.78,2.33
17612.0,54.78,2.33
17612.0,54.65,2.33
17613.0,54.65,2.33
17613.0,54.65,2.33
17614.0,54.65,2.33
17615.0,54.65,2.33
17615.0,54.72,2.33
17616.0,54.72,2.33
17616.0,54.72,2.33
17617.0,54.72,2.33
17618.0,54.72,2.33
17618.0,54.72,2.33
17619.0,54.83,2.33
17619.0,54.83,2.33
17620.0,54.83,2.33
17620.0,54.83,2.34
17621.0,54.83,2.34
17622.0,55.01,2.34
17622.0,55.01,2.34
17623.0,55.01,2.34
17623.0,55.01,2.34
17624.0,55.01,2.34
17624.0,54.95,2.34
17625.0,54.95,2.34
17626.0,54.95,2.34
17626.0,54.95,2.34
17627.0,54.95,2.34
17627.0,54.95,2.34
17628.0,54.53,2.34
17628.0,54.53,2.34
17629.0,54.53,2.34
17630.0,54.53,2.35
17630.0,54.53,2.35
17631.0,54.24,2.35
17631.0,54.23,2.35
17632.0,54.24,2.35
17633.0,54.23,2.35
17633.0,54.24,2.35
17634.0,54.23,2.35
17634.0,54.43,2.35
17635.0,54.43,2.35
17635.0,54.43,2.35
17636.0,54.43,2.35
17637.0,54.43,2.35
17637.0,54.46,2.35
17638.0,54.47,2.35
17638.0,54.46,2.35
17639.0,54.47,2.36
17639.0,54.46,2.36
17640.0,54.34,2.36
17641.0,54.34,2.36
17641.0,54.34,2.36
17642.0,54.34,2.36
17642.0,54.34,2.36
17643.0,54.34,2.36
17643.0,54.54,2.36
17644.0,54.54,2.36
17645.0,54.54,2.36
17645.0,54.54,2.36
17646.0,54.54,2.36
17646.0,54.49,2.36
17647.0,54.49,2.36
17648.0,54.49,2.36
17648.0,54.49,2.37
17649.0,54.49,2.37
17649.0,54.49,2.37
17650.0,54.14,2.37
17650.0,54.15,2.37
17651.0,54.14,2.37
17652.0,54.15,2.37
17652.0,54.14,2.37
17653.0,53.92,2.37
17653.0,53.91,2.37
17654.0,53.92,2.37
17654.0,53.91,2.37
17655.0,53.92,2.37
17656.0,53.91,2.37
17656.0,53.79,2.37
17657.0,53.79,2.37
17657.0,53.79,2.37
17658.0,53.79,2.38
17659.0,53.79,2.38
17659.0,53.89,2.38
17660.0,53.89,2.38
17660.0,53.89,2.38
17661.0,53.89,2.38
17661.0,53.89,2.38
17662.0,53.9,2.38
17663.0,53.9,2.38
17663.0,53.9,2.38
17664.0,53.9,2.38
17664.0,53.9,2.38
17665.0,53.9,2.38
17666.0,53.78,2.38
17666.0,53.77,2.38
17667.0,53.78,2.38
17667.0,53.77,2.39
17668.0,53.78,2.39
17668.0,53.63,2.39
17669.0,53.63,2.39
17670.0,53.63,2.39
17670.0,53.63,2.39
17671.0,53.63,2.39
17671.0,53.35,2.39
17672.0,53.35,2.39
17672.0,53.35,2.39
17673.0,53.35,2.39
17674.0,53.35,2.39
17674.0,53.35,2.39
17675.0,53.44,2.39
17675.0,53.44,2.39
17676.0,53.44,2.39
17676.0,53.44,2.4
17677.0,53.44,2.4
17678.0,53.67,2.4
17678.0,53.67,2.4
17679.0,53.67,2.4
17679.0,53.67,2.4
17680.0,53.67,2.4
17681.0,53.67,2.4
17681.0,53.45,2.4
17682.0,53.46,2.4
17682.0,53.45,2.4
17683.0,53.46,2.4
17683.0,53.45,2.4
17684.0,53.17,2.4
17685.0,53.17,2.4
17685.0,53.17,2.4
17686.0,53.17,2.41
17686.0,53.17,2.41
17687.0,53.24,2.41
17687.0,53.24,2.41
17688.0,53.24,2.41
17689.0,53.24,2.41
17689.0,53.24,2.41
17690.0,53.24,2.41
17690.0,53.32,2.41
17691.0,53.33,2.41
17691.0,53.32,2.41
17692.0,53.33,2.41
17693.0,53.32,2.41
17693.0,53.29,2.41
17694.0,53.29,2.41
17694.0,53.29,2.41
17695.0,53.29,2.42
17696.0,53.29,2.42
17696.0,53.29,2.42
17697.0,53.56,2.42
17697.0,53.55,2.42
17698.0,53.56,2.42
17698.0,53.55,2.42
17699.0,53.56,2.42
17700.0,53.35,2.42
17700.0,53.35,2.42
17701.0,53.35,2.42
17701.0,53.35,2.42
17702.0,53.35,2.42
17702.0,53.33,2.42
17703.0,53.32,2.42
17704.0,53.33,2.42
17704.0,53.32,2.43
17705.0,53.33,2.43
17705.0,53.32,2.43
17706.0,53.17,2.43
17706.0,53.17,2.43
17707.0,53.17,2.43
17708.0,53.17,2.43
17708.0,53.17,2.43
17709.0,53.08,2.43
17709.0,53.08,2.43
17710.0,53.08,2.43
17711.0,53.08,2.43
17711.0,53.08,2.43
17712.0,53.08,2.43
17712.0,53.0,2.43
17713.0,53.01,2.43
17713.0,53.0,2.44
17714.0,53.01,2.44
17715.0,53.0,2.44
17715.0,53.1,2.44
17716.0,53.1,2.44
17716.0,53.1,2.44
17717.0,53.1,2.44
17717.0,53.1,2.44
17718.0,53.05,2.44
17719.0,53.05,2.44
17719.0,53.05,2.44
17720.0,53.05,2.44
17720.0,53.05,2.44
17721.0,53.05,2.44
17722.0,53.04,2.44
17722.0,53.04,2.44
17723.0,53.04,2.45
17723.0,53.04,2.45
17724.0,53.04,2.45
17724.0,53.09,2.45
17725.0,53.09,2.45
17726.0,53.09,2.45
17726.0,53.09,2.45
17727.0,53.09,2.45
17727.0,53.09,2.45
17728.0,53.03,2.45
17728.0,53.03,2.45
17729.0,53.03,2.45
17730.0,53.03,2.45
17730.0,53.03,2.45
17731.0,52.93,2.45
17731.0,52.94,2.45
17732.0,52.93,2.46
17732.0,52.94,2.46
17733.0,52.93,2.46
17734.0,52.95,2.46
17734.0,52.95,2.46
17735.0,52.95,2.46
17735.0,52.95,2.46
17736.0,52.95,2.46
17737.0,52.95,2.46
17737.0,53.03,2.46
17738.0,53.03,2.46
17738.0,53.03,2.46
17739.0,53.03,2.46
17739.0,53.03,2.46
17740.0,53.19,2.46
17741.0,53.19,2.46
17741.0,53.19,2.47
17742.0,53.19,2.47
17742.0,53.19,2.47
17743.0,53.19,2.47
17743.0,53.29,2.47
17744.0,53.29,2.47
17745.0,53.29,2.47
17745.0,53.29,2.47
17746.0,53.29,2.47
17746.0,53.01,2.47
17747.0,53.01,2.47
17747.0,53.01,2.47
17748.0,53.01,2.47
17749.0,53.01,2.47
17749.0,53.01,2.47
17750.0,52.67,2.47
17750.0,52.67,2.48
17751.0,52.67,2.48
17752.0,52.67,2.48
17752.0,52.67,2.48
17753.0,52.63,2.48
17753.0,52.63,2.48
17754.0,52.63,2.48
17754.0,52.63,2.48
17755.0,52.63,2.48
17756.0,52.62,2.48
17756.0,52.62,2.48
17757.0,52.62,2.48
17757.0,52.62,2.48
17758.0,52.62,2.48
17758.0,52.62,2.48
17759.0,52.59,2.48
17760.0,52.59,2.49
17760.0,52.59,2.49
17761.0,52.59,2.49
17761.0,52.59,2.49
17762.0,52.58,2.49
17763.0,52.58,2.49
17763.0,52.58,2.49
17764.0,52.58,2.49
17764.0,52.58,2.49
17765.0,52.73,2.49
17765.0,52.73,2.49
17766.0,52.73,2.49
17767.0,52.73,2.49
17767.0,52.73,2.49
17768.0,52.73,2.49
17768.0,52.49,2.49
17769.0,52.49,2.5
17770.0,52.49,2.5
17770.0,52.49,2.5
17771.0,52.49,2.5
17771.0,52.51,2.5
17772.0,52.51,2.5
17772.0,52.51,2.5
17773.0,52.51,2.5
17774.0,52.51,2.5
17774.0,52.51,2.5
17775.0,52.5,2.5
17775.0,52.51,2.5
17776.0,52.5,2.5
17776.0,52.51,2.5
17777.0,52.5,2.5
17778.0,52.56,2.51
17778.0,52.56,2.51
17779.0,52.56,2.51
17779.0,52.56,2.51
17780.0,52.56,2.51
17780.0,52.82,2.51
17781.0,52.82,2.51
17782.0,52.82,2.51
17782.0,52.82,2.51
17783.0,52.82,2.51
17783.0,52.82,2.51
17784.0,52.89,2.51
17785.0,52.9,2.51
17785.0,52.89,2.51
17786.0,52.9,2.51
17786.0,52.89,2.51
17787.0,52.65,2.52
17787.0,52.65,2.52
17788.0,52.65,2.52
17789.0,52.65,2.52
17789.0,52.65,2.52
17790.0,52.65,2.52
17790.0,52.26,2.52
17791.0,52.26,2.52
17791.0,52.26,2.52
17792.0,52.26,2.52
17793.0,52.26,2.52
17793.0,52.0,2.52
17794.0,52.01,2.52
17794.0,52.0,2.52
17795.0,52.01,2.52
17795.0,52.0,2.52
17796.0,51.85,2.53
17797.0,51.84,2.53
17797.0,51.85,2.53
17798.0,51.84,2.53
17798.0,51.85,2.53
17799.0,51.84,2.53
17800.0,51.73,2.53
17800.0,51.73,2.53
17801.0,51.73,2.53
17801.0,51.73,2.53
17802.0,51.73,2.53
17802.0,51.47,2.53
17803.0,51.47,2.53
17804.0,51.47,2.53
17804.0,51.47,2.53
17805.0,51.47,2.53
17805.0,51.47,2.54
17806.0,51.06,2.54
17806.0,51.06,2.54
17807.0,51.06,2.54
17808.0,51.06,2.54
17808.0,51.06,2.54
17809.0,50.72,2.54
17809.0,50.72,2.54
17810.0,50.72,2.54
17810.0,50.72,2.54
17811.0,50.72,2.54
17812.0,50.47,2.54
17812.0,50.47,2.54
17813.0,50.47,2.54
17813.0,50.47,2.54
17814.0,50.47,2.54
17815.0,50.47,2.55
17815.0,50.68,2.55
17816.0,50.68,2.55
17816.0,50.68,2.55
17817.0,50.68,2.55
17817.0,50.68,2.55
17818.0,50.44,2.55
17819.0,50.43,2.55
17819.0,50.44,2.55
17820.0,50.43,2.55
17820.0,50.44,2.55
17821.0,50.43,2.55
17821.0,50.24,2.55
17822.0,50.23,2.55
17823.0,50.24,2.55
17823.0,50.23,2.55
17824.0,50.24,2.56
17824.0,49.92,2.56
17825.0,49.92,2.56
17825.0,49.92,2.56
17826.0,49.92,2.56
17827.0,49.92,2.56
17827.0,49.67,2.56
17828.0,49.67,2.56
17828.0,49.67,2.56
17829.0,49.67,2.56
17830.0,49.67,2.56
17830.0,49.67,2.56
17831.0,49.58,2.56
17831.0,49.58,2.56
17832.0,49.58,2.56
17832.0,49.58,2.56
17833.0,49.58,2.57
17834.0,49.5,2.57
17834.0,49.51,2.57
17835.0,49.5,2.57
17835.0,49.51,2.57
17836.0,49.5,2.57
17836.0,49.51,2.57
17837.0,49.43,2.57
17838.0,49.43,2.57
17838.0,49.43,2.57
17839.0,49.43,2.57
17839.0,49.43,2.57
17840.0,49.49,2.57
17840.0,49.49,2.57
17841.0,49.49,2.57
17842.0,49.49,2.57
17842.0,49.49,2.58
17843.0,49.25,2.58
17843.0,49.26,2.58
17844.0,49.25,2.58
17845.0,49.26,2.58
17845.0,49.25,2.58
17846.0,49.26,2.58
17846.0,48.84,2.58
17847.0,48.84,2.58
17847.0,48.84,2.58
17848.0,48.84,2.58
17849.0,48.84,2.58
17849.0,48.71,2.58
17850.0,48.7,2.58
17850.0,48.71,2.58
17851.0,48.7,2.58
17851.0,48.71,2.59
17852.0,48.7,2.59
17853.0,48.17,2.59
17853.0,48.17,2.59
17854.0,48.17,2.59
17854.0,48.17,2.59
17855.0,48.17,2.59
17855.0,48.1,2.59
17856.0,48.1,2.59
17857.0,48.1,2.59
17857.0,48.1,2.59
17858.0,48.1,2.59
17858.0,48.1,2.59
17859.0,48.14,2.59
17860.0,48.14,2.59
17860.0,48.14,2.59
17861.0,48.14,2.6
17861.0,48.14,2.6
17862.0,48.24,2.6
17863.0,48.23,2.6
17863.0,48.24,2.6
17864.0,48.23,2.6
17864.0,48.24,2.6
17865.0,48.11,2.6
17865.0,48.11,2.6
17866.0,48.11,2.6
17867.0,48.11,2.6
17867.0,48.11,2.6
17868.0,48.11,2.6
17868.0,47.91,2.6
17869.0,47.91,2.6
17869.0,47.91,2.6
17870.0,47.91,2.61
17871.0,47.91,2.61
17871.0,47.47,2.61
17872.0,47.47,2.61
17872.0,47.47,2.61
17873.0,47.47,2.61
17873.0,47.47,2.61
17874.0,47.43,2.61
17875.0,47.43,2.61
17875.0,47.43,2.61
17876.0,47.43,2.61
17876.0,47.43,2.61
17877.0,47.43,2.61
17878.0,47.06,2.61
17878.0,47.06,2.61
17879.0,47.06,2.61
17879.0,47.06,2.62
17880.0,47.06,2.62
17880.0,45.58,2.62
17881.0,45.58,2.62
17882.0,45.58,2.62
17882.0,45.58,2.62
17883.0,45.58,2.62
17883.0,45.58,2.62
17884.0,44.04,2.62
17884.0,44.04,2.62
17885.0,44.04,2.62
17886.0,44.04,2.62
17886.0,44.04,2.62
17887.0,42.67,2.62
17887.0,42.67,2.62
17888.0,42.67,2.62
17889.0,42.67,2.62
17889.0,42.67,2.63
17890.0,41.72,2.63
17890.0,41.72,2.63
17891.0,41.72,2.63
17891.0,41.72,2.63
17892.0,41.72,2.63
17893.0,41.72,2.63
17893.0,41.01,2.63
17894.0,41.01,2.63
17894.0,41.01,2.63
17895.0,41.01,2.63
17895.0,41.01,2.63
17896.0,40.69,2.63
17897.0,40.69,2.63
17897.0,40.69,2.63
17898.0,40.69,2.63
17898.0,40.69,2.64
17899.0,40.69,2.64
17899.0,40.38,2.64
17900.0,40.38,2.64
17901.0,40.38,2.64
17901.0,40.38,2.64
17902.0,40.38,2.64
17902.0,40.26,2.64
17903.0,40.26,2.64
17904.0,40.26,2.64
17904.0,40.26,2.64
17905.0,40.26,2.64
17905.0,40.22,2.64
17906.0,40.22,2.64
17906.0,40.22,2.64
17907.0,40.22,2.64
17908.0,40.22,2.65
17908.0,40.22,2.65
17909.0,39.96,2.65
17909.0,39.97,2.65
17910.0,39.96,2.65
17910.0,39.97,2.65
17911.0,39.96,2.65
17912.0,39.72,2.65
17912.0,39.72,2.65
17913.0,39.72,2.65
17913.0,39.72,2.65
17914.0,39.72,2.65
17914.0,39.72,2.65
17915.0,39.63,2.65
17916.0,39.62,2.65
17916.0,39.63,2.65
17917.0,39.62,2.66
17917.0,39.63,2.66
17918.0,39.54,2.66
17919.0,39.54,2.66
17919.0,39.54,2.66
17920.0,39.54,2.66
17920.0,39.54,2.66
17921.0,39.28,2.66
17921.0,39.27,2.66
17922.0,39.28,2.66
17923.0,39.27,2.66
17923.0,39.28,2.66
17924.0,39.27,2.66
17924.0,39.27,2.66
17925.0,39.27,2.66
17925.0,39.27,2.66
17926.0,39.27,2.67
17927.0,39.27,2.67
17927.0,39.11,2.67
17928.0,39.11,2.67
17928.0,39.11,2.67
17929.0,39.11,2.67
17929.0,39.11,2.67
17930.0,39.11,2.67
17931.0,38.85,2.67
17931.0,38.85,2.67
17932.0,38.85,2.67
17932.0,38.85,2.67
17933.0,38.85,2.67
17934.0,38.63,2.67
17934.0,38.63,2.67
17935.0,38.63,2.67
17935.0,38.63,2.68
17936.0,38.63,2.68
17936.0,38.7,2.68
17937.0,38.7,2.68
17938.0,38.7,2.68
17938.0,38.7,2.68
17939.0,38.7,2.68
17939.0,38.7,2.68
17940.0,38.98,2.68
17940.0,38.98,2.68
17941.0,38.98,2.68
17942.0,38.98,2.68
17942.0,38.98,2.68
17943.0,38.82,2.68
17943.0,38.82,2.68
17944.0,38.82,2.68
17944.0,38.82,2.69
17945.0,38.82,2.69
17946.0,38.82,2.69
17946.0,38.65,2.69
17947.0,38.65,2.69
17947.0,38.65,2.69
17948.0,38.65,2.69
17949.0,38.65,2.69
17949.0,38.36,2.69
17950.0,38.37,2.69
17950.0,38.36,2.69
17951.0,38.37,2.69
17951.0,38.36,2.69
17952.0,38.37,2.69
17953.0,38.2,2.69
17953.0,38.2,2.69
17954.0,38.2,2.7
17954.0,38.2,2.7
17955.0,38.2,2.7
17955.0,37.97,2.7
17956.0,37.97,2.7
17957.0,37.97,2.7
17957.0,37.97,2.7
17958.0,37.97,2.7
17958.0,37.54,2.7
17959.0,37.54,2.7
17959.0,37.54,2.7
17960.0,37.54,2.7
17961.0,37.54,2.7
17961.0,37.54,2.7
17962.0,37.12,2.7
17962.0,37.13,2.7
17963.0,37.12,2.71
17964.0,37.13,2.71
17964.0,37.12,2.71
17965.0,36.84,2.71
17965.0,36.84,2.71
17966.0,36.84,2.71
17967.0,36.84,2.71
17967.0,36.84,2.71
17968.0,36.59,2.71
17968.0,36.59,2.71
17969.0,36.59,2.71
17969.0,36.59,2.71
17970.0,36.59,2.71
17971.0,36.59,2.71
17971.0,36.32,2.71
17972.0,36.32,2.71
17972.0,36.32,2.72
17973.0,36.32,2.72
17973.0,36.32,2.72
17974.0,36.28,2.72
17975.0,36.28,2.72
17975.0,36.28,2.72
17976.0,36.28,2.72
17976.0,36.28,2.72
17977.0,36.28,2.72
17977.0,36.01,2.72
17978.0,36.01,2.72
17979.0,36.01,2.72
17979.0,36.01,2.72
17980.0,36.01,2.72
17980.0,35.86,2.72
17981.0,35.87,2.72
17982.0,35.86,2.73
17982.0,35.87,2.73
17983.0,35.86,2.73
17983.0,35.79,2.73
17984.0,35.79,2.73
17984.0,35.79,2.73
17985.0,35.79,2.73
17986.0,35.79,2.73
17986.0,35.79,2.73
17987.0,35.54,2.73
17987.0,35.54,2.73
17988.0,35.54,2.73
17988.0,35.54,2.73
17989.0,35.54,2.73
17990.0,35.48,2.73
17990.0,35.49,2.73
17991.0,35.48,2.74
17991.0,35.49,2.74
17992.0,35.48,2.74
17992.0,35.49,2.74
17993.0,35.4,2.74
17994.0,35.4,2.74
17994.0,35.4,2.74
17995.0,35.4,2.74
17995.0,35.4,2.74
17996.0,35.14,2.74
17997.0,35.14,2.74
17997.0,35.14,2.74
17998.0,35.14,2.74
17998.0,35.14,2.74
17999.0,35.19,2.74
17999.0,35.19,2.74
18000.0,35.19,2.75
18001.0,35.19,2.75
18001.0,35.19,2.75
18002.0,35.19,2.75
18002.0,35.14,2.75
18003.0,35.14,2.75
18003.0,35.14,2.75
18004.0,35.14,2.75
18005.0,35.14,2.75
18005.0,34.88,2.75
18006.0,34.87,2.75
18006.0,34.88,2.75
18007.0,34.87,2.75
18007.0,34.88,2.75
18008.0,34.87,2.75
18009.0,35.07,2.76
18009.0,35.07,2.76
18010.0,35.07,2.76
18010.0,35.07,2.76
18011.0,35.07,2.76
18012.0,34.92,2.76
18012.0,34.92,2.76
18013.0,34.92,2.76
18013.0,34.92,2.76
18014.0,34.92,2.76
18014.0,34.88,2.76
18015.0,34.88,2.76
18016.0,34.88,2.76
18016.0,34.88,2.76
18017.0,34.88,2.76
18017.0,34.88,2.76
18018.0,35.01,2.77
18018.0,35.01,2.77
18019.0,35.01,2.77
18020.0,35.01,2.77
18020.0,35.01,2.77
18021.0,35.08,2.77
18021.0,35.08,2.77
18022.0,35.08,2.77
18022.0,35.08,2.77
18023.0,35.08,2.77
18024.0,35.08,2.77
18024.0,34.99,2.77
18025.0,34.99,2.77
18025.0,34.99,2.77
18026.0,34.99,2.77
18027.0,34.99,2.77
18027.0,35.11,2.78
18028.0,35.11,2.78
18028.0,35.11,2.78
18029.0,35.11,2.78
18029.0,35.11,2.78
18030.0,34.87,2.78
18031.0,34.88,2.78
18031.0,34.87,2.78
18032.0,34.88,2.78
18032.0,34.87,2.78
18033.0,34.88,2.78
18033.0,34.49,2.78
18034.0,34.49,2.78
18035.0,34.49,2.78
18035.0,34.49,2.78
18036.0,34.49,2.78
18036.0,34.72,2.79
18037.0,34.71,2.79
18038.0,34.72,2.79
18038.0,34.71,2.79
18039.0,34.72,2.79
18039.0,34.71,2.79
18040.0,34.74,2.79
18040.0,34.74,2.79
18041.0,34.74,2.79
18042.0,34.74,2.79
18042.0,34.74,2.79
18043.0,34.63,2.79
18043.0,34.63,2.79
18044.0,34.63,2.79
18044.0,34.63,2.79
18045.0,34.63,2.79
18046.0,34.39,2.8
18046.0,34.39,2.8
18047.0,34.39,2.8
18047.0,34.39,2.8
18048.0,34.39,2.8
18048.0,34.39,2.8
18049.0,34.43,2.8
18050.0,34.43,2.8
18050.0,34.43,2.8
18051.0,34.43,2.8
18051.0,34.43,2.8
18052.0,34.38,2.8
18053.0,34.38,2.8
18053.0,34.38,2.8
18054.0,34.38,2.8
18054.0,34.38,2.8
18055.0,34.38,2.81
18055.0,34.16,2.81
18056.0,34.16,2.81
18057.0,34.16,2.81
18057.0,34.16,2.81
18058.0,34.16,2.81
18058.0,33.84,2.81
18059.0,33.84,2.81
18059.0,33.84,2.81
18060.0,33.84,2.81
18061.0,33.84,2.81
18061.0,33.84,2.81
18062.0,33.92,2.81
18062.0,33.92,2.81
18063.0,33.92,2.81
18064.0,33.92,2.81
18064.0,33.92,2.82
18065.0,34.1,2.82
18065.0,34.1,2.82
18066.0,34.1,2.82
18066.0,34.1,2.82
18067.0,34.1,2.82
18068.0,34.02,2.82
18068.0,34.02,2.82
18069.0,34.02,2.82
18069.0,34.02,2.82
18070.0,34.02,2.82
18071.0,34.02,2.82
18071.0,33.7,2.82
18072.0,33.7,2.82
18072.0,33.7,2.82
18073.0,33.7,2.82
18073.0,33.7,2.83
18074.0,33.58,2.83
18075.0,33.58,2.83
18075.0,33.58,2.83
18076.0,33.58,2.83
18076.0,33.58,2.83
18077.0,33.65,2.83
18077.0,33.65,2.83
18078.0,33.65,2.83
18079.0,33.65,2.83
18079.0,33.65,2.83
18080.0,33.65,2.83
18080.0,33.6,2.83
18081.0,33.6,2.83
18081.0,33.6,2.83
18082.0,33.6,2.83
18083.0,33.6,2.84
18083.0,33.2,2.84
18084.0,33.21,2.84
18084.0,33.2,2.84
18085.0,33.21,2.84
18086.0,33.2,2.84
18086.0,33.21,2.84
18087.0,32.91,2.84
18087.0,32.91,2.84
18088.0,32.91,2.84
18088.0,32.91,2.84
18089.0,32.91,2.84
18090.0,32.8,2.84
18090.0,32.8,2.84
18091.0,32.8,2.84
18091.0,32.8,2.84
18092.0,32.8,2.85
18092.0,32.82,2.85
18093.0,32.83,2.85
18094.0,32.82,2.85
18094.0,32.83,2.85
18095.0,32.82,2.85
18095.0,32.83,2.85
18096.0,32.89,2.85
18096.0,32.89,2.85
18097.0,32.89,2.85
18098.0,32.89,2.85
18098.0,32.89,2.85
18099.0,32.86,2.85
18099.0,32.86,2.85
18100.0,32.86,2.85
18101.0,32.86,2.85
18101.0,32.86,2.86
18102.0,32.86,2.86
18102.0,32.93,2.86
18103.0,32.93,2.86
18103.0,32.93,2.86
18104.0,32.93,2.86
18105.0,32.93,2.86
18105.0,32.86,2.86
18106.0,32.86,2.86
18106.0,32.86,2.86
18107.0,32.86,2.86
18107.0,32.86,2.86
18108.0,32.67,2.86
18109.0,32.67,2.86
18109.0,32.67,2.86
18110.0,32.67,2.86
18110.0,32.67,2.87
18111.0,32.67,2.87
18111.0,32.66,2.87
18112.0,32.66,2.87
18113.0,32.66,2.87
18113.0,32.66,2.87
18114.0,32.66,2.87
18114.0,32.57,2.87
18115.0,32.58,2.87
18116.0,32.57,2.87
18116.0,32.58,2.87
18117.0,32.57,2.87
18117.0,32.58,2.87
18118.0,32.57,2.87
18118.0,32.57,2.87
18119.0,32.57,2.87
18120.0,32.57,2.87
18120.0,32.57,2.88
18121.0,32.72,2.88
18121.0,32.72,2.88
18122.0,32.72,2.88
18122.0,32.72,2.88
18123.0,32.72,2.88
18124.0,32.67,2.88
18124.0,32.67,2.88
18125.0,32.67,2.88
18125.0,32.67,2.88
18126.0,32.67,2.88
18126.0,32.67,2.88
18127.0,32.54,2.88
18128.0,32.54,2.88
18128.0,32.54,2.88
18129.0,32.54,2.88
18129.0,32.54,2.89
18130.0,32.45,2.89
18131.0,32.45,2.89
18131.0,32.45,2.89
18132.0,32.45,2.89
18132.0,32.45,2.89
18133.0,32.45,2.89
18133.0,32.33,2.89
18134.0,32.33,2.89
18135.0,32.33,2.89
18135.0,32.33,2.89
18136.0,32.33,2.89
18136.0,32.29,2.89
18137.0,32.29,2.89
18137.0,32.29,2.89
18138.0,32.29,2.89
18139.0,32.29,2.9
18139.0,32.36,2.9
18140.0,32.36,2.9
18140.0,32.36,2.9
18141.0,32.36,2.9
18141.0,32.36,2.9
18142.0,32.36,2.9
18143.0,32.5,2.9
18143.0,32.5,2.9
18144.0,32.5,2.9
18144.0,32.5,2.9
18145.0,32.5,2.9
18146.0,32.27,2.9
18146.0,32.27,2.9
18147.0,32.27,2.9
18147.0,32.27,2.9
18148.0,32.27,2.91
18148.0,32.27,2.91
18149.0,32.13,2.91
18150.0,32.13,2.91
18150.0,32.13,2.91
18151.0,32.13,2.91
18151.0,32.13,2.91
18152.0,32.24,2.91
18152.0,32.23,2.91
18153.0,32.24,2.91
18154.0,32.23,2.91
18154.0,32.24,2.91
18155.0,32.23,2.91
18155.0,32.29,2.91
18156.0,32.29,2.91
18156.0,32.29,2.91
18157.0,32.29,2.92
18158.0,32.29,2.92
18158.0,32.25,2.92
18159.0,32.25,2.92
18159.0,32.25,2.92
18160.0,32.25,2.92
18161.0,32.25,2.92
18161.0,32.3,2.92
18162.0,32.3,2.92
18162.0,32.3,2.92
18163.0,32.3,2.92
18164.0,32.3,2.92
18164.0,32.3,2.92
18165.0,32.25,2.92
18165.0,32.25,2.92
18166.0,32.25,2.92
18166.0,32.25,2.93
18167.0,32.25,2.93
18168.0,32.31,2.93
18168.0,32.31,2.93
18169.0,32.31,2.93
18169.0,32.31,2.93
18170.0,32.31,2.93
18170.0,32.2,2.93
18171.0,32.2,2.93
18172.0,32.2,2.93
18172.0,32.2,2.93
18173.0,32.2,2.93
18173.0,32.2,2.93
18174.0,31.89,2.93
18174.0,31.89,2.93
18175.0,31.89,2.93
18176.0,31.89,2.94
18176.0,31.89,2.94
18177.0,31.96,2.94
18177.0,31.96,2.94
18178.0,31.96,2.94
18179.0,31.96,2.94
18179.0,31.96,2.94
18180.0,31.96,2.94
18180.0,32.13,2.94
18181.0,32.13,2.94
18181.0,32.13,2.94
18182.0,32.13,2.94
18183.0,32.13,2.94
18183.0,32.03,2.94
18184.0,32.03,2.94
18184.0,32.03,2.94
18185.0,32.03,2.95
18185.0,32.03,2.95
18186.0,31.99,2.95
18187.0,32.0,2.95
18187.0,31.99,2.95
18188.0,32.0,2.95
18188.0,31.99,2.95
18189.0,32.0,2.95
18189.0,31.9,2.95
18190.0,31.9,2.95
18191.0,31.9,2.95
18191.0,31.9,2.95
18192.0,31.9,2.95
18192.0,31.77,2.95
18193.0,31.77,2.95
18194.0,31.77,2.95
18194.0,31.77,2.96
18195.0,31.77,2.96
18195.0,31.77,2.96
18196.0,31.69,2.96
18196.0,31.69,2.96
18197.0,31.69,2.96
18198.0,31.69,2.96
18198.0,31.69,2.96
18199.0,31.91,2.96
18199.0,31.91,2.96
18200.0,31.91,2.96
18200.0,31.91,2.96
18201.0,31.91,2.96
18202.0,32.14,2.96
18202.0,32.14,2.96
18203.0,32.14,2.96
18203.0,32.14,2.97
18204.0,32.14,2.97
18205.0,32.14,2.97
18205.0,31.8,2.97
18206.0,31.8,2.97
18206.0,31.8,2.97
18207.0,31.8,2.97
18207.0,31.8,2.97
18208.0,31.94,2.97
18209.0,31.94,2.97
18209.0,31.94,2.97
18210.0,31.94,2.97
18210.0,31.94,2.97
18211.0,31.94,2.97
18211.0,31.78,2.97
18212.0,31.78,2.97
18213.0,31.78,2.98
18213.0,31.78,2.98
18214.0,31.78,2.98
18214.0,31.68,2.98
18215.0,31.68,2.98
18215.0,31.68,2.98
18216.0,31.68,2.98
18217.0,31.68,2.98
18217.0,31.86,2.98
18218.0,31.86,2.98
18218.0,31.86,2.98
18219.0,31.86,2.98
18220.0,31.86,2.98
18220.0,31.86,2.98
18221.0,32.03,2.98
18221.0,32.03,2.98
18222.0,32.03,2.99
18222.0,32.03,2.99
18223.0,32.03,2.99
18224.0,31.96,2.99
18224.0,31.96,2.99
18225.0,31.96,2.99
18225.0,31.96,2.99
18226.0,31.96,2.99
18226.0,31.96,2.99
18227.0,31.6,2.99
18228.0,31.6,2.99
18228.0,31.6,2.99
18229.0,31.6,2.99
18229.0,31.6,2.99
18230.0,31.44,2.99
18230.0,31.44,2.99
18231.0,31.44,3.0
18232.0,31.44,3.0
18232.0,31.44,3.0
18233.0,31.28,3.0
18233.0,31.28,3.0
18234.0,31.28,3.0
18235.0,31.28,3.0
18235.0,31.28,3.0
18236.0,31.28,3.0
18236.0,31.33,3.0
18237.0,31.32,3.0
18237.0,31.33,3.0
18238.0,31.32,3.0
18239.0,31.33,3.0
18239.0,31.34,3.0
18240.0,31.34,3.01
18240.0,31.34,3.01
18241.0,31.34,3.01
18241.0,31.34,3.01
18242.0,31.34,3.01
18243.0,31.36,3.01
18243.0,31.36,3.01
18244.0,31.36,3.01
18244.0,31.36,3.01
18245.0,31.36,3.01
18245.0,31.47,3.01
18246.0,31.47,3.01
18247.0,31.47,3.01
18247.0,31.47,3.01
18248.0,31.47,3.01
18248.0,31.33,3.01
18249.0,31.33,3.02
18250.0,31.33,3.02
18250.0,31.33,3.02
18251.0,31.33,3.02
18251.0,31.33,3.02
18252.0,30.96,3.02
18252.0,30.96,3.02
18253.0,30.96,3.02
18254.0,30.96,3.02
18254.0,30.96,3.02
18255.0,31.0,3.02
18255.0,31.0,3.02
18256.0,31.0,3.02
18256.0,31.0,3.02
18257.0,31.0,3.02
18258.0,31.0,3.02
18258.0,31.23,3.03
18259.0,31.23,3.03
18259.0,31.23,3.03
18260.0,31.23,3.03
18260.0,31.23,3.03
18261.0,31.29,3.03
18262.0,31.29,3.03
18262.0,31.29,3.03
18263.0,31.29,3.03
18263.0,31.29,3.03
18264.0,31.29,3.03
18265.0,31.22,3.03
18265.0,31.22,3.03
18266.0,31.22,3.03
18266.0,31.22,3.03
18267.0,31.22,3.03
18268.0,30.99,3.04
18268.0,30.98,3.04
18269.0,30.99,3.04
18269.0,30.98,3.04
18270.0,30.99,3.04
18270.0,30.69,3.04
18271.0,30.69,3.04
18272.0,30.69,3.04
18272.0,30.69,3.04
18273.0,30.69,3.04
18273.0,30.69,3.04
18274.0,30.61,3.04
18274.0,30.61,3.04
18275.0,30.61,3.04
18276.0,30.61,3.04
18276.0,30.61,3.04
18277.0,30.86,3.05
18277.0,30.86,3.05
18278.0,30.86,3.05
18278.0,30.86,3.05
18279.0,30.86,3.05
18280.0,30.9,3.05
18280.0,30.91,3.05
18281.0,30.9,3.05
18281.0,30.91,3.05
18282.0,30.9,3.05
18283.0,30.91,3.05
18283.0,30.82,3.05
18284.0,30.83,3.05
18284.0,30.82,3.05
18285.0,30.83,3.05
18285.0,30.82,3.05
18286.0,30.64,3.06
18287.0,30.63,3.06
18287.0,30.64,3.06
18288.0,30.63,3.06
18288.0,30.64,3.06
18289.0,30.63,3.06
18289.0,30.36,3.06
18290.0,30.36,3.06
18291.0,30.36,3.06
18291.0,30.36,3.06
18292.0,30.36,3.06
18292.0,30.27,3.06
18293.0,30.27,3.06
18293.0,30.27,3.06
18294.0,30.27,3.06
18295.0,30.27,3.06
18295.0,30.11,3.07
18296.0,30.11,3.07
18296.0,30.11,3.07
18297.0,30.11,3.07
18298.0,30.11,3.07
18298.0,30.11,3.07
18299.0,30.04,3.07
18299.0,30.04,3.07
18300.0,30.04,3.07
18300.0,30.04,3.07
18301.0,30.04,3.07
18302.0,30.1,3.07
18302.0,30.1,3.07
18303.0,30.1,3.07
18303.0,30.1,3.07
18304.0,30.1,3.07
18304.0,30.1,3.08
18305.0,30.03,3.08
18306.0,30.03,3.08
18306.0,30.03,3.08
18307.0,30.03,3.08
18307.0,30.03,3.08
18308.0,29.71,3.08
18308.0,29.71,3.08
18309.0,29.71,3.08
18310.0,29.71,3.08
18310.0,29.71,3.08
18311.0,29.61,3.08
18311.0,29.61,3.08
18312.0,29.61,3.08
18313.0,29.61,3.08
18313.0,29.61,3.08
18314.0,29.61,3.09
18314.0,29.56,3.09
18315.0,29.56,3.09
18315.0,29.56,3.09
18316.0,29.56,3.09
18317.0,29.56,3.09
18317.0,29.45,3.09
18318.0,29.45,3.09
18318.0,29.45,3.09
18319.0,29.45,3.09
18319.0,29.45,3.09
18320.0,29.45,3.09
18321.0,29.78,3.09
18321.0,29.78,3.09
18322.0,29.78,3.09
18322.0,29.78,3.09
18323.0,29.78,3.1
18323.0,29.58,3.1
18324.0,29.58,3.1
18325.0,29.58,3.1
18325.0,29.58,3.1
18326.0,29.58,3.1
18326.0,29.37,3.1
18327.0,29.37,3.1
18328.0,29.37,3.1
18328.0,29.37,3.1
18329.0,29.37,3.1
18329.0,29.37,3.1
18330.0,29.09,3.1
18330.0,29.09,3.1
18331.0,29.09,3.1
18332.0,29.09,3.1
18332.0,29.09,3.11
18333.0,28.87,3.11
18333.0,28.87,3.11
18334.0,28.87,3.11
18334.0,28.87,3.11
18335.0,28.87,3.11
18336.0,28.87,3.11
18336.0,28.68,3.11
18337.0,28.68,3.11
18337.0,28.68,3.11
18338.0,28.68,3.11
18339.0,28.68,3.11
18339.0,29.0,3.11
18340.0,29.0,3.11
18340.0,29.0,3.11
18341.0,29.0,3.11
18341.0,29.0,3.12
18342.0,29.07,3.12
18343.0,29.07,3.12
18343.0,29.07,3.12
18344.0,29.07,3.12
18344.0,29.07,3.12
18345.0,29.07,3.12
18345.0,28.83,3.12
18346.0,28.83,3.12
18347.0,28.83,3.12
18347.0,28.83,3.12
18348.0,28.83,3.12
18348.0,28.54,3.12
18349.0,28.54,3.12
18349.0,28.54,3.12
18350.0,28.54,3.12
18351.0,28.54,3.12
18351.0,28.54,3.13
18352.0,28.55,3.13
18352.0,28.55,3.13
18353.0,28.55,3.13
18354.0,28.55,3.13
18354.0,28.55,3.13
18355.0,28.42,3.13
18355.0,28.42,3.13
18356.0,28.42,3.13
18356.0,28.42,3.13
18357.0,28.42,3.13
18358.0,28.49,3.13
18358.0,28.49,3.13
18359.0,28.49,3.13
18359.0,28.49,3.13
18360.0,28.49,3.13
18360.0,28.49,3.14
18361.0,28.57,3.14
18362.0,28.57,3.14
18362.0,28.57,3.14
18363.0,28.57,3.14
18363.0,28.57,3.14
18364.0,28.28,3.14
18364.0,28.28,3.14
18365.0,28.28,3.14
18366.0,28.28,3.14
18366.0,28.28,3.14
18367.0,28.28,3.14
18367.0,28.09,3.14
18368.0,28.09,3.14
18369.0,28.09,3.14
18369.0,28.09,3.14
18370.0,28.09,3.15
18370.0,27.78,3.15
18371.0,27.78,3.15
18372.0,27.78,3.15
18372.0,27.78,3.15
18373.0,27.78,3.15
18373.0,27.75,3.15
18374.0,27.75,3.15
18374.0,27.75,3.15
18375.0,27.75,3.15
18376.0,27.75,3.15
18376.0,27.75,3.15
18377.0,27.71,3.15
18377.0,27.71,3.15
18378.0,27.71,3.15
18378.0,27.71,3.15
18379.0,27.71,3.16
18380.0,26.26,3.16
18380.0,26.26,3.16
18381.0,26.26,3.16
18381.0,26.26,3.16
18382.0,26.26,3.16
18382.0,26.26,3.16
18383.0,22.73,3.16
18384.0,22.72,3.16
18384.0,22.73,3.16
18385.0,22.72,3.16
18385.0,22.73,3.16
18386.0,21.25,3.16
18387.0,21.25,3.16
18387.0,21.25,3.16
18388.0,21.25,3.16
18388.0,21.25,3.17
18389.0,20.78,3.17
18389.0,20.78,3.17
18390.0,20.78,3.17
18391.0,20.78,3.17
18391.0,20.78,3.17
18392.0,20.78,3.17
18392.0,20.61,3.17
18393.0,20.61,3.17
18393.0,20.61,3.17
18394.0,20.61,3.17
18395.0,20.61,3.17
18395.0,20.53,3.17
18396.0,20.53,3.17
18396.0,20.53,3.17
18397.0,20.53,3.17
18397.0,20.53,3.18
18398.0,20.53,3.18
18399.0,20.66,3.18
18399.0,20.66,3.18
18400.0,20.66,3.18
18400.0,20.66,3.18
18401.0,20.66,3.18
18402.0,20.33,3.18
18402.0,20.33,3.18
18403.0,20.33,3.18
18403.0,20.33,3.18
18404.0,20.33,3.18
18404.0,19.91,3.18
18405.0,19.91,3.18
18406.0,19.91,3.18
18406.0,19.91,3.18
18407.0,19.91,3.19
18407.0,19.91,3.19
18408.0,19.66,3.19
18408.0,19.66,3.19
18409.0,19.66,3.19
18410.0,19.66,3.19
18410.0,19.66,3.19
18411.0,19.56,3.19
18411.0,19.55,3.19
18412.0,19.56,3.19
18412.0,19.55,3.19
18413.0,19.56,3.19
18414.0,19.55,3.19
18414.0,19.55,3.19
18415.0,19.54,3.19
18415.0,19.55,3.19
18416.0,19.54,3.2
18417.0,19.55,3.2
18417.0,19.2,3.2
18418.0,19.2,3.2
18418.0,19.2,3.2
18419.0,19.2,3.2
18419.0,19.2,3.2
18420.0,19.26,3.2
18421.0,19.26,3.2
18421.0,19.26,3.2
18422.0,19.26,3.2
18422.0,19.26,3.2
18423.0,19.26,3.2
18423.0,18.56,3.2
18424.0,18.55,3.2
18425.0,18.56,3.2
18425.0,18.55,3.21
18426.0,18.56,3.21
18426.0,17.82,3.21
18427.0,17.82,3.21
18427.0,17.82,3.21
18428.0,17.82,3.21
18429.0,17.82,3.21
18429.0,17.82,3.21
18430.0,17.37,3.21
18430.0,17.37,3.21
18431.0,17.37,3.21
18432.0,17.37,3.21
18432.0,17.37,3.21
18433.0,17.04,3.21
18433.0,17.04,3.21
18434.0,17.04,3.21
18434.0,17.04,3.22
18435.0,17.04,3.22
18436.0,16.87,3.22
18436.0,16.87,3.22
18437.0,16.87,3.22
18437.0,16.87,3.22
18438.0,16.87,3.22
18438.0,16.87,3.22
18439.0,16.86,3.22
18440.0,16.86,3.22
18440.0,16.86,3.22
18441.0,16.86,3.22
18441.0,16.86,3.22
18442.0,16.83,3.22
18442.0,16.82,3.22
18443.0,16.83,3.22
18444.0,16.82,3.23
18444.0,16.83,3.23
18445.0,16.82,3.23
18445.0,16.58,3.23
18446.0,16.58,3.23
18447.0,16.58,3.23
18447.0,16.58,3.23
18448.0,16.58,3.23
18448.0,16.21,3.23
18449.0,16.21,3.23
18449.0,16.21,3.23
18450.0,16.21,3.23
18451.0,16.21,3.23
18451.0,15.89,3.23
18452.0,15.88,3.23
18452.0,15.89,3.23
18453.0,15.88,3.24
18453.0,15.89,3.24
18454.0,15.88,3.24
18455.0,15.81,3.24
18455.0,15.81,3.24
18456.0,15.81,3.24
18456.0,15.81,3.24
18457.0,15.81,3.24
18457.0,16.02,3.24
18458.0,16.02,3.24
18459.0,16.02,3.24
18459.0,16.02,3.24
18460.0,16.02,3.24
18460.0,16.02,3.24
18461.0,16.13,3.24
18462.0,16.13,3.24
18462.0,16.13,3.25
18463.0,16.13,3.25
18463.0,16.13,3.25
18464.0,15.97,3.25
18464.0,15.96,3.25
18465.0,15.97,3.25
18466.0,15.96,3.25
18466.0,15.97,3.25
18467.0,15.59,3.25
18467.0,15.6,3.25
18468.0,15.59,3.25
18469.0,15.6,3.25
18469.0,15.59,3.25
18470.0,15.6,3.25
18470.0,15.34,3.25
18471.0,15.34,3.26
18471.0,15.34,3.26
18472.0,15.34,3.26
18473.0,15.34,3.26
18473.0,15.26,3.26
18474.0,15.26,3.26
18474.0,15.26,3.26
18475.0,15.26,3.26
18475.0,15.26,3.26
18476.0,15.26,3.26
18477.0,15.18,3.26
18477.0,15.18,3.26
18478.0,15.18,3.26
18478.0,15.18,3.26
18479.0,15.18,3.26
18480.0,15.08,3.26
18480.0,15.08,3.27
18481.0,15.08,3.27
18481.0,15.08,3.27
18482.0,15.08,3.27
18482.0,15.28,3.27
18483.0,15.28,3.27
18484.0,15.28,3.27
18484.0,15.28,3.27
18485.0,15.28,3.27
18485.0,15.28,3.27
18486.0,15.12,3.27
18486.0,15.12,3.27
18487.0,15.12,3.27
18488.0,15.12,3.27
18488.0,15.12,3.27
18489.0,14.97,3.27
18489.0,14.97,3.28
18490.0,14.97,3.28
18490.0,14.97,3.28
18491.0,14.97,3.28
18492.0,14.97,3.28
18492.0,15.02,3.28
18493.0,15.02,3.28
18493.0,15.02,3.28
18494.0,15.02,3.28
18495.0,15.02,3.28
18495.0,15.06,3.28
18496.0,15.06,3.28
18496.0,15.06,3.28
18497.0,15.06,3.28
18497.0,15.06,3.28
18498.0,15.16,3.28
18499.0,15.16,3.29
18499.0,15.16,3.29
18500.0,15.16,3.29
18500.0,15.16,3.29
18501.0,15.16,3.29
18501.0,15.02,3.29
18502.0,15.02,3.29
18503.0,15.02,3.29
18503.0,15.02,3.29
18504.0,15.02,3.29
18504.0,15.03,3.29
18505.0,15.03,3.29
18506.0,15.03,3.29
18506.0,15.03,3.29
18507.0,15.03,3.29
18507.0,15.03,3.29
18508.0,15.09,3.3
18508.0,15.08,3.3
18509.0,15.09,3.3
18510.0,15.08,3.3
18510.0,15.09,3.3
18511.0,14.97,3.3
18511.0,14.97,3.3
18512.0,14.97,3.3
18512.0,14.97,3.3
18513.0,14.97,3.3
18514.0,15.07,3.3
18514.0,15.07,3.3
18515.0,15.07,3.3
18515.0,15.07,3.3
18516.0,15.07,3.3
18516.0,15.07,3.3
18517.0,14.94,3.31
18518.0,14.94,3.31
18518.0,14.94,3.31
18519.0,14.94,3.31
18519.0,14.94,3.31
18520.0,14.71,3.31
18521.0,14.72,3.31
18521.0,14.71,3.31
18522.0,14.72,3.31
18522.0,14.71,3.31
18523.0,14.72,3.31
18523.0,15.08,3.31
18524.0,15.08,3.31
18525.0,15.08,3.31
18525.0,15.08,3.31
18526.0,15.08,3.31
18526.0,15.06,3.32
18527.0,15.06,3.32
18527.0,15.06,3.32
18528.0,15.06,3.32
18529.0,15.06,3.32
18529.0,14.9,3.32
18530.0,14.9,3.32
18530.0,14.9,3.32
18531.0,14.9,3.32
18531.0,14.9,3.32
18532.0,14.9,3.32
18533.0,14.83,3.32
18533.0,14.83,3.32
18534.0,14.83,3.32
18534.0,14.83,3.32
18535.0,14.83,3.32
18536.0,14.84,3.33
18536.0,14.84,3.33
18537.0,14.84,3.33
18537.0,14.84,3.33
18538.0,14.84,3.33
18538.0,14.84,3.33
18539.0,14.95,3.33
18540.0,14.95,3.33
18540.0,14.95,3.33
18541.0,14.95,3.33
18541.0,14.95,3.33
18542.0,14.85,3.33
18542.0,14.85,3.33
18543.0,14.85,3.33
18544.0,14.85,3.33
18544.0,14.85,3.33
18545.0,14.78,3.34
18545.0,14.78,3.34
18546.0,14.78,3.34
18546.0,14.78,3.34
18547.0,14.78,3.34
18548.0,14.78,3.34
18548.0,14.87,3.34
18549.0,14.87,3.34
18549.0,14.87,3.34
18550.0,14.87,3.34
18551.0,14.87,3.34
18551.0,14.83,3.34
18552.0,14.83,3.34
18552.0,14.83,3.34
18553.0,14.83,3.34
18553.0,14.83,3.34
18554.0,14.83,3.35
18555.0,14.7,3.35
18555.0,14.7,3.35
18556.0,14.7,3.35
18556.0,14.7,3.35
18557.0,14.7,3.35
18557.0,14.97,3.35
18558.0,14.96,3.35
18559.0,14.97,3.35
18559.0,14.96,3.35
18560.0,14.97,3.35
18560.0,15.03,3.35
18561.0,15.03,3.35
18561.0,15.03,3.35
18562.0,15.03,3.35
18563.0,15.03,3.35
18563.0,15.03,3.36
18564.0,14.93,3.36
18564.0,14.94,3.36
18565.0,14.93,3.36
18566.0,14.94,3.36
18566.0,14.93,3.36
18567.0,14.92,3.36
18567.0,14.92,3.36
18568.0,14.92,3.36
18569.0,14.92,3.36
18569.0,14.92,3.36
18570.0,14.92,3.36
18570.0,14.93,3.36
18571.0,14.93,3.36
18571.0,14.93,3.36
18572.0,14.93,3.36
18573.0,14.93,3.37
18573.0,14.84,3.37
18574.0,14.84,3.37
18574.0,14.84,3.37
18575.0,14.84,3.37
18575.0,14.84,3.37
18576.0,15.02,3.37
18577.0,15.02,3.37
18577.0,15.02,3.37
18578.0,15.02,3.37
18578.0,15.02,3.37
18579.0,15.02,3.37
18579.0,15.2,3.37
18580.0,15.2,3.37
18581.0,15.2,3.37
18581.0,15.2,3.37
18582.0,15.2,3.37
18582.0,15.22,3.38
18583.0,15.22,3.38
18584.0,15.22,3.38
18584.0,15.22,3.38
18585.0,15.22,3.38
18585.0,15.22,3.38
18586.0,15.35,3.38
18586.0,15.35,3.38
18587.0,15.35,3.38
18588.0,15.35,3.38
18588.0,15.35,3.38
18589.0,15.14,3.38
18589.0,15.14,3.38
18590.0,15.14,3.38
18590.0,15.14,3.38
18591.0,15.14,3.38
18592.0,14.87,3.39
18592.0,14.88,3.39
18593.0,14.87,3.39
18593.0,14.88,3.39
18594.0,14.87,3.39
18594.0,14.88,3.39
18595.0,15.01,3.39
18596.0,15.02,3.39
18596.0,15.01,3.39
18597.0,15.02,3.39
18597.0,15.01,3.39
18598.0,15.1,3.39
18599.0,15.1,3.39
18599.0,15.1,3.39
18600.0,15.1,3.39
18600.0,15.1,3.39
18601.0,15.1,3.4
18601.0,14.95,3.4
18602.0,14.95,3.4
18603.0,14.95,3.4
18603.0,14.95,3.4
18604.0,14.95,3.4
18604.0,15.14,3.4
18605.0,15.14,3.4
18605.0,15.14,3.4
18606.0,15.14,3.4
18607.0,15.14,3.4
18607.0,15.14,3.4
18608.0,15.14,3.4
18608.0,15.14,3.4
18609.0,15.14,3.4
18609.0,15.14,3.4
18610.0,15.14,3.41
18611.0,15.1,3.41
18611.0,15.1,3.41
18612.0,15.1,3.41
18612.0,15.1,3.41
18613.0,15.1,3.41
18614.0,15.03,3.41
18614.0,15.03,3.41
18615.0,15.03,3.41
18615.0,15.03,3.41
18616.0,15.03,3.41
18616.0,15.03,3.41
18617.0,15.15,3.41
18618.0,15.15,3.41
18618.0,15.15,3.41
18619.0,15.15,3.41
18619.0,15.15,3.42
18620.0,15.24,3.42
18620.0,15.24,3.42
18621.0,15.24,3.42
18622.0,15.24,3.42
18622.0,15.24,3.42
18623.0,15.19,3.42
18623.0,15.19,3.42
18624.0,15.19,3.42
18624.0,15.19,3.42
18625.0,15.19,3.42
18626.0,15.19,3.42
18626.0,15.01,3.42
18627.0,15.01,3.42
18627.0,15.01,3.42
18628.0,15.01,3.42
18629.0,15.01,3.43
18629.0,14.81,3.43
18630.0,14.8,3.43
18630.0,14.81,3.43
18631.0,14.8,3.43
18631.0,14.81,3.43
18632.0,14.8,3.43
18633.0,14.73,3.43
18633.0,14.73,3.43
18634.0,14.73,3.43
18634.0,14.73,3.43
18635.0,14.73,3.43
18635.0,14.85,3.43
18636.0,14.85,3.43
18637.0,14.85,3.43
18637.0,14.85,3.43
18638.0,14.85,3.44
18638.0,15.0,3.44
18639.0,15.0,3.44
18639.0,15.0,3.44
18640.0,15.0,3.44
18641.0,15.0,3.44
18641.0,15.0,3.44
18642.0,15.12,3.44
18642.0,15.12,3.44
18643.0,15.12,3.44
18644.0,15.12,3.44
18644.0,15.12,3.44
18645.0,15.1,3.44
18645.0,15.1,3.44
18646.0,15.1,3.44
18646.0,15.1,3.44
18647.0,15.1,3.45
18648.0,15.1,3.45
18648.0,14.99,3.45
18649.0,14.99,3.45
18649.0,14.99,3.45
18650.0,14.99,3.45
18650.0,14.99,3.45
18651.0,15.09,3.45
18652.0,15.09,3.45
18652.0,15.09,3.45
18653.0,15.09,3.45
18653.0,15.09,3.45
18654.0,14.98,3.45
18655.0,14.98,3.45
18655.0,14.98,3.45
18656.0,14.98,3.45
18656.0,14.98,3.46
18657.0,14.98,3.46
18657.0,14.93,3.46
18658.0,14.94,3.46
18659.0,14.93,3.46
18659.0,14.94,3.46
18660.0,14.93,3.46
18660.0,14.98,3.46
18661.0,14.97,3.46
18661.0,14.98,3.46
18662.0,14.97,3.46
18663.0,14.98,3.46
18663.0,14.97,3.46
18664.0,15.1,3.46
18664.0,15.1,3.46
18665.0,15.1,3.46
18665.0,15.1,3.47
18666.0,15.1,3.47
18667.0,15.05,3.47
18667.0,15.06,3.47
18668.0,15.05,3.47
18668.0,15.06,3.47
18669.0,15.05,3.47
18670.0,14.91,3.47
18670.0,14.91,3.47
18671.0,14.91,3.47
18671.0,14.91,3.47
18672.0,14.91,3.47
18673.0,14.91,3.47
18673.0,14.87,3.47
18674.0,14.87,3.47
18674.0,14.87,3.47
18675.0,14.87,3.48
18675.0,14.87,3.48
18676.0,15.0,3.48
18677.0,15.0,3.48
18677.0,15.0,3.48
18678.0,15.0,3.48
18678.0,15.0,3.48
18679.0,15.0,3.48
18679.0,15.18,3.48
18680.0,15.19,3.48
18681.0,15.18,3.48
18681.0,15.19,3.48
18682.0,15.18,3.48
18682.0,15.18,3.48
18683.0,15.18,3.48
18683.0,15.18,3.48
18684.0,15.18,3.49
18685.0,15.18,3.49
18685.0,15.4,3.49
18686.0,15.4,3.49
18686.0,15.4,3.49
18687.0,15.4,3.49
18688.0,15.4,3.49
18688.0,15.4,3.49
18689.0,15.25,3.49
18689.0,15.25,3.49
18690.0,15.25,3.49
18690.0,15.25,3.49
18691.0,15.25,3.49
18692.0,15.19,3.49
18692.0,15.19,3.49
18693.0,15.19,3.49
18693.0,15.19,3.5
18694.0,15.19,3.5
18694.0,15.19,3.5
18695.0,15.34,3.5
18696.0,15.34,3.5
18696.0,15.34,3.5
18697.0,15.34,3.5
18697.0,15.34,3.5
18698.0,15.31,3.5
18698.0,15.31,3.5
18699.0,15.31,3.5
18700.0,15.31,3.5
18700.0,15.31,3.5
18701.0,15.18,3.5
18701.0,15.17,3.5
18702.0,15.18,3.51
18703.0,15.17,3.51
18703.0,15.18,3.51
18704.0,15.17,3.51
18704.0,15.07,3.51
18705.0,15.07,3.51
18705.0,15.07,3.51
18706.0,15.07,3.51
18707.0,15.07,3.51
18707.0,14.98,3.51
18708.0,14.98,3.51
18708.0,14.98,3.51
18709.0,14.98,3.51
18709.0,14.98,3.51
18710.0,14.98,3.51
18711.0,14.98,3.51
18711.0,14.98,3.52
18712.0,14.98,3.52
18712.0,14.98,3.52
18713.0,14.98,3.52
18713.0,14.91,3.52
18714.0,14.91,3.52
18715.0,14.91,3.52
18715.0,14.91,3.52
18716.0,14.91,3.52
18716.0,15.09,3.52
18717.0,15.09,3.52
18718.0,15.09,3.52
18718.0,15.09,3.52
18719.0,15.09,3.52
18719.0,15.09,3.52
18720.0,15.27,3.52
18720.0,15.27,3.53
18721.0,15.27,3.53
18722.0,15.27,3.53
18722.0,15.27,3.53
18723.0,15.18,3.53
18723.0,15.18,3.53
18724.0,15.18,3.53
18724.0,15.18,3.53
18725.0,15.18,3.53
18726.0,15.18,3.53
18726.0,15.08,3.53
18727.0,15.08,3.53
18727.0,15.08,3.53
18728.0,15.08,3.53
18728.0,15.08,3.53
18729.0,15.1,3.53
18730.0,15.1,3.54
18730.0,15.1,3.54
18731.0,15.1,3.54
18731.0,15.1,3.54
18732.0,14.91,3.54
18733.0,14.91,3.54
18733.0,14.91,3.54
18734.0,14.91,3.54
18734.0,14.91,3.54
18735.0,14.91,3.54
18735.0,14.97,3.54
18736.0,14.97,3.54
18737.0,14.97,3.54
18737.0,14.97,3.54
18738.0,14.97,3.54
18738.0,15.03,3.54
18739.0,15.03,3.55
18739.0,15.03,3.55
18740.0,15.03,3.55
18741.0,15.03,3.55
18741.0,15.03,3.55
18742.0,15.12,3.55
18742.0,15.13,3.55
18743.0,15.12,3.55
18743.0,15.13,3.55
18744.0,15.12,3.55
18745.0,15.44,3.55
18745.0,15.44,3.55
18746.0,15.44,3.55
18746.0,15.44,3.55
18747.0,15.44,3.55
18748.0,15.42,3.55
18748.0,15.42,3.56
18749.0,15.42,3.56
18749.0,15.42,3.56
18750.0,15.42,3.56
18750.0,15.42,3.56
18751.0,15.18,3.56
18752.0,15.19,3.56
18752.0,15.18,3.56
18753.0,15.19,3.56
18753.0,15.18,3.56
18754.0,14.9,3.56
18754.0,14.9,3.56
18755.0,14.9,3.56
18756.0,14.9,3.56
18756.0,14.9,3.56
18757.0,14.9,3.56
18757.0,15.0,3.57
18758.0,15.0,3.57
18758.0,15.0,3.57
18759.0,15.0,3.57
18760.0,15.0,3.57
18760.0,15.31,3.57
18761.0,15.31,3.57
18761.0,15.31,3.57
18762.0,15.31,3.57
18763.0,15.31,3.57
18763.0,15.46,3.57
18764.0,15.46,3.57
18764.0,15.46,3.57
18765.0,15.46,3.57
18765.0,15.46,3.57
18766.0,15.46,3.57
18767.0,15.33,3.58
18767.0,15.33,3.58
18768.0,15.33,3.58
18768.0,15.33,3.58
18769.0,15.33,3.58
18770.0,15.17,3.58
18770.0,15.17,3.58
18771.0,15.17,3.58
18771.0,15.17,3.58
18772.0,15.17,3.58
18772.0,15.17,3.58
18773.0,14.94,3.58
18774.0,14.94,3.58
18774.0,14.94,3.58
18775.0,14.94,3.58
18775.0,14.94,3.58
18776.0,15.12,3.59
18776.0,15.12,3.59
18777.0,15.12,3.59
18778.0,15.12,3.59
18778.0,15.12,3.59
18779.0,15.36,3.59
18779.0,15.36,3.59
18780.0,15.36,3.59
18781.0,15.36,3.59
18781.0,15.36,3.59
18782.0,15.36,3.59
18782.0,15.33,3.59
18783.0,15.33,3.59
18783.0,15.33,3.59
18784.0,15.33,3.59
18785.0,15.33,3.59
18785.0,15.24,3.6
18786.0,15.24,3.6
18786.0,15.24,3.6
18787.0,15.24,3.6
18787.0,15.24,3.6
18788.0,15.24,3.6
18789.0,15.09,3.6
18789.0,15.08,3.6
18790.0,15.09,3.6
18790.0,15.08,3.6
18791.0,15.09,3.6
18791.0,14.94,3.6
18792.0,14.94,3.6
18793.0,14.94,3.6
18793.0,14.94,3.6
18794.0,14.94,3.6
18794.0,15.0,3.61
18795.0,15.0,3.61
18796.0,15.0,3.61
18796.0,15.0,3.61
18797.0,15.0,3.61
18797.0,15.0,3.61
18798.0,15.32,3.61
18798.0,15.32,3.61
18799.0,15.32,3.61
18800.0,15.32,3.61
18800.0,15.32,3.61
18801.0,15.44,3.61
18801.0,15.44,3.61
18802.0,15.44,3.61
18802.0,15.44,3.61
18803.0,15.44,3.61
18804.0,15.44,3.62
18804.0,15.25,3.62
18805.0,15.25,3.62
18805.0,15.25,3.62
18806.0,15.25,3.62
18807.0,15.25,3.62
18807.0,15.25,3.62
18808.0,15.25,3.62
18808.0,15.25,3.62
18809.0,15.25,3.62
18809.0,15.25,3.62
18810.0,15.0,3.62
18811.0,15.0,3.62
18811.0,15.0,3.62
18812.0,15.0,3.62
18812.0,15.0,3.62
18813.0,15.0,3.62
18813.0,14.79,3.63
18814.0,14.79,3.63
18815.0,14.79,3.63
18815.0,14.79,3.63
18816.0,14.79,3.63
18816.0,15.19,3.63
18817.0,15.18,3.63
18817.0,15.19,3.63
18818.0,15.18,3.63
18819.0,15.19,3.63
18819.0,15.18,3.63
18820.0,15.41,3.63
18820.0,15.41,3.63
18821.0,15.41,3.63
18822.0,15.41,3.63
18822.0,15.41,3.63
18823.0,15.28,3.64
18823.0,15.28,3.64
18824.0,15.28,3.64
18824.0,15.28,3.64
18825.0,15.28,3.64
18826.0,15.1,3.64
18826.0,15.09,3.64
18827.0,15.1,3.64
18827.0,15.09,3.64
18828.0,15.1,3.64
18828.0,15.09,3.64
18829.0,15.11,3.64
18830.0,15.11,3.64
18830.0,15.11,3.64
18831.0,15.11,3.64
18831.0,15.11,3.64
18832.0,15.22,3.65
18832.0,15.22,3.65
18833.0,15.22,3.65
18834.0,15.22,3.65
18834.0,15.22,3.65
18835.0,15.22,3.65
18835.0,15.25,3.65
18836.0,15.26,3.65
18837.0,15.25,3.65
18837.0,15.26,3.65
18838.0,15.25,3.65
18838.0,15.17,3.65
18839.0,15.17,3.65
18839.0,15.17,3.65
18840.0,15.17,3.65
18841.0,15.17,3.65
18841.0,15.25,3.66
18842.0,15.25,3.66
18842.0,15.25,3.66
18843.0,15.25,3.66
18843.0,15.25,3.66
18844.0,15.25,3.66
18845.0,15.36,3.66
18845.0,15.36,3.66
18846.0,15.36,3.66
18846.0,15.36,3.66
18847.0,15.36,3.66
18847.0,15.34,3.66
18848.0,15.33,3.66
18849.0,15.34,3.66
18849.0,15.33,3.66
18850.0,15.34,3.66
18850.0,15.33,3.67
18851.0,15.16,3.67
18852.0,15.16,3.67
18852.0,15.16,3.67
18853.0,15.16,3.67
18853.0,15.16,3.67
18854.0,15.08,3.67
18854.0,15.08,3.67
18855.0,15.08,3.67
18856.0,15.08,3.67
18856.0,15.08,3.67
18857.0,15.2,3.67
18857.0,15.2,3.67
18858.0,15.2,3.67
18858.0,15.2,3.67
18859.0,15.2,3.67
18860.0,15.2,3.68
18860.0,15.34,3.68
18861.0,15.34,3.68
18861.0,15.34,3.68
18862.0,15.34,3.68
18862.0,15.34,3.68
18863.0,15.23,3.68
18864.0,15.23,3.68
18864.0,15.23,3.68
18865.0,15.23,3.68
18865.0,15.23,3.68
18866.0,15.23,3.68
18867.0,15.24,3.68
18867.0,15.24,3.68
18868.0,15.24,3.68
18868.0,15.24,3.68
18869.0,15.24,3.69
18869.0,15.36,3.69
18870.0,15.36,3.69
18871.0,15.36,3.69
18871.0,15.36,3.69
18872.0,15.36,3.69
18872.0,15.48,3.69
18873.0,15.48,3.69
18874.0,15.48,3.69
18874.0,15.48,3.69
18875.0,15.48,3.69
18875.0,15.48,3.69
18876.0,15.37,3.69
18876.0,15.37,3.69
18877.0,15.37,3.69
18878.0,15.37,3.69
18878.0,15.37,3.7
18879.0,15.19,3.7
18879.0,15.19,3.7
18880.0,15.19,3.7
18880.0,15.19,3.7
18881.0,15.19,3.7
18882.0,15.19,3.7
18882.0,15.29,3.7
18883.0,15.29,3.7
18883.0,15.29,3.7
18884.0,15.29,3.7
18885.0,15.29,3.7
18885.0,15.33,3.7
18886.0,15.33,3.7
18886.0,15.33,3.7
18887.0,15.33,3.7
18887.0,15.33,3.71
18888.0,15.23,3.71
18889.0,15.23,3.71
18889.0,15.23,3.71
18890.0,15.23,3.71
18890.0,15.23,3.71
18891.0,15.23,3.71
18891.0,15.27,3.71
18892.0,15.26,3.71
18893.0,15.27,3.71
18893.0,15.26,3.71
18894.0,15.27,3.71
18894.0,15.17,3.71
18895.0,15.18,3.71
18895.0,15.17,3.71
18896.0,15.18,3.71
18897.0,15.17,3.72
18897.0,15.18,3.72
18898.0,15.18,3.72
18898.0,15.19,3.72
18899.0,15.18,3.72
18900.0,15.19,3.72
18900.0,15.18,3.72
18901.0,15.28,3.72
18901.0,15.28,3.72
18902.0,15.28,3.72
18902.0,15.28,3.72
18903.0,15.28,3.72
18904.0,15.29,3.72
18904.0,15.29,3.72
18905.0,15.29,3.72
18905.0,15.29,3.72
18906.0,15.29,3.73
18906.0,15.29,3.73
18907.0,15.35,3.73
18908.0,15.35,3.73
18908.0,15.35,3.73
18909.0,15.35,3.73
18909.0,15.35,3.73
18910.0,15.26,3.73
18910.0,15.26,3.73
18911.0,15.26,3.73
18912.0,15.26,3.73
18912.0,15.26,3.73
18913.0,15.26,3.73
18913.0,15.22,3.73
18914.0,15.21,3.73
18915.0,15.22,3.73
18915.0,15.21,3.74
18916.0,15.22,3.74
18916.0,15.17,3.74
18917.0,15.18,3.74
18917.0,15.17,3.74
18918.0,15.18,3.74
18919.0,15.17,3.74
18919.0,15.13,3.74
18920.0,15.13,3.74
18920.0,15.13,3.74
18921.0,15.13,3.74
18921.0,15.13,3.74
18922.0,15.13,3.74
18923.0,15.27,3.74
18923.0,15.27,3.74
18924.0,15.27,3.74
18924.0,15.27,3.75
18925.0,15.27,3.75
18925.0,15.23,3.75
18926.0,15.23,3.75
18927.0,15.23,3.75
18927.0,15.23,3.75
18928.0,15.23,3.75
18928.0,15.23,3.75
18929.0,15.15,3.75
18930.0,15.15,3.75
18930.0,15.15,3.75
18931.0,15.15,3.75
18931.0,15.15,3.75
18932.0,14.93,3.75
18932.0,14.93,3.75
18933.0,14.93,3.76
18934.0,14.93,3.76
18934.0,14.93,3.76
18935.0,14.38,3.76
18935.0,14.38,3.76
18936.0,14.38,3.76
18936.0,14.38,3.76
18937.0,14.38,3.76
18938.0,14.38,3.76
18938.0,13.2,3.76
18939.0,13.2,3.76
18939.0,13.2,3.76
18940.0,13.2,3.76
18940.0,13.2,3.76
18941.0,10.95,3.76
18942.0,10.95,3.76
18942.0,10.95,3.77
18943.0,10.95,3.77
18943.0,10.95,3.77
18944.0,10.95,3.77
18945.0,10.28,3.77
18945.0,10.28,3.77
18946.0,10.28,3.77
18946.0,10.28,3.77
18947.0,10.28,3.77
18947.0,9.93,3.77
18948.0,9.93,3.77
18949.0,9.93,3.77
18949.0,9.93,3.77
18950.0,9.93,3.77
18950.0,9.84,3.77
18951.0,9.83,3.77
18951.0,9.84,3.78
18952.0,9.83,3.78
18953.0,9.84,3.78
18953.0,9.83,3.78
18954.0,9.97,3.78
18954.0,9.96,3.78
18955.0,9.97,3.78
18956.0,9.96,3.78
18956.0,9.97,3.78
18957.0,10.05,3.78
18957.0,10.05,3.78
18958.0,10.05,3.78
18958.0,10.05,3.78
18959.0,10.05,3.78
18960.0,10.05,3.78
18960.0,10.13,3.78
18961.0,10.13,3.79
18961.0,10.13,3.79
18962.0,10.13,3.79
18962.0,10.13,3.79
18963.0,9.94,3.79
18964.0,9.94,3.79
18964.0,9.94,3.79
18965.0,9.94,3.79
18965.0,9.94,3.79
18966.0,9.75,3.79
18966.0,9.76,3.79
18967.0,9.75,3.79
18968.0,9.76,3.79
18968.0,9.75,3.79
18969.0,9.76,3.79
18969.0,9.83,3.79
18970.0,9.83,3.8
18971.0,9.83,3.8
18971.0,9.83,3.8
18972.0,9.83,3.8
18972.0,9.63,3.8
18973.0,9.62,3.8
18973.0,9.63,3.8
18974.0,9.62,3.8
18975.0,9.63,3.8
18975.0,9.62,3.8
18976.0,9.65,3.8
18976.0,9.64,3.8
18977.0,9.65,3.8
18978.0,9.64,3.8
18978.0,9.65,3.8
18979.0,9.68,3.8
18979.0,9.68,3.81
18980.0,9.68,3.81
18980.0,9.68,3.81
18981.0,9.68,3.81
18982.0,9.78,3.81
18982.0,9.78,3.81
18983.0,9.78,3.81
18983.0,9.78,3.81
18984.0,9.78,3.81
18984.0,9.78,3.81
18985.0,9.79,3.81
18986.0,9.79,3.81
18986.0,9.79,3.81
18987.0,9.79,3.81
18987.0,9.79,3.81
18988.0,9.56,3.81
18989.0,9.56,3.82
18989.0,9.56,3.82
18990.0,9.56,3.82
18990.0,9.56,3.82
18991.0,9.56,3.82
18991.0,9.33,3.82
18992.0,9.33,3.82
18993.0,9.33,3.82
18993.0,9.33,3.82
18994.0,9.33,3.82
18994.0,9.4,3.82
18995.0,9.39,3.82
18995.0,9.4,3.82
18996.0,9.39,3.82
18997.0,9.4,3.82
18997.0,9.77,3.82
18998.0,9.77,3.83
18998.0,9.77,3.83
18999.0,9.77,3.83
18999.0,9.77,3.83
19000.0,9.77,3.83
19001.0,9.57,3.83
19001.0,9.57,3.83
19002.0,9.57,3.83
19002.0,9.57,3.83
19003.0,9.57,3.83
19004.0,9.69,3.83
19004.0,9.69,3.83
19005.0,9.69,3.83
19005.0,9.69,3.83
19006.0,9.69,3.83
19006.0,9.69,3.83
19007.0,9.47,3.84
19008.0,9.46,3.84
19008.0,9.47,3.84
19009.0,9.46,3.84
19009.0,9.47,3.84
19010.0,9.16,3.84
19010.0,9.16,3.84
19011.0,9.16,3.84
19012.0,9.16,3.84
19012.0,9.16,3.84
19013.0,9.25,3.84
19013.0,9.25,3.84
19014.0,9.25,3.84
19014.0,9.25,3.84
19015.0,9.25,3.84
19016.0,9.25,3.84
19016.0,9.12,3.85
19017.0,9.12,3.85
19017.0,9.12,3.85
19018.0,9.12,3.85
19019.0,9.12,3.85
19019.0,9.15,3.85
19020.0,9.15,3.85
19020.0,9.15,3.85
19021.0,9.15,3.85
19021.0,9.15,3.85
19022.0,9.15,3.85
19023.0,9.28,3.85
19023.0,9.28,3.85
19024.0,9.28,3.85
19024.0,9.28,3.85
19025.0,9.28,3.85
19025.0,9.1,3.86
19026.0,9.09,3.86
19027.0,9.1,3.86
19027.0,9.09,3.86
19028.0,9.1,3.86
19028.0,8.91,3.86
19029.0,8.91,3.86
19029.0,8.91,3.86
19030.0,8.91,3.86
19031.0,8.91,3.86
19031.0,8.91,3.86
19032.0,8.84,3.86
19032.0,8.84,3.86
19033.0,8.84,3.86
19034.0,8.84,3.86
19034.0,8.84,3.86
19035.0,8.77,3.87
19035.0,8.77,3.87
19036.0,8.77,3.87
19036.0,8.77,3.87
19037.0,8.77,3.87
19038.0,8.77,3.87
19038.0,8.79,3.87
19039.0,8.79,3.87
19039.0,8.79,3.87
19040.0,8.79,3.87
19040.0,8.79,3.87
19041.0,8.84,3.87
19042.0,8.84,3.87
19042.0,8.84,3.87
19043.0,8.84,3.87
19043.0,8.84,3.87
19044.0,8.64,3.87
19044.0,8.64,3.88
19045.0,8.64,3.88
19046.0,8.64,3.88
19046.0,8.64,3.88
19047.0,8.64,3.88
19047.0,8.55,3.88
19048.0,8.55,3.88
19049.0,8.55,3.88
19049.0,8.55,3.88
19050.0,8.55,3.88
19050.0,8.4,3.88
19051.0,8.4,3.88
19051.0,8.4,3.88
19052.0,8.4,3.88
19053.0,8.4,3.88
19053.0,8.4,3.88
19054.0,7.78,3.89
19054.0,7.78,3.89
19055.0,7.78,3.89
19055.0,7.78,3.89
19056.0,7.78,3.89
19057.0,4.65,3.89
19057.0,4.65,3.89
19058.0,4.65,3.89
19058.0,4.65,3.89
19059.0,4.65,3.89
19059.0,4.65,3.89
19060.0,2.45,3.89
19061.0,2.45,3.89
19061.0,2.45,3.89
19062.0,2.45,3.89
19062.0,2.45,3.89
19063.0,2.25,3.9
19064.0,2.26,3.9
19064.0,2.25,3.9
19065.0,2.26,3.9
19065.0,2.25,3.9
19066.0,2.04,3.9
19066.0,2.04,3.9
19067.0,2.04,3.9
19068.0,2.04,3.9
19068.0,2.04,3.9
19069.0,2.04,3.9
19069.0,2.06,3.9
19070.0,2.06,3.9
19070.0,2.06,3.9
19071.0,2.06,3.9
19072.0,2.06,3.9
19072.0,2.23,3.91
19073.0,2.23,3.91
19073.0,2.23,3.91
19074.0,2.23,3.91
19075.0,2.23,3.91
19075.0,2.28,3.91
19076.0,2.28,3.91
19076.0,2.28,3.91
19077.0,2.28,3.91
19077.0,2.28,3.91
19078.0,2.28,3.91
19079.0,2.5,3.91
19079.0,2.5,3.91
19080.0,2.5,3.91
19080.0,2.5,3.91
19081.0,2.5,3.91
19082.0,2.62,3.92
19082.0,2.62,3.92
19083.0,2.62,3.92
19083.0,2.62,3.92
19084.0,2.62,3.92
19084.0,2.62,3.92
19085.0,2.44,3.92
19086.0,2.44,3.92
19086.0,2.44,3.92
19087.0,2.44,3.92
19087.0,2.44,3.92
19088.0,2.34,3.92
19088.0,2.34,3.92
19089.0,2.34,3.92
19090.0,2.34,3.92
19090.0,2.34,3.92
19091.0,2.32,3.93
19091.0,2.32,3.93
19092.0,2.32,3.93
19092.0,2.32,3.93
19093.0,2.32,3.93
19094.0,2.32,3.93
19094.0,2.37,3.93
19095.0,2.37,3.93
19095.0,2.37,3.93
19096.0,2.37,3.93
19097.0,2.37,3.93
19097.0,2.36,3.93
19098.0,2.36,3.93
19098.0,2.36,3.93
19099.0,2.36,3.93
19099.0,2.36,3.93
19100.0,2.36,3.94
19101.0,2.17,3.94
19101.0,2.17,3.94
19102.0,2.17,3.94
19102.0,2.17,3.94
19103.0,2.17,3.94
19103.0,2.41,3.94
19104.0,2.41,3.94
19105.0,2.41,3.94
19105.0,2.41,3.94
19106.0,2.41,3.94
19106.0,2.3,3.94
19107.0,2.3,3.94
19107.0,2.3,3.94
19108.0,2.3,3.94
19109.0,2.3,3.94
19109.0,2.3,3.95
19110.0,2.12,3.95
19110.0,2.11,3.95
19111.0,2.12,3.95
19112.0,2.11,3.95
19112.0,2.12,3.95
19113.0,2.03,3.95
19113.0,2.04,3.95
19114.0,2.03,3.95
19114.0,2.04,3.95
19115.0,2.03,3.95
19116.0,2.04,3.95
19116.0,2.05,3.95
19117.0,2.05,3.95
19117.0,2.05,3.95
19118.0,2.05,3.95
19118.0,2.05,3.96
19119.0,2.42,3.96
19120.0,2.42,3.96
19120.0,2.42,3.96
19121.0,2.42,3.96
19121.0,2.42,3.96
19122.0,2.35,3.96
19122.0,2.35,3.96
19123.0,2.35,3.96
19124.0,2.35,3.96
19124.0,2.35,3.96
19125.0,2.35,3.96
19125.0,2.3,3.96
19126.0,2.3,3.96
19127.0,2.3,3.96
19127.0,2.3,3.96
19128.0,2.3,3.97
19128.0,2.37,3.97
19129.0,2.36,3.97
19129.0,2.37,3.97
19130.0,2.36,3.97
19131.0,2.37,3.97
19131.0,2.36,3.97
19132.0,2.39,3.97
19132.0,2.39,3.97
19133.0,2.39,3.97
19133.0,2.39,3.97
19134.0,2.39,3.97
19135.0,2.43,3.97
19135.0,2.43,3.97
19136.0,2.43,3.97
19136.0,2.43,3.97
19137.0,2.43,3.98
19137.0,2.41,3.98
19138.0,2.41,3.98
19139.0,2.41,3.98
19139.0,2.41,3.98
19140.0,2.41,3.98
19140.0,2.41,3.98
19141.0,2.39,3.98
19142.0,2.39,3.98
19142.0,2.39,3.98
19143.0,2.39,3.98
19143.0,2.39,3.98
19144.0,2.4,3.98
19144.0,2.4,3.98
19145.0,2.4,3.98
19146.0,2.4,3.98
19146.0,2.4,3.99
19147.0,2.4,3.99
19147.0,2.47,3.99
19148.0,2.47,3.99
19148.0,2.47,3.99
19149.0,2.47,3.99
19150.0,2.47,3.99
19150.0,2.16,3.99
19151.0,2.16,3.99
19151.0,2.16,3.99
19152.0,2.16,3.99
19152.0,2.16,3.99
19153.0,2.16,3.99
19154.0,2.05,3.99
19154.0,2.05,3.99
19155.0,2.05,3.99
19155.0,2.05,4.0
19156.0,2.05,4.0
19157.0,2.19,4.0
19157.0,2.19,4.0
19158.0,2.19,4.0
19158.0,2.19,4.0
19159.0,2.19,4.0
19159.0,2.22,4.0
19160.0,2.22,4.0
19161.0,2.22,4.0
19161.0,2.22,4.0
19162.0,2.22,4.0
19162.0,2.22,4.0
19163.0,2.42,4.0
19163.0,2.42,4.0
19164.0,2.42,4.01
19165.0,2.42,4.01
19165.0,2.42,4.01
19166.0,2.33,4.01
19166.0,2.34,4.01
19167.0,2.33,4.01
19167.0,2.34,4.01
19168.0,2.33,4.01
19169.0,2.34,4.01
19169.0,2.25,4.01
19170.0,2.25,4.01
19170.0,2.25,4.01
19171.0,2.25,4.01
19172.0,2.25,4.01
19172.0,2.33,4.01
19173.0,2.33,4.01
19173.0,2.33,4.01
19174.0,2.33,4.02
19175.0,2.33,4.02
19175.0,2.32,4.02
19176.0,2.32,4.02
19176.0,2.32,4.02
19177.0,2.32,4.02
19177.0,2.32,4.02
19178.0,2.32,4.02
19179.0,2.33,4.02
19179.0,2.33,4.02
19180.0,2.33,4.02
19180.0,2.33,4.02
19181.0,2.33,4.02
19181.0,2.34,4.02
19182.0,2.33,4.02
19183.0,2.34,4.03
19183.0,2.33,4.03
19184.0,2.34,4.03
19184.0,2.21,4.03
19185.0,2.21,4.03
19185.0,2.21,4.03
19186.0,2.21,4.03
19187.0,2.21,4.03
19187.0,2.21,4.03
19188.0,2.2,4.03
19188.0,2.2,4.03
19189.0,2.2,4.03
19190.0,2.2,4.03
19190.0,2.2,4.03
19191.0,2.08,4.03
19191.0,2.07,4.03
19192.0,2.08,4.03
19192.0,2.07,4.04
19193.0,2.08,4.04
19194.0,2.07,4.04
19194.0,2.1,4.04
19195.0,2.1,4.04
19195.0,2.1,4.04
19196.0,2.1,4.04
19196.0,2.1,4.04
19197.0,2.34,4.04
19198.0,2.35,4.04
19198.0,2.34,4.04
19199.0,2.35,4.04
19199.0,2.34,4.04
19200.0,2.45,4.04
19200.0,2.45,4.04
19201.0,2.45,4.05
19202.0,2.45,4.05
19202.0,2.45,4.05
19203.0,2.45,4.05
19203.0,2.45,4.05
19204.0,2.45,4.05
19205.0,2.45,4.05
19205.0,2.45,4.05
19206.0,2.45,4.05
19206.0,2.29,4.05
19207.0,2.3,4.05
19207.0,2.29,4.05
19208.0,2.3,4.05
19209.0,2.29,4.05
19209.0,2.3,4.05
19210.0,2.35,4.05
19210.0,2.35,4.05
19211.0,2.35,4.06
19211.0,2.35,4.06
19212.0,2.35,4.06
19213.0,2.2,4.06
19213.0,2.2,4.06
19214.0,2.2,4.06
19214.0,2.2,4.06
19215.0,2.2,4.06
19215.0,1.9,4.06
19216.0,1.9,4.06
19217.0,1.9,4.06
19217.0,1.9,4.06
19218.0,1.9,4.06
19218.0,1.9,4.06
19219.0,2.16,4.06
19220.0,2.16,4.07
19220.0,2.16,4.07
19221.0,2.16,4.07
19221.0,2.16,4.07
19222.0,2.28,4.07
19222.0,2.27,4.07
19223.0,2.28,4.07
19224.0,2.27,4.07
19224.0,2.28,4.07
19225.0,2.27,4.07
19225.0,2.18,4.07
19226.0,2.18,4.07
19226.0,2.18,4.07
19227.0,2.18,4.07
19228.0,2.18,4.07
19228.0,2.05,4.07
19229.0,2.05,4.07
19229.0,2.05,4.08
19230.0,2.05,4.08
19230.0,2.05,4.08
19231.0,2.05,4.08
19232.0,1.87,4.08
19232.0,1.87,4.08
19233.0,1.87,4.08
19233.0,1.87,4.08
19234.0,1.87,4.08
19235.0,1.96,4.08
19235.0,1.96,4.08
19236.0,1.96,4.08
19236.0,1.96,4.08
19237.0,1.96,4.08
19237.0,2.14,4.08
19238.0,2.14,4.09
19239.0,2.14,4.09
19239.0,2.14,4.09
19240.0,2.14,4.09
19240.0,2.14,4.09
19241.0,2.42,4.09
19241.0,2.42,4.09
19242.0,2.42,4.09
19243.0,2.42,4.09
19243.0,2.42,4.09
19244.0,2.6,4.09
19244.0,2.59,4.09
19245.0,2.6,4.09
19245.0,2.59,4.09
19246.0,2.6,4.09
19247.0,2.59,4.09
19247.0,2.49,4.09
19248.0,2.49,4.1
19248.0,2.49,4.1
19249.0,2.49,4.1
19250.0,2.49,4.1
19250.0,2.2,4.1
19251.0,2.2,4.1
19251.0,2.2,4.1
19252.0,2.2,4.1
19252.0,2.2,4.1
19253.0,2.1,4.1
19254.0,2.09,4.1
19254.0,2.1,4.1
19255.0,2.09,4.1
19255.0,2.1,4.1
19256.0,2.09,4.1
19256.0,1.99,4.11
19257.0,1.98,4.11
19258.0,1.99,4.11
19258.0,1.98,4.11
19259.0,1.99,4.11
19259.0,2.3,4.11
19260.0,2.3,4.11
19260.0,2.3,4.11
19261.0,2.3,4.11
19262.0,2.3,4.11
19262.0,2.3,4.11
19263.0,2.52,4.11
19263.0,2.53,4.11
19264.0,2.52,4.11
19265.0,2.53,4.11
19265.0,2.52,4.11
19266.0,2.54,4.11
19266.0,2.54,4.12
19267.0,2.54,4.12
19267.0,2.54,4.12
19268.0,2.54,4.12
19269.0,2.34,4.12
19269.0,2.34,4.12
19270.0,2.34,4.12
19270.0,2.34,4.12
19271.0,2.34,4.12
19271.0,2.34,4.12
19272.0,2.31,4.12
19273.0,2.31,4.12
19273.0,2.31,4.12
19274.0,2.31,4.12
19274.0,2.31,4.12
19275.0,2.22,4.12
19276.0,2.22,4.13
19276.0,2.22,4.13
19277.0,2.22,4.13
19277.0,2.22,4.13
19278.0,2.24,4.13
19278.0,2.24,4.13
19279.0,2.24,4.13
19280.0,2.24,4.13
19280.0,2.24,4.13
19281.0,2.24,4.13
19281.0,2.45,4.13
19282.0,2.45,4.13
19283.0,2.45,4.13
19283.0,2.45,4.13
19284.0,2.45,4.13
19284.0,2.37,4.14
19285.0,2.37,4.14
19285.0,2.37,4.14
19286.0,2.37,4.14
19287.0,2.37,4.14
19287.0,2.37,4.14
19288.0,2.25,4.14
19288.0,2.25,4.14
19289.0,2.25,4.14
19289.0,2.25,4.14
19290.0,2.25,4.14
19291.0,2.23,4.14
19291.0,2.23,4.14
19292.0,2.23,4.14
19292.0,2.23,4.14
19293.0,2.23,4.14
19293.0,2.22,4.14
19294.0,2.22,4.15
19295.0,2.22,4.15
19295.0,2.22,4.15
19296.0,2.22,4.15
19296.0,2.22,4.15
19297.0,2.22,4.15
19298.0,2.22,4.15
19298.0,2.22,4.15
19299.0,2.22,4.15
19299.0,2.22,4.15
19300.0,2.36,4.15
19300.0,2.37,4.15
19301.0,2.36,4.15
19302.0,2.37,4.15
19302.0,2.36,4.15
19303.0,2.37,4.16
19303.0,2.36,4.16
19304.0,2.36,4.16
19304.0,2.36,4.16
19305.0,2.36,4.16
19306.0,2.36,4.16
19306.0,2.12,4.16
19307.0,2.12,4.16
19307.0,2.12,4.16
19308.0,2.12,4.16
19308.0,2.12,4.16
19309.0,2.12,4.16
19310.0,1.98,4.16
19310.0,1.97,4.16
19311.0,1.98,4.16
19311.0,1.97,4.16
19312.0,1.98,4.16
19313.0,2.04,4.17
19313.0,2.05,4.17
19314.0,2.04,4.17
19314.0,2.05,4.17
19315.0,2.04,4.17
19315.0,2.22,4.17
19316.0,2.22,4.17
19317.0,2.22,4.17
19317.0,2.22,4.17
19318.0,2.22,4.17
19318.0,2.22,4.17
19319.0,2.36,4.17
19319.0,2.36,4.17
19320.0,2.36,4.17
19321.0,2.36,4.17
19321.0,2.36,4.18
19322.0,2.37,4.18
19322.0,2.37,4.18
19323.0,2.37,4.18
19323.0,2.37,4.18
19324.0,2.37,4.18
19325.0,2.37,4.18
19325.0,2.53,4.18
19326.0,2.53,4.18
19326.0,2.53,4.18
19327.0,2.53,4.18
19328.0,2.53,4.18
19328.0,2.36,4.18
19329.0,2.36,4.18
19329.0,2.36,4.18
19330.0,2.36,4.18
19330.0,2.36,4.18
19331.0,2.5,4.19
19332.0,2.51,4.19
19332.0,2.5,4.19
19333.0,2.51,4.19
19333.0,2.5,4.19
19334.0,2.51,4.19
19334.0,2.37,4.19
19335.0,2.37,4.19
19336.0,2.37,4.19
19336.0,2.37,4.19
19337.0,2.37,4.19
19337.0,2.17,4.19
19338.0,2.17,4.19
19338.0,2.17,4.19
19339.0,2.17,4.19
19340.0,2.17,4.2
19340.0,2.17,4.2
19341.0,2.34,4.2
19341.0,2.33,4.2
19342.0,2.34,4.2
19343.0,2.33,4.2
19343.0,2.34,4.2
19344.0,2.32,4.2
19344.0,2.32,4.2
19345.0,2.32,4.2
19345.0,2.32,4.2
19346.0,2.32,4.2
19347.0,2.07,4.2
19347.0,2.06,4.2
19348.0,2.07,4.2
19348.0,2.06,4.2
19349.0,2.07,4.2
19349.0,2.06,4.21
19350.0,2.07,4.21
19351.0,2.07,4.21
19351.0,2.07,4.21
19352.0,2.07,4.21
19352.0,2.07,4.21
19353.0,2.16,4.21
19353.0,2.16,4.21
19354.0,2.16,4.21
19355.0,2.16,4.21
19355.0,2.16,4.21
19356.0,2.16,4.21
19356.0,2.13,4.21
19357.0,2.13,4.21
19358.0,2.13,4.21
19358.0,2.13,4.22
19359.0,2.13,4.22
19359.0,2.27,4.22
19360.0,2.27,4.22
19360.0,2.27,4.22
19361.0,2.27,4.22
19362.0,2.27,4.22
19362.0,2.37,4.22
19363.0,2.37,4.22
19363.0,2.37,4.22
19364.0,2.37,4.22
19364.0,2.37,4.22
19365.0,2.37,4.22
19366.0,2.43,4.22
19366.0,2.43,4.22
19367.0,2.43,4.22
19367.0,2.43,4.22
19368.0,2.43,4.23
19368.0,2.45,4.23
19369.0,2.45,4.23
19370.0,2.45,4.23
19370.0,2.45,4.23
19371.0,2.45,4.23
19371.0,2.45,4.23
19372.0,2.58,4.23
19373.0,2.57,4.23
19373.0,2.58,4.23
19374.0,2.57,4.23
19374.0,2.58,4.23
19375.0,2.55,4.23
19376.0,2.55,4.23
19376.0,2.55,4.23
19377.0,2.55,4.24
19377.0,2.55,4.24
19378.0,2.42,4.24
19378.0,2.42,4.24
19379.0,2.42,4.24
19380.0,2.42,4.24
19380.0,2.42,4.24
19381.0,2.42,4.24
19381.0,2.4,4.24
19382.0,2.4,4.24
19382.0,2.4,4.24
19383.0,2.4,4.24
19384.0,2.4,4.24
19384.0,2.38,4.24
19385.0,2.38,4.24
19385.0,2.38,4.24
19386.0,2.38,4.24
19386.0,2.38,4.25
19387.0,2.24,4.25
19388.0,2.24,4.25
19388.0,2.24,4.25
19389.0,2.24,4.25
19389.0,2.24,4.25
19390.0,2.24,4.25
19391.0,2.2,4.25
19391.0,2.2,4.25
19392.0,2.2,4.25
19392.0,2.2,4.25
19393.0,2.2,4.25
19393.0,2.13,4.25
19394.0,2.13,4.25
19395.0,2.13,4.25
19395.0,2.13,4.26
19396.0,2.13,4.26
19396.0,2.13,4.26
19397.0,2.37,4.26
19397.0,2.37,4.26
19398.0,2.37,4.26
19399.0,2.37,4.26
19399.0,2.37,4.26
19400.0,2.59,4.26
19400.0,2.58,4.26
19401.0,2.59,4.26
19401.0,2.58,4.26
19402.0,2.59,4.26
19403.0,2.58,4.26
19403.0,2.53,4.26
19404.0,2.53,4.26
19404.0,2.53,4.26
19405.0,2.53,4.27
19406.0,2.53,4.27
19406.0,2.2,4.27
19407.0,2.2,4.27
19407.0,2.2,4.27
19408.0,2.2,4.27
19408.0,2.2,4.27
19409.0,2.32,4.27
19410.0,2.32,4.27
19410.0,2.32,4.27
19411.0,2.32,4.27
19411.0,2.32,4.27
19412.0,2.32,4.27
19412.0,2.32,4.27
19413.0,2.32,4.27
19414.0,2.32,4.28
19414.0,2.32,4.28
19415.0,2.32,4.28
19415.0,2.39,4.28
19416.0,2.39,4.28
19416.0,2.39,4.28
19417.0,2.39,4.28
19418.0,2.39,4.28
19418.0,2.39,4.28
19419.0,2.45,4.28
19419.0,2.45,4.28
19420.0,2.45,4.28
19421.0,2.45,4.28
19421.0,2.45,4.28
19422.0,2.55,4.28
19422.0,2.55,4.28
19423.0,2.55,4.28
19423.0,2.55,4.29
19424.0,2.55,4.29
19425.0,2.35,4.29
19425.0,2.36,4.29
19426.0,2.35,4.29
19426.0,2.36,4.29
19427.0,2.35,4.29
19427.0,2.36,4.29
19428.0,2.39,4.29
19429.0,2.39,4.29
19429.0,2.39,4.29
19430.0,2.39,4.29
19430.0,2.39,4.29
19431.0,2.28,4.29
19431.0,2.27,4.29
19432.0,2.28,4.3
19433.0,2.27,4.3
19433.0,2.28,4.3
19434.0,2.27,4.3
19434.0,2.28,4.3
19435.0,2.28,4.3
19436.0,2.28,4.3
19436.0,2.28,4.3
19437.0,2.28,4.3
19437.0,2.29,4.3
19438.0,2.29,4.3
19438.0,2.29,4.3
19439.0,2.29,4.3
19440.0,2.29,4.3
19440.0,2.25,4.3
19441.0,2.25,4.3
19441.0,2.25,4.3
19442.0,2.25,4.31
19442.0,2.25,4.31
19443.0,2.25,4.31
19444.0,2.24,4.31
19444.0,2.24,4.31
19445.0,2.24,4.31
19445.0,2.24,4.31
19446.0,2.24,4.31
19446.0,2.3,4.31
19447.0,2.31,4.31
19448.0,2.3,4.31
19448.0,2.31,4.31
19449.0,2.3,4.31
19449.0,2.31,4.31
19450.0,2.16,4.31
19451.0,2.16,4.32
19451.0,2.16,4.32
19452.0,2.16,4.32
19452.0,2.16,4.32
19453.0,2.07,4.32
19453.0,2.07,4.32
19454.0,2.07,4.32
19455.0,2.07,4.32
19455.0,2.07,4.32
19456.0,2.13,4.32
19456.0,2.13,4.32
19457.0,2.13,4.32
19457.0,2.13,4.32
19458.0,2.13,4.32
19459.0,2.13,4.32
19459.0,2.36,4.32
19460.0,2.36,4.32
19460.0,2.36,4.33
19461.0,2.36,4.33
19461.0,2.36,4.33
19462.0,2.27,4.33
19463.0,2.27,4.33
19463.0,2.27,4.33
19464.0,2.27,4.33
19464.0,2.27,4.33
19465.0,2.27,4.33
19466.0,2.2,4.33
19466.0,2.2,4.33
19467.0,2.2,4.33
19467.0,2.2,4.33
19468.0,2.2,4.33
19468.0,2.38,4.33
19469.0,2.38,4.34
19470.0,2.38,4.34
19470.0,2.38,4.34
19471.0,2.38,4.34
19471.0,2.23,4.34
19472.0,2.23,4.34
19472.0,2.23,4.34
19473.0,2.23,4.34
19474.0,2.23,4.34
19474.0,2.23,4.34
19475.0,2.12,4.34
19475.0,2.11,4.34
19476.0,2.12,4.34
19477.0,2.11,4.34
19477.0,2.12,4.34
19478.0,2.01,4.34
19478.0,2.01,4.34
19479.0,2.01,4.35
19479.0,2.01,4.35
19480.0,2.01,4.35
19481.0,2.01,4.35
19481.0,2.29,4.35
19482.0,2.3,4.35
19482.0,2.29,4.35
19483.0,2.3,4.35
19484.0,2.29,4.35
19484.0,2.7,4.35
19485.0,2.7,4.35
19485.0,2.7,4.35
19486.0,2.7,4.35
19486.0,2.7,4.35
19487.0,2.49,4.35
19488.0,2.49,4.36
19488.0,2.49,4.36
19489.0,2.49,4.36
19489.0,2.49,4.36
19490.0,2.49,4.36
19490.0,2.25,4.36
19491.0,2.26,4.36
19492.0,2.25,4.36
19492.0,2.26,4.36
19493.0,2.25,4.36
19493.0,2.28,4.36
19494.0,2.28,4.36
19494.0,2.28,4.36
19495.0,2.28,4.36
19496.0,2.28,4.36
19496.0,2.28,4.36
19497.0,2.48,4.36
19497.0,2.48,4.37
19498.0,2.48,4.37
19499.0,2.48,4.37
19499.0,2.48,4.37
19500.0,2.42,4.37
19500.0,2.42,4.37
19501.0,2.42,4.37
19501.0,2.42,4.37
19502.0,2.42,4.37
19503.0,2.29,4.37
19503.0,2.29,4.37
19504.0,2.29,4.37
19504.0,2.29,4.37
19505.0,2.29,4.37
19505.0,2.29,4.37
19506.0,2.41,4.37
19507.0,2.41,4.38
19507.0,2.41,4.38
19508.0,2.41,4.38
19508.0,2.41,4.38
19509.0,2.27,4.38
19509.0,2.27,4.38
19510.0,2.27,4.38
19511.0,2.27,4.38
19511.0,2.27,4.38
19512.0,2.27,4.38
19512.0,2.03,4.38
19513.0,2.04,4.38
19514.0,2.03,4.38
19514.0,2.04,4.38
19515.0,2.03,4.38
19515.0,2.17,4.39
19516.0,2.17,4.39
19516.0,2.17,4.39
19517.0,2.17,4.39
19518.0,2.17,4.39
19518.0,2.44,4.39
19519.0,2.44,4.39
19519.0,2.44,4.39
19520.0,2.44,4.39
19520.0,2.44,4.39
19521.0,2.44,4.39
19522.0,2.49,4.39
19522.0,2.49,4.39
19523.0,2.49,4.39
19523.0,2.49,4.39
19524.0,2.49,4.39
19524.0,2.39,4.39
19525.0,2.39,4.4
19526.0,2.39,4.4
19526.0,2.39,4.4
19527.0,2.39,4.4
19527.0,2.39,4.4
19528.0,2.36,4.4
19529.0,2.36,4.4
19529.0,2.36,4.4
19530.0,2.36,4.4
19530.0,2.36,4.4
19531.0,2.33,4.4
19531.0,2.33,4.4
19532.0,2.33,4.4
19533.0,2.33,4.4
19533.0,2.33,4.4
19534.0,2.35,4.41
19534.0,2.35,4.41
19535.0,2.35,4.41
19535.0,2.35,4.41
19536.0,2.35,4.41
19537.0,2.35,4.41
19537.0,2.2,4.41
19538.0,2.2,4.41
19538.0,2.2,4.41
19539.0,2.2,4.41
19539.0,2.2,4.41
19540.0,2.4,4.41
19541.0,2.4,4.41
19541.0,2.4,4.41
19542.0,2.4,4.41
19542.0,2.4,4.41
19543.0,2.4,4.41
19544.0,2.45,4.42
19544.0,2.45,4.42
19545.0,2.45,4.42
19545.0,2.45,4.42
19546.0,2.45,4.42
19546.0,2.12,4.42
19547.0,2.11,4.42
19548.0,2.12,4.42
19548.0,2.11,4.42
19549.0,2.12,4.42
19549.0,2.01,4.42
19550.0,2.01,4.42
19550.0,2.01,4.42
19551.0,2.01,4.42
19552.0,2.01,4.42
19552.0,2.01,4.43
19553.0,2.1,4.43
19553.0,2.1,4.43
19554.0,2.1,4.43
19554.0,2.1,4.43
19555.0,2.1,4.43
19556.0,2.26,4.43
19556.0,2.25,4.43
19557.0,2.26,4.43
19557.0,2.25,4.43
19558.0,2.26,4.43
19559.0,2.25,4.43
19559.0,2.54,4.43
19560.0,2.54,4.43
19560.0,2.54,4.43
19561.0,2.54,4.43
19561.0,2.54,4.43
19562.0,2.48,4.44
19563.0,2.48,4.44
19563.0,2.48,4.44
19564.0,2.48,4.44
19564.0,2.48,4.44
19565.0,2.53,4.44
19565.0,2.53,4.44
19566.0,2.53,4.44
19567.0,2.53,4.44
19567.0,2.53,4.44
19568.0,2.53,4.44
19568.0,2.49,4.44
19569.0,2.49,4.44
19570.0,2.49,4.44
19570.0,2.49,4.44
19571.0,2.49,4.44
19571.0,2.5,4.44
19572.0,2.5,4.44
19572.0,2.5,4.44
19573.0,2.5,4.44
19574.0,2.5,4.44
19574.0,2.35,4.44
19575.0,2.34,4.44
19575.0,2.35,4.44
19576.0,2.34,4.44
19577.0,2.35,4.44
19577.0,2.34,4.44
19578.0,2.25,4.44
19578.0,2.25,4.44
19579.0,2.25,4.44
19580.0,2.25,4.44
19580.0,2.25,4.44
19581.0,2.39,4.44
19581.0,2.39,4.44
19582.0,2.39,4.44
19583.0,2.39,4.44
19583.0,2.39,4.44
19584.0,2.36,4.44
19584.0,2.36,4.44
19585.0,2.36,4.44
19586.0,2.36,4.44
19586.0,2.36,4.44
19587.0,2.36,4.44
19587.0,2.47,4.44
19588.0,2.47,4.44
19588.0,2.47,4.44
19589.0,2.47,4.44
19590.0,2.47,4.44
19590.0,2.27,4.44
19591.0,2.27,4.44
19591.0,2.27,4.44
19592.0,2.27,4.44
19593.0,2.27,4.44
19593.0,2.0,4.44
19594.0,1.99,4.44
19594.0,2.0,4.44
19595.0,1.99,4.44
19595.0,2.0,4.44
19596.0,1.99,4.44
19597.0,2.01,4.44
19597.0,2.01,4.44
19598.0,2.01,4.44
19598.0,2.01,4.44
19599.0,2.01,4.44
19600.0,2.33,4.44
19600.0,2.33,4.44
19601.0,2.33,4.44
19601.0,2.33,4.44
19602.0,2.33,4.44
19603.0,2.27,4.44
19603.0,2.27,4.44
19604.0,2.27,4.44
19604.0,2.27,4.44
19605.0,2.27,4.44
19605.0,2.1,4.44
19606.0,2.1,4.44
19607.0,2.1,4.44
19607.0,2.1,4.44
19608.0,2.1,4.44
19608.0,2.1,4.44
19609.0,2.26,4.44
19610.0,2.27,4.44
19610.0,2.26,4.44
19611.0,2.27,4.44
19611.0,2.26,4.44
19612.0,2.34,4.44
19612.0,2.34,4.44
19613.0,2.34,4.44
19614.0,2.34,4.44
19614.0,2.34,4.44
19615.0,2.31,4.44
19615.0,2.32,4.44
19616.0,2.31,4.44
19617.0,2.32,4.44
19617.0,2.31,4.44
19618.0,2.32,4.44
19618.0,2.3,4.44
19619.0,2.3,4.44
19620.0,2.3,4.44
19620.0,2.3,4.44
19621.0,2.3,4.44
19621.0,2.22,4.44
19622.0,2.22,4.44
19622.0,2.22,4.44
19623.0,2.22,4.44
19624.0,2.22,4.44
19624.0,2.35,4.44
19625.0,2.36,4.44
19625.0,2.35,4.44
19626.0,2.36,4.44
19627.0,2.35,4.44
19627.0,2.36,4.44
19628.0,2.09,4.44
19628.0,2.1,4.44
19629.0,2.09,4.44
19629.0,2.1,4.44
19630.0,2.09,4.44
19631.0,2.08,4.44
19631.0,2.08,4.44
19632.0,2.08,4.44
19632.0,2.08,4.44
19633.0,2.08,4.44
19634.0,2.24,4.44
19634.0,2.24,4.44
19635.0,2.24,4.44
19635.0,2.24,4.44
19636.0,2.24,4.44
19637.0,2.24,4.44
19637.0,2.36,4.44
19638.0,2.37,4.44
19638.0,2.36,4.44
19639.0,2.37,4.44
19639.0,2.36,4.44
19640.0,2.24,4.44
19641.0,2.24,4.44
19641.0,2.24,4.44
19642.0,2.24,4.44
19642.0,2.24,4.44
19643.0,2.31,4.44
19644.0,2.31,4.44
19644.0,2.31,4.44
19645.0,2.31,4.44
19645.0,2.31,4.44
19646.0,2.31,4.44
19646.0,2.17,4.44
19647.0,2.17,4.44
19648.0,2.17,4.44
19648.0,2.17,4.44
19649.0,2.17,4.44
19649.0,2.33,4.44
19650.0,2.33,4.44
19651.0,2.33,4.44
19651.0,2.33,4.44
19652.0,2.33,4.44
19652.0,2.22,4.44
19653.0,2.22,4.44
19654.0,2.22,4.44
19654.0,2.22,4.44
19655.0,2.22,4.44
19655.0,2.22,4.44
19656.0,2.25,4.44
19656.0,2.25,4.44
19657.0,2.25,4.44
19658.0,2.25,4.44
19658.0,2.25,4.44
19659.0,2.54,4.44
19659.0,2.53,4.44
19660.0,2.54,4.44
19661.0,2.53,4.44
19661.0,2.54,4.44
19662.0,2.46,4.44
19662.0,2.46,4.44
19663.0,2.46,4.44
19664.0,2.46,4.44
19664.0,2.46,4.44
19665.0,2.46,4.44
19665.0,2.26,4.44
19666.0,2.26,4.44
19666.0,2.26,4.44
19667.0,2.26,4.44
19668.0,2.26,4.44
19668.0,2.37,4.44
19669.0,2.37,4.44
19669.0,2.37,4.44
19670.0,2.37,4.44
19671.0,2.37,4.44
19671.0,2.44,4.44
19672.0,2.44,4.44
19672.0,2.44,4.44
19673.0,2.44,4.44
19673.0,2.44,4.44
19674.0,2.44,4.44
19675.0,2.24,4.44
19675.0,2.24,4.44
19676.0,2.24,4.44
19676.0,2.24,4.44
19677.0,2.24,4.44
19678.0,2.43,4.44
19678.0,2.43,4.44
19679.0,2.43,4.44
19679.0,2.43,4.44
19680.0,2.43,4.44
19681.0,2.57,4.44
19681.0,2.57,4.44
19682.0,2.57,4.44
19682.0,2.57,4.44
19683.0,2.57,4.44
19684.0,2.49,4.44
19684.0,2.49,4.44
19685.0,2.49,4.44
19685.0,2.49,4.44
19686.0,2.49,4.44
19686.0,2.49,4.44
19687.0,2.4,4.44
19688.0,2.4,4.44
19688.0,2.4,4.44
19689.0,2.4,4.44
19689.0,2.4,4.44
19690.0,2.0,4.44
19691.0,2.01,4.44
19691.0,2.0,4.44
19692.0,2.01,4.44
19692.0,2.0,4.44
19693.0,2.25,4.44
19694.0,2.25,4.44
19694.0,2.25,4.44
19695.0,2.25,4.44
19695.0,2.25,4.44
19696.0,2.25,4.44
19696.0,2.32,4.44
19697.0,2.32,4.44
19698.0,2.32,4.44
19698.0,2.32,4.44
19699.0,2.32,4.44
19699.0,2.38,4.44
19700.0,2.38,4.44
19701.0,2.38,4.44
19701.0,2.38,4.44
19702.0,2.38,4.44
19702.0,2.34,4.44
19703.0,2.33,4.44
19703.0,2.34,4.44
19704.0,2.33,4.44
19705.0,2.34,4.44
19705.0,2.33,4.44
19706.0,2.29,4.44
19706.0,2.29,4.44
19707.0,2.29,4.44
19708.0,2.29,4.44
19708.0,2.29,4.44
19709.0,2.26,4.44
19709.0,2.26,4.44
19710.0,2.26,4.44
19711.0,2.26,4.44
19711.0,2.26,4.44
19712.0,2.21,4.44
19712.0,2.21,4.44
19713.0,2.21,4.44
19713.0,2.21,4.44
19714.0,2.21,4.44
19715.0,2.21,4.44
19715.0,2.29,4.44
19716.0,2.28,4.44
19716.0,2.29,4.44
19717.0,2.28,4.44
19718.0,2.29,4.44
19718.0,2.37,4.44
19719.0,2.37,4.44
19719.0,2.37,4.44
19720.0,2.37,4.44
19720.0,2.37,4.44
19721.0,2.59,4.44
19722.0,2.58,4.44
19722.0,2.59,4.44
19723.0,2.58,4.44
19723.0,2.59,4.44
19724.0,2.66,4.44
19725.0,2.66,4.44
19725.0,2.66,4.44
19726.0,2.66,4.44
19726.0,2.66,4.44
19727.0,2.66,4.44
19728.0,2.3,4.44
19728.0,2.3,4.44
19729.0,2.3,4.44
19729.0,2.3,4.44
19730.0,2.3,4.44
19730.0,2.01,4.44
19731.0,2.01,4.44
19732.0,2.01,4.44
19732.0,2.01,4.44
19733.0,2.01,4.44
19733.0,2.07,4.44
19734.0,2.07,4.44
19735.0,2.07,4.44
19735.0,2.07,4.44
19736.0,2.07,4.44
19736.0,2.07,4.44
19737.0,2.28,4.44
19738.0,2.29,4.44
19738.0,2.28,4.44
19739.0,2.29,4.44
19739.0,2.28,4.44
19740.0,2.25,4.44
19740.0,2.25,4.44
19741.0,2.25,4.44
19742.0,2.25,4.44
19742.0,2.25,4.44
19743.0,2.14,4.44
19743.0,2.14,4.44
19744.0,2.14,4.44
19745.0,2.14,4.44
19745.0,2.14,4.44
19746.0,2.14,4.44
19746.0,2.23,4.44
19747.0,2.23,4.44
19747.0,2.23,4.44
19748.0,2.23,4.44
19749.0,2.23,4.44
19749.0,2.37,4.44
19750.0,2.36,4.44
19750.0,2.37,4.44
19751.0,2.36,4.44
19752.0,2.37,4.44
19752.0,2.22,4.44
19753.0,2.22,4.44
19753.0,2.22,4.44
19754.0,2.22,4.44
19754.0,2.22,4.44
19755.0,2.22,4.44
19756.0,2.15,4.44
19756.0,2.15,4.44
19757.0,2.15,4.44
19757.0,2.15,4.44
19758.0,2.15,4.44
19759.0,2.12,4.44
19759.0,2.11,4.44
19760.0,2.12,4.44
19760.0,2.11,4.44
19761.0,2.12,4.44
19762.0,2.42,4.44
19762.0,2.42,4.44
19763.0,2.42,4.44
19763.0,2.42,4.44
19764.0,2.42,4.44
19764.0,2.42,4.44
19765.0,2.55,4.44
19766.0,2.55,4.44
19766.0,2.55,4.44
19767.0,2.55,4.44
19767.0,2.55,4.44
19768.0,2.33,4.44
19769.0,2.33,4.44
19769.0,2.33,4.44
19770.0,2.33,4.44
19770.0,2.33,4.44
19771.0,2.21,4.44
19772.0,2.21,4.44
19772.0,2.21,4.44
19773.0,2.21,4.44
19773.0,2.21,4.44
19774.0,2.21,4.44
19774.0,2.44,4.44
19775.0,2.44,4.44
19776.0,2.44,4.44
19776.0,2.44,4.44
19777.0,2.44,4.44
19777.0,2.46,4.44
19778.0,2.46,4.44
19779.0,2.46,4.44
19779.0,2.46,4.44
19780.0,2.46,4.44
19780.0,2.51,4.44
19781.0,2.52,4.44
19782.0,2.51,4.44
19782.0,2.52,4.44
19783.0,2.51,4.44
19783.0,2.52,4.44
19784.0,2.52,4.44
19785.0,2.52,4.44
19785.0,2.52,4.44
19786.0,2.52,4.44
19786.0,2.52,4.44
19787.0,2.46,4.44
19787.0,2.46,4.44
19788.0,2.46,4.44
19789.0,2.46,4.44
19789.0,2.46,4.44
19790.0,2.47,4.44
19790.0,2.47,4.44
19791.0,2.47,4.44
19792.0,2.47,4.44
19792.0,2.47,4.44
19793.0,2.12,4.44
19793.0,2.12,4.44
19794.0,2.12,4.44
19794.0,2.12,4.44
19795.0,2.12,4.44
19796.0,2.12,4.44
19796.0,2.0,4.44
19797.0,1.99,4.44
19797.0,2.0,4.44
19798.0,1.99,4.44
19799.0,2.0,4.44
19799.0,2.36,4.44
19800.0,2.36,4.44
19800.0,2.36,4.44
19801.0,2.36,4.44
19802.0,2.36,4.44
19802.0,2.4,4.44
19803.0,2.4,4.44
19803.0,2.4,4.44
19804.0,2.4,4.44
19804.0,2.4,4.44
19805.0,2.4,4.44
19806.0,2.43,4.44
19806.0,2.43,4.44
19807.0,2.43,4.44
19807.0,2.43,4.44
19808.0,2.43,4.44
19809.0,2.15,4.44
19809.0,2.15,4.44
19810.0,2.15,4.44
19810.0,2.15,4.44
19811.0,2.15,4.44
19811.0,1.82,4.44
19812.0,1.82,4.44
19813.0,1.82,4.44
19813.0,1.82,4.44
19814.0,1.82,4.44
19814.0,1.82,4.44
19815.0,2.31,4.44
19816.0,2.3,4.44
19816.0,2.31,4.44
19817.0,2.3,4.44
19817.0,2.31,4.44
19818.0,2.51,4.44
19819.0,2.51,4.44
19819.0,2.51,4.44
19820.0,2.51,4.44
19820.0,2.51,4.44
19821.0,2.63,4.44
19821.0,2.63,4.44
19822.0,2.63,4.44
19823.0,2.63,4.44
19823.0,2.63,4.44
19824.0,2.63,4.44
19824.0,2.39,4.44
19825.0,2.39,4.44
19826.0,2.39,4.44
19826.0,2.39,4.44
19827.0,2.39,4.44
19827.0,2.16,4.44
19828.0,2.16,4.44
19828.0,2.16,4.44
19829.0,2.16,4.44
19830.0,2.16,4.44
19830.0,2.05,4.44
19831.0,2.05,4.44
19831.0,2.05,4.44
19832.0,2.05,4.44
19833.0,2.05,4.44
19833.0,2.05,4.44
19834.0,2.0,4.44
19834.0,2.0,4.44
19835.0,2.0,4.44
19836.0,2.0,4.44
19836.0,2.0,4.44
19837.0,1.97,4.44
19837.0,1.98,4.44
19838.0,1.97,4.44
19838.0,1.98,4.44
19839.0,1.97,4.44
19840.0,2.41,4.44
19840.0,2.41,4.44
19841.0,2.41,4.44
19841.0,2.41,4.44
19842.0,2.41,4.44
19843.0,2.68,4.44
19843.0,2.68,4.44
19844.0,2.68,4.44
19844.0,2.68,4.44
19845.0,2.68,4.44
19846.0,2.68,4.44
19846.0,2.45,4.44
19847.0,2.45,4.44
19847.0,2.45,4.44
19848.0,2.45,4.44
19848.0,2.45,4.44
19849.0,2.43,4.44
19850.0,2.43,4.44
19850.0,2.43,4.44
19851.0,2.43,4.44
19851.0,2.43,4.44
19852.0,2.23,4.44
19853.0,2.23,4.44
19853.0,2.23,4.44
19854.0,2.23,4.44
19854.0,2.23,4.44
19855.0,2.23,4.44
19855.0,2.19,4.44
19856.0,2.19,4.44
19857.0,2.19,4.44
19857.0,2.19,4.44
19858.0,2.19,4.44
19858.0,2.44,4.44
19859.0,2.44,4.44
19860.0,2.44,4.44
19860.0,2.44,4.44
19861.0,2.44,4.44
19861.0,2.48,4.44
19862.0,2.48,4.44
19862.0,2.48,4.44
19863.0,2.48,4.44
19864.0,2.48,4.44
19864.0,2.48,4.44
19865.0,2.39,4.44
19865.0,2.39,4.44
19866.0,2.39,4.44
19867.0,2.39,4.44
19867.0,2.39,4.44
19868.0,2.44,4.44
19868.0,2.44,4.44
19869.0,2.44,4.44
19870.0,2.44,4.44
19870.0,2.44,4.44
19871.0,2.11,4.44
19871.0,2.11,4.44
19872.0,2.11,4.44
19872.0,2.11,4.44
19873.0,2.11,4.44
19874.0,2.11,4.44
19874.0,2.05,4.44
19875.0,2.05,4.44
19875.0,2.05,4.44
19876.0,2.05,4.44
19877.0,2.05,4.44
19877.0,2.31,4.44
19878.0,2.3,4.44
19878.0,2.31,4.44
19879.0,2.3,4.44
19880.0,2.31,4.44
19880.0,2.37,4.44
19881.0,2.37,4.44
19881.0,2.37,4.44
19882.0,2.37,4.44
19883.0,2.37,4.44
19883.0,2.41,4.44
19884.0,2.41,4.44
19884.0,2.41,4.44
19885.0,2.41,4.44
19885.0,2.41,4.44
19886.0,2.41,4.44
19887.0,2.36,4.44
19887.0,2.35,4.44
19888.0,2.36,4.44
19888.0,2.35,4.44
19889.0,2.36,4.44
19890.0,2.21,4.44
19890.0,2.21,4.44
19891.0,2.21,4.44
19891.0,2.21,4.44
19892.0,2.21,4.44
19893.0,2.04,4.44
19893.0,2.03,4.44
19894.0,2.04,4.44
19894.0,2.03,4.44
19895.0,2.04,4.44
19895.0,2.03,4.44
19896.0,2.08,4.44
19897.0,2.08,4.44
19897.0,2.08,4.44
19898.0,2.08,4.44
19898.0,2.08,4.44
19899.0,2.28,4.44
19900.0,2.28,4.44
19900.0,2.28,4.44
19901.0,2.28,4.44
19901.0,2.28,4.44
19902.0,2.42,4.44
19902.0,2.42,4.44
19903.0,2.42,4.44
19904.0,2.42,4.44
19904.0,2.42,4.44
19905.0,2.42,4.44
19905.0,2.41,4.44
19906.0,2.41,4.44
19907.0,2.41,4.44
19907.0,2.41,4.44
19908.0,2.41,4.44
19908.0,2.16,4.44
19909.0,2.16,4.44
19910.0,2.16,4.44
19910.0,2.16,4.44
19911.0,2.16,4.44
19911.0,2.11,4.44
19912.0,2.1,4.44
19912.0,2.11,4.44
19913.0,2.1,4.44
19914.0,2.11,4.44
19914.0,2.1,4.44
19915.0,2.19,4.44
19915.0,2.19,4.44
19916.0,2.19,4.44
19917.0,2.19,4.44
19917.0,2.19,4.44
19918.0,2.3,4.44
19918.0,2.3,4.44
19919.0,2.3,4.44
19919.0,2.3,4.44
19920.0,2.3,4.44
19921.0,2.69,4.44
19921.0,2.69,4.44
19922.0,2.69,4.44
19922.0,2.69,4.44
19923.0,2.69,4.44
19924.0,2.69,4.44
19924.0,2.67,4.44
19925.0,2.67,4.44
19925.0,2.67,4.44
19926.0,2.67,4.44
19927.0,2.67,4.44
19927.0,2.26,4.44
19928.0,2.26,4.44
19928.0,2.26,4.44
19929.0,2.26,4.44
19929.0,2.26,4.44
19930.0,1.84,4.44
19931.0,1.84,4.44
19931.0,1.84,4.44
19932.0,1.84,4.44
19932.0,1.84,4.44
19933.0,1.84,4.44
19934.0,1.93,4.44
19934.0,1.93,4.44
19935.0,1.93,4.44
19935.0,1.93,4.44
19936.0,1.93,4.44
19936.0,2.16,4.44
19937.0,2.16,4.44
19938.0,2.16,4.44
19938.0,2.16,4.44
19939.0,2.16,4.44
19939.0,2.31,4.44
19940.0,2.31,4.44
19941.0,2.31,4.44
19941.0,2.31,4.44
19942.0,2.31,4.44
19942.0,2.31,4.44
19943.0,2.45,4.44
19944.0,2.45,4.44
19944.0,2.45,4.44
19945.0,2.45,4.44
19945.0,2.45,4.44
19946.0,2.2,4.44
19946.0,2.2,4.44
19947.0,2.2,4.44
19948.0,2.2,4.44
19948.0,2.2,4.44
19949.0,2.0,4.44
19949.0,1.99,4.44
19950.0,2.0,4.44
19951.0,1.99,4.44
19951.0,2.0,4.44
19952.0,1.99,4.44
19952.0,2.09,4.44
19953.0,2.09,4.44
19954.0,2.09,4.44
19954.0,2.09,4.44
19955.0,2.09,4.44
19955.0,2.24,4.44
19956.0,2.24,4.44
19956.0,2.24,4.44
19957.0,2.24,4.44
19958.0,2.24,4.44
19958.0,2.33,4.44
19959.0,2.33,4.44
19959.0,2.33,4.44
19960.0,2.33,4.44
19961.0,2.33,4.44
19961.0,2.48,4.44
19962.0,2.48,4.44
19962.0,2.48,4.44
19963.0,2.48,4.44
19963.0,2.48,4.44
19964.0,2.48,4.44
19965.0,2.71,4.44
19965.0,2.71,4.44
19966.0,2.71,4.44
19966.0,2.71,4.44
19967.0,2.71,4.44
19968.0,2.38,4.44
19968.0,2.38,4.44
19969.0,2.38,4.44
19969.0,2.38,4.44
19970.0,2.38,4.44
19971.0,1.96,4.44
19971.0,1.96,4.44
19972.0,1.96,4.44
19972.0,1.96,4.44
19973.0,1.96,4.44
19973.0,1.96,4.44
19974.0,2.01,4.44
19975.0,2.01,4.44
19975.0,2.01,4.44
19976.0,2.01,4.44
19976.0,2.01,4.44
19977.0,2.3,4.44
19978.0,2.3,4.44
19978.0,2.3,4.44
19979.0,2.3,4.44
19979.0,2.3,4.44
19980.0,2.55,4.44
19980.0,2.55,4.44
19981.0,2.55,4.44
19982.0,2.55,4.44
19982.0,2.55,4.44
19983.0,2.55,4.44
19984.0,2.47,4.44
19984.0,2.47,4.44
19985.0,2.47,4.44
19985.0,2.47,4.44
19986.0,2.47,4.44
19986.0,2.1,4.44
19987.0,2.1,4.44
19988.0,2.1,4.44
19988.0,2.1,4.44
19989.0,2.1,4.44
19989.0,2.18,4.44
19990.0,2.18,4.44
19991.0,2.18,4.44
19991.0,2.18,4.44
19992.0,2.18,4.44
19992.0,2.13,4.44
19993.0,2.13,4.44
19993.0,2.13,4.44
19994.0,2.13,4.44
19995.0,2.13,4.44
19995.0,2.13,4.44
19996.0,2.16,4.44
19996.0,2.16,4.44
19997.0,2.16,4.44
19998.0,2.16,4.44
19998.0,2.16,4.44
19999.0,2.41,4.44
19999.0,2.41,4.44
20000.0,2.41,4.44
20001.0,2.41,4.44
20001.0,2.41,4.44
20002.0,2.65,4.44
20002.0,2.65,4.44
20003.0,2.65,4.44
20003.0,2.65,4.44
20004.0,2.65,4.44
20005.0,2.65,4.44
20005.0,2.66,4.44
20006.0,2.66,4.44
20006.0,2.66,4.44
20007.0,2.66,4.44
20008.0,2.66,4.44
20008.0,2.19,4.44
20009.0,2.19,4.44
20009.0,2.19,4.44
20010.0,2.19,4.44
20010.0,2.19,4.44
20011.0,1.96,4.44
20012.0,1.95,4.44
20012.0,1.96,4.44
20013.0,1.95,4.44
20013.0,1.96,4.44
20014.0,1.95,4.44
20015.0,2.11,4.44
20015.0,2.11,4.44
20016.0,2.11,4.44
20016.0,2.11,4.44
20017.0,2.11,4.44
20018.0,2.18,4.44
20018.0,2.18,4.44
20019.0,2.18,4.44
20019.0,2.18,4.44
20020.0,2.18,4.44
20020.0,2.37,4.44
20021.0,2.37,4.44
20022.0,2.37,4.44
20022.0,2.37,4.44
20023.0,2.37,4.44
20023.0,2.37,4.44
20024.0,2.52,4.44
20025.0,2.52,4.44
20025.0,2.52,4.44
20026.0,2.52,4.44
20026.0,2.52,4.44
20027.0,2.35,4.44
20028.0,2.36,4.44
20028.0,2.35,4.44
20029.0,2.36,4.44
20029.0,2.35,4.44
20030.0,2.15,4.44
20030.0,2.15,4.44
20031.0,2.15,4.44
20032.0,2.15,4.44
20032.0,2.15,4.44
20033.0,2.15,4.44
20033.0,1.84,4.44
20034.0,1.84,4.44
20035.0,1.84,4.44
20035.0,1.84,4.44
20036.0,1.84,4.44
20036.0,2.01,4.44
20037.0,2.01,4.44
20037.0,2.01,4.44
20038.0,2.01,4.44
20039.0,2.01,4.44
20039.0,2.54,4.44
20040.0,2.54,4.44
20040.0,2.54,4.44
20041.0,2.54,4.44
20042.0,2.54,4.44
20042.0,2.54,4.44
20043.0,2.58,4.44
20043.0,2.57,4.44
20044.0,2.58,4.44
20044.0,2.57,4.44
20045.0,2.58,4.44
20046.0,2.53,4.44
20046.0,2.53,4.44
20047.0,2.53,4.44
20047.0,2.53,4.44
20048.0,2.53,4.44
20049.0,2.17,4.44
20049.0,2.17,4.44
20050.0,2.17,4.44
20050.0,2.17,4.44
20051.0,2.17,4.44
20052.0,2.17,4.44
20052.0,2.18,4.44
20053.0,2.18,4.44
20053.0,2.18,4.44
20054.0,2.18,4.44
20054.0,2.18,4.44
20055.0,2.45,4.44
20056.0,2.45,4.44
20056.0,2.45,4.44
20057.0,2.45,4.44
20057.0,2.45,4.44
20058.0,2.46,4.44
20059.0,2.46,4.44
20059.0,2.46,4.44
20060.0,2.46,4.44
20060.0,2.46,4.44
20061.0,2.46,4.44
20062.0,2.47,4.44
20062.0,2.47,4.44
20063.0,2.47,4.44
20063.0,2.47,4.44
20064.0,2.47,4.44
20064.0,2.78,4.44
20065.0,2.78,4.44
20066.0,2.78,4.44
20066.0,2.78,4.44
20067.0,2.78,4.44
20067.0,2.49,4.44
20068.0,2.49,4.44
20069.0,2.49,4.44
20069.0,2.49,4.44
20070.0,2.49,4.44
20070.0,2.14,4.44
20071.0,2.14,4.44
20071.0,2.14,4.44
20072.0,2.14,4.44
20073.0,2.14,4.44
20073.0,2.14,4.44
20074.0,2.01,4.44
20074.0,2.01,4.44
20075.0,2.01,4.44
20076.0,2.01,4.44
20076.0,2.01,4.44
20077.0,2.17,4.44
20077.0,2.17,4.44
20078.0,2.17,4.44
20079.0,2.17,4.44
20079.0,2.17,4.44
20080.0,2.51,4.44
20080.0,2.51,4.44
20081.0,2.51,4.44
20081.0,2.51,4.44
20082.0,2.51,4.44
20083.0,2.51,4.44
20083.0,2.68,4.44
20084.0,2.68,4.44
20084.0,2.68,4.44
20085.0,2.68,4.44
20086.0,2.68,4.44
20086.0,2.31,4.44
20087.0,2.3,4.44
20087.0,2.31,4.44
20088.0,2.3,4.44
20089.0,2.31,4.44
20089.0,1.96,4.44
20090.0,1.96,4.44
20090.0,1.96,4.44
20091.0,1.96,4.44
20092.0,1.96,4.44
20092.0,1.96,4.44
20093.0,1.94,4.44
20093.0,1.94,4.44
20094.0,1.94,4.44
20094.0,1.94,4.44
20095.0,1.94,4.44
20096.0,2.31,4.44
20096.0,2.3,4.44
20097.0,2.31,4.44
20097.0,2.3,4.44
20098.0,2.31,4.44
20099.0,2.49,4.44
20099.0,2.49,4.44
20100.0,2.49,4.44
20100.0,2.49,4.44
20101.0,2.49,4.44
20101.0,2.37,4.44
20102.0,2.37,4.44
20103.0,2.37,4.44
20103.0,2.37,4.44
20104.0,2.37,4.44
20104.0,2.37,4.44
20105.0,2.52,4.44
20106.0,2.51,4.44
20106.0,2.52,4.44
20107.0,2.51,4.44
20107.0,2.52,4.44
20108.0,2.34,4.44
20109.0,2.34,4.44
20109.0,2.34,4.44
20110.0,2.34,4.44
20110.0,2.34,4.44
20111.0,2.17,4.44
20111.0,2.17,4.44
20112.0,2.17,4.44
20113.0,2.17,4.44
20113.0,2.17,4.44
20114.0,2.17,4.44
20114.0,2.07,4.44
20115.0,2.07,4.44
20116.0,2.07,4.44
20116.0,2.07,4.44
20117.0,2.07,4.44
20117.0,2.4,4.44
20118.0,2.4,4.44
20118.0,2.4,4.44
20119.0,2.4,4.44
20120.0,2.4,4.44
20120.0,2.34,4.44
20121.0,2.34,4.44
20121.0,2.34,4.44
20122.0,2.34,4.44
20123.0,2.34,4.44
20123.0,2.34,4.44
20124.0,2.32,4.44
20124.0,2.32,4.44
20125.0,2.32,4.44
20126.0,2.32,4.44
20126.0,2.32,4.44
20127.0,2.17,4.44
20127.0,2.17,4.44
20128.0,2.17,4.44
20128.0,2.17,4.44
20129.0,2.17,4.44
20130.0,2.01,4.44
20130.0,2.0,4.44
20131.0,2.01,4.44
20131.0,2.0,4.44
20132.0,2.01,4.44
20133.0,2.0,4.44
20133.0,2.07,4.44
20134.0,2.07,4.44
20134.0,2.07,4.44
20135.0,2.07,4.44
20136.0,2.07,4.44
20136.0,2.13,4.44
20137.0,2.13,4.44
20137.0,2.13,4.44
20138.0,2.13,4.44
20138.0,2.13,4.44
20139.0,2.47,4.44
20140.0,2.47,4.44
20140.0,2.47,4.44
20141.0,2.47,4.44
20141.0,2.47,4.44
20142.0,2.47,4.44
20143.0,2.59,4.44
20143.0,2.59,4.44
20144.0,2.59,4.44
20144.0,2.59,4.44
20145.0,2.59,4.44
20145.0,2.34,4.44
20146.0,2.34,4.44
20147.0,2.34,4.44
20147.0,2.34,4.44
20148.0,2.34,4.44
20148.0,1.98,4.44
20149.0,1.97,4.44
20150.0,1.98,4.44
20150.0,1.97,4.44
20151.0,1.98,4.44
20151.0,1.97,4.44
20152.0,1.89,4.44
20153.0,1.89,4.44
20153.0,1.89,4.44
20154.0,1.89,4.44
20154.0,1.89,4.44
20155.0,1.89,4.44
20155.0,1.89,4.44
20156.0,1.89,4.44
20157.0,1.89,4.44
20157.0,1.89,4.44
20158.0,2.33,4.44
20158.0,2.33,4.44
20159.0,2.33,4.44
20160.0,2.33,4.44
20160.0,2.33,4.44
20161.0,2.33,4.44
20161.0,2.45,4.44
20162.0,2.45,4.44
20162.0,2.45,4.44
20163.0,2.45,4.44
20164.0,2.45,4.44
20164.0,2.47,4.44
20165.0,2.47,4.44
20165.0,2.47,4.44
20166.0,2.47,4.44
20167.0,2.47,4.44
20167.0,2.32,4.44
20168.0,2.31,4.44
20168.0,2.32,4.44
20169.0,2.31,4.44
20170.0,2.32,4.44
20170.0,2.31,4.44
20171.0,2.12,4.44
20171.0,2.11,4.44
20172.0,2.12,4.44
20172.0,2.11,4.44
20173.0,2.12,4.44
20174.0,1.98,4.44
20174.0,1.98,4.44
20175.0,1.98,4.44
20175.0,1.98,4.44
20176.0,1.98,4.44
20177.0,2.16,4.44
20177.0,2.16,4.44
20178.0,2.16,4.44
20178.0,2.16,4.44
20179.0,2.16,4.44
20179.0,2.25,4.44
20180.0,2.25,4.44
20181.0,2.25,4.44
20181.0,2.25,4.44
20182.0,2.25,4.44
20182.0,2.25,4.44
20183.0,2.45,4.44
20184.0,2.45,4.44
20184.0,2.45,4.44
20185.0,2.45,4.44
20185.0,2.45,4.44
20186.0,2.32,4.44
20187.0,2.32,4.44
20187.0,2.32,4.44
20188.0,2.32,4.44
20188.0,2.32,4.44
20189.0,2.09,4.44
20190.0,2.09,4.44
20190.0,2.09,4.44
20191.0,2.09,4.44
20191.0,2.09,4.44
20192.0,2.09,4.44
20192.0,2.04,4.44
20193.0,2.04,4.44
20194.0,2.04,4.44
20194.0,2.04,4.44
20195.0,2.04,4.44
20195.0,2.08,4.44
20196.0,2.08,4.44
20197.0,2.08,4.44
20197.0,2.08,4.44
20198.0,2.08,4.44
20198.0,2.39,4.44
20199.0,2.39,4.44
20200.0,2.39,4.44
20200.0,2.39,4.44
20201.0,2.39,4.44
20201.0,2.39,4.44
20202.0,2.56,4.44
20202.0,2.56,4.44
20203.0,2.56,4.44
20204.0,2.56,4.44
20204.0,2.56,4.44
20205.0,2.27,4.44
20205.0,2.27,4.44
20206.0,2.27,4.44
20207.0,2.27,4.44
20207.0,2.27,4.44
20208.0,2.36,4.44
20208.0,2.36,4.44
20209.0,2.36,4.44
20210.0,2.36,4.44
20210.0,2.36,4.44
20211.0,2.19,4.44
20211.0,2.19,4.44
20212.0,2.19,4.44
20212.0,2.19,4.44
20213.0,2.19,4.44
20214.0,2.19,4.44
20214.0,2.15,4.44
20215.0,2.15,4.44
20215.0,2.15,4.44
20216.0,2.15,4.44
20217.0,2.15,4.44
20217.0,2.36,4.44
20218.0,2.37,4.44
20218.0,2.36,4.44
20219.0,2.37,4.44
20219.0,2.36,4.44
20220.0,2.39,4.44
20221.0,2.39,4.44
20221.0,2.39,4.44
20222.0,2.39,4.44
20222.0,2.39,4.44
20223.0,2.39,4.44
20224.0,2.52,4.44
20224.0,2.52,4.44
20225.0,2.52,4.44
20225.0,2.52,4.44
20226.0,2.52,4.44
20226.0,2.32,4.44
20227.0,2.33,4.44
20228.0,2.32,4.44
20228.0,2.33,4.44
20229.0,2.32,4.44
20229.0,1.77,4.44
20230.0,1.77,4.44
20231.0,1.77,4.44
20231.0,1.77,4.44
20232.0,1.77,4.44
20232.0,1.77,4.44
20233.0,2.0,4.44
20234.0,2.0,4.44
20234.0,2.0,4.44
20235.0,2.0,4.44
20235.0,2.0,4.44
20236.0,2.41,4.44
20236.0,2.41,4.44
20237.0,2.41,4.44
20238.0,2.41,4.44
20238.0,2.41,4.44
20239.0,2.55,4.44
20239.0,2.54,4.44
20240.0,2.55,4.44
20241.0,2.54,4.44
20241.0,2.55,4.44
20242.0,2.54,4.44
20242.0,2.62,4.44
20243.0,2.61,4.44
20244.0,2.62,4.44
20244.0,2.61,4.44
20245.0,2.62,4.44
20245.0,2.46,4.44
20246.0,2.46,4.44
20246.0,2.46,4.44
20247.0,2.46,4.44
20248.0,2.46,4.44
20248.0,2.32,4.44
20249.0,2.31,4.44
20249.0,2.32,4.44
20250.0,2.31,4.44
20251.0,2.32,4.44
20251.0,2.31,4.44
20252.0,2.35,4.44
20252.0,2.35,4.44
20253.0,2.35,4.44
20253.0,2.35,4.44
20254.0,2.35,4.44
20255.0,2.05,4.44
20255.0,2.06,4.44
20256.0,2.05,4.44
20256.0,2.06,4.44
20257.0,2.05,4.44
20258.0,2.21,4.44
20258.0,2.21,4.44
20259.0,2.21,4.44
20259.0,2.21,4.44
20260.0,2.21,4.44
20261.0,2.21,4.44
20261.0,2.63,4.44
20262.0,2.63,4.44
20262.0,2.63,4.44
20263.0,2.63,4.44
20263.0,2.63,4.44
20264.0,2.57,4.44
20265.0,2.57,4.44
20265.0,2.57,4.44
20266.0,2.57,4.44
20266.0,2.57,4.44
20267.0,2.39,4.44
20268.0,2.39,4.44
20268.0,2.39,4.44
20269.0,2.39,4.44
20269.0,2.39,4.44
20270.0,2.39,4.44
20270.0,2.22,4.44
20271.0,2.22,4.44
20272.0,2.22,4.44
20272.0,2.22,4.44
20273.0,2.22,4.44
20273.0,1.98,4.44
20274.0,1.98,4.44
20275.0,1.98,4.44
20275.0,1.98,4.44
20276.0,1.98,4.44
20276.0,2.03,4.44
20277.0,2.03,4.44
20278.0,2.03,4.44
20278.0,2.03,4.44
20279.0,2.03,4.44
20279.0,2.03,4.44
20280.0,2.48,4.44
20280.0,2.48,4.44
20281.0,2.48,4.44
20282.0,2.48,4.44
20282.0,2.48,4.44
20283.0,2.54,4.44
20283.0,2.54,4.44
20284.0,2.54,4.44
20285.0,2.54,4.44
20285.0,2.54,4.44
20286.0,2.29,4.44
20286.0,2.28,4.44
20287.0,2.29,4.44
20288.0,2.28,4.44
20288.0,2.29,4.44
20289.0,2.31,4.44
20289.0,2.32,4.44
20290.0,2.31,4.44
20291.0,2.32,4.44
20291.0,2.31,4.44
20292.0,2.32,4.44
20292.0,2.35,4.44
20293.0,2.35,4.44
20293.0,2.35,4.44
20294.0,2.35,4.44
20295.0,2.35,4.44
20295.0,2.23,4.44
20296.0,2.23,4.44
20296.0,2.23,4.44
20297.0,2.23,4.44
20298.0,2.23,4.44
20298.0,2.16,4.44
20299.0,2.16,4.44
20299.0,2.16,4.44
20300.0,2.16,4.44
20300.0,2.16,4.44
20301.0,2.16,4.44
20302.0,2.61,4.44
20302.0,2.61,4.44
20303.0,2.61,4.44
20303.0,2.61,4.44
20304.0,2.61,4.44
20305.0,2.42,4.44
20305.0,2.42,4.44
20306.0,2.42,4.44
20306.0,2.42,4.44
20307.0,2.42,4.44
20308.0,2.22,4.44
20308.0,2.22,4.44
20309.0,2.22,4.44
20309.0,2.22,4.44
20310.0,2.22,4.44
20310.0,2.22,4.44
20311.0,1.94,4.44
20312.0,1.94,4.44
20312.0,1.94,4.44
20313.0,1.94,4.44
20313.0,1.94,4.44
20314.0,1.98,4.44
20315.0,1.98,4.44
20315.0,1.98,4.44
20316.0,1.98,4.44
20316.0,1.98,4.44
20317.0,2.14,4.44
20318.0,2.14,4.44
20318.0,2.14,4.44
20319.0,2.14,4.44
20319.0,2.14,4.44
20320.0,2.14,4.44
20320.0,2.27,4.44
20321.0,2.27,4.44
20322.0,2.27,4.44
20322.0,2.27,4.44
20323.0,2.27,4.44
20323.0,2.28,4.44
20324.0,2.28,4.44
20325.0,2.28,4.44
20325.0,2.28,4.44
20326.0,2.28,4.44
20326.0,2.28,4.44
20327.0,2.29,4.44
20327.0,2.28,4.44
20328.0,2.29,4.44
20329.0,2.28,4.44
20329.0,2.12,4.44
20330.0,2.12,4.44
20330.0,2.12,4.44
20331.0,2.12,4.44
20332.0,2.12,4.44
20332.0,2.12,4.44
20333.0,1.94,4.44
20333.0,1.94,4.44
20334.0,1.94,4.44
20335.0,1.94,4.44
20335.0,1.94,4.44
20336.0,2.13,4.44
20336.0,2.13,4.44
20337.0,2.13,4.44
20337.0,2.13,4.44
20338.0,2.13,4.44
20339.0,2.31,4.44
20339.0,2.31,4.44
20340.0,2.31,4.44
20340.0,2.31,4.44
20341.0,2.31,4.44
20342.0,2.31,4.44
20342.0,2.46,4.44
20343.0,2.46,4.44
20343.0,2.46,4.44
20344.0,2.46,4.44
20344.0,2.46,4.44
20345.0,2.25,4.44
20346.0,2.25,4.44
20346.0,2.25,4.44
20347.0,2.25,4.44
20347.0,2.25,4.44
20348.0,2.15,4.44
20349.0,2.15,4.44
20349.0,2.15,4.44
20350.0,2.15,4.44
20350.0,2.15,4.44
20351.0,2.15,4.44
20352.0,2.01,4.44
20352.0,2.01,4.44
20353.0,2.01,4.44
20353.0,2.01,4.44
20354.0,2.01,4.44
20354.0,2.23,4.44
20355.0,2.23,4.44
20356.0,2.23,4.44
20356.0,2.23,4.44
20357.0,2.23,4.44
20357.0,2.38,4.44
20358.0,2.38,4.44
20359.0,2.38,4.44
20359.0,2.38,4.44
20360.0,2.38,4.44
20360.0,2.38,4.44
20361.0,2.32,4.44
20361.0,2.31,4.44
20362.0,2.32,4.44
20363.0,2.31,4.44
20363.0,2.32,4.44
20364.0,2.02,4.44
20364.0,2.02,4.44
20365.0,2.02,4.44
20366.0,2.02,4.44
20366.0,2.02,4.44
20367.0,2.22,4.44
20367.0,2.22,4.44
20368.0,2.22,4.44
20369.0,2.22,4.44
20369.0,2.22,4.44
20370.0,2.22,4.44
20370.0,2.03,4.44
20371.0,2.02,4.44
20371.0,2.03,4.44
20372.0,2.02,4.44
20373.0,2.03,4.44
20373.0,2.08,4.44
20374.0,2.08,4.44
20374.0,2.08,4.44
20375.0,2.08,4.44
20376.0,2.08,4.44
20376.0,2.36,4.44
20377.0,2.35,4.44
20377.0,2.36,4.44
20378.0,2.35,4.44
20378.0,2.36,4.44
20379.0,2.35,4.44
20380.0,2.45,4.44
20380.0,2.45,4.44
20381.0,2.45,4.44
20381.0,2.45,4.44
20382.0,2.45,4.44
20383.0,2.6,4.44
20383.0,2.6,4.44
20384.0,2.6,4.44
20384.0,2.6,4.44
20385.0,2.6,4.44
20386.0,2.45,4.44
20386.0,2.45,4.44
20387.0,2.45,4.44
20387.0,2.45,4.44
20388.0,2.45,4.44
20389.0,2.35,4.44
20389.0,2.35,4.44
20390.0,2.35,4.44
20390.0,2.35,4.44
20391.0,2.35,4.44
20392.0,2.35,4.44
20392.0,2.13,4.44
20393.0,2.13,4.44
20393.0,2.13,4.44
20394.0,2.13,4.44
20394.0,2.13,4.44
20395.0,2.26,4.44
20396.0,2.26,4.44
20396.0,2.26,4.44
20397.0,2.26,4.44
20397.0,2.26,4.44
20398.0,2.52,4.44
20399.0,2.52,4.44
20399.0,2.52,4.44
20400.0,2.52,4.44
20400.0,2.52,4.44
20401.0,2.52,4.44
20401.0,2.51,4.44
20402.0,2.51,4.44
20403.0,2.51,4.44
20403.0,2.51,4.44
20404.0,2.51,4.44
20404.0,2.64,4.44
20405.0,2.64,4.44
20406.0,2.64,4.44
20406.0,2.64,4.44
20407.0,2.64,4.44
20407.0,2.37,4.44
20408.0,2.37,4.44
20408.0,2.37,4.44
20409.0,2.37,4.44
20410.0,2.37,4.44
20410.0,2.37,4.44
20411.0,2.11,4.44
20411.0,2.11,4.44
20412.0,2.11,4.44
20413.0,2.11,4.44
20413.0,2.11,4.44
20414.0,2.05,4.44
20414.0,2.04,4.44
20415.0,2.05,4.44
20416.0,2.04,4.44
20416.0,2.05,4.44
20417.0,2.28,4.44
20417.0,2.29,4.44
20418.0,2.28,4.44
20418.0,2.29,4.44
20419.0,2.28,4.44
20420.0,2.29,4.44
20420.0,2.55,4.44
20421.0,2.55,4.44
20421.0,2.55,4.44
20422.0,2.55,4.44
20423.0,2.55,4.44
20423.0,2.61,4.44
20424.0,2.61,4.44
20424.0,2.61,4.44
20425.0,2.61,4.44
20426.0,2.61,4.44
20426.0,2.53,4.44
20427.0,2.54,4.44
20427.0,2.53,4.44
20428.0,2.54,4.44
20428.0,2.53,4.44
20429.0,2.54,4.44
20430.0,2.38,4.44
20430.0,2.38,4.44
20431.0,2.38,4.44
20431.0,2.38,4.44
20432.0,2.38,4.44
20433.0,2.17,4.44
20433.0,2.17,4.44
20434.0,2.17,4.44
20434.0,2.17,4.44
20435.0,2.17,4.44
20435.0,2.18,4.44
20436.0,2.18,4.44
20437.0,2.18,4.44
20437.0,2.18,4.44
20438.0,2.18,4.44
20438.0,2.23,4.44
20439.0,2.23,4.44
20440.0,2.23,4.44
20440.0,2.23,4.44
20441.0,2.23,4.44
20441.0,2.23,4.44
20442.0,2.17,4.44
20443.0,2.17,4.44
20443.0,2.17,4.44
20444.0,2.17,4.44
20444.0,2.17,4.44
20445.0,2.36,4.44
20445.0,2.36,4.44
20446.0,2.36,4.44
20447.0,2.36,4.44
20447.0,2.36,4.44
20448.0,2.26,4.44
20448.0,2.25,4.44
20449.0,2.26,4.44
20450.0,2.25,4.44
20450.0,2.26,4.44
20451.0,2.25,4.44
20451.0,2.2,4.44
20452.0,2.2,4.44
20452.0,2.2,4.44
20453.0,2.2,4.44
20454.0,2.2,4.44
20454.0,2.23,4.44
20455.0,2.23,4.44
20455.0,2.23,4.44
20456.0,2.23,4.44
20457.0,2.23,4.44
20457.0,2.37,4.44
20458.0,2.37,4.44
20458.0,2.37,4.44
20459.0,2.37,4.44
20460.0,2.37,4.44
20460.0,2.37,4.44
20461.0,2.5,4.44
20461.0,2.5,4.44
20462.0,2.5,4.44
20462.0,2.5,4.44
20463.0,2.5,4.44
20464.0,2.32,4.44
20464.0,2.32,4.44
20465.0,2.32,4.44
20465.0,2.32,4.44
20466.0,2.32,4.44
20467.0,2.17,4.44
20467.0,2.17,4.44
20468.0,2.17,4.44
20468.0,2.17,4.44
20469.0,2.17,4.44
20469.0,2.17,4.44
20470.0,2.13,4.44
20471.0,2.13,4.44
20471.0,2.13,4.44
20472.0,2.13,4.44
20472.0,2.13,4.44
20473.0,2.17,4.44
20474.0,2.17,4.44
20474.0,2.17,4.44
20475.0,2.17,4.44
20475.0,2.17,4.44
20476.0,2.34,4.44
20477.0,2.34,4.44
20477.0,2.34,4.44
20478.0,2.34,4.44
20478.0,2.34,4.44
20479.0,2.34,4.44
20479.0,2.49,4.44
20480.0,2.49,4.44
20481.0,2.49,4.44
20481.0,2.49,4.44
20482.0,2.49,4.44
20482.0,2.41,4.44
20483.0,2.41,4.44
20484.0,2.41,4.44
20484.0,2.41,4.44
20485.0,2.41,4.44
20485.0,2.42,4.44
20486.0,2.42,4.44
20486.0,2.42,4.44
20487.0,2.42,4.44
20488.0,2.42,4.44
20488.0,2.14,4.44
20489.0,2.14,4.44
20490.0,2.14,4.44
20490.0,2.14,4.44
20491.0,2.14,4.44
20491.0,2.14,4.44
20492.0,1.82,4.44
20492.0,1.82,4.44
20493.0,1.82,4.44
20494.0,1.82,4.44
20494.0,1.82,4.44
20495.0,2.2,4.44
20495.0,2.2,4.44
20496.0,2.2,4.44
20497.0,2.2,4.44
20497.0,2.2,4.44
20498.0,2.24,4.44
20498.0,2.24,4.44
20499.0,2.24,4.44
20500.0,2.24,4.44
20500.0,2.24,4.44
20501.0,2.24,4.44
20501.0,2.54,4.44
20502.0,2.54,4.44
20502.0,2.54,4.44
20503.0,2.54,4.44
20504.0,2.54,4.44
20504.0,2.5,4.44
20505.0,2.5,4.44
20505.0,2.5,4.44
20506.0,2.5,4.44
20507.0,2.5,4.44
20507.0,2.03,4.44
20508.0,2.03,4.44
20508.0,2.03,4.44
20509.0,2.03,4.44
20509.0,2.03,4.44
20510.0,2.03,4.44
20511.0,1.93,4.44
20511.0,1.93,4.44
20512.0,1.93,4.44
20512.0,1.93,4.44
20513.0,1.93,4.44
20514.0,2.07,4.44
20514.0,2.07,4.44
20515.0,2.07,4.44
20515.0,2.07,4.44
20516.0,2.07,4.44
20516.0,2.26,4.44
20517.0,2.26,4.44
20518.0,2.26,4.44
20518.0,2.26,4.44
20519.0,2.26,4.44
20519.0,2.26,4.44
20520.0,2.61,4.44
20521.0,2.61,4.44
20521.0,2.61,4.44
20522.0,2.61,4.44
20522.0,2.61,4.44
20523.0,2.59,4.44
20524.0,2.59,4.44
20524.0,2.59,4.44
20525.0,2.59,4.44
20525.0,2.59,4.44
20526.0,2.08,4.44
20526.0,2.08,4.44
20527.0,2.08,4.44
20528.0,2.08,4.44
20528.0,2.08,4.44
20529.0,2.08,4.44
20529.0,2.06,4.44
20530.0,2.06,4.44
20531.0,2.06,4.44
20531.0,2.06,4.44
20532.0,2.06,4.44
20532.0,2.29,4.44
20533.0,2.28,4.44
20534.0,2.29,4.44
20534.0,2.28,4.44
20535.0,2.29,4.44
20535.0,2.34,4.44
20536.0,2.34,4.44
20536.0,2.34,4.44
20537.0,2.34,4.44
20538.0,2.34,4.44
20538.0,2.34,4.44
20539.0,2.28,4.44
20539.0,2.29,4.44
20540.0,2.28,4.44
20541.0,2.29,4.44
20541.0,2.28,4.44
20542.0,2.48,4.44
20542.0,2.48,4.44
20543.0,2.48,4.44
20543.0,2.48,4.44
20544.0,2.48,4.44
20545.0,2.68,4.44
20545.0,2.68,4.44
20546.0,2.68,4.44
20546.0,2.68,4.44
20547.0,2.68,4.44
20548.0,2.35,4.44
20548.0,2.35,4.44
20549.0,2.35,4.44
20549.0,2.35,4.44
20550.0,2.35,4.44
20551.0,2.35,4.44
20551.0,2.17,4.44
20552.0,2.17,4.44
20552.0,2.17,4.44
20553.0,2.17,4.44
20553.0,2.17,4.44
20554.0,2.35,4.44
20555.0,2.35,4.44
20555.0,2.35,4.44
20556.0,2.35,4.44
20556.0,2.35,4.44
20557.0,2.39,4.44
20558.0,2.39,4.44
20558.0,2.39,4.44
20559.0,2.39,4.44
20559.0,2.39,4.44
20560.0,2.39,4.44
20560.0,2.42,4.44
20561.0,2.42,4.44
20562.0,2.42,4.44
20562.0,2.42,4.44
20563.0,2.42,4.44
20563.0,2.17,4.44
20564.0,2.17,4.44
20565.0,2.17,4.44
20565.0,2.17,4.44
20566.0,2.17,4.44
20566.0,2.02,4.44
20567.0,2.02,4.44
20568.0,2.02,4.44
20568.0,2.02,4.44
20569.0,2.02,4.44
20569.0,2.02,4.44
20570.0,1.86,4.44
20570.0,1.85,4.44
20571.0,1.86,4.44
20572.0,1.85,4.44
20572.0,1.86,4.44
20573.0,1.84,4.44
20573.0,1.84,4.44
20574.0,1.84,4.44
20575.0,1.84,4.44
20575.0,1.84,4.44
20576.0,2.13,4.44
20576.0,2.13,4.44
20577.0,2.13,4.44
20577.0,2.13,4.44
20578.0,2.13,4.44
20579.0,2.13,4.44
20579.0,2.62,4.44
20580.0,2.62,4.44
20580.0,2.62,4.44
20581.0,2.62,4.44
20582.0,2.62,4.44
20582.0,2.63,4.44
20583.0,2.63,4.44
20583.0,2.63,4.44
20584.0,2.63,4.44
20585.0,2.63,4.44
20585.0,2.38,4.44
20586.0,2.38,4.44
20586.0,2.38,4.44
20587.0,2.38,4.44
20587.0,2.38,4.44
20588.0,2.38,4.44
20589.0,2.51,4.44
20589.0,2.51,4.44
20590.0,2.51,4.44
20590.0,2.51,4.44
20591.0,2.51,4.44
20592.0,2.47,4.44
20592.0,2.47,4.44
20593.0,2.47,4.44
20593.0,2.47,4.44
20594.0,2.47,4.44
20595.0,2.27,4.44
20595.0,2.27,4.44
20596.0,2.27,4.44
20596.0,2.27,4.44
20597.0,2.27,4.44
20598.0,2.28,4.44
20598.0,2.28,4.44
20599.0,2.28,4.44
20599.0,2.28,4.44
20600.0,2.28,4.44
20600.0,2.28,4.44
20601.0,2.51,4.44
20602.0,2.51,4.44
20602.0,2.51,4.44
20603.0,2.51,4.44
20603.0,2.51,4.44
20604.0,2.5,4.44
20605.0,2.5,4.44
20605.0,2.5,4.44
20606.0,2.5,4.44
20606.0,2.5,4.44
20607.0,2.16,4.44
20608.0,2.16,4.44
20608.0,2.16,4.44
20609.0,2.16,4.44
20609.0,2.16,4.44
20610.0,2.16,4.44
20610.0,1.99,4.44
20611.0,2.0,4.44
20612.0,1.99,4.44
20612.0,2.0,4.44
20613.0,1.99,4.44
20613.0,2.18,4.44
20614.0,2.18,4.44
20615.0,2.18,4.44
20615.0,2.18,4.44
20616.0,2.18,4.44
20616.0,2.49,4.44
20617.0,2.49,4.44
20617.0,2.49,4.44
20618.0,2.49,4.44
20619.0,2.49,4.44
20619.0,2.49,4.44
20620.0,2.62,4.44
20620.0,2.62,4.44
20621.0,2.62,4.44
20622.0,2.62,4.44
20622.0,2.62,4.44
20623.0,2.59,4.44
20623.0,2.58,4.44
20624.0,2.59,4.44
20625.0,2.58,4.44
20625.0,2.59,4.44
20626.0,2.38,4.44
20626.0,2.38,4.44
20627.0,2.38,4.44
20627.0,2.38,4.44
20628.0,2.38,4.44
20629.0,2.38,4.44
20629.0,2.25,4.44
20630.0,2.26,4.44
20630.0,2.25,4.44
20631.0,2.26,4.44
20632.0,2.25,4.44
20632.0,2.04,4.44
20633.0,2.03,4.44
20633.0,2.04,4.44
20634.0,2.03,4.44
20634.0,2.04,4.44
20635.0,2.25,4.44
20636.0,2.25,4.44
20636.0,2.25,4.44
20637.0,2.25,4.44
20637.0,2.25,4.44
20638.0,2.25,4.44
20639.0,2.43,4.44
20639.0,2.43,4.44
20640.0,2.43,4.44
20640.0,2.43,4.44
20641.0,2.43,4.44
20642.0,2.44,4.44
20642.0,2.44,4.44
20643.0,2.44,4.44
20643.0,2.44,4.44
20644.0,2.44,4.44
20644.0,2.37,4.44
20645.0,2.37,4.44
20646.0,2.37,4.44
20646.0,2.37,4.44
20647.0,2.37,4.44
20647.0,2.37,4.44
20648.0,2.31,4.44
20649.0,2.31,4.44
20649.0,2.31,4.44
20650.0,2.31,4.44
20650.0,2.31,4.44
20651.0,2.25,4.44
20651.0,2.25,4.44
20652.0,2.25,4.44
20653.0,2.25,4.44
20653.0,2.25,4.44
20654.0,2.1,4.44
20654.0,2.1,4.44
20655.0,2.1,4.44
20656.0,2.1,4.44
20656.0,2.1,4.44
20657.0,2.1,4.44
20657.0,2.24,4.44
20658.0,2.24,4.44
20659.0,2.24,4.44
20659.0,2.24,4.44
20660.0,2.24,4.44
20660.0,2.26,4.44
20661.0,2.26,4.44
20661.0,2.26,4.44
20662.0,2.26,4.44
20663.0,2.26,4.44
20663.0,2.3,4.44
20664.0,2.3,4.44
20664.0,2.3,4.44
20665.0,2.3,4.44
20666.0,2.3,4.44
20666.0,2.21,4.44
20667.0,2.21,4.44
20667.0,2.21,4.44
20668.0,2.21,4.44
20668.0,2.21,4.44
20669.0,2.21,4.44
20670.0,2.11,4.44
20670.0,2.1,4.44
20671.0,2.11,4.44
20671.0,2.1,4.44
20672.0,2.11,4.44
20673.0,2.2,4.44
20673.0,2.2,4.44
20674.0,2.2,4.44
20674.0,2.2,4.44
20675.0,2.2,4.44
20676.0,2.3,4.44
20676.0,2.29,4.44
20677.0,2.3,4.44
20677.0,2.29,4.44
20678.0,2.3,4.44
20678.0,2.29,4.44
20679.0,2.27,4.44
20680.0,2.27,4.44
20680.0,2.27,4.44
20681.0,2.27,4.44
20681.0,2.27,4.44
20682.0,2.5,4.44
20683.0,2.5,4.44
20683.0,2.5,4.44
20684.0,2.5,4.44
20684.0,2.5,4.44
20685.0,2.42,4.44
20685.0,2.42,4.44
20686.0,2.42,4.44
20687.0,2.42,4.44
20687.0,2.42,4.44
20688.0,2.42,4.44
20688.0,2.42,4.44
20689.0,2.42,4.44
20690.0,2.42,4.44
20690.0,2.42,4.44
20691.0,2.42,4.44
20691.0,2.23,4.44
20692.0,2.23,4.44
20693.0,2.23,4.44
20693.0,2.23,4.44
20694.0,2.23,4.44
20694.0,2.26,4.44
20695.0,2.26,4.44
20696.0,2.26,4.44
20696.0,2.26,4.44
20697.0,2.26,4.44
20697.0,2.26,4.44
20698.0,2.46,4.44
20698.0,2.46,4.44
20699.0,2.46,4.44
20700.0,2.46,4.44
20700.0,2.46,4.44
20701.0,2.64,4.44
20701.0,2.64,4.44
20702.0,2.64,4.44
20703.0,2.64,4.44
20703.0,2.64,4.44
20704.0,2.61,4.44
20704.0,2.6,4.44
20705.0,2.61,4.44
20706.0,2.6,4.44
20706.0,2.61,4.44
20707.0,2.31,4.44
20707.0,2.32,4.44
20708.0,2.31,4.44
20708.0,2.32,4.44
20709.0,2.31,4.44
20710.0,2.32,4.44
20710.0,1.83,4.44
20711.0,1.84,4.44
20711.0,1.83,4.44
20712.0,1.84,4.44
20713.0,1.83,4.44
20713.0,1.93,4.44
20714.0,1.93,4.44
20714.0,1.93,4.44
20715.0,1.93,4.44
20716.0,1.93,4.44
20716.0,2.22,4.44
20717.0,2.22,4.44
20717.0,2.22,4.44
20718.0,2.22,4.44
20718.0,2.22,4.44
20719.0,2.22,4.44
20720.0,2.3,4.44
20720.0,2.31,4.44
20721.0,2.3,4.44
20721.0,2.31,4.44
20722.0,2.3,4.44
20723.0,2.54,4.44
20723.0,2.54,4.44
20724.0,2.54,4.44
20724.0,2.54,4.44
20725.0,2.54,4.44
20725.0,2.4,4.44
20726.0,2.4,4.44
20727.0,2.4,4.44
20727.0,2.4,4.44
20728.0,2.4,4.44
20728.0,2.4,4.44
20729.0,2.29,4.44
20730.0,2.29,4.44
20730.0,2.29,4.44
20731.0,2.29,4.44
20731.0,2.29,4.44
20732.0,2.26,4.44
20733.0,2.25,4.44
20733.0,2.26,4.44
20734.0,2.25,4.44
20734.0,2.26,4.44
20735.0,1.97,4.44
20735.0,1.98,4.44
20736.0,1.97,4.44
20737.0,1.98,4.44
20737.0,1.97,4.44
20738.0,1.98,4.44
20738.0,2.39,4.44
20739.0,2.39,4.44
20740.0,2.39,4.44
20740.0,2.39,4.44
20741.0,2.39,4.44
20741.0,2.49,4.44
20742.0,2.49,4.44
20742.0,2.49,4.44
20743.0,2.49,4.44
20744.0,2.49,4.44
20744.0,2.22,4.44
20745.0,2.22,4.44
20745.0,2.22,4.44
20746.0,2.22,4.44
20747.0,2.22,4.44
20747.0,2.22,4.44
20748.0,2.18,4.44
20748.0,2.18,4.44
20749.0,2.18,4.44
20750.0,2.18,4.44
20750.0,2.18,4.44
20751.0,2.09,4.44
20751.0,2.09,4.44
20752.0,2.09,4.44
20752.0,2.09,4.44
20753.0,2.09,4.44
20754.0,2.19,4.44
20754.0,2.19,4.44
20755.0,2.19,4.44
20755.0,2.19,4.44
20756.0,2.19,4.44
20757.0,2.19,4.44
20757.0,2.51,4.44
20758.0,2.52,4.44
20758.0,2.51,4.44
20759.0,2.52,4.44
20759.0,2.51,4.44
20760.0,2.51,4.44
20761.0,2.51,4.44
20761.0,2.51,4.44
20762.0,2.51,4.44
20762.0,2.51,4.44
20763.0,2.35,4.44
20764.0,2.35,4.44
20764.0,2.35,4.44
20765.0,2.35,4.44
20765.0,2.35,4.44
20766.0,2.35,4.44
20767.0,2.42,4.44
20767.0,2.42,4.44
20768.0,2.42,4.44
20768.0,2.42,4.44
20769.0,2.42,4.44
20769.0,2.15,4.44
20770.0,2.15,4.44
20771.0,2.15,4.44
20771.0,2.15,4.44
20772.0,2.15,4.44
20772.0,2.11,4.44
20773.0,2.11,4.44
20774.0,2.11,4.44
20774.0,2.11,4.44
20775.0,2.11,4.44
20775.0,2.3,4.44
20776.0,2.3,4.44
20777.0,2.3,4.44
20777.0,2.3,4.44
20778.0,2.3,4.44
20778.0,2.3,4.44
20779.0,2.31,4.44
20779.0,2.31,4.44
20780.0,2.31,4.44
20781.0,2.31,4.44
20781.0,2.31,4.44
20782.0,2.58,4.44
20782.0,2.58,4.44
20783.0,2.58,4.44
20784.0,2.58,4.44
20784.0,2.58,4.44
20785.0,2.43,4.44
20785.0,2.43,4.44
20786.0,2.43,4.44
20786.0,2.43,4.44
20787.0,2.43,4.44
20788.0,2.43,4.44
20788.0,2.2,4.44
20789.0,2.2,4.44
20789.0,2.2,4.44
20790.0,2.2,4.44
20791.0,2.2,4.44
20791.0,2.35,4.44
20792.0,2.35,4.44
20792.0,2.35,4.44
20793.0,2.35,4.44
20794.0,2.35,4.44
20794.0,2.45,4.44
20795.0,2.45,4.44
20795.0,2.45,4.44
20796.0,2.45,4.44
20797.0,2.45,4.44
20797.0,2.45,4.44
20798.0,2.43,4.44
20798.0,2.43,4.44
20799.0,2.43,4.44
20799.0,2.43,4.44
20800.0,2.43,4.44
20801.0,2.56,4.44
20801.0,2.56,4.44
20802.0,2.56,4.44
20802.0,2.56,4.44
20803.0,2.56,4.44
20804.0,2.69,4.44
20804.0,2.69,4.44
20805.0,2.69,4.44
20805.0,2.69,4.44
20806.0,2.69,4.44
20807.0,2.69,4.44
20807.0,2.36,4.44
20808.0,2.36,4.44
20808.0,2.36,4.44
20809.0,2.36,4.44
20809.0,2.36,4.44
20810.0,2.09,4.44
20811.0,2.09,4.44
20811.0,2.09,4.44
20812.0,2.09,4.44
20812.0,2.09,4.44
20813.0,2.01,4.44
20814.0,2.01,4.44
20814.0,2.01,4.44
20815.0,2.01,4.44
20815.0,2.01,4.44
20816.0,2.39,4.44
20816.0,2.39,4.44
20817.0,2.39,4.44
20818.0,2.39,4.44
20818.0,2.39,4.44
20819.0,2.39,4.44
20819.0,2.55,4.44
20820.0,2.55,4.44
20821.0,2.55,4.44
20821.0,2.55,4.44
20822.0,2.55,4.44
20822.0,2.48,4.44
20823.0,2.48,4.44
20824.0,2.48,4.44
20824.0,2.48,4.44
20825.0,2.48,4.44
20825.0,2.5,4.44
20826.0,2.5,4.44
20826.0,2.5,4.44
20827.0,2.5,4.44
20828.0,2.5,4.44
20828.0,2.5,4.44
20829.0,2.57,4.44
20829.0,2.57,4.44
20830.0,2.57,4.44
20831.0,2.57,4.44
20831.0,2.57,4.44
20832.0,2.48,4.44
20832.0,2.48,4.44
20833.0,2.48,4.44
20833.0,2.48,4.44
20834.0,2.48,4.44
20835.0,2.42,4.44
20835.0,2.42,4.44
20836.0,2.42,4.44
20836.0,2.42,4.44
20837.0,2.42,4.44
20838.0,2.42,4.44
20838.0,2.26,4.44
20839.0,2.26,4.44
20839.0,2.26,4.44
20840.0,2.26,4.44
20841.0,2.26,4.44
20841.0,2.42,4.44
20842.0,2.42,4.44
20842.0,2.42,4.44
20843.0,2.42,4.44
20843.0,2.42,4.44
20844.0,2.48,4.44
20845.0,2.48,4.44
20845.0,2.48,4.44
20846.0,2.48,4.44
20846.0,2.48,4.44
20847.0,2.48,4.44
20848.0,2.22,4.44
20848.0,2.22,4.44
20849.0,2.22,4.44
20849.0,2.22,4.44
20850.0,2.22,4.44
20850.0,2.08,4.44
20851.0,2.08,4.44
20852.0,2.08,4.44
20852.0,2.08,4.44
20853.0,2.08,4.44
20853.0,1.89,4.44
20854.0,1.89,4.44
20855.0,1.89,4.44
20855.0,1.89,4.44
20856.0,1.89,4.44
20856.0,1.89,4.44
20857.0,2.16,4.44
20858.0,2.16,4.44
20858.0,2.16,4.44
20859.0,2.16,4.44
20859.0,2.16,4.44
20860.0,2.37,4.44
20860.0,2.37,4.44
20861.0,2.37,4.44
20862.0,2.37,4.44
20862.0,2.37,4.44
20863.0,2.18,4.44
20863.0,2.18,4.44
20864.0,2.18,4.44
20865.0,2.18,4.44
20865.0,2.18,4.44
20866.0,2.18,4.44
20866.0,2.18,4.44
20867.0,2.18,4.44
20867.0,2.18,4.44
20868.0,2.18,4.44
20869.0,2.18,4.44
20869.0,2.29,4.44
20870.0,2.28,4.44
20870.0,2.29,4.44
20871.0,2.28,4.44
20872.0,2.29,4.44
20872.0,2.19,4.44
20873.0,2.19,4.44
20873.0,2.19,4.44
20874.0,2.19,4.44
20875.0,2.19,4.44
20875.0,2.19,4.44
20876.0,2.31,4.44
20876.0,2.31,4.44
20877.0,2.31,4.44
20877.0,2.31,4.44
20878.0,2.31,4.44
20879.0,2.53,4.44
20879.0,2.53,4.44
20880.0,2.53,4.44
20880.0,2.53,4.44
20881.0,2.53,4.44
20882.0,2.54,4.44
20882.0,2.54,4.44
20883.0,2.54,4.44
20883.0,2.54,4.44
20884.0,2.54,4.44
20885.0,2.54,4.44
20885.0,2.45,4.44
20886.0,2.45,4.44
20886.0,2.45,4.44
20887.0,2.45,4.44
20887.0,2.45,4.44
20888.0,2.48,4.44
20889.0,2.48,4.44
20889.0,2.48,4.44
20890.0,2.48,4.44
20890.0,2.48,4.44
20891.0,2.19,4.44
20892.0,2.19,4.44
20892.0,2.19,4.44
20893.0,2.19,4.44
20893.0,2.19,4.44
20894.0,2.05,4.44
20895.0,2.05,4.44
20895.0,2.05,4.44
20896.0,2.05,4.44
20896.0,2.05,4.44
20897.0,2.05,4.44
20898.0,2.46,4.44
20898.0,2.46,4.44
20899.0,2.46,4.44
20899.0,2.46,4.44
20900.0,2.46,4.44
20900.0,2.45,4.44
20901.0,2.45,4.44
20902.0,2.45,4.44
20902.0,2.45,4.44
20903.0,2.45,4.44
20903.0,2.2,4.44
20904.0,2.2,4.44
20905.0,2.2,4.44
20905.0,2.2,4.44
20906.0,2.2,4.44
20906.0,2.2,4.44
20907.0,2.19,4.44
20907.0,2.19,4.44
20908.0,2.19,4.44
20909.0,2.19,4.44
20909.0,2.19,4.44
20910.0,2.14,4.44
20910.0,2.14,4.44
20911.0,2.14,4.44
20912.0,2.14,4.44
20912.0,2.14,4.44
20913.0,2.07,4.44
20913.0,2.06,4.44
20914.0,2.07,4.44
20915.0,2.06,4.44
20915.0,2.07,4.44
20916.0,2.06,4.44
20916.0,2.15,4.44
20917.0,2.15,4.44
20917.0,2.15,4.44
20918.0,2.15,4.44
20919.0,2.15,4.44
20919.0,2.37,4.44
20920.0,2.37,4.44
20920.0,2.37,4.44
20921.0,2.37,4.44
20922.0,2.37,4.44
20922.0,2.54,4.44
20923.0,2.53,4.44
20923.0,2.54,4.44
20924.0,2.53,4.44
20924.0,2.54,4.44
20925.0,2.58,4.44
20926.0,2.58,4.44
20926.0,2.58,4.44
20927.0,2.58,4.44
20927.0,2.58,4.44
20928.0,2.58,4.44
20929.0,2.24,4.44
20929.0,2.24,4.44
20930.0,2.24,4.44
20930.0,2.24,4.44
20931.0,2.24,4.44
20932.0,2.05,4.44
20932.0,2.05,4.44
20933.0,2.05,4.44
20933.0,2.05,4.44
20934.0,2.05,4.44
20934.0,2.16,4.44
20935.0,2.16,4.44
20936.0,2.16,4.44
20936.0,2.16,4.44
20937.0,2.16,4.44
20937.0,2.16,4.44
20938.0,2.54,4.44
20939.0,2.54,4.44
20939.0,2.54,4.44
20940.0,2.54,4.44
20940.0,2.54,4.44
20941.0,2.39,4.44
20941.0,2.39,4.44
20942.0,2.39,4.44
20943.0,2.39,4.44
20943.0,2.39,4.44
20944.0,2.31,4.44
20944.0,2.32,4.44
20945.0,2.31,4.44
20946.0,2.32,4.44
20946.0,2.31,4.44
20947.0,2.32,4.44
20947.0,2.12,4.44
20948.0,2.12,4.44
20949.0,2.12,4.44
20949.0,2.12,4.44
20950.0,2.12,4.44
20950.0,2.2,4.44
20951.0,2.2,4.44
20951.0,2.2,4.44
20952.0,2.2,4.44
20953.0,2.2,4.44
20953.0,2.06,4.44
20954.0,2.07,4.44
20954.0,2.06,4.44
20955.0,2.07,4.44
20956.0,2.06,4.44
20956.0,2.07,4.44
20957.0,2.12,4.44
20957.0,2.12,4.44
20958.0,2.12,4.44
20958.0,2.12,4.44
20959.0,2.12,4.44
20960.0,2.61,4.44
20960.0,2.61,4.44
20961.0,2.61,4.44
20961.0,2.61,4.44
20962.0,2.61,4.44
20963.0,2.72,4.44
20963.0,2.72,4.44
20964.0,2.72,4.44
20964.0,2.72,4.44
20965.0,2.72,4.44
20966.0,2.72,4.44
20966.0,2.25,4.44
20967.0,2.25,4.44
20967.0,2.25,4.44
20968.0,2.25,4.44
20968.0,2.25,4.44
20969.0,1.89,4.44
20970.0,1.89,4.44
20970.0,1.89,4.44
20971.0,1.89,4.44
20971.0,1.89,4.44
20972.0,1.96,4.44
20973.0,1.96,4.44
20973.0,1.96,4.44
20974.0,1.96,4.44
20974.0,1.96,4.44
20975.0,1.96,4.44
20975.0,2.13,4.44
20976.0,2.13,4.44
20977.0,2.13,4.44
20977.0,2.13,4.44
20978.0,2.13,4.44
20978.0,2.36,4.44
20979.0,2.36,4.44
20980.0,2.36,4.44
20980.0,2.36,4.44
20981.0,2.36,4.44
20981.0,2.51,4.44
20982.0,2.51,4.44
20983.0,2.51,4.44
20983.0,2.51,4.44
20984.0,2.51,4.44
20984.0,2.51,4.44
20985.0,2.46,4.44
20985.0,2.46,4.44
20986.0,2.46,4.44
20987.0,2.46,4.44
20987.0,2.46,4.44
20988.0,2.33,4.44
20988.0,2.33,4.44
20989.0,2.33,4.44
20990.0,2.33,4.44
20990.0,2.33,4.44
20991.0,2.07,4.44
20991.0,2.08,4.44
20992.0,2.07,4.44
20993.0,2.08,4.44
20993.0,2.07,4.44
20994.0,2.05,4.44
20994.0,2.05,4.44
20995.0,2.05,4.44
20996.0,2.05,4.44
20996.0,2.05,4.44
20997.0,2.05,4.44
20997.0,2.29,4.44
20998.0,2.29,4.44
20998.0,2.29,4.44
20999.0,2.29,4.44
21000.0,2.29,4.44
21000.0,2.56,4.44
21001.0,2.57,4.44
21001.0,2.56,4.44
21002.0,2.57,4.44
21003.0,2.56,4.44
21003.0,2.47,4.44
21004.0,2.47,4.44
21004.0,2.47,4.44
21005.0,2.47,4.44
21006.0,2.47,4.44
21006.0,2.47,4.44
21007.0,2.03,4.44
21007.0,2.02,4.44
21008.0,2.03,4.44
21008.0,2.02,4.44
21009.0,2.03,4.44
21010.0,1.88,4.44
21010.0,1.88,4.44
21011.0,1.88,4.44
21011.0,1.88,4.44
21012.0,1.88,4.44
21013.0,1.99,4.44
21013.0,1.99,4.44
21014.0,1.99,4.44
21014.0,1.99,4.44
21015.0,1.99,4.44
21015.0,1.99,4.44
21016.0,2.24,4.44
21017.0,2.24,4.44
21017.0,2.24,4.44
21018.0,2.24,4.44
21018.0,2.24,4.44
21019.0,2.49,4.44
21020.0,2.49,4.44
21020.0,2.49,4.44
21021.0,2.49,4.44
21021.0,2.49,4.44
21022.0,2.64,4.44
21023.0,2.64,4.44
21023.0,2.64,4.44
21024.0,2.64,4.44
21024.0,2.64,4.44
21025.0,2.64,4.44
21025.0,2.35,4.44
21026.0,2.35,4.44
21027.0,2.35,4.44
21027.0,2.35,4.44
21028.0,2.35,4.44
21028.0,2.2,4.44
21029.0,2.2,4.44
21030.0,2.2,4.44
21030.0,2.2,4.44
21031.0,2.2,4.44
21031.0,2.17,4.44
21032.0,2.17,4.44
21032.0,2.17,4.44
21033.0,2.17,4.44
21034.0,2.17,4.44
21034.0,2.17,4.44
21035.0,2.26,4.44
21035.0,2.25,4.44
21036.0,2.26,4.44
21037.0,2.25,4.44
21037.0,2.26,4.44
21038.0,2.36,4.44
21038.0,2.36,4.44
21039.0,2.36,4.44
21040.0,2.36,4.44
21040.0,2.36,4.44
21041.0,2.35,4.44
21041.0,2.35,4.44
21042.0,2.35,4.44
21042.0,2.35,4.44
21043.0,2.35,4.44
21044.0,2.53,4.44
21044.0,2.53,4.44
21045.0,2.53,4.44
21045.0,2.53,4.44
21046.0,2.53,4.44
21047.0,2.53,4.44
21047.0,2.05,4.44
21048.0,2.05,4.44
21048.0,2.05,4.44
21049.0,2.05,4.44
21049.0,2.05,4.44
21050.0,1.88,4.44
21051.0,1.88,4.44
21051.0,1.88,4.44
21052.0,1.88,4.44
21052.0,1.88,4.44
21053.0,2.08,4.44
21054.0,2.08,4.44
21054.0,2.08,4.44
21055.0,2.08,4.44
21055.0,2.08,4.44
21056.0,2.08,4.44
21057.0,2.27,4.44
21057.0,2.28,4.44
21058.0,2.27,4.44
21058.0,2.28,4.44
21059.0,2.27,4.44
21059.0,2.29,4.44
21060.0,2.28,4.44
21061.0,2.29,4.44
21061.0,2.28,4.44
21062.0,2.29,4.44
21062.0,2.47,4.44
21063.0,2.47,4.44
21064.0,2.47,4.44
21064.0,2.47,4.44
21065.0,2.47,4.44
21065.0,2.47,4.44
21066.0,2.35,4.44
21067.0,2.35,4.44
21067.0,2.35,4.44
21068.0,2.35,4.44
21068.0,2.35,4.44
21069.0,2.34,4.44
21069.0,2.34,4.44
21070.0,2.34,4.44
21071.0,2.34,4.44
21071.0,2.34,4.44
21072.0,1.93,4.44
21072.0,1.93,4.44
21073.0,1.93,4.44
21074.0,1.93,4.44
21074.0,1.93,4.44
21075.0,1.93,4.44
21075.0,1.89,4.44
21076.0,1.89,4.44
21076.0,1.89,4.44
21077.0,1.89,4.44
21078.0,1.89,4.44
21078.0,2.49,4.44
21079.0,2.49,4.44
21079.0,2.49,4.44
21080.0,2.49,4.44
21081.0,2.49,4.44
21081.0,2.51,4.44
21082.0,2.51,4.44
21082.0,2.51,4.44
21083.0,2.51,4.44
21083.0,2.51,4.44
21084.0,2.51,4.44
21085.0,2.32,4.44
21085.0,2.32,4.44
21086.0,2.32,4.44
21086.0,2.32,4.44
21087.0,2.32,4.44
21088.0,2.2,4.44
21088.0,2.2,4.44
21089.0,2.2,4.44
21089.0,2.2,4.44
21090.0,2.2,4.44
21091.0,2.27,4.44
21091.0,2.28,4.44
21092.0,2.27,4.44
21092.0,2.28,4.44
21093.0,2.27,4.44
21093.0,2.28,4.44
21094.0,2.38,4.44
21095.0,2.38,4.44
21095.0,2.38,4.44
21096.0,2.38,4.44
21097.0,2.38,4.44
21097.0,2.45,4.44
21098.0,2.45,4.44
21098.0,2.45,4.44
21099.0,2.45,4.44
21099.0,2.45,4.44
21100.0,2.33,4.44
21101.0,2.33,4.44
21101.0,2.33,4.44
21102.0,2.33,4.44
21102.0,2.33,4.44
21103.0,2.46,4.44
21104.0,2.46,4.44
21104.0,2.46,4.44
21105.0,2.46,4.44
21105.0,2.46,4.44
21106.0,2.46,4.44
21106.0,2.43,4.44
21107.0,2.43,4.44
21108.0,2.43,4.44
21108.0,2.43,4.44
21109.0,2.43,4.44
21109.0,2.09,4.44
21110.0,2.09,4.44
21111.0,2.09,4.44
21111.0,2.09,4.44
21112.0,2.09,4.44
21112.0,2.1,4.44
21113.0,2.09,4.44
21114.0,2.1,4.44
21114.0,2.09,4.44
21115.0,2.1,4.44
21115.0,2.09,4.44
21116.0,2.48,4.44
21116.0,2.48,4.44
21117.0,2.48,4.44
21118.0,2.48,4.44
21118.0,2.48,4.44
21119.0,2.89,4.44
21119.0,2.89,4.44
21120.0,2.89,4.44
21121.0,2.89,4.44
21121.0,2.89,4.44
21122.0,2.61,4.44
21122.0,2.61,4.44
21123.0,2.61,4.44
21123.0,2.61,4.44
21124.0,2.61,4.44
21125.0,2.61,4.44
21125.0,2.41,4.44
21126.0,2.41,4.44
21126.0,2.41,4.44
21127.0,2.41,4.44
21128.0,2.41,4.44
21128.0,2.37,4.44
21129.0,2.37,4.44
21129.0,2.37,4.44
21130.0,2.37,4.44
21131.0,2.37,4.44
21131.0,2.14,4.44
21132.0,2.14,4.44
21132.0,2.14,4.44
21133.0,2.14,4.44
21133.0,2.14,4.44
21134.0,2.14,4.44
21135.0,2.18,4.44
21135.0,2.18,4.44
21136.0,2.18,4.44
21136.0,2.18,4.44
21137.0,2.18,4.44
21138.0,2.32,4.44
21138.0,2.32,4.44
21139.0,2.32,4.44
21139.0,2.32,4.44
21140.0,2.32,4.44
21140.0,2.41,4.44
21141.0,2.41,4.44
21142.0,2.41,4.44
21142.0,2.41,4.44
21143.0,2.41,4.44
21143.0,2.41,4.44
21144.0,2.19,4.44
21145.0,2.19,4.44
21145.0,2.19,4.44
21146.0,2.19,4.44
21146.0,2.19,4.44
21147.0,2.12,4.44
21148.0,2.12,4.44
21148.0,2.12,4.44
21149.0,2.12,4.44
21149.0,2.12,4.44
21150.0,1.99,4.44
21150.0,1.98,4.44
21151.0,1.99,4.44
21152.0,1.98,4.44
21152.0,1.99,4.44
21153.0,1.98,4.44
21153.0,1.98,4.44
21154.0,1.98,4.44
21155.0,1.98,4.44
21155.0,1.98,4.44
21156.0,1.98,4.44
21156.0,2.22,4.44
21157.0,2.22,4.44
21157.0,2.22,4.44
21158.0,2.22,4.44
21159.0,2.22,4.44
21159.0,2.39,4.44
21160.0,2.39,4.44
21160.0,2.39,4.44
21161.0,2.39,4.44
21162.0,2.39,4.44
21162.0,2.68,4.44
21163.0,2.68,4.44
21163.0,2.68,4.44
21164.0,2.68,4.44
21165.0,2.68,4.44
21165.0,2.68,4.44
21166.0,2.64,4.44
21166.0,2.64,4.44
21167.0,2.64,4.44
21167.0,2.64,4.44
21168.0,2.64,4.44
21169.0,2.3,4.44
21169.0,2.3,4.44
21170.0,2.3,4.44
21170.0,2.3,4.44
21171.0,2.3,4.44
21172.0,2.23,4.44
21172.0,2.23,4.44
21173.0,2.23,4.44
21173.0,2.23,4.44
21174.0,2.23,4.44
21175.0,2.23,4.44
21175.0,2.41,4.44
21176.0,2.41,4.44
21176.0,2.41,4.44
21177.0,2.41,4.44
21177.0,2.41,4.44
21178.0,2.38,4.44
21179.0,2.38,4.44
21179.0,2.38,4.44
21180.0,2.38,4.44
21180.0,2.38,4.44
21181.0,2.46,4.44
21182.0,2.46,4.44
21182.0,2.46,4.44
21183.0,2.46,4.44
21183.0,2.46,4.44
21184.0,2.46,4.44
21184.0,2.55,4.44
21185.0,2.56,4.44
21186.0,2.55,4.44
21186.0,2.56,4.44
21187.0,2.55,4.44
21187.0,2.52,4.44
21188.0,2.52,4.44
21189.0,2.52,4.44
21189.0,2.52,4.44
21190.0,2.52,4.44
21190.0,2.12,4.44
21191.0,2.12,4.44
21192.0,2.12,4.44
21192.0,2.12,4.44
21193.0,2.12,4.44
21193.0,2.12,4.44
21194.0,2.11,4.44
21194.0,2.12,4.44
21195.0,2.11,4.44
21196.0,2.12,4.44
21196.0,2.11,4.44
21197.0,2.55,4.44
21197.0,2.54,4.44
21198.0,2.55,4.44
21199.0,2.54,4.44
21199.0,2.55,4.44
21200.0,2.59,4.44
21200.0,2.59,4.44
21201.0,2.59,4.44
21202.0,2.59,4.44
21202.0,2.59,4.44
21203.0,2.43,4.44
21203.0,2.43,4.44
21204.0,2.43,4.44
21205.0,2.43,4.44
21205.0,2.43,4.44
21206.0,2.43,4.44
21206.0,2.4,4.44
21207.0,2.4,4.44
21207.0,2.4,4.44
21208.0,2.4,4.44
21209.0,2.4,4.44
21209.0,2.14,4.44
21210.0,2.14,4.44
21210.0,2.14,4.44
21211.0,2.14,4.44
21212.0,2.14,4.44
21212.0,2.14,4.44
21213.0,2.14,4.44
21213.0,2.14,4.44
21214.0,2.14,4.44
21214.0,2.14,4.44
21215.0,2.14,4.44
21216.0,2.35,4.44
21216.0,2.35,4.44
21217.0,2.35,4.44
21217.0,2.35,4.44
21218.0,2.35,4.44
21219.0,2.43,4.44
21219.0,2.43,4.44
21220.0,2.43,4.44
21220.0,2.43,4.44
21221.0,2.43,4.44
21222.0,2.74,4.44
21222.0,2.74,4.44
21223.0,2.74,4.44
21223.0,2.74,4.44
21224.0,2.74,4.44
21224.0,2.74,4.44
21225.0,2.65,4.44
21226.0,2.65,4.44
21226.0,2.65,4.44
21227.0,2.65,4.44
21227.0,2.65,4.44
21228.0,2.34,4.44
21229.0,2.35,4.44
21229.0,2.34,4.44
21230.0,2.35,4.44
21230.0,2.34,4.44
21231.0,2.1,4.44
21231.0,2.1,4.44
21232.0,2.1,4.44
21233.0,2.1,4.44
21233.0,2.1,4.44
21234.0,2.1,4.44
21234.0,2.22,4.44
21235.0,2.22,4.44
21236.0,2.22,4.44
21236.0,2.22,4.44
21237.0,2.22,4.44
21237.0,2.4,4.44
21238.0,2.4,4.44
21239.0,2.4,4.44
21239.0,2.4,4.44
21240.0,2.4,4.44
21240.0,2.49,4.44
21241.0,2.49,4.44
21241.0,2.49,4.44
21242.0,2.49,4.44
21243.0,2.49,4.44
21243.0,2.49,4.44
21244.0,2.35,4.44
21244.0,2.35,4.44
21245.0,2.35,4.44
21246.0,2.35,4.44
21246.0,2.35,4.44
21247.0,1.92,4.44
21247.0,1.92,4.44
21248.0,1.92,4.44
21249.0,1.92,4.44
21249.0,1.92,4.44
21250.0,1.99,4.44
21250.0,1.99,4.44
21251.0,1.99,4.44
21251.0,1.99,4.44
21252.0,1.99,4.44
21253.0,1.99,4.44
21253.0,2.17,4.44
21254.0,2.17,4.44
21254.0,2.17,4.44
21255.0,2.17,4.44
21256.0,2.17,4.44
21256.0,2.3,4.44
21257.0,2.3,4.44
21257.0,2.3,4.44
21258.0,2.3,4.44
21258.0,2.3,4.44
21259.0,2.4,4.44
21260.0,2.4,4.44
21260.0,2.4,4.44
21261.0,2.4,4.44
21261.0,2.4,4.44
21262.0,2.4,4.44
21263.0,2.62,4.44
21263.0,2.62,4.44
21264.0,2.62,4.44
21264.0,2.62,4.44
21265.0,2.62,4.44
21265.0,2.48,4.44
21266.0,2.48,4.44
21267.0,2.48,4.44
21267.0,2.48,4.44
21268.0,2.48,4.44
21268.0,2.28,4.44
21269.0,2.28,4.44
21270.0,2.28,4.44
21270.0,2.28,4.44
21271.0,2.28,4.44
21271.0,2.32,4.44
21272.0,2.32,4.44
21273.0,2.32,4.44
21273.0,2.32,4.44
21274.0,2.32,4.44
21274.0,2.32,4.44
21275.0,2.3,4.44
21275.0,2.31,4.44
21276.0,2.3,4.44
21277.0,2.31,4.44
21277.0,2.3,4.44
21278.0,2.49,4.44
21278.0,2.49,4.44
21279.0,2.49,4.44
21280.0,2.49,4.44
21280.0,2.49,4.44
21281.0,2.45,4.44
21281.0,2.45,4.44
21282.0,2.45,4.44
21283.0,2.45,4.44
21283.0,2.45,4.44
21284.0,2.45,4.44
21284.0,2.31,4.44
21285.0,2.31,4.44
21285.0,2.31,4.44
21286.0,2.31,4.44
21287.0,2.31,4.44
21287.0,1.95,4.44
21288.0,1.95,4.44
21288.0,1.95,4.44
21289.0,1.95,4.44
21290.0,1.95,4.44
21290.0,2.06,4.44
21291.0,2.07,4.44
21291.0,2.06,4.44
21292.0,2.07,4.44
21292.0,2.06,4.44
21293.0,2.07,4.44
21294.0,2.16,4.44
21294.0,2.16,4.44
21295.0,2.16,4.44
21295.0,2.16,4.44
21296.0,2.16,4.44
21297.0,2.14,4.44
21297.0,2.14,4.44
21298.0,2.14,4.44
21298.0,2.14,4.44
21299.0,2.14,4.44
21300.0,2.33,4.44
21300.0,2.33,4.44
21301.0,2.33,4.44
21301.0,2.33,4.44
21302.0,2.33,4.44
21303.0,2.44,4.44
21303.0,2.44,4.44
21304.0,2.44,4.44
21304.0,2.44,4.44
21305.0,2.44,4.44
21305.0,2.44,4.44
21306.0,2.45,4.44
21307.0,2.45,4.44
21307.0,2.45,4.44
21308.0,2.45,4.44
21308.0,2.45,4.44
21309.0,2.22,4.44
21310.0,2.22,4.44
21310.0,2.22,4.44
21311.0,2.22,4.44
21311.0,2.22,4.44
21312.0,2.15,4.44
21313.0,2.15,4.44
21313.0,2.15,4.44
21314.0,2.15,4.44
21314.0,2.15,4.44
21315.0,2.15,4.44
21315.0,2.46,4.44
21316.0,2.46,4.44
21317.0,2.46,4.44
21317.0,2.46,4.44
21318.0,2.46,4.44
21318.0,2.58,4.44
21319.0,2.58,4.44
21320.0,2.58,4.44
21320.0,2.58,4.44
21321.0,2.58,4.44
21321.0,2.43,4.44
21322.0,2.43,4.44
21322.0,2.43,4.44
21323.0,2.43,4.44
21324.0,2.43,4.44
21324.0,2.43,4.44
21325.0,2.21,4.44
21325.0,2.21,4.44
21326.0,2.21,4.44
21327.0,2.21,4.44
21327.0,2.21,4.44
21328.0,2.27,4.44
21328.0,2.27,4.44
21329.0,2.27,4.44
21330.0,2.27,4.44
21330.0,2.27,4.44
21331.0,2.3,4.44
21331.0,2.3,4.44
21332.0,2.3,4.44
21332.0,2.3,4.44
21333.0,2.3,4.44
21334.0,2.3,4.44
21334.0,2.22,4.44
21335.0,2.22,4.44
21335.0,2.22,4.44
21336.0,2.22,4.44
21337.0,2.22,4.44
21337.0,2.3,4.44
21338.0,2.31,4.44
21338.0,2.3,4.44
21339.0,2.31,4.44
21339.0,2.3,4.44
21340.0,2.56,4.44
21341.0,2.55,4.44
21341.0,2.56,4.44
21342.0,2.55,4.44
21342.0,2.56,4.44
21343.0,2.55,4.44
21344.0,2.87,4.44
21344.0,2.87,4.44
21345.0,2.87,4.44
21345.0,2.87,4.44
21346.0,2.87,4.44
21347.0,2.42,4.44
21347.0,2.42,4.44
21348.0,2.42,4.44
21348.0,2.42,4.44
21349.0,2.42,4.44
21349.0,2.02,4.44
21350.0,2.02,4.44
21351.0,2.02,4.44
21351.0,2.02,4.44
21352.0,2.02,4.44
21352.0,2.02,4.44
21353.0,1.96,4.44
21354.0,1.96,4.44
21354.0,1.96,4.44
21355.0,1.96,4.44
21355.0,1.96,4.44
21356.0,2.2,4.44
21357.0,2.2,4.44
21357.0,2.2,4.44
21358.0,2.2,4.44
21358.0,2.2,4.44
21359.0,2.7,4.44
21359.0,2.7,4.44
21360.0,2.7,4.44
21361.0,2.7,4.44
21361.0,2.7,4.44
21362.0,2.7,4.44
21362.0,2.69,4.44
21363.0,2.69,4.44
21364.0,2.69,4.44
21364.0,2.69,4.44
21365.0,2.69,4.44
21365.0,2.37,4.44
21366.0,2.37,4.44
21366.0,2.37,4.44
21367.0,2.37,4.44
21368.0,2.37,4.44
21368.0,2.19,4.44
21369.0,2.19,4.44
21369.0,2.19,4.44
21370.0,2.19,4.44
21371.0,2.19,4.44
21371.0,2.19,4.44
21372.0,2.38,4.44
21372.0,2.38,4.44
21373.0,2.38,4.44
21373.0,2.38,4.44
21374.0,2.38,4.44
21375.0,2.41,4.44
21375.0,2.41,4.44
21376.0,2.41,4.44
21376.0,2.41,4.44
21377.0,2.41,4.44
21378.0,2.49,4.44
21378.0,2.49,4.44
21379.0,2.49,4.44
21379.0,2.49,4.44
21380.0,2.49,4.44
21381.0,2.49,4.44
21381.0,2.57,4.44
21382.0,2.57,4.44
21382.0,2.57,4.44
21383.0,2.57,4.44
21383.0,2.57,4.44
21384.0,2.25,4.44
21385.0,2.26,4.44
21385.0,2.25,4.44
21386.0,2.26,4.44
21386.0,2.25,4.44
21387.0,1.96,4.44
21388.0,1.96,4.44
21388.0,1.96,4.44
21389.0,1.96,4.44
21389.0,1.96,4.44
21390.0,1.79,4.44
21391.0,1.79,4.44
21391.0,1.79,4.44
21392.0,1.79,4.44
21392.0,1.79,4.44
21393.0,1.79,4.44
21393.0,1.9,4.44
21394.0,1.9,4.44
21395.0,1.9,4.44
21395.0,1.9,4.44
21396.0,1.9,4.44
21396.0,2.42,4.44
21397.0,2.42,4.44
21398.0,2.42,4.44
21398.0,2.42,4.44
21399.0,2.42,4.44
21399.0,2.53,4.44
21400.0,2.54,4.44
21401.0,2.53,4.44
21401.0,2.54,4.44
21402.0,2.53,4.44
21402.0,2.54,4.44
21403.0,2.62,4.44
21404.0,2.62,4.44
21404.0,2.62,4.44
21405.0,2.62,4.44
21405.0,2.62,4.44
21406.0,2.47,4.44
21406.0,2.47,4.44
21407.0,2.47,4.44
21408.0,2.47,4.44
21408.0,2.47,4.44
21409.0,2.17,4.44
21409.0,2.17,4.44
21410.0,2.17,4.44
21411.0,2.17,4.44
21411.0,2.17,4.44
21412.0,2.17,4.44
21412.0,2.11,4.44
21413.0,2.12,4.44
21413.0,2.11,4.44
21414.0,2.12,4.44
21415.0,2.11,4.44
21415.0,2.4,4.44
21416.0,2.4,4.44
21416.0,2.4,4.44
21417.0,2.4,4.44
21418.0,2.4,4.44
21418.0,2.53,4.44
21419.0,2.54,4.44
21419.0,2.53,4.44
21420.0,2.54,4.44
21421.0,2.53,4.44
21421.0,2.58,4.44
21422.0,2.57,4.44
21422.0,2.58,4.44
21423.0,2.57,4.44
21423.0,2.58,4.44
21424.0,2.57,4.44
21425.0,2.39,4.44
21425.0,2.39,4.44
21426.0,2.39,4.44
21426.0,2.39,4.44
21427.0,2.39,4.44
21428.0,2.0,4.44
21428.0,2.01,4.44
21429.0,2.0,4.44
21429.0,2.01,4.44
21430.0,2.0,4.44
21430.0,2.13,4.44
21431.0,2.13,4.44
21432.0,2.13,4.44
21432.0,2.13,4.44
21433.0,2.13,4.44
21433.0,2.13,4.44
21434.0,2.1,4.44
21435.0,2.1,4.44
21435.0,2.1,4.44
21436.0,2.1,4.44
21436.0,2.1,4.44
21437.0,2.04,4.44
21438.0,2.05,4.44
21438.0,2.04,4.44
21439.0,2.05,4.44
21439.0,2.04,4.44
21440.0,2.42,4.44
21440.0,2.42,4.44
21441.0,2.42,4.44
21442.0,2.42,4.44
21442.0,2.42,4.44
21443.0,2.42,4.44
21443.0,2.38,4.44
21444.0,2.38,4.44
21445.0,2.38,4.44
21445.0,2.38,4.44
21446.0,2.38,4.44
21446.0,2.24,4.44
21447.0,2.24,4.44
21447.0,2.24,4.44
21448.0,2.24,4.44
21449.0,2.24,4.44
21449.0,2.18,4.44
21450.0,2.18,4.44
21450.0,2.18,4.44
21451.0,2.18,4.44
21452.0,2.18,4.44
21452.0,2.18,4.44
21453.0,2.07,4.44
21453.0,2.07,4.44
21454.0,2.07,4.44
21455.0,2.07,4.44
21455.0,2.07,4.44
21456.0,2.4,4.44
21456.0,2.4,4.44
21457.0,2.4,4.44
21457.0,2.4,4.44
21458.0,2.4,4.44
21459.0,2.48,4.44
21459.0,2.48,4.44
21460.0,2.48,4.44
21460.0,2.48,4.44
21461.0,2.48,4.44
21462.0,2.48,4.44
21462.0,2.51,4.44
21463.0,2.5,4.44
21463.0,2.51,4.44
21464.0,2.5,4.44
21465.0,2.51,4.44
21465.0,2.42,4.44
21466.0,2.42,4.44
21466.0,2.42,4.44
21467.0,2.42,4.44
21467.0,2.42,4.44
21468.0,2.15,4.44
21469.0,2.15,4.44
21469.0,2.15,4.44
21470.0,2.15,4.44
21470.0,2.15,4.44
21471.0,2.15,4.44
21472.0,2.02,4.44
21472.0,2.02,4.44
21473.0,2.02,4.44
21473.0,2.02,4.44
21474.0,2.02,4.44
21474.0,2.16,4.44
21475.0,2.16,4.44
21476.0,2.16,4.44
21476.0,2.16,4.44
21477.0,2.16,4.44
21477.0,2.3,4.44
21478.0,2.3,4.44
21479.0,2.3,4.44
21479.0,2.3,4.44
21480.0,2.3,4.44
21480.0,2.3,4.44
21481.0,2.51,4.44
21482.0,2.5,4.44
21482.0,2.51,4.44
21483.0,2.5,4.44
21483.0,2.51,4.44
21484.0,2.3,4.44
21484.0,2.3,4.44
21485.0,2.3,4.44
21486.0,2.3,4.44
21486.0,2.3,4.44
21487.0,1.84,4.44
21487.0,1.84,4.44
21488.0,1.84,4.44
21489.0,1.84,4.44
21489.0,1.84,4.44
21490.0,1.84,4.44
21490.0,2.31,4.44
21491.0,2.3,4.44
21491.0,2.31,4.44
21492.0,2.3,4.44
21493.0,2.31,4.44
21493.0,2.52,4.44
21494.0,2.53,4.44
21494.0,2.52,4.44
21495.0,2.53,4.44
21496.0,2.52,4.44
21496.0,2.45,4.44
21497.0,2.45,4.44
21497.0,2.45,4.44
21498.0,2.45,4.44
21499.0,2.45,4.44
21499.0,2.49,4.44
21500.0,2.49,4.44
21500.0,2.49,4.44
21501.0,2.49,4.44
21502.0,2.49,4.44
21502.0,2.49,4.44
21503.0,2.42,4.44
21503.0,2.42,4.44
21504.0,2.42,4.44
21504.0,2.42,4.44
21505.0,2.42,4.44
21506.0,2.35,4.44
21506.0,2.35,4.44
21507.0,2.35,4.44
21507.0,2.35,4.44
21508.0,2.35,4.44
21509.0,2.28,4.44
21509.0,2.29,4.44
21510.0,2.28,4.44
21510.0,2.29,4.44
21511.0,2.28,4.44
21512.0,2.29,4.44
21512.0,2.3,4.44
21513.0,2.3,4.44
21513.0,2.3,4.44
21514.0,2.3,4.44
21514.0,2.3,4.44
21515.0,2.39,4.44
21516.0,2.39,4.44
21516.0,2.39,4.44
21517.0,2.39,4.44
21517.0,2.39,4.44
21518.0,2.51,4.44
21519.0,2.51,4.44
21519.0,2.51,4.44
21520.0,2.51,4.44
21520.0,2.51,4.44
21521.0,2.51,4.44
21521.0,2.48,4.44
21522.0,2.48,4.44
21523.0,2.48,4.44
21523.0,2.48,4.44
21524.0,2.48,4.44
21524.0,2.31,4.44
21525.0,2.3,4.44
21526.0,2.31,4.44
21526.0,2.3,4.44
21527.0,2.31,4.44
21527.0,2.15,4.44
21528.0,2.15,4.44
21529.0,2.15,4.44
21529.0,2.15,4.44
21530.0,2.15,4.44
21530.0,1.95,4.44
21531.0,1.95,4.44
21531.0,1.95,4.44
21532.0,1.95,4.44
21533.0,1.95,4.44
21533.0,1.95,4.44
21534.0,2.02,4.44
21534.0,2.01,4.44
21535.0,2.02,4.44
21536.0,2.01,4.44
21536.0,2.02,4.44
21537.0,2.13,4.44
21537.0,2.13,4.44
21538.0,2.13,4.44
21539.0,2.13,4.44
21539.0,2.13,4.44
21540.0,2.25,4.44
21540.0,2.25,4.44
21541.0,2.25,4.44
21541.0,2.25,4.44
21542.0,2.25,4.44
21543.0,2.25,4.44
21543.0,2.47,4.44
21544.0,2.47,4.44
21544.0,2.47,4.44
21545.0,2.47,4.44
21546.0,2.47,4.44
21546.0,2.15,4.44
21547.0,2.15,4.44
21547.0,2.15,4.44
21548.0,2.15,4.44
21548.0,2.15,4.44
21549.0,2.24,4.44
21550.0,2.24,4.44
21550.0,2.24,4.44
21551.0,2.24,4.44
21551.0,2.24,4.44
21552.0,2.24,4.44
21553.0,2.34,4.44
21553.0,2.34,4.44
21554.0,2.34,4.44
21554.0,2.34,4.44
21555.0,2.34,4.44
21555.0,2.28,4.44
21556.0,2.28,4.44
21557.0,2.28,4.44
21557.0,2.28,4.44
21558.0,2.28,4.44
21558.0,2.61,4.44
21559.0,2.6,4.44
21560.0,2.61,4.44
21560.0,2.6,4.44
21561.0,2.61,4.44
21561.0,2.6,4.44
21562.0,2.72,4.44
21563.0,2.72,4.44
21563.0,2.72,4.44
21564.0,2.72,4.44
21564.0,2.72,4.44
21565.0,2.41,4.44
21565.0,2.41,4.44
21566.0,2.41,4.44
21567.0,2.41,4.44
21567.0,2.41,4.44
21568.0,2.17,4.44
21568.0,2.17,4.44
21569.0,2.17,4.44
21570.0,2.17,4.44
21570.0,2.17,4.44
21571.0,2.17,4.44
21571.0,2.09,4.44
21572.0,2.09,4.44
21573.0,2.09,4.44
21573.0,2.09,4.44
21574.0,2.09,4.44
21574.0,2.17,4.44
21575.0,2.17,4.44
21575.0,2.17,4.44
21576.0,2.17,4.44
21577.0,2.17,4.44
21577.0,2.41,4.44
21578.0,2.41,4.44
21578.0,2.41,4.44
21579.0,2.41,4.44
21580.0,2.41,4.44
21580.0,2.41,4.44
21581.0,2.28,4.44
21581.0,2.28,4.44
21582.0,2.28,4.44
21582.0,2.28,4.44
21583.0,2.28,4.44
21584.0,2.21,4.44
21584.0,2.21,4.44
21585.0,2.21,4.44
21585.0,2.21,4.44
21586.0,2.21,4.44
21587.0,2.11,4.44
21587.0,2.11,4.44
21588.0,2.11,4.44
21588.0,2.11,4.44
21589.0,2.11,4.44
21590.0,2.11,4.44
21590.0,1.85,4.44
21591.0,1.84,4.44
21591.0,1.85,4.44
21592.0,1.84,4.44
21592.0,1.85,4.44
21593.0,2.03,4.44
21594.0,2.03,4.44
21594.0,2.03,4.44
21595.0,2.03,4.44
21595.0,2.03,4.44
21596.0,2.32,4.44
21597.0,2.31,4.44
21597.0,2.32,4.44
21598.0,2.31,4.44
21598.0,2.32,4.44
21599.0,2.31,4.44
21599.0,2.37,4.44
21600.0,2.37,4.44
21601.0,2.37,4.44
21601.0,2.37,4.44
21602.0,2.37,4.44
21603.0,2.55,4.44
21603.0,2.56,4.44
21604.0,2.55,4.44
21604.0,2.56,4.44
21605.0,2.55,4.44
21605.0,2.33,4.44
21606.0,2.32,4.44
21607.0,2.33,4.44
21607.0,2.32,4.44
21608.0,2.33,4.44
21608.0,2.32,4.44
21609.0,2.32,4.44
21610.0,2.32,4.44
21610.0,2.32,4.44
21611.0,2.32,4.44
21611.0,2.32,4.44
21612.0,2.4,4.44
21612.0,2.4,4.44
21613.0,2.4,4.44
21614.0,2.4,4.44
21614.0,2.4,4.44
21615.0,2.1,4.44
21615.0,2.1,4.44
21616.0,2.1,4.44
21617.0,2.1,4.44
21617.0,2.1,4.44
21618.0,2.14,4.44
21618.0,2.14,4.44
21619.0,2.14,4.44
21620.0,2.14,4.44
21620.0,2.14,4.44
21621.0,2.14,4.44
21621.0,2.32,4.44
21622.0,2.33,4.44
21622.0,2.32,4.44
21623.0,2.33,4.44
21624.0,2.32,4.44
21624.0,2.14,4.44
21625.0,2.14,4.44
21625.0,2.14,4.44
21626.0,2.14,4.44
21627.0,2.14,4.44
21627.0,2.08,4.44
21628.0,2.09,4.44
21628.0,2.08,4.44
21629.0,2.09,4.44
21629.0,2.08,4.44
21630.0,2.09,4.44
21631.0,2.29,4.44
21631.0,2.29,4.44
21632.0,2.29,4.44
21632.0,2.29,4.44
21633.0,2.29,4.44
21634.0,2.49,4.44
21634.0,2.49,4.44
21635.0,2.49,4.44
21635.0,2.49,4.44
21636.0,2.49,4.44
21637.0,2.36,4.44
21637.0,2.36,4.44
21638.0,2.36,4.44
21638.0,2.36,4.44
21639.0,2.36,4.44
21639.0,2.36,4.44
21640.0,2.41,4.44
21641.0,2.41,4.44
21641.0,2.41,4.44
21642.0,2.41,4.44
21642.0,2.41,4.44
21643.0,2.34,4.44
21644.0,2.34,4.44
21644.0,2.34,4.44
21645.0,2.34,4.44
21645.0,2.34,4.44
21646.0,2.21,4.44
21647.0,2.21,4.44
21647.0,2.21,4.44
21648.0,2.21,4.44
21648.0,2.21,4.44
21649.0,1.93,4.44
21649.0,1.93,4.44
21650.0,1.93,4.44
21651.0,1.93,4.44
21651.0,1.93,4.44
21652.0,1.93,4.44
21652.0,2.14,4.44
21653.0,2.14,4.44
21654.0,2.14,4.44
21654.0,2.14,4.44
21655.0,2.14,4.44
21655.0,2.56,4.44
21656.0,2.56,4.44
21656.0,2.56,4.44
21657.0,2.56,4.44
21658.0,2.56,4.44
21658.0,2.53,4.44
21659.0,2.53,4.44
21659.0,2.53,4.44
21660.0,2.53,4.44
21661.0,2.53,4.44
21661.0,2.53,4.44
21662.0,2.33,4.44
21662.0,2.32,4.44
21663.0,2.33,4.44
21664.0,2.32,4.44
21664.0,2.33,4.44
21665.0,2.19,4.44
21665.0,2.19,4.44
21666.0,2.19,4.44
21666.0,2.19,4.44
21667.0,2.19,4.44
21668.0,2.08,4.44
21668.0,2.08,4.44
21669.0,2.08,4.44
21669.0,2.08,4.44
21670.0,2.08,4.44
21671.0,2.08,4.44
21671.0,2.12,4.44
21672.0,2.12,4.44
21672.0,2.12,4.44
21673.0,2.12,4.44
21673.0,2.12,4.44
21674.0,2.27,4.44
21675.0,2.28,4.44
21675.0,2.27,4.44
21676.0,2.28,4.44
21676.0,2.27,4.44
21677.0,2.24,4.44
21678.0,2.24,4.44
21678.0,2.24,4.44
21679.0,2.24,4.44
21679.0,2.24,4.44
21680.0,2.24,4.44
21681.0,2.22,4.44
21681.0,2.22,4.44
21682.0,2.22,4.44
21682.0,2.22,4.44
21683.0,2.22,4.44
21683.0,2.36,4.44
21684.0,2.37,4.44
21685.0,2.36,4.44
21685.0,2.37,4.44
21686.0,2.36,4.44
21686.0,2.05,4.44
21687.0,2.04,4.44
21688.0,2.05,4.44
21688.0,2.04,4.44
21689.0,2.05,4.44
21689.0,2.04,4.44
21690.0,2.14,4.44
21690.0,2.14,4.44
21691.0,2.14,4.44
21692.0,2.14,4.44
21692.0,2.14,4.44
21693.0,2.31,4.44
21693.0,2.31,4.44
21694.0,2.31,4.44
21695.0,2.31,4.44
21695.0,2.31,4.44
21696.0,2.58,4.44
21696.0,2.58,4.44
21697.0,2.58,4.44
21698.0,2.58,4.44
21698.0,2.58,4.44
21699.0,2.58,4.44
21699.0,2.63,4.44
21700.0,2.63,4.44
21700.0,2.63,4.44
21701.0,2.63,4.44
21702.0,2.63,4.44
21702.0,2.27,4.44
21703.0,2.27,4.44
21703.0,2.27,4.44
21704.0,2.27,4.44
21705.0,2.27,4.44
21705.0,1.98,4.44
21706.0,1.97,4.44
21706.0,1.98,4.44
21707.0,1.97,4.44
21708.0,1.98,4.44
21708.0,2.14,4.44
21709.0,2.14,4.44
21709.0,2.14,4.44
21710.0,2.14,4.44
21711.0,2.14,4.44
21711.0,2.14,4.44
21712.0,2.23,4.44
21712.0,2.23,4.44
21713.0,2.23,4.44
21713.0,2.23,4.44
21714.0,2.23,4.44
21715.0,2.38,4.44
21715.0,2.38,4.44
21716.0,2.38,4.44
21716.0,2.38,4.44
21717.0,2.38,4.44
21718.0,2.42,4.44
21718.0,2.42,4.44
21719.0,2.42,4.44
21719.0,2.42,4.44
21720.0,2.42,4.44
21721.0,2.42,4.44
21721.0,2.3,4.44
21722.0,2.31,4.44
21722.0,2.3,4.44
21723.0,2.31,4.44
21723.0,2.3,4.44
21724.0,2.13,4.44
21725.0,2.13,4.44
21725.0,2.13,4.44
21726.0,2.13,4.44
21726.0,2.13,4.44
21727.0,2.02,4.44
21728.0,2.02,4.44
21728.0,2.02,4.44
21729.0,2.02,4.44
21729.0,2.02,4.44
21730.0,2.02,4.44
21730.0,2.15,4.44
21731.0,2.15,4.44
21732.0,2.15,4.44
21732.0,2.15,4.44
21733.0,2.15,4.44
21733.0,2.45,4.44
21734.0,2.45,4.44
21735.0,2.45,4.44
21735.0,2.45,4.44
21736.0,2.45,4.44
21736.0,2.53,4.44
21737.0,2.53,4.44
21737.0,2.53,4.44
21738.0,2.53,4.44
21739.0,2.53,4.44
21739.0,2.53,4.44
21740.0,2.44,4.44
21740.0,2.44,4.44
21741.0,2.44,4.44
21742.0,2.44,4.44
21742.0,2.44,4.44
21743.0,2.38,4.44
21743.0,2.38,4.44
21744.0,2.38,4.44
21745.0,2.38,4.44
21745.0,2.38,4.44
21746.0,2.25,4.44
21746.0,2.25,4.44
21747.0,2.25,4.44
21747.0,2.25,4.44
21748.0,2.25,4.44
21749.0,2.25,4.44
21749.0,2.24,4.44
21750.0,2.24,4.44
21750.0,2.24,4.44
21751.0,2.24,4.44
21752.0,2.24,4.44
21752.0,2.22,4.44
21753.0,2.22,4.44
21753.0,2.22,4.44
21754.0,2.22,4.44
21755.0,2.22,4.44
21755.0,2.23,4.44
21756.0,2.23,4.44
21756.0,2.23,4.44
21757.0,2.23,4.44
21757.0,2.23,4.44
21758.0,2.23,4.44
21759.0,2.62,4.44
21759.0,2.62,4.44
21760.0,2.62,4.44
21760.0,2.62,4.44
21761.0,2.62,4.44
21762.0,2.57,4.44
21762.0,2.57,4.44
21763.0,2.57,4.44
21763.0,2.57,4.44
21764.0,2.57,4.44
21764.0,2.46,4.44
21765.0,2.46,4.44
21766.0,2.46,4.44
21766.0,2.46,4.44
21767.0,2.46,4.44
21767.0,2.16,4.44
21768.0,2.16,4.44
21769.0,2.16,4.44
21769.0,2.16,4.44
21770.0,2.16,4.44
21770.0,2.16,4.44
21771.0,1.9,4.44
21772.0,1.9,4.44
21772.0,1.9,4.44
21773.0,1.9,4.44
21773.0,1.9,4.44
21774.0,2.11,4.44
21774.0,2.12,4.44
21775.0,2.11,4.44
21776.0,2.12,4.44
21776.0,2.11,4.44
21777.0,2.35,4.44
21777.0,2.34,4.44
21778.0,2.35,4.44
21779.0,2.34,4.44
21779.0,2.35,4.44
21780.0,2.34,4.44
21780.0,2.54,4.44
21781.0,2.54,4.44
21781.0,2.54,4.44
21782.0,2.54,4.44
21783.0,2.54,4.44
21783.0,2.5,4.44
21784.0,2.5,4.44
21784.0,2.5,4.44
21785.0,2.5,4.44
21786.0,2.5,4.44
21786.0,2.47,4.44
21787.0,2.47,4.44
21787.0,2.47,4.44
21788.0,2.47,4.44
21789.0,2.47,4.44
21789.0,2.47,4.44
21790.0,2.38,4.44
21790.0,2.38,4.44
21791.0,2.38,4.44
21791.0,2.38,4.44
21792.0,2.38,4.44
21793.0,2.46,4.44
21793.0,2.46,4.44
21794.0,2.46,4.44
21794.0,2.46,4.44
21795.0,2.46,4.44
21796.0,2.37,4.44
21796.0,2.37,4.44
21797.0,2.37,4.44
21797.0,2.37,4.44
21798.0,2.37,4.44
21798.0,2.37,4.44
21799.0,2.33,4.44
21800.0,2.33,4.44
21800.0,2.33,4.44
21801.0,2.33,4.44
21801.0,2.33,4.44
21802.0,2.56,4.44
21803.0,2.57,4.44
21803.0,2.56,4.44
21804.0,2.57,4.44
21804.0,2.56,4.44
21805.0,2.39,4.44
21806.0,2.39,4.44
21806.0,2.39,4.44
21807.0,2.39,4.44
21807.0,2.39,4.44
21808.0,2.2,4.44
21809.0,2.2,4.44
21809.0,2.2,4.44
21810.0,2.2,4.44
21810.0,2.2,4.44
21811.0,2.2,4.44
21811.0,2.3,4.44
21812.0,2.31,4.44
21813.0,2.3,4.44
21813.0,2.31,4.44
21814.0,2.3,4.44
21814.0,2.35,4.44
21815.0,2.35,4.44
21816.0,2.35,4.44
21816.0,2.35,4.44
21817.0,2.35,4.44
21817.0,2.39,4.44
21818.0,2.39,4.44
21819.0,2.39,4.44
21819.0,2.39,4.44
21820.0,2.39,4.44
21820.0,2.39,4.44
21821.0,2.27,4.44
21821.0,2.28,4.44
21822.0,2.27,4.44
21823.0,2.28,4.44
21823.0,2.27,4.44
21824.0,2.12,4.44
21824.0,2.12,4.44
21825.0,2.12,4.44
21826.0,2.12,4.44
21826.0,2.12,4.44
21827.0,2.09,4.44
21827.0,2.09,4.44
21828.0,2.09,4.44
21829.0,2.09,4.44
21829.0,2.09,4.44
21830.0,2.09,4.44
21830.0,2.14,4.44
21831.0,2.14,4.44
21831.0,2.14,4.44
21832.0,2.14,4.44
21833.0,2.14,4.44
21833.0,2.16,4.44
21834.0,2.16,4.44
21834.0,2.16,4.44
21835.0,2.16,4.44
21836.0,2.16,4.44
21836.0,2.3,4.44
21837.0,2.3,4.44
21837.0,2.3,4.44
21838.0,2.3,4.44
21838.0,2.3,4.44
21839.0,2.3,4.44
21840.0,2.51,4.44
21840.0,2.51,4.44
21841.0,2.51,4.44
21841.0,2.51,4.44
21842.0,2.51,4.44
21843.0,2.47,4.44
21843.0,2.47,4.44
21844.0,2.47,4.44
21844.0,2.47,4.44
21845.0,2.47,4.44
21846.0,2.48,4.44
21846.0,2.48,4.44
21847.0,2.48,4.44
21847.0,2.48,4.44
21848.0,2.48,4.44
21848.0,2.48,4.44
21849.0,2.21,4.44
21850.0,2.21,4.44
21850.0,2.21,4.44
21851.0,2.21,4.44
21851.0,2.21,4.44
21852.0,2.17,4.44
21853.0,2.17,4.44
21853.0,2.17,4.44
21854.0,2.17,4.44
21854.0,2.17,4.44
21855.0,2.31,4.44
21855.0,2.31,4.44
21856.0,2.31,4.44
21857.0,2.31,4.44
21857.0,2.31,4.44
21858.0,2.31,4.44
21858.0,2.52,4.44
21859.0,2.52,4.44
21860.0,2.52,4.44
21860.0,2.52,4.44
21861.0,2.52,4.44
21861.0,2.38,4.44
21862.0,2.38,4.44
21863.0,2.38,4.44
21863.0,2.38,4.44
21864.0,2.38,4.44
21864.0,2.18,4.44
21865.0,2.18,4.44
21865.0,2.18,4.44
21866.0,2.18,4.44
21867.0,2.18,4.44
21867.0,2.18,4.44
21868.0,1.97,4.44
21868.0,1.97,4.44
21869.0,1.97,4.44
21870.0,1.97,4.44
21870.0,1.97,4.44
21871.0,1.94,4.44
21871.0,1.94,4.44
21872.0,1.94,4.44
21872.0,1.94,4.44
21873.0,1.94,4.44
21874.0,2.19,4.44
21874.0,2.19,4.44
21875.0,2.19,4.44
21875.0,2.19,4.44
21876.0,2.19,4.44
21877.0,2.19,4.44
21877.0,2.28,4.44
21878.0,2.28,4.44
21878.0,2.28,4.44
21879.0,2.28,4.44
21880.0,2.28,4.44
21880.0,2.39,4.44
21881.0,2.39,4.44
21881.0,2.39,4.44
21882.0,2.39,4.44
21882.0,2.39,4.44
21883.0,2.35,4.44
21884.0,2.35,4.44
21884.0,2.35,4.44
21885.0,2.35,4.44
21885.0,2.35,4.44
21886.0,2.11,4.44
21887.0,2.11,4.44
21887.0,2.11,4.44
21888.0,2.11,4.44
21888.0,2.11,4.44
21889.0,2.11,4.44
21889.0,2.12,4.44
21890.0,2.11,4.44
21891.0,2.12,4.44
21891.0,2.11,4.44
21892.0,2.12,4.44
21892.0,2.31,4.44
21893.0,2.32,4.44
21894.0,2.31,4.44
21894.0,2.32,4.44
21895.0,2.31,4.44
21895.0,2.41,4.44
21896.0,2.41,4.44
21897.0,2.41,4.44
21897.0,2.41,4.44
21898.0,2.41,4.44
21898.0,2.41,4.44
21899.0,2.56,4.44
21899.0,2.56,4.44
21900.0,2.56,4.44
21901.0,2.56,4.44
21901.0,2.56,4.44
21902.0,2.58,4.44
21902.0,2.58,4.44
21903.0,2.58,4.44
21904.0,2.58,4.44
21904.0,2.58,4.44
21905.0,2.3,4.44
21905.0,2.3,4.44
21906.0,2.3,4.44
21907.0,2.3,4.44
21907.0,2.3,4.44
21908.0,2.3,4.44
21908.0,2.07,4.44
21909.0,2.07,4.44
21910.0,2.07,4.44
21910.0,2.07,4.44
21911.0,2.07,4.44
21911.0,2.12,4.44
21912.0,2.12,4.44
21912.0,2.12,4.44
21913.0,2.12,4.44
21914.0,2.12,4.44
21914.0,2.1,4.44
21915.0,2.1,4.44
21915.0,2.1,4.44
21916.0,2.1,4.44
21917.0,2.1,4.44
21917.0,2.1,4.44
21918.0,2.3,4.44
21918.0,2.3,4.44
21919.0,2.3,4.44
21919.0,2.3,4.44
21920.0,2.3,4.44
21921.0,2.36,4.44
21921.0,2.36,4.44
21922.0,2.36,4.44
21922.0,2.36,4.44
21923.0,2.36,4.44
21924.0,2.63,4.44
21924.0,2.63,4.44
21925.0,2.63,4.44
21925.0,2.63,4.44
21926.0,2.63,4.44
21927.0,2.37,4.44
21927.0,2.37,4.44
21928.0,2.37,4.44
21928.0,2.37,4.44
21929.0,2.37,4.44
21929.0,2.37,4.44
21930.0,1.92,4.44
21931.0,1.92,4.44
21931.0,1.92,4.44
21932.0,1.92,4.44
21932.0,1.92,4.44
21933.0,1.98,4.44
21934.0,1.98,4.44
21934.0,1.98,4.44
21935.0,1.98,4.44
21935.0,1.98,4.44
21936.0,2.49,4.44
21937.0,2.49,4.44
21937.0,2.49,4.44
21938.0,2.49,4.44
21938.0,2.49,4.44
21939.0,2.49,4.44
21939.0,2.78,4.44
21940.0,2.78,4.44
21941.0,2.78,4.44
21941.0,2.78,4.44
21942.0,2.78,4.44
21942.0,2.47,4.44
21943.0,2.47,4.44
21944.0,2.47,4.44
21944.0,2.47,4.44
21945.0,2.47,4.44
21945.0,2.24,4.44
21946.0,2.24,4.44
21946.0,2.24,4.44
21947.0,2.24,4.44
21948.0,2.24,4.44
21948.0,2.24,4.44
21949.0,2.28,4.44
21949.0,2.28,4.44
21950.0,2.28,4.44
21951.0,2.28,4.44
21951.0,2.28,4.44
21952.0,2.61,4.44
21952.0,2.6,4.44
21953.0,2.61,4.44
21954.0,2.6,4.44
21954.0,2.61,4.44
21955.0,2.55,4.44
21955.0,2.55,4.44
21956.0,2.55,4.44
21956.0,2.55,4.44
21957.0,2.55,4.44
21958.0,2.55,4.44
21958.0,2.74,4.44
21959.0,2.74,4.44
21959.0,2.74,4.44
21960.0,2.74,4.44
21961.0,2.74,4.44
21961.0,2.6,4.44
21962.0,2.59,4.44
21962.0,2.6,4.44
21963.0,2.59,4.44
21963.0,2.6,4.44
21964.0,2.28,4.44
21965.0,2.29,4.44
21965.0,2.28,4.44
21966.0,2.29,4.44
21966.0,2.28,4.44
21967.0,2.29,4.44
21968.0,2.21,4.44
21968.0,2.21,4.44
21969.0,2.21,4.44
21969.0,2.21,4.44
21970.0,2.21,4.44
21971.0,2.13,4.44
21971.0,2.13,4.44
21972.0,2.13,4.44
21972.0,2.13,4.44
21973.0,2.13,4.44
21973.0,2.3,4.44
21974.0,2.3,4.44
21975.0,2.3,4.44
21975.0,2.3,4.44
21976.0,2.3,4.44
21976.0,2.3,4.44
21977.0,2.42,4.44
21978.0,2.42,4.44
21978.0,2.42,4.44
21979.0,2.42,4.44
21979.0,2.42,4.44
21980.0,2.66,4.44
21980.0,2.66,4.44
21981.0,2.66,4.44
21982.0,2.66,4.44
21982.0,2.66,4.44
21983.0,2.52,4.44
21983.0,2.53,4.44
21984.0,2.52,4.44
21985.0,2.53,4.44
21985.0,2.52,4.44
21986.0,2.53,4.44
21986.0,2.17,4.44
21987.0,2.17,4.44
21988.0,2.17,4.44
21988.0,2.17,4.44
21989.0,2.17,4.44
21989.0,2.12,4.44
21990.0,2.12,4.44
21990.0,2.12,4.44
21991.0,2.12,4.44
21992.0,2.12,4.44
21992.0,2.59,4.44
21993.0,2.59,4.44
21993.0,2.59,4.44
21994.0,2.59,4.44
21995.0,2.59,4.44
21995.0,2.7,4.44
21996.0,2.7,4.44
21996.0,2.7,4.44
21997.0,2.7,4.44
21997.0,2.7,4.44
21998.0,2.7,4.44
21999.0,2.39,4.44
21999.0,2.39,4.44
22000.0,2.39,4.44
22000.0,2.39,4.44
22001.0,2.39,4.44
22002.0,2.52,4.44
22002.0,2.52,4.44
22003.0,2.52,4.44
22003.0,2.52,4.44
22004.0,2.52,4.44
22005.0,2.43,4.44
22005.0,2.43,4.44
22006.0,2.43,4.44
22006.0,2.43,4.44
22007.0,2.43,4.44
22008.0,2.43,4.44
22008.0,2.17,4.44
22009.0,2.17,4.44
22009.0,2.17,4.44
22010.0,2.17,4.44
22011.0,2.17,4.44
22011.0,1.94,4.44
22012.0,1.94,4.44
22012.0,1.94,4.44
22013.0,1.94,4.44
22013.0,1.94,4.44
22014.0,2.07,4.44
22015.0,2.07,4.44
22015.0,2.07,4.44
22016.0,2.07,4.44
22016.0,2.07,4.44
22017.0,2.07,4.44
22018.0,2.35,4.44
22018.0,2.34,4.44
22019.0,2.35,4.44
22019.0,2.34,4.44
22020.0,2.35,4.44
22020.0,2.56,4.44
22021.0,2.56,4.44
22022.0,2.56,4.44
22022.0,2.56,4.44
22023.0,2.56,4.44
22023.0,2.28,4.44
22024.0,2.28,4.44
22025.0,2.28,4.44
22025.0,2.28,4.44
22026.0,2.28,4.44
22026.0,2.28,4.44
22027.0,1.99,4.44
22027.0,1.99,4.44
22028.0,1.99,4.44
22029.0,1.99,4.44
22029.0,1.99,4.44
22030.0,2.19,4.44
22030.0,2.19,4.44
22031.0,2.19,4.44
22032.0,2.19,4.44
22032.0,2.19,4.44
22033.0,2.24,4.44
22033.0,2.24,4.44
22034.0,2.24,4.44
22035.0,2.24,4.44
22035.0,2.24,4.44
22036.0,2.55,4.44
22036.0,2.55,4.44
22037.0,2.55,4.44
22037.0,2.55,4.44
22038.0,2.55,4.44
22039.0,2.55,4.44
22039.0,2.78,4.44
22040.0,2.78,4.44
22040.0,2.78,4.44
22041.0,2.78,4.44
22042.0,2.78,4.44
22042.0,2.32,4.44
22043.0,2.32,4.44
22043.0,2.32,4.44
22044.0,2.32,4.44
22045.0,2.32,4.44
22045.0,2.31,4.44
22046.0,2.32,4.44
22046.0,2.31,4.44
22047.0,2.32,4.44
22047.0,2.31,4.44
22048.0,2.32,4.44
22049.0,2.35,4.44
22049.0,2.35,4.44
22050.0,2.35,4.44
22050.0,2.35,4.44
22051.0,2.35,4.44
22052.0,2.07,4.44
22052.0,2.07,4.44
22053.0,2.07,4.44
22053.0,2.07,4.44
22054.0,2.07,4.44
22054.0,2.19,4.44
22055.0,2.19,4.44
22056.0,2.19,4.44
22056.0,2.19,4.44
22057.0,2.19,4.44
22057.0,2.19,4.44
22058.0,2.64,4.44
22059.0,2.64,4.44
22059.0,2.64,4.44
22060.0,2.64,4.44
22060.0,2.64,4.44
22061.0,2.64,4.44
22062.0,2.64,4.44
22062.0,2.64,4.44
22063.0,2.64,4.44
22063.0,2.64,4.44
22064.0,2.44,4.44
22064.0,2.44,4.44
22065.0,2.44,4.44
22066.0,2.44,4.44
22066.0,2.44,4.44
22067.0,2.44,4.44
22067.0,1.86,4.44
22068.0,1.86,4.44
22069.0,1.86,4.44
22069.0,1.86,4.44
22070.0,1.86,4.44
22070.0,1.9,4.44
22071.0,1.9,4.44
22071.0,1.9,4.44
22072.0,1.9,4.44
22073.0,1.9,4.44
22073.0,2.51,4.44
22074.0,2.52,4.44
22074.0,2.51,4.44
22075.0,2.52,4.44
22076.0,2.51,4.44
22076.0,2.52,4.44
22077.0,2.63,4.44
22077.0,2.63,4.44
22078.0,2.63,4.44
22079.0,2.63,4.44
22079.0,2.63,4.44
22080.0,2.56,4.44
22080.0,2.56,4.44
22081.0,2.56,4.44
22081.0,2.56,4.44
22082.0,2.56,4.44
22083.0,2.42,4.44
22083.0,2.42,4.44
22084.0,2.42,4.44
22084.0,2.42,4.44
22085.0,2.42,4.44
22086.0,2.42,4.44
22086.0,2.15,4.44
22087.0,2.15,4.44
22087.0,2.15,4.44
22088.0,2.15,4.44
22088.0,2.15,4.44
22089.0,2.24,4.44
22090.0,2.24,4.44
22090.0,2.24,4.44
22091.0,2.24,4.44
22091.0,2.24,4.44
22092.0,2.45,4.44
22093.0,2.45,4.44
22093.0,2.45,4.44
22094.0,2.45,4.44
22094.0,2.45,4.44
22095.0,2.45,4.44
22096.0,2.52,4.44
22096.0,2.52,4.44
22097.0,2.52,4.44
22097.0,2.52,4.44
22098.0,2.52,4.44
22098.0,2.57,4.44
22099.0,2.57,4.44
22100.0,2.57,4.44
22100.0,2.57,4.44
22101.0,2.57,4.44
22101.0,2.56,4.44
22102.0,2.56,4.44
22103.0,2.56,4.44
22103.0,2.56,4.44
22104.0,2.56,4.44
22104.0,2.56,4.44
22105.0,2.49,4.44
22106.0,2.49,4.44
22106.0,2.49,4.44
22107.0,2.49,4.44
22107.0,2.49,4.44
22108.0,2.3,4.44
22109.0,2.3,4.44
22109.0,2.3,4.44
22110.0,2.3,4.44
22110.0,2.3,4.44
22111.0,1.98,4.44
22111.0,1.99,4.44
22112.0,1.98,4.44
22113.0,1.99,4.44
22113.0,1.98,4.44
22114.0,2.11,4.44
22114.0,2.1,4.44
22115.0,2.11,4.44
22116.0,2.1,4.44
22116.0,2.11,4.44
22117.0,2.1,4.44
22117.0,2.29,4.44
22118.0,2.28,4.44
22119.0,2.29,4.44
22119.0,2.28,4.44
22120.0,2.29,4.44
22120.0,2.27,4.44
22121.0,2.27,4.44
22121.0,2.27,4.44
22122.0,2.27,4.44
22123.0,2.27,4.44
22123.0,2.16,4.44
22124.0,2.16,4.44
22124.0,2.16,4.44
22125.0,2.16,4.44
22126.0,2.16,4.44
22126.0,2.16,4.44
22127.0,2.21,4.44
22127.0,2.21,4.44
22128.0,2.21,4.44
22128.0,2.21,4.44
22129.0,2.21,4.44
22130.0,2.24,4.44
22130.0,2.24,4.44
22131.0,2.24,4.44
22131.0,2.24,4.44
22132.0,2.24,4.44
22133.0,2.42,4.44
22133.0,2.42,4.44
22134.0,2.42,4.44
22134.0,2.42,4.44
22135.0,2.42,4.44
22136.0,2.42,4.44
22136.0,2.46,4.44
22137.0,2.46,4.44
22137.0,2.46,4.44
22138.0,2.46,4.44
22138.0,2.46,4.44
22139.0,2.48,4.44
22140.0,2.48,4.44
22140.0,2.48,4.44
22141.0,2.48,4.44
22141.0,2.48,4.44
22142.0,2.49,4.44
22143.0,2.49,4.44
22143.0,2.49,4.44
22144.0,2.49,4.44
22144.0,2.49,4.44
22145.0,2.49,4.44
22145.0,2.42,4.44
22146.0,2.42,4.44
22147.0,2.42,4.44
22147.0,2.42,4.44
22148.0,2.42,4.44
22148.0,2.12,4.44
22149.0,2.12,4.44
22150.0,2.12,4.44
22150.0,2.12,4.44
22151.0,2.12,4.44
22151.0,2.0,4.44
22152.0,1.99,4.44
22153.0,2.0,4.44
22153.0,1.99,4.44
22154.0,2.0,4.44
22154.0,1.99,4.44
22155.0,2.14,4.44
22155.0,2.14,4.44
22156.0,2.14,4.44
22157.0,2.14,4.44
22157.0,2.14,4.44
22158.0,2.31,4.44
22158.0,2.31,4.44
22159.0,2.31,4.44
22160.0,2.31,4.44
22160.0,2.31,4.44
22161.0,2.48,4.44
22161.0,2.48,4.44
22162.0,2.48,4.44
22162.0,2.48,4.44
22163.0,2.48,4.44
22164.0,2.09,4.44
22164.0,2.1,4.44
22165.0,2.09,4.44
22165.0,2.1,4.44
22166.0,2.09,4.44
22167.0,2.1,4.44
22167.0,1.8,4.44
22168.0,1.8,4.44
22168.0,1.8,4.44
22169.0,1.8,4.44
22170.0,1.8,4.44
22170.0,2.15,4.44
22171.0,2.15,4.44
22171.0,2.15,4.44
22172.0,2.15,4.44
22172.0,2.15,4.44
22173.0,2.19,4.44
22174.0,2.19,4.44
22174.0,2.19,4.44
22175.0,2.19,4.44
22175.0,2.19,4.44
22176.0,2.19,4.44
22177.0,2.53,4.44
22177.0,2.54,4.44
22178.0,2.53,4.44
22178.0,2.54,4.44
22179.0,2.53,4.44
22179.0,2.57,4.44
22180.0,2.56,4.44
22181.0,2.57,4.44
22181.0,2.56,4.44
22182.0,2.57,4.44
22182.0,2.53,4.44
22183.0,2.53,4.44
22184.0,2.53,4.44
22184.0,2.53,4.44
22185.0,2.53,4.44
22185.0,2.53,4.44
22186.0,2.12,4.44
22187.0,2.12,4.44
22187.0,2.12,4.44
22188.0,2.12,4.44
22188.0,2.12,4.44
22189.0,1.99,4.44
22189.0,1.99,4.44
22190.0,1.99,4.44
22191.0,1.99,4.44
22191.0,1.99,4.44
22192.0,1.91,4.44
22192.0,1.91,4.44
22193.0,1.91,4.44
22194.0,1.91,4.44
22194.0,1.91,4.44
22195.0,1.91,4.44
22195.0,2.3,4.44
22196.0,2.3,4.44
22196.0,2.3,4.44
22197.0,2.3,4.44
22198.0,2.3,4.44
22198.0,2.49,4.44
22199.0,2.49,4.44
22199.0,2.49,4.44
22200.0,2.49,4.44
22201.0,2.49,4.44
22201.0,2.32,4.44
22202.0,2.32,4.44
22202.0,2.32,4.44
22203.0,2.32,4.44
22204.0,2.32,4.44
22204.0,2.32,4.44
22205.0,2.22,4.44
22205.0,2.22,4.44
22206.0,2.22,4.44
22206.0,2.22,4.44
22207.0,2.22,4.44
22208.0,2.06,4.44
22208.0,2.06,4.44
22209.0,2.06,4.44
22209.0,2.06,4.44
22210.0,2.06,4.44
22211.0,1.84,4.44
22211.0,1.85,4.44
22212.0,1.84,4.44
22212.0,1.85,4.44
22213.0,1.84,4.44
22214.0,2.33,4.44
22214.0,2.33,4.44
22215.0,2.33,4.44
22215.0,2.33,4.44
22216.0,2.33,4.44
22217.0,2.33,4.44
22217.0,2.41,4.44
22218.0,2.41,4.44
22218.0,2.41,4.44
22219.0,2.41,4.44
22219.0,2.41,4.44
22220.0,2.65,4.44
22221.0,2.65,4.44
22221.0,2.65,4.44
22222.0,2.65,4.44
22222.0,2.65,4.44
22223.0,2.6,4.44
22224.0,2.6,4.44
22224.0,2.6,4.44
22225.0,2.6,4.44
22225.0,2.6,4.44
22226.0,2.6,4.44
22227.0,2.35,4.44
22227.0,2.34,4.44
22228.0,2.35,4.44
22228.0,2.34,4.44
22229.0,2.35,4.44
22229.0,2.23,4.44
22230.0,2.23,4.44
22231.0,2.23,4.44
22231.0,2.23,4.44
22232.0,2.23,4.44
22232.0,2.17,4.44
22233.0,2.17,4.44
22234.0,2.17,4.44
22234.0,2.17,4.44
22235.0,2.17,4.44
22235.0,2.17,4.44
22236.0,2.31,4.44
22236.0,2.3,4.44
22237.0,2.31,4.44
22238.0,2.3,4.44
22238.0,2.31,4.44
22239.0,2.5,4.44
22239.0,2.51,4.44
22240.0,2.5,4.44
22241.0,2.51,4.44
22241.0,2.5,4.44
22242.0,2.62,4.44
22242.0,2.61,4.44
22243.0,2.62,4.44
22244.0,2.61,4.44
22244.0,2.62,4.44
22245.0,2.61,4.44
22245.0,2.19,4.44
22246.0,2.19,4.44
22246.0,2.19,4.44
22247.0,2.19,4.44
22248.0,2.19,4.44
22248.0,2.04,4.44
22249.0,2.04,4.44
22249.0,2.04,4.44
22250.0,2.04,4.44
22251.0,2.04,4.44
22251.0,2.09,4.44
22252.0,2.09,4.44
22252.0,2.09,4.44
22253.0,2.09,4.44
22253.0,2.09,4.44
22254.0,2.09,4.44
22255.0,2.24,4.44
22255.0,2.24,4.44
22256.0,2.24,4.44
22256.0,2.24,4.44
22257.0,2.24,4.44
22258.0,2.71,4.44
22258.0,2.71,4.44
22259.0,2.71,4.44
22259.0,2.71,4.44
22260.0,2.71,4.44
22261.0,2.58,4.44
22261.0,2.57,4.44
22262.0,2.58,4.44
22262.0,2.57,4.44
22263.0,2.58,4.44
22263.0,2.57,4.44
22264.0,2.3,4.44
22265.0,2.3,4.44
22265.0,2.3,4.44
22266.0,2.3,4.44
22266.0,2.3,4.44
22267.0,2.14,4.44
22268.0,2.14,4.44
22268.0,2.14,4.44
22269.0,2.14,4.44
22269.0,2.14,4.44
22270.0,2.08,4.44
22270.0,2.07,4.44
22271.0,2.08,4.44
22272.0,2.07,4.44
22272.0,2.08,4.44
22273.0,2.27,4.44
22273.0,2.27,4.44
22274.0,2.27,4.44
22275.0,2.27,4.44
22275.0,2.27,4.44
22276.0,2.27,4.44
22276.0,2.35,4.44
22277.0,2.35,4.44
22278.0,2.35,4.44
22278.0,2.35,4.44
22279.0,2.35,4.44
22279.0,2.53,4.44
22280.0,2.53,4.44
22280.0,2.53,4.44
22281.0,2.53,4.44
22282.0,2.53,4.44
22282.0,2.69,4.44
22283.0,2.69,4.44
22283.0,2.69,4.44
22284.0,2.69,4.44
22285.0,2.69,4.44
22285.0,2.69,4.44
22286.0,2.34,4.44
22286.0,2.35,4.44
22287.0,2.34,4.44
22287.0,2.35,4.44
22288.0,2.34,4.44
22289.0,1.98,4.44
22289.0,1.98,4.44
22290.0,1.98,4.44
22290.0,1.98,4.44
22291.0,1.98,4.44
22292.0,2.06,4.44
22292.0,2.07,4.44
22293.0,2.06,4.44
22293.0,2.07,4.44
22294.0,2.06,4.44
22295.0,2.07,4.44
22295.0,2.45,4.44
22296.0,2.45,4.44
22296.0,2.45,4.44
22297.0,2.45,4.44
22297.0,2.45,4.44
22298.0,2.51,4.44
22299.0,2.5,4.44
22299.0,2.51,4.44
22300.0,2.5,4.44
22300.0,2.51,4.44
22301.0,2.48,4.44
22302.0,2.48,4.44
22302.0,2.48,4.44
22303.0,2.48,4.44
22303.0,2.48,4.44
22304.0,2.48,4.44
22304.0,2.23,4.44
22305.0,2.23,4.44
22306.0,2.23,4.44
22306.0,2.23,4.44
22307.0,2.23,4.44
22307.0,2.27,4.44
22308.0,2.27,4.44
22309.0,2.27,4.44
22309.0,2.27,4.44
22310.0,2.27,4.44
22310.0,2.39,4.44
22311.0,2.39,4.44
22312.0,2.39,4.44
22312.0,2.39,4.44
22313.0,2.39,4.44
22313.0,2.21,4.44
22314.0,2.21,4.44
22315.0,2.21,4.44
22315.0,2.21,4.44
22316.0,2.21,4.44
22316.0,2.21,4.44
22317.0,2.29,4.44
22318.0,2.29,4.44
22318.0,2.29,4.44
22319.0,2.29,4.44
22319.0,2.29,4.44
22320.0,2.38,4.44
22320.0,2.38,4.44
22321.0,2.38,4.44
22322.0,2.38,4.44
22322.0,2.38,4.44
22323.0,2.34,4.44
22323.0,2.33,4.44
22324.0,2.34,4.44
22325.0,2.33,4.44
22325.0,2.34,4.44
22326.0,2.33,4.44
22326.0,2.26,4.44
22327.0,2.25,4.44
22327.0,2.26,4.44
22328.0,2.25,4.44
22329.0,2.26,4.44
22329.0,2.52,4.44
22330.0,2.53,4.44
22330.0,2.52,4.44
22331.0,2.53,4.44
22332.0,2.52,4.44
22332.0,2.6,4.44
22333.0,2.6,4.44
22333.0,2.6,4.44
22334.0,2.6,4.44
22335.0,2.6,4.44
22335.0,2.6,4.44
22336.0,2.39,4.44
22336.0,2.39,4.44
22337.0,2.39,4.44
22337.0,2.39,4.44
22338.0,2.39,4.44
22339.0,2.38,4.44
22339.0,2.38,4.44
22340.0,2.38,4.44
22340.0,2.38,4.44
22341.0,2.38,4.44
22342.0,2.21,4.44
22342.0,2.21,4.44
22343.0,2.21,4.44
22343.0,2.21,4.44
22344.0,2.21,4.44
22344.0,2.21,4.44
22345.0,2.2,4.44
22346.0,2.2,4.44
22346.0,2.2,4.44
22347.0,2.2,4.44
22347.0,2.2,4.44
22348.0,2.31,4.44
22349.0,2.31,4.44
22349.0,2.31,4.44
22350.0,2.31,4.44
22350.0,2.31,4.44
22351.0,2.29,4.44
22352.0,2.28,4.44
22352.0,2.29,4.44
22353.0,2.28,4.44
22353.0,2.29,4.44
22354.0,2.28,4.44
22354.0,2.2,4.44
22355.0,2.2,4.44
22356.0,2.2,4.44
22356.0,2.2,4.44
22357.0,2.2,4.44
22357.0,2.39,4.44
22358.0,2.39,4.44
22359.0,2.39,4.44
22359.0,2.39,4.44
22360.0,2.39,4.44
22360.0,2.52,4.44
22361.0,2.51,4.44
22361.0,2.52,4.44
22362.0,2.51,4.44
22363.0,2.52,4.44
22363.0,2.51,4.44
22364.0,2.33,4.44
22364.0,2.33,4.44
22365.0,2.33,4.44
22366.0,2.33,4.44
22366.0,2.33,4.44
22367.0,2.27,4.44
22367.0,2.27,4.44
22368.0,2.27,4.44
22369.0,2.27,4.44
22369.0,2.27,4.44
22370.0,2.27,4.44
22370.0,2.27,4.44
22371.0,2.27,4.44
22371.0,2.27,4.44
22372.0,2.27,4.44
22373.0,2.27,4.44
22373.0,2.17,4.44
22374.0,2.17,4.44
22374.0,2.17,4.44
22375.0,2.17,4.44
22376.0,2.17,4.44
22376.0,2.49,4.44
22377.0,2.49,4.44
22377.0,2.49,4.44
22378.0,2.49,4.44
22378.0,2.49,4.44
22379.0,2.66,4.44
22380.0,2.66,4.44
22380.0,2.66,4.44
22381.0,2.66,4.44
22381.0,2.66,4.44
22382.0,2.66,4.44
22383.0,2.52,4.44
22383.0,2.52,4.44
22384.0,2.52,4.44
22384.0,2.52,4.44
22385.0,2.52,4.44
22386.0,2.37,4.44
22386.0,2.37,4.44
22387.0,2.37,4.44
22387.0,2.37,4.44
22388.0,2.37,4.44
22388.0,2.36,4.44
22389.0,2.35,4.44
22390.0,2.36,4.44
22390.0,2.35,4.44
22391.0,2.36,4.44
22391.0,2.35,4.44
22392.0,2.35,4.44
22393.0,2.35,4.44
22393.0,2.35,4.44
22394.0,2.35,4.44
22394.0,2.35,4.44
22395.0,2.48,4.44
22396.0,2.48,4.44
22396.0,2.48,4.44
22397.0,2.48,4.44
22397.0,2.48,4.44
22398.0,2.49,4.44
22398.0,2.49,4.44
22399.0,2.49,4.44
22400.0,2.49,4.44
22400.0,2.49,4.44
22401.0,2.37,4.44
22401.0,2.37,4.44
22402.0,2.37,4.44
22403.0,2.37,4.44
22403.0,2.37,4.44
22404.0,2.37,4.44
22404.0,2.42,4.44
22405.0,2.42,4.44
22405.0,2.42,4.44
22406.0,2.42,4.44
22407.0,2.42,4.44
22407.0,2.1,4.44
22408.0,2.09,4.44
22408.0,2.1,4.44
22409.0,2.09,4.44
22410.0,2.1,4.44
22410.0,2.01,4.44
22411.0,2.01,4.44
22411.0,2.01,4.44
22412.0,2.01,4.44
22413.0,2.01,4.44
22413.0,2.01,4.44
22414.0,2.41,4.44
22414.0,2.41,4.44
22415.0,2.41,4.44
22416.0,2.41,4.44
22416.0,2.41,4.44
22417.0,2.49,4.44
22417.0,2.49,4.44
22418.0,2.49,4.44
22418.0,2.49,4.44
22419.0,2.49,4.44
22420.0,2.45,4.44
22420.0,2.45,4.44
22421.0,2.45,4.44
22421.0,2.45,4.44
22422.0,2.45,4.44
22423.0,2.2,4.44
22423.0,2.2,4.44
22424.0,2.2,4.44
22424.0,2.2,4.44
22425.0,2.2,4.44
22426.0,2.2,4.44
22426.0,2.32,4.44
22427.0,2.32,4.44
22427.0,2.32,4.44
22428.0,2.32,4.44
22428.0,2.32,4.44
22429.0,2.53,4.44
22430.0,2.53,4.44
22430.0,2.53,4.44
22431.0,2.53,4.44
22431.0,2.53,4.44
22432.0,2.34,4.44
22433.0,2.33,4.44
22433.0,2.34,4.44
22434.0,2.33,4.44
22434.0,2.34,4.44
22435.0,2.33,4.44
22435.0,2.39,4.44
22436.0,2.39,4.44
22437.0,2.39,4.44
22437.0,2.39,4.44
22438.0,2.39,4.44
22438.0,2.46,4.44
22439.0,2.46,4.44
22440.0,2.46,4.44
22440.0,2.46,4.44
22441.0,2.46,4.44
22441.0,2.39,4.44
22442.0,2.39,4.44
22443.0,2.39,4.44
22443.0,2.39,4.44
22444.0,2.39,4.44
22444.0,2.39,4.44
22445.0,2.27,4.44
22445.0,2.27,4.44
22446.0,2.27,4.44
22447.0,2.27,4.44
22447.0,2.27,4.44
22448.0,2.2,4.44
22448.0,2.2,4.44
22449.0,2.2,4.44
22450.0,2.2,4.44
22450.0,2.2,4.44
22451.0,2.22,4.44
22451.0,2.22,4.44
22452.0,2.22,4.44
22452.0,2.22,4.44
22453.0,2.22,4.44
22454.0,2.22,4.44
22454.0,2.19,4.44
22455.0,2.19,4.44
22455.0,2.19,4.44
22456.0,2.19,4.44
22457.0,2.19,4.44
22457.0,2.25,4.44
22458.0,2.25,4.44
22458.0,2.25,4.44
22459.0,2.25,4.44
22460.0,2.25,4.44
22460.0,2.2,4.44
22461.0,2.2,4.44
22461.0,2.2,4.44
22462.0,2.2,4.44
22462.0,2.2,4.44
22463.0,2.2,4.44
22464.0,2.32,4.44
22464.0,2.31,4.44
22465.0,2.32,4.44
22465.0,2.31,4.44
22466.0,2.32,4.44
22467.0,2.15,4.44
22467.0,2.15,4.44
22468.0,2.15,4.44
22468.0,2.15,4.44
22469.0,2.15,4.44
22469.0,2.15,4.44
22470.0,2.15,4.44
22471.0,2.15,4.44
22471.0,2.15,4.44
22472.0,2.15,4.44
22472.0,2.15,4.44
22473.0,2.42,4.44
22474.0,2.42,4.44
22474.0,2.42,4.44
22475.0,2.42,4.44
22475.0,2.42,4.44
22476.0,2.42,4.44
22477.0,2.42,4.44
22477.0,2.42,4.44
22478.0,2.42,4.44
22478.0,2.42,4.44
22479.0,2.66,4.44
22479.0,2.66,4.44
22480.0,2.66,4.44
22481.0,2.66,4.44
22481.0,2.66,4.44
22482.0,2.66,4.44
22482.0,2.8,4.44
22483.0,2.8,4.44
22484.0,2.8,4.44
22484.0,2.8,4.44
22485.0,2.8,4.44
22485.0,2.42,4.44
22486.0,2.42,4.44
22486.0,2.42,4.44
22487.0,2.42,4.44
22488.0,2.42,4.44
22488.0,2.17,4.44
22489.0,2.17,4.44
22489.0,2.17,4.44
22490.0,2.17,4.44
22491.0,2.17,4.44
22491.0,2.17,4.44
22492.0,2.21,4.44
22492.0,2.21,4.44
22493.0,2.21,4.44
22494.0,2.21,4.44
22494.0,2.21,4.44
22495.0,2.23,4.44
22495.0,2.23,4.44
22496.0,2.23,4.44
22496.0,2.23,4.44
22497.0,2.23,4.44
22498.0,2.38,4.44
22498.0,2.38,4.44
22499.0,2.38,4.44
22499.0,2.38,4.44
22500.0,2.38,4.44
22501.0,2.38,4.44
22501.0,2.38,4.44
22502.0,2.38,4.44
22502.0,2.38,4.44
22503.0,2.38,4.44
22504.0,2.38,4.44
22504.0,2.3,4.44
22505.0,2.3,4.44
22505.0,2.3,4.44
22506.0,2.3,4.44
22506.0,2.3,4.44
22507.0,2.2,4.44
22508.0,2.2,4.44
22508.0,2.2,4.44
22509.0,2.2,4.44
22509.0,2.2,4.44
22510.0,2.37,4.44
22511.0,2.37,4.44
22511.0,2.37,4.44
22512.0,2.37,4.44
22512.0,2.37,4.44
22513.0,2.37,4.44
22514.0,2.42,4.44
22514.0,2.42,4.44
22515.0,2.42,4.44
22515.0,2.42,4.44
22516.0,2.42,4.44
22517.0,2.29,4.44
22517.0,2.28,4.44
22518.0,2.29,4.44
22518.0,2.28,4.44
22519.0,2.29,4.44
22519.0,2.05,4.44
22520.0,2.05,4.44
22521.0,2.05,4.44
22521.0,2.05,4.44
22522.0,2.05,4.44
22522.0,2.05,4.44
22523.0,2.16,4.44
22524.0,2.16,4.44
22524.0,2.16,4.44
22525.0,2.16,4.44
22525.0,2.16,4.44
22526.0,2.36,4.44
22526.0,2.36,4.44
22527.0,2.36,4.44
22528.0,2.36,4.44
22528.0,2.36,4.44
22529.0,1.96,4.44
22529.0,1.97,4.44
22530.0,1.96,4.44
22531.0,1.97,4.44
22531.0,1.96,4.44
22532.0,1.97,4.44
22532.0,2.13,4.44
22533.0,2.13,4.44
22534.0,2.13,4.44
22534.0,2.13,4.44
22535.0,2.13,4.44
22535.0,2.53,4.44
22536.0,2.53,4.44
22536.0,2.53,4.44
22537.0,2.53,4.44
22538.0,2.53,4.44
22538.0,2.58,4.44
22539.0,2.58,4.44
22539.0,2.58,4.44
22540.0,2.58,4.44
22541.0,2.58,4.44
22541.0,2.46,4.44
22542.0,2.46,4.44
22542.0,2.46,4.44
22543.0,2.46,4.44
22543.0,2.46,4.44
22544.0,2.46,4.44
22545.0,2.37,4.44
22545.0,2.37,4.44
22546.0,2.37,4.44
22546.0,2.37,4.44
22547.0,2.37,4.44
22548.0,2.26,4.44
22548.0,2.26,4.44
22549.0,2.26,4.44
22549.0,2.26,4.44
22550.0,2.26,4.44
22551.0,2.23,4.44
22551.0,2.23,4.44
22552.0,2.23,4.44
22552.0,2.23,4.44
22553.0,2.23,4.44
22553.0,2.23,4.44
22554.0,2.12,4.44
22555.0,2.11,4.44
22555.0,2.12,4.44
22556.0,2.11,4.44
22556.0,2.12,4.44
22557.0,2.14,4.44
22558.0,2.14,4.44
22558.0,2.14,4.44
22559.0,2.14,4.44
22559.0,2.14,4.44
22560.0,2.32,4.44
22560.0,2.32,4.44
22561.0,2.32,4.44
22562.0,2.32,4.44
22562.0,2.32,4.44
22563.0,2.32,4.44
22563.0,2.32,4.44
22564.0,2.31,4.44
22565.0,2.32,4.44
22565.0,2.31,4.44
22566.0,2.32,4.44
22566.0,2.53,4.44
22567.0,2.53,4.44
22568.0,2.53,4.44
22568.0,2.53,4.44
22569.0,2.53,4.44
22569.0,2.49,4.44
22570.0,2.49,4.44
22570.0,2.49,4.44
22571.0,2.49,4.44
22572.0,2.49,4.44
22572.0,2.49,4.44
22573.0,2.41,4.44
22573.0,2.41,4.44
22574.0,2.41,4.44
22575.0,2.41,4.44
22575.0,2.41,4.44
22576.0,2.62,4.44
22576.0,2.62,4.44
22577.0,2.62,4.44
22578.0,2.62,4.44
22578.0,2.62,4.44
22579.0,2.6,4.44
22579.0,2.59,4.44
22580.0,2.6,4.44
22580.0,2.59,4.44
22581.0,2.6,4.44
22582.0,2.59,4.44
22582.0,2.34,4.44
22583.0,2.33,4.44
22583.0,2.34,4.44
22584.0,2.33,4.44
22585.0,2.34,4.44
22585.0,2.25,4.44
22586.0,2.26,4.44
22586.0,2.25,4.44
22587.0,2.26,4.44
22587.0,2.25,4.44
22588.0,2.23,4.44
22589.0,2.23,4.44
22589.0,2.23,4.44
22590.0,2.23,4.44
22590.0,2.23,4.44
22591.0,2.23,4.44
22592.0,2.14,4.44
22592.0,2.14,4.44
22593.0,2.14,4.44
22593.0,2.14,4.44
22594.0,2.14,4.44
22594.0,2.09,4.44
22595.0,2.09,4.44
22596.0,2.09,4.44
22596.0,2.09,4.44
22597.0,2.09,4.44
22597.0,2.26,4.44
22598.0,2.25,4.44
22599.0,2.26,4.44
22599.0,2.25,4.44
22600.0,2.26,4.44
22600.0,2.25,4.44
22601.0,2.28,4.44
22602.0,2.27,4.44
22602.0,2.28,4.44
22603.0,2.27,4.44
22603.0,2.28,4.44
22604.0,2.39,4.44
22604.0,2.39,4.44
22605.0,2.39,4.44
22606.0,2.39,4.44
22606.0,2.39,4.44
22607.0,2.36,4.44
22607.0,2.36,4.44
22608.0,2.36,4.44
22609.0,2.36,4.44
22609.0,2.36,4.44
22610.0,2.36,4.44
22610.0,2.33,4.44
22611.0,2.33,4.44
22612.0,2.33,4.44
22612.0,2.33,4.44
22613.0,2.33,4.44
22613.0,2.35,4.44
22614.0,2.35,4.44
22615.0,2.35,4.44
22615.0,2.35,4.44
22616.0,2.35,4.44
22616.0,2.36,4.44
22617.0,2.36,4.44
22617.0,2.36,4.44
22618.0,2.36,4.44
22619.0,2.36,4.44
22619.0,2.38,4.44
22620.0,2.38,4.44
22620.0,2.38,4.44
22621.0,2.38,4.44
22622.0,2.38,4.44
22622.0,2.38,4.44
22623.0,2.2,4.44
22623.0,2.2,4.44
22624.0,2.2,4.44
22625.0,2.2,4.44
22625.0,2.2,4.44
22626.0,2.12,4.44
22626.0,2.12,4.44
22627.0,2.12,4.44
22627.0,2.12,4.44
22628.0,2.12,4.44
22629.0,2.35,4.44
22629.0,2.35,4.44
22630.0,2.35,4.44
22630.0,2.35,4.44
22631.0,2.35,4.44
22632.0,2.35,4.44
22632.0,2.42,4.44
22633.0,2.42,4.44
22633.0,2.42,4.44
22634.0,2.42,4.44
22634.0,2.42,4.44
22635.0,2.4,4.44
22636.0,2.4,4.44
22636.0,2.4,4.44
22637.0,2.4,4.44
22637.0,2.4,4.44
22638.0,2.47,4.44
22639.0,2.47,4.44
22639.0,2.47,4.44
22640.0,2.47,4.44
22640.0,2.47,4.44
22641.0,2.47,4.44
22642.0,2.13,4.44
22642.0,2.13,4.44
22643.0,2.13,4.44
22643.0,2.13,4.44
22644.0,2.13,4.44
22644.0,2.04,4.44
22645.0,2.04,4.44
22646.0,2.04,4.44
22646.0,2.04,4.44
22647.0,2.04,4.44
22647.0,2.34,4.44
22648.0,2.34,4.44
22649.0,2.34,4.44
22649.0,2.34,4.44
22650.0,2.34,4.44
22650.0,2.34,4.44
22651.0,2.26,4.44
22651.0,2.26,4.44
22652.0,2.26,4.44
22653.0,2.26,4.44
22653.0,2.26,4.44
22654.0,2.44,4.44
22654.0,2.44,4.44
22655.0,2.44,4.44
22656.0,2.44,4.44
22656.0,2.44,4.44
22657.0,2.58,4.44
22657.0,2.58,4.44
22658.0,2.58,4.44
22659.0,2.58,4.44
22659.0,2.58,4.44
22660.0,2.59,4.44
22660.0,2.58,4.44
22661.0,2.59,4.44
22661.0,2.58,4.44
22662.0,2.59,4.44
22663.0,2.58,4.44
22663.0,2.32,4.44
22664.0,2.31,4.44
22664.0,2.32,4.44
22665.0,2.31,4.44
22666.0,2.32,4.44
22666.0,2.09,4.44
22667.0,2.09,4.44
22667.0,2.09,4.44
22668.0,2.09,4.44
22668.0,2.09,4.44
22669.0,2.13,4.44
22670.0,2.13,4.44
22670.0,2.13,4.44
22671.0,2.13,4.44
22671.0,2.13,4.44
22672.0,2.13,4.44
22673.0,2.36,4.44
22673.0,2.36,4.44
22674.0,2.36,4.44
22674.0,2.36,4.44
22675.0,2.36,4.44
22676.0,2.53,4.44
22676.0,2.53,4.44
22677.0,2.53,4.44
22677.0,2.53,4.44
22678.0,2.53,4.44
22678.0,2.46,4.44
22679.0,2.46,4.44
22680.0,2.46,4.44
22680.0,2.46,4.44
22681.0,2.46,4.44
22681.0,2.46,4.44
22682.0,2.27,4.44
22683.0,2.27,4.44
22683.0,2.27,4.44
22684.0,2.27,4.44
22684.0,2.27,4.44
22685.0,2.14,4.44
22686.0,2.14,4.44
22686.0,2.14,4.44
22687.0,2.14,4.44
22687.0,2.14,4.44
22688.0,2.08,4.44
22688.0,2.08,4.44
22689.0,2.08,4.44
22690.0,2.08,4.44
22690.0,2.08,4.44
22691.0,2.08,4.44
22691.0,2.2,4.44
22692.0,2.2,4.44
22693.0,2.2,4.44
22693.0,2.2,4.44
22694.0,2.2,4.44
22694.0,2.09,4.44
22695.0,2.09,4.44
22695.0,2.09,4.44
22696.0,2.09,4.44
22697.0,2.09,4.44
22697.0,2.12,4.44
22698.0,2.12,4.44
22698.0,2.12,4.44
22699.0,2.12,4.44
22700.0,2.12,4.44
22700.0,2.12,4.44
22701.0,2.37,4.44
22701.0,2.37,4.44
22702.0,2.37,4.44
22702.0,2.37,4.44
22703.0,2.37,4.44
22704.0,2.32,4.44
22704.0,2.32,4.44
22705.0,2.32,4.44
22705.0,2.32,4.44
22706.0,2.32,4.44
22707.0,2.25,4.44
22707.0,2.25,4.44
22708.0,2.25,4.44
22708.0,2.25,4.44
22709.0,2.25,4.44
22710.0,2.25,4.44
22710.0,2.09,4.44
22711.0,2.09,4.44
22711.0,2.09,4.44
22712.0,2.09,4.44
22712.0,2.09,4.44
22713.0,2.25,4.44
22714.0,2.26,4.44
22714.0,2.25,4.44
22715.0,2.26,4.44
22716.0,2.25,4.44
22716.0,2.4,4.44
22717.0,2.4,4.44
22717.0,2.4,4.44
22718.0,2.4,4.44
22718.0,2.4,4.44
22719.0,2.55,4.44
22720.0,2.55,4.44
22720.0,2.55,4.44
22721.0,2.55,4.44
22721.0,2.55,4.44
22722.0,2.55,4.44
22723.0,2.71,4.44
22723.0,2.71,4.44
22724.0,2.71,4.44
22724.0,2.71,4.44
22725.0,2.71,4.44
22725.0,2.38,4.44
22726.0,2.38,4.44
22727.0,2.38,4.44
22727.0,2.38,4.44
22728.0,2.38,4.44
22728.0,2.1,4.44
22729.0,2.11,4.44
22730.0,2.1,4.44
22730.0,2.11,4.44
22731.0,2.1,4.44
22731.0,2.11,4.44
22732.0,2.12,4.44
22733.0,2.12,4.44
22733.0,2.12,4.44
22734.0,2.12,4.44
22734.0,2.12,4.44
22735.0,2.41,4.44
22735.0,2.41,4.44
22736.0,2.41,4.44
22737.0,2.41,4.44
22737.0,2.41,4.44
22738.0,2.48,4.44
22738.0,2.48,4.44
22739.0,2.48,4.44
22740.0,2.48,4.44
22740.0,2.48,4.44
22741.0,2.48,4.44
22741.0,2.43,4.44
22742.0,2.43,4.44
22742.0,2.43,4.44
22743.0,2.43,4.44
22744.0,2.43,4.44
22744.0,2.35,4.44
22745.0,2.35,4.44
22745.0,2.35,4.44
22746.0,2.35,4.44
22747.0,2.35,4.44
22747.0,2.21,4.44
22748.0,2.21,4.44
22748.0,2.21,4.44
22749.0,2.21,4.44
22750.0,2.21,4.44
22750.0,2.21,4.44
22751.0,2.17,4.44
22751.0,2.17,4.44
22752.0,2.17,4.44
22752.0,2.17,4.44
22753.0,2.17,4.44
22754.0,2.21,4.44
22754.0,2.21,4.44
22755.0,2.21,4.44
22755.0,2.21,4.44
22756.0,2.21,4.44
22757.0,2.34,4.44
22757.0,2.34,4.44
22758.0,2.34,4.44
22758.0,2.34,4.44
22759.0,2.34,4.44
22759.0,2.34,4.44
22760.0,2.31,4.44
22761.0,2.31,4.44
22761.0,2.31,4.44
22762.0,2.31,4.44
22762.0,2.31,4.44
22763.0,2.5,4.44
22764.0,2.5,4.44
22764.0,2.5,4.44
22765.0,2.5,4.44
22765.0,2.5,4.44
22766.0,2.48,4.44
22767.0,2.48,4.44
22767.0,2.48,4.44
22768.0,2.48,4.44
22768.0,2.48,4.44
22769.0,2.19,4.44
22769.0,2.19,4.44
22770.0,2.19,4.44
22771.0,2.19,4.44
22771.0,2.19,4.44
22772.0,2.19,4.44
22772.0,2.15,4.44
22773.0,2.15,4.44
22774.0,2.15,4.44
22774.0,2.15,4.44
22775.0,2.15,4.44
22775.0,2.24,4.44
22776.0,2.24,4.44
22776.0,2.24,4.44
22777.0,2.24,4.44
22778.0,2.24,4.44
22778.0,2.62,4.44
22779.0,2.61,4.44
22779.0,2.62,4.44
22780.0,2.61,4.44
22781.0,2.62,4.44
22781.0,2.61,4.44
22782.0,2.56,4.44
22782.0,2.56,4.44
22783.0,2.56,4.44
22784.0,2.56,4.44
22784.0,2.56,4.44
22785.0,2.28,4.44
22785.0,2.28,4.44
22786.0,2.28,4.44
22786.0,2.28,4.44
22787.0,2.28,4.44
22788.0,1.83,4.44
22788.0,1.83,4.44
22789.0,1.83,4.44
22789.0,1.83,4.44
22790.0,1.83,4.44
22791.0,1.83,4.44
22791.0,1.86,4.44
22792.0,1.85,4.44
22792.0,1.86,4.44
22793.0,1.85,4.44
22794.0,1.86,4.44
22794.0,2.54,4.44
22795.0,2.55,4.44
22795.0,2.54,4.44
22796.0,2.55,4.44
22796.0,2.54,4.44
22797.0,2.57,4.44
22798.0,2.56,4.44
22798.0,2.57,4.44
22799.0,2.56,4.44
22799.0,2.57,4.44
22800.0,2.56,4.44
22801.0,2.46,4.44
22801.0,2.46,4.44
22802.0,2.46,4.44
22802.0,2.46,4.44
22803.0,2.46,4.44
22803.0,2.46,4.44
22804.0,2.46,4.44
22805.0,2.46,4.44
22805.0,2.46,4.44
22806.0,2.46,4.44
22806.0,2.08,4.44
22807.0,2.08,4.44
22808.0,2.08,4.44
22808.0,2.08,4.44
22809.0,2.08,4.44
22809.0,2.08,4.44
22810.0,2.07,4.44
22811.0,2.06,4.44
22811.0,2.07,4.44
22812.0,2.06,4.44
22812.0,2.07,4.44
22813.0,2.12,4.44
22813.0,2.12,4.44
22814.0,2.12,4.44
22815.0,2.12,4.44
22815.0,2.12,4.44
22816.0,2.39,4.44
22816.0,2.39,4.44
22817.0,2.39,4.44
22818.0,2.39,4.44
22818.0,2.39,4.44
22819.0,2.69,4.44
22819.0,2.69,4.44
22820.0,2.69,4.44
22821.0,2.69,4.44
22821.0,2.69,4.44
22822.0,2.69,4.44
22822.0,2.52,4.44
22823.0,2.53,4.44
22824.0,2.52,4.44
22824.0,2.53,4.44
22825.0,2.52,4.44
22825.0,2.48,4.44
22826.0,2.48,4.44
22826.0,2.48,4.44
22827.0,2.48,4.44
22828.0,2.48,4.44
22828.0,2.26,4.44
22829.0,2.26,4.44
22829.0,2.26,4.44
22830.0,2.26,4.44
22831.0,2.26,4.44
22831.0,2.26,4.44
22832.0,2.03,4.44
22832.0,2.03,4.44
22833.0,2.03,4.44
22833.0,2.03,4.44
22834.0,2.03,4.44
22835.0,2.25,4.44
22835.0,2.25,4.44
22836.0,2.25,4.44
22836.0,2.25,4.44
22837.0,2.25,4.44
22838.0,2.49,4.44
22838.0,2.49,4.44
22839.0,2.49,4.44
22839.0,2.49,4.44
22840.0,2.49,4.44
22841.0,2.49,4.44
22841.0,2.39,4.44
22842.0,2.39,4.44
22842.0,2.39,4.44
22843.0,2.39,4.44
22843.0,2.39,4.44
22844.0,2.15,4.44
22845.0,2.15,4.44
22845.0,2.15,4.44
22846.0,2.15,4.44
22846.0,2.15,4.44
22847.0,2.1,4.44
22848.0,2.1,4.44
22848.0,2.1,4.44
22849.0,2.1,4.44
22849.0,2.1,4.44
22850.0,2.1,4.44
22850.0,2.04,4.44
22851.0,2.05,4.44
22852.0,2.04,4.44
22852.0,2.05,4.44
22853.0,2.04,4.44
22853.0,2.22,4.44
22854.0,2.22,4.44
22855.0,2.22,4.44
22855.0,2.22,4.44
22856.0,2.22,4.44
22856.0,2.28,4.44
22857.0,2.28,4.44
22858.0,2.28,4.44
22858.0,2.28,4.44
22859.0,2.28,4.44
22859.0,2.28,4.44
22860.0,2.61,4.44
22860.0,2.62,4.44
22861.0,2.61,4.44
22862.0,2.62,4.44
22862.0,2.61,4.44
22863.0,2.74,4.44
22863.0,2.74,4.44
22864.0,2.74,4.44
22865.0,2.74,4.44
22865.0,2.74,4.44
22866.0,2.24,4.44
22866.0,2.24,4.44
22867.0,2.24,4.44
22868.0,2.24,4.44
22868.0,2.24,4.44
22869.0,2.24,4.44
22869.0,2.19,4.44
22870.0,2.19,4.44
22870.0,2.19,4.44
22871.0,2.19,4.44
22872.0,2.19,4.44
22872.0,2.32,4.44
22873.0,2.31,4.44
22873.0,2.32,4.44
22874.0,2.31,4.44
22875.0,2.32,4.44
22875.0,2.31,4.44
22876.0,2.31,4.44
22876.0,2.31,4.44
22877.0,2.31,4.44
22877.0,2.31,4.44
22878.0,2.31,4.44
22879.0,2.55,4.44
22879.0,2.55,4.44
22880.0,2.55,4.44
22880.0,2.55,4.44
22881.0,2.55,4.44
22882.0,2.54,4.44
22882.0,2.54,4.44
22883.0,2.54,4.44
22883.0,2.54,4.44
22884.0,2.54,4.44
22884.0,2.45,4.44
22885.0,2.45,4.44
22886.0,2.45,4.44
22886.0,2.45,4.44
22887.0,2.45,4.44
22887.0,2.27,4.44
22888.0,2.27,4.44
22889.0,2.27,4.44
22889.0,2.27,4.44
22890.0,2.27,4.44
22890.0,2.27,4.44
22891.0,2.05,4.44
22892.0,2.05,4.44
22892.0,2.05,4.44
22893.0,2.05,4.44
22893.0,2.05,4.44
22894.0,2.28,4.44
22894.0,2.29,4.44
22895.0,2.28,4.44
22896.0,2.29,4.44
22896.0,2.28,4.44
22897.0,2.53,4.44
22897.0,2.53,4.44
22898.0,2.53,4.44
22899.0,2.53,4.44
22899.0,2.53,4.44
22900.0,2.53,4.44
22900.0,2.63,4.44
22901.0,2.63,4.44
22902.0,2.63,4.44
22902.0,2.63,4.44
22903.0,2.63,4.44
22903.0,2.37,4.44
22904.0,2.37,4.44
22904.0,2.37,4.44
22905.0,2.37,4.44
22906.0,2.37,4.44
22906.0,2.2,4.44
22907.0,2.2,4.44
22907.0,2.2,4.44
22908.0,2.2,4.44
22909.0,2.2,4.44
22909.0,2.2,4.44
22910.0,2.31,4.44
22910.0,2.3,4.44
22911.0,2.31,4.44
22911.0,2.3,4.44
22912.0,2.31,4.44
22913.0,2.42,4.44
22913.0,2.42,4.44
22914.0,2.42,4.44
22914.0,2.42,4.44
22915.0,2.42,4.44
22916.0,2.3,4.44
22916.0,2.29,4.44
22917.0,2.3,4.44
22917.0,2.29,4.44
22918.0,2.3,4.44
22919.0,2.29,4.44
22919.0,2.36,4.44
22920.0,2.36,4.44
22920.0,2.36,4.44
22921.0,2.36,4.44
22922.0,2.36,4.44
22922.0,2.31,4.44
22923.0,2.32,4.44
22923.0,2.31,4.44
22924.0,2.32,4.44
22924.0,2.31,4.44
22925.0,2.21,4.44
22926.0,2.21,4.44
22926.0,2.21,4.44
22927.0,2.21,4.44
22927.0,2.21,4.44
22928.0,2.2,4.44
22929.0,2.2,4.44
22929.0,2.2,4.44
22930.0,2.2,4.44
22930.0,2.2,4.44
22931.0,2.2,4.44
22932.0,2.17,4.44
22932.0,2.17,4.44
22933.0,2.17,4.44
22933.0,2.17,4.44
22934.0,2.17,4.44
22934.0,2.19,4.44
22935.0,2.19,4.44
22936.0,2.19,4.44
22936.0,2.19,4.44
22937.0,2.19,4.44
22937.0,2.35,4.44
22938.0,2.35,4.44
22939.0,2.35,4.44
22939.0,2.35,4.44
22940.0,2.35,4.44
22940.0,2.35,4.44
22941.0,2.55,4.44
22941.0,2.55,4.44
22942.0,2.55,4.44
22943.0,2.55,4.44
22943.0,2.55,4.44
22944.0,2.22,4.44
22944.0,2.22,4.44
22945.0,2.22,4.44
22946.0,2.22,4.44
22946.0,2.22,4.44
22947.0,2.01,4.44
22947.0,2.01,4.44
22948.0,2.01,4.44
22949.0,2.01,4.44
22949.0,2.01,4.44
22950.0,2.01,4.44
22950.0,2.18,4.44
22951.0,2.18,4.44
22951.0,2.18,4.44
22952.0,2.18,4.44
22953.0,2.18,4.44
22953.0,2.42,4.44
22954.0,2.42,4.44
22954.0,2.42,4.44
22955.0,2.42,4.44
22956.0,2.42,4.44
22956.0,2.59,4.44
22957.0,2.59,4.44
22957.0,2.59,4.44
22958.0,2.59,4.44
22958.0,2.59,4.44
22959.0,2.59,4.44
22960.0,2.35,4.44
22960.0,2.35,4.44
22961.0,2.35,4.44
22961.0,2.35,4.44
22962.0,2.35,4.44
22963.0,2.08,4.44
22963.0,2.08,4.44
22964.0,2.08,4.44
22964.0,2.08,4.44
22965.0,2.08,4.44
22966.0,2.06,4.44
22966.0,2.07,4.44
22967.0,2.06,4.44
22967.0,2.07,4.44
22968.0,2.06,4.44
22968.0,2.07,4.44
22969.0,2.01,4.44
22970.0,2.02,4.44
22970.0,2.01,4.44
22971.0,2.02,4.44
22971.0,2.01,4.44
22972.0,2.05,4.44
22973.0,2.05,4.44
22973.0,2.05,4.44
22974.0,2.05,4.44
22974.0,2.05,4.44
22975.0,2.17,4.44
22976.0,2.17,4.44
22976.0,2.17,4.44
22977.0,2.17,4.44
22977.0,2.17,4.44
22978.0,2.17,4.44
22978.0,2.65,4.44
22979.0,2.65,4.44
22980.0,2.65,4.44
22980.0,2.65,4.44
22981.0,2.65,4.44
22981.0,2.63,4.44
22982.0,2.63,4.44
22983.0,2.63,4.44
22983.0,2.63,4.44
22984.0,2.63,4.44
22984.0,2.33,4.44
22985.0,2.34,4.44
22985.0,2.33,4.44
22986.0,2.34,4.44
22987.0,2.33,4.44
22987.0,2.34,4.44
22988.0,1.87,4.44
22988.0,1.87,4.44
22989.0,1.87,4.44
22990.0,1.87,4.44
22990.0,1.87,4.44
22991.0,1.91,4.44
22991.0,1.91,4.44
22992.0,1.91,4.44
22993.0,1.91,4.44
22993.0,1.91,4.44
22994.0,2.28,4.44
22994.0,2.28,4.44
22995.0,2.28,4.44
22995.0,2.28,4.44
22996.0,2.28,4.44
22997.0,2.28,4.44
22997.0,2.48,4.44
22998.0,2.48,4.44
22998.0,2.48,4.44
22999.0,2.48,4.44
23000.0,2.48,4.44
23000.0,2.34,4.44
23001.0,2.34,4.44
23001.0,2.34,4.44
23002.0,2.34,4.44
23002.0,2.34,4.44
23003.0,2.24,4.44
23004.0,2.24,4.44
23004.0,2.24,4.44
23005.0,2.24,4.44
23005.0,2.24,4.44
23006.0,2.33,4.44
23007.0,2.32,4.44
23007.0,2.33,4.44
23008.0,2.32,4.44
23008.0,2.33,4.44
23009.0,2.32,4.44
23010.0,2.19,4.44
23010.0,2.19,4.44
23011.0,2.19,4.44
23011.0,2.19,4.44
23012.0,2.19,4.44
23012.0,2.09,4.44
23013.0,2.1,4.44
23014.0,2.09,4.44
23014.0,2.1,4.44
23015.0,2.09,4.44
23015.0,2.48,4.44
23016.0,2.48,4.44
23017.0,2.48,4.44
23017.0,2.48,4.44
23018.0,2.48,4.44
23018.0,2.48,4.44
23019.0,2.66,4.44
23020.0,2.66,4.44
23020.0,2.66,4.44
23021.0,2.66,4.44
23021.0,2.66,4.44
23022.0,2.53,4.44
23023.0,2.53,4.44
23023.0,2.53,4.44
23024.0,2.53,4.44
23024.0,2.53,4.44
23025.0,2.43,4.44
23025.0,2.43,4.44
23026.0,2.43,4.44
23027.0,2.43,4.44
23027.0,2.43,4.44
23028.0,2.43,4.44
23028.0,2.23,4.44
23029.0,2.23,4.44
23030.0,2.23,4.44
23030.0,2.23,4.44
23031.0,2.23,4.44
23031.0,2.11,4.44
23032.0,2.11,4.44
23032.0,2.11,4.44
23033.0,2.11,4.44
23034.0,2.11,4.44
23034.0,2.38,4.44
23035.0,2.38,4.44
23035.0,2.38,4.44
23036.0,2.38,4.44
23037.0,2.38,4.44
23037.0,2.38,4.44
23038.0,2.69,4.44
23038.0,2.69,4.44
23039.0,2.69,4.44
23040.0,2.69,4.44
23040.0,2.69,4.44
23041.0,2.77,4.44
23041.0,2.78,4.44
23042.0,2.77,4.44
23042.0,2.78,4.44
23043.0,2.77,4.44
23044.0,2.47,4.44
23044.0,2.47,4.44
23045.0,2.47,4.44
23045.0,2.47,4.44
23046.0,2.47,4.44
23047.0,2.39,4.44
23047.0,2.39,4.44
23048.0,2.39,4.44
23048.0,2.39,4.44
23049.0,2.39,4.44
23049.0,2.39,4.44
23050.0,2.29,4.44
23051.0,2.29,4.44
23051.0,2.29,4.44
23052.0,2.29,4.44
23052.0,2.29,4.44
23053.0,2.23,4.44
23054.0,2.23,4.44
23054.0,2.23,4.44
23055.0,2.23,4.44
23055.0,2.23,4.44
23056.0,2.15,4.44
23057.0,2.15,4.44
23057.0,2.15,4.44
23058.0,2.15,4.44
23058.0,2.15,4.44
23059.0,2.15,4.44
23059.0,2.33,4.44
23060.0,2.34,4.44
23061.0,2.33,4.44
23061.0,2.34,4.44
23062.0,2.33,4.44
23062.0,2.33,4.44
23063.0,2.33,4.44
23064.0,2.33,4.44
23064.0,2.33,4.44
23065.0,2.33,4.44
23065.0,2.18,4.44
23066.0,2.18,4.44
23066.0,2.18,4.44
23067.0,2.18,4.44
23068.0,2.18,4.44
23068.0,2.18,4.44
23069.0,2.08,4.44
23069.0,2.09,4.44
23070.0,2.08,4.44
23071.0,2.09,4.44
23071.0,2.08,4.44
23072.0,2.05,4.44
23072.0,2.05,4.44
23073.0,2.05,4.44
23074.0,2.05,4.44
23074.0,2.05,4.44
23075.0,2.22,4.44
23075.0,2.22,4.44
23076.0,2.22,4.44
23076.0,2.22,4.44
23077.0,2.22,4.44
23078.0,2.22,4.44
23078.0,2.54,4.44
23079.0,2.54,4.44
23079.0,2.54,4.44
23080.0,2.54,4.44
23081.0,2.54,4.44
23081.0,2.2,4.44
23082.0,2.2,4.44
23082.0,2.2,4.44
23083.0,2.2,4.44
23084.0,2.2,4.44
23084.0,1.97,4.44
23085.0,1.98,4.44
23085.0,1.97,4.44
23086.0,1.98,4.44
23086.0,1.97,4.44
23087.0,1.98,4.44
23088.0,2.14,4.44
23088.0,2.14,4.44
23089.0,2.14,4.44
23089.0,2.14,4.44
23090.0,2.14,4.44
23091.0,2.01,4.44
23091.0,2.01,4.44
23092.0,2.01,4.44
23092.0,2.01,4.44
23093.0,2.01,4.44
23093.0,2.28,4.44
23094.0,2.29,4.44
23095.0,2.28,4.44
23095.0,2.29,4.44
23096.0,2.28,4.44
23096.0,2.29,4.44
23097.0,2.54,4.44
23098.0,2.54,4.44
23098.0,2.54,4.44
23099.0,2.54,4.44
23099.0,2.54,4.44
23100.0,2.52,4.44
23101.0,2.51,4.44
23101.0,2.52,4.44
23102.0,2.51,4.44
23102.0,2.52,4.44
23103.0,2.57,4.44
23103.0,2.58,4.44
23104.0,2.57,4.44
23105.0,2.58,4.44
23105.0,2.57,4.44
23106.0,2.58,4.44
23106.0,2.12,4.44
23107.0,2.12,4.44
23108.0,2.12,4.44
23108.0,2.12,4.44
23109.0,2.12,4.44
23109.0,2.15,4.44
23110.0,2.15,4.44
23110.0,2.15,4.44
23111.0,2.15,4.44
23112.0,2.15,4.44
23112.0,2.2,4.44
23113.0,2.2,4.44
23113.0,2.2,4.44
23114.0,2.2,4.44
23115.0,2.2,4.44
23115.0,2.35,4.44
23116.0,2.35,4.44
23116.0,2.35,4.44
23117.0,2.35,4.44
23118.0,2.35,4.44
23118.0,2.35,4.44
23119.0,2.57,4.44
23119.0,2.56,4.44
23120.0,2.57,4.44
23121.0,2.56,4.44
23121.0,2.57,4.44
23122.0,2.36,4.44
23122.0,2.37,4.44
23123.0,2.36,4.44
23123.0,2.37,4.44
23124.0,2.36,4.44
23125.0,2.13,4.44
23125.0,2.13,4.44
23126.0,2.13,4.44
23126.0,2.13,4.44
23127.0,2.13,4.44
23128.0,2.13,4.44
23128.0,2.11,4.44
23129.0,2.1,4.44
23129.0,2.11,4.44
23130.0,2.1,4.44
23131.0,2.11,4.44
23131.0,2.19,4.44
23132.0,2.19,4.44
23132.0,2.19,4.44
23133.0,2.19,4.44
23133.0,2.19,4.44
23134.0,2.11,4.44
23135.0,2.11,4.44
23135.0,2.11,4.44
23136.0,2.11,4.44
23136.0,2.11,4.44
23137.0,2.11,4.44
23138.0,2.34,4.44
23138.0,2.34,4.44
23139.0,2.34,4.44
23139.0,2.34,4.44
23140.0,2.34,4.44
23140.0,2.47,4.44
23141.0,2.47,4.44
23142.0,2.47,4.44
23142.0,2.47,4.44
23143.0,2.47,4.44
23143.0,2.3,4.44
23144.0,2.29,4.44
23145.0,2.3,4.44
23145.0,2.29,4.44
23146.0,2.3,4.44
23146.0,2.29,4.44
23147.0,2.22,4.44
23148.0,2.22,4.44
23148.0,2.22,4.44
23149.0,2.22,4.44
23149.0,2.22,4.44
23150.0,2.13,4.44
23150.0,2.13,4.44
23151.0,2.13,4.44
23152.0,2.13,4.44
23152.0,2.13,4.44
23153.0,2.27,4.44
23153.0,2.27,4.44
23154.0,2.27,4.44
23155.0,2.27,4.44
23155.0,2.27,4.44
23156.0,2.27,4.44
23156.0,2.66,4.44
23157.0,2.66,4.44
23158.0,2.66,4.44
23158.0,2.66,4.44
23159.0,2.66,4.44
23159.0,2.75,4.44
23160.0,2.75,4.44
23160.0,2.75,4.44
23161.0,2.75,4.44
23162.0,2.75,4.44
23162.0,2.41,4.44
23163.0,2.41,4.44
23163.0,2.41,4.44
23164.0,2.41,4.44
23165.0,2.41,4.44
23165.0,2.33,4.44
23166.0,2.34,4.44
23166.0,2.33,4.44
23167.0,2.34,4.44
23167.0,2.33,4.44
23168.0,2.34,4.44
23169.0,1.92,4.44
23169.0,1.92,4.44
23170.0,1.92,4.44
23170.0,1.92,4.44
23171.0,1.92,4.44
23172.0,1.96,4.44
23172.0,1.96,4.44
23173.0,1.96,4.44
23173.0,1.96,4.44
23174.0,1.96,4.44
23174.0,2.2,4.44
23175.0,2.2,4.44
23176.0,2.2,4.44
23176.0,2.2,4.44
23177.0,2.2,4.44
23177.0,2.2,4.44
23178.0,2.23,4.44
23179.0,2.23,4.44
23179.0,2.23,4.44
23180.0,2.23,4.44
23180.0,2.23,4.44
23181.0,2.31,4.44
23182.0,2.31,4.44
23182.0,2.31,4.44
23183.0,2.31,4.44
23183.0,2.31,4.44
23184.0,2.27,4.44
23184.0,2.27,4.44
23185.0,2.27,4.44
23186.0,2.27,4.44
23186.0,2.27,4.44
23187.0,2.27,4.44
23187.0,1.78,4.44
23188.0,1.78,4.44
23189.0,1.78,4.44
23189.0,1.78,4.44
23190.0,1.78,4.44
23190.0,1.86,4.44
23191.0,1.86,4.44
23192.0,1.86,4.44
23192.0,1.86,4.44
23193.0,1.86,4.44
23193.0,2.16,4.44
23194.0,2.16,4.44
23194.0,2.16,4.44
23195.0,2.16,4.44
23196.0,2.16,4.44
23196.0,2.16,4.44
23197.0,2.56,4.44
23197.0,2.56,4.44
23198.0,2.56,4.44
23199.0,2.56,4.44
23199.0,2.56,4.44
23200.0,2.8,4.44
23200.0,2.8,4.44
23201.0,2.8,4.44
23201.0,2.8,4.44
23202.0,2.8,4.44
23203.0,2.38,4.44
23203.0,2.38,4.44
23204.0,2.38,4.44
23204.0,2.38,4.44
23205.0,2.38,4.44
23206.0,2.38,4.44
23206.0,2.15,4.44
23207.0,2.15,4.44
23207.0,2.15,4.44
23208.0,2.15,4.44
23209.0,2.15,4.44
23209.0,2.19,4.44
23210.0,2.19,4.44
23210.0,2.19,4.44
23211.0,2.19,4.44
23211.0,2.19,4.44
23212.0,2.16,4.44
23213.0,2.16,4.44
23213.0,2.16,4.44
23214.0,2.16,4.44
23214.0,2.16,4.44
23215.0,2.16,4.44
23216.0,2.36,4.44
23216.0,2.37,4.44
23217.0,2.36,4.44
23217.0,2.37,4.44
23218.0,2.36,4.44
23218.0,2.48,4.44
23219.0,2.48,4.44
23220.0,2.48,4.44
23220.0,2.48,4.44
23221.0,2.48,4.44
23222.0,2.43,4.44
23222.0,2.43,4.44
23223.0,2.43,4.44
23223.0,2.43,4.44
23224.0,2.43,4.44
23224.0,2.41,4.44
23225.0,2.41,4.44
23226.0,2.41,4.44
23226.0,2.41,4.44
23227.0,2.41,4.44
23227.0,2.41,4.44
23228.0,2.0,4.44
23229.0,2.0,4.44
23229.0,2.0,4.44
23230.0,2.0,4.44
23230.0,2.0,4.44
23231.0,1.92,4.44
23231.0,1.92,4.44
23232.0,1.92,4.44
23233.0,1.92,4.44
23233.0,1.92,4.44
23234.0,2.31,4.44
23234.0,2.31,4.44
23235.0,2.31,4.44
23236.0,2.31,4.44
23236.0,2.31,4.44
23237.0,2.31,4.44
23237.0,2.44,4.44
23238.0,2.44,4.44
23239.0,2.44,4.44
23239.0,2.44,4.44
23240.0,2.44,4.44
23240.0,2.48,4.44
23241.0,2.48,4.44
23241.0,2.48,4.44
23242.0,2.48,4.44
23243.0,2.48,4.44
23243.0,2.39,4.44
23244.0,2.39,4.44
23244.0,2.39,4.44
23245.0,2.39,4.44
23246.0,2.39,4.44
23246.0,2.39,4.44
23247.0,2.17,4.44
23247.0,2.17,4.44
23248.0,2.17,4.44
23248.0,2.17,4.44
23249.0,2.17,4.44
23250.0,2.26,4.44
23250.0,2.26,4.44
23251.0,2.26,4.44
23251.0,2.26,4.44
23252.0,2.26,4.44
23253.0,2.47,4.44
23253.0,2.47,4.44
23254.0,2.47,4.44
23254.0,2.47,4.44
23255.0,2.47,4.44
23256.0,2.47,4.44
23256.0,2.44,4.44
23257.0,2.44,4.44
23257.0,2.44,4.44
23258.0,2.44,4.44
23258.0,2.44,4.44
23259.0,2.46,4.44
23260.0,2.46,4.44
23260.0,2.46,4.44
23261.0,2.46,4.44
23261.0,2.46,4.44
23262.0,2.32,4.44
23263.0,2.31,4.44
23263.0,2.32,4.44
23264.0,2.31,4.44
23264.0,2.32,4.44
23265.0,2.31,4.44
23266.0,1.98,4.44
23266.0,1.97,4.44
23267.0,1.98,4.44
23267.0,1.97,4.44
23268.0,1.98,4.44
23268.0,1.98,4.44
23269.0,1.98,4.44
23270.0,1.98,4.44
23270.0,1.98,4.44
23271.0,1.98,4.44
23271.0,2.22,4.44
23272.0,2.22,4.44
23273.0,2.22,4.44
23273.0,2.22,4.44
23274.0,2.22,4.44
23274.0,2.42,4.44
23275.0,2.42,4.44
23275.0,2.42,4.44
23276.0,2.42,4.44
23277.0,2.42,4.44
23277.0,2.42,4.44
23278.0,2.82,4.44
23278.0,2.82,4.44
23279.0,2.82,4.44
23280.0,2.82,4.44
23280.0,2.82,4.44
23281.0,2.39,4.44
23281.0,2.39,4.44
23282.0,2.39,4.44
23283.0,2.39,4.44
23283.0,2.39,4.44
23284.0,1.97,4.44
23284.0,1.97,4.44
23285.0,1.97,4.44
23285.0,1.97,4.44
23286.0,1.97,4.44
23287.0,1.97,4.44
23287.0,2.02,4.44
23288.0,2.02,4.44
23288.0,2.02,4.44
23289.0,2.02,4.44
23290.0,2.02,4.44
23290.0,2.08,4.44
23291.0,2.07,4.44
23291.0,2.08,4.44
23292.0,2.07,4.44
23292.0,2.08,4.44
23293.0,2.26,4.44
23294.0,2.26,4.44
23294.0,2.26,4.44
23295.0,2.26,4.44
23295.0,2.26,4.44
23296.0,2.26,4.44
23297.0,2.41,4.44
23297.0,2.41,4.44
23298.0,2.41,4.44
23298.0,2.41,4.44
23299.0,2.41,4.44
23300.0,2.45,4.44
23300.0,2.45,4.44
23301.0,2.45,4.44
23301.0,2.45,4.44
23302.0,2.45,4.44
23302.0,2.64,4.44
23303.0,2.64,4.44
23304.0,2.64,4.44
23304.0,2.64,4.44
23305.0,2.64,4.44
23305.0,2.64,4.44
23306.0,2.42,4.44
23307.0,2.42,4.44
23307.0,2.42,4.44
23308.0,2.42,4.44
23308.0,2.42,4.44
23309.0,1.99,4.44
23309.0,1.99,4.44
23310.0,1.99,4.44
23311.0,1.99,4.44
23311.0,1.99,4.44
23312.0,1.87,4.44
23312.0,1.87,4.44
23313.0,1.87,4.44
23314.0,1.87,4.44
23314.0,1.87,4.44
23315.0,1.87,4.44
23315.0,2.16,4.44
23316.0,2.16,4.44
23317.0,2.16,4.44
23317.0,2.16,4.44
23318.0,2.16,4.44
23318.0,2.52,4.44
23319.0,2.52,4.44
23319.0,2.52,4.44
23320.0,2.52,4.44
23321.0,2.52,4.44
23321.0,2.42,4.44
23322.0,2.42,4.44
23322.0,2.42,4.44
23323.0,2.42,4.44
23324.0,2.42,4.44
23324.0,2.32,4.44
23325.0,2.32,4.44
23325.0,2.32,4.44
23326.0,2.32,4.44
23327.0,2.32,4.44
23327.0,2.32,4.44
23328.0,2.32,4.44
23328.0,2.31,4.44
23329.0,2.32,4.44
23330.0,2.31,4.44
23330.0,2.32,4.44
23331.0,2.18,4.44
23331.0,2.18,4.44
23332.0,2.18,4.44
23332.0,2.18,4.44
23333.0,2.18,4.44
23334.0,2.13,4.44
23334.0,2.13,4.44
23335.0,2.13,4.44
23335.0,2.13,4.44
23336.0,2.13,4.44
23337.0,2.13,4.44
23337.0,2.36,4.44
23338.0,2.36,4.44
23338.0,2.36,4.44
23339.0,2.36,4.44
23340.0,2.36,4.44
23340.0,2.24,4.44
23341.0,2.24,4.44
23341.0,2.24,4.44
23342.0,2.24,4.44
23342.0,2.24,4.44
23343.0,2.29,4.44
23344.0,2.28,4.44
23344.0,2.29,4.44
23345.0,2.28,4.44
23345.0,2.29,4.44
23346.0,2.28,4.44
23347.0,2.26,4.44
23347.0,2.25,4.44
23348.0,2.26,4.44
23348.0,2.25,4.44
23349.0,2.26,4.44
23349.0,2.07,4.44
23350.0,2.07,4.44
23351.0,2.07,4.44
23351.0,2.07,4.44
23352.0,2.07,4.44
23352.0,2.05,4.44
23353.0,2.05,4.44
23354.0,2.05,4.44
23354.0,2.05,4.44
23355.0,2.05,4.44
23355.0,2.05,4.44
23356.0,2.18,4.44
23356.0,2.18,4.44
23357.0,2.18,4.44
23358.0,2.18,4.44
23358.0,2.18,4.44
23359.0,2.47,4.44
23359.0,2.47,4.44
23360.0,2.47,4.44
23361.0,2.47,4.44
23361.0,2.47,4.44
23362.0,2.42,4.44
23362.0,2.42,4.44
23363.0,2.42,4.44
23364.0,2.42,4.44
23364.0,2.42,4.44
23365.0,2.42,4.44
23365.0,2.14,4.44
23366.0,2.14,4.44
23366.0,2.14,4.44
23367.0,2.14,4.44
23368.0,2.14,4.44
23368.0,1.86,4.44
23369.0,1.86,4.44
23369.0,1.86,4.44
23370.0,1.86,4.44
23371.0,1.86,4.44
23371.0,2.13,4.44
23372.0,2.13,4.44
23372.0,2.13,4.44
23373.0,2.13,4.44
23374.0,2.13,4.44
23374.0,2.13,4.44
23375.0,2.41,4.44
23375.0,2.41,4.44
23376.0,2.41,4.44
23376.0,2.41,4.44
23377.0,2.41,4.44
23378.0,2.36,4.44
23378.0,2.37,4.44
23379.0,2.36,4.44
23379.0,2.37,4.44
23380.0,2.36,4.44
23381.0,2.58,4.44
23381.0,2.58,4.44
23382.0,2.58,4.44
23382.0,2.58,4.44
23383.0,2.58,4.44
23383.0,2.58,4.44
23384.0,2.4,4.44
23385.0,2.4,4.44
23385.0,2.4,4.44
23386.0,2.4,4.44
23386.0,2.4,4.44
23387.0,2.09,4.44
23388.0,2.09,4.44
23388.0,2.09,4.44
23389.0,2.09,4.44
23389.0,2.09,4.44
23390.0,2.09,4.44
23391.0,2.08,4.44
23391.0,2.09,4.44
23392.0,2.08,4.44
23392.0,2.09,4.44
23393.0,2.08,4.44
23393.0,2.09,4.44
23394.0,2.08,4.44
23395.0,2.09,4.44
23395.0,2.08,4.44
23396.0,2.09,4.44
23396.0,2.57,4.44
23397.0,2.57,4.44
23398.0,2.57,4.44
23398.0,2.57,4.44
23399.0,2.57,4.44
23399.0,2.77,4.44
23400.0,2.77,4.44
23400.0,2.77,4.44
23401.0,2.77,4.44
23402.0,2.77,4.44
23402.0,2.36,4.44
23403.0,2.37,4.44
23403.0,2.36,4.44
23404.0,2.37,4.44
23405.0,2.36,4.44
23405.0,2.37,4.44
23406.0,2.17,4.44
23406.0,2.17,4.44
23407.0,2.17,4.44
23408.0,2.17,4.44
23408.0,2.17,4.44
23409.0,2.24,4.44
23409.0,2.24,4.44
23410.0,2.24,4.44
23410.0,2.24,4.44
23411.0,2.24,4.44
23412.0,2.22,4.44
23412.0,2.22,4.44
23413.0,2.22,4.44
23413.0,2.22,4.44
23414.0,2.22,4.44
23415.0,2.22,4.44
23415.0,2.18,4.44
23416.0,2.18,4.44
23416.0,2.18,4.44
23417.0,2.18,4.44
23417.0,2.18,4.44
23418.0,2.09,4.44
23419.0,2.08,4.44
23419.0,2.09,4.44
23420.0,2.08,4.44
23420.0,2.09,4.44
23421.0,2.25,4.44
23422.0,2.25,4.44
23422.0,2.25,4.44
23423.0,2.25,4.44
23423.0,2.25,4.44
23424.0,2.25,4.44
23425.0,2.25,4.44
23425.0,2.25,4.44
23426.0,2.25,4.44
23426.0,2.25,4.44
23427.0,2.25,4.44
23428.0,1.99,4.44
23428.0,1.98,4.44
23429.0,1.99,4.44
23429.0,1.98,4.44
23430.0,1.99,4.44
23430.0,1.89,4.44
23431.0,1.89,4.44
23432.0,1.89,4.44
23432.0,1.89,4.44
23433.0,1.89,4.44
23433.0,2.2,4.44
23434.0,2.2,4.44
23435.0,2.2,4.44
23435.0,2.2,4.44
23436.0,2.2,4.44
23436.0,2.2,4.44
23437.0,2.39,4.44
23438.0,2.39,4.44
23438.0,2.39,4.44
23439.0,2.39,4.44
23439.0,2.39,4.44
23440.0,2.19,4.44
23440.0,2.19,4.44
23441.0,2.19,4.44
23442.0,2.19,4.44
23442.0,2.19,4.44
23443.0,2.19,4.44
23443.0,2.19,4.44
23444.0,2.19,4.44
23445.0,2.19,4.44
23445.0,2.19,4.44
23446.0,2.19,4.44
23446.0,2.17,4.44
23447.0,2.17,4.44
23448.0,2.17,4.44
23448.0,2.17,4.44
23449.0,2.17,4.44
23449.0,1.88,4.44
23450.0,1.88,4.44
23450.0,1.88,4.44
23451.0,1.88,4.44
23452.0,1.88,4.44
23452.0,1.9,4.44
23453.0,1.9,4.44
23453.0,1.9,4.44
23454.0,1.9,4.44
23455.0,1.9,4.44
23455.0,1.9,4.44
23456.0,2.2,4.44
23456.0,2.2,4.44
23457.0,2.2,4.44
23457.0,2.2,4.44
23458.0,2.2,4.44
23459.0,2.46,4.44
23459.0,2.46,4.44
23460.0,2.46,4.44
23460.0,2.46,4.44
23461.0,2.46,4.44
23462.0,2.53,4.44
23462.0,2.53,4.44
23463.0,2.53,4.44
23463.0,2.53,4.44
23464.0,2.53,4.44
23465.0,2.53,4.44
23465.0,2.29,4.44
23466.0,2.29,4.44
23466.0,2.29,4.44
23467.0,2.29,4.44
23467.0,2.29,4.44
23468.0,1.96,4.44
23469.0,1.97,4.44
23469.0,1.96,4.44
23470.0,1.97,4.44
23470.0,1.96,4.44
23471.0,1.87,4.44
23472.0,1.87,4.44
23472.0,1.87,4.44
23473.0,1.87,4.44
23473.0,1.87,4.44
23474.0,1.87,4.44
23474.0,2.03,4.44
23475.0,2.03,4.44
23476.0,2.03,4.44
23476.0,2.03,4.44
23477.0,2.03,4.44
23477.0,2.39,4.44
23478.0,2.39,4.44
23479.0,2.39,4.44
23479.0,2.39,4.44
23480.0,2.39,4.44
23480.0,2.55,4.44
23481.0,2.54,4.44
23482.0,2.55,4.44
23482.0,2.54,4.44
23483.0,2.55,4.44
23483.0,2.54,4.44
23484.0,2.28,4.44
23484.0,2.27,4.44
23485.0,2.28,4.44
23486.0,2.27,4.44
23486.0,2.28,4.44
23487.0,2.0,4.44
23487.0,2.0,4.44
23488.0,2.0,4.44
23489.0,2.0,4.44
23489.0,2.0,4.44
23490.0,2.06,4.44
23490.0,2.06,4.44
23491.0,2.06,4.44
23491.0,2.06,4.44
23492.0,2.06,4.44
23493.0,2.06,4.44
23493.0,2.27,4.44
23494.0,2.27,4.44
23494.0,2.27,4.44
23495.0,2.27,4.44
23496.0,2.27,4.44
23496.0,2.64,4.44
23497.0,2.64,4.44
23497.0,2.64,4.44
23498.0,2.64,4.44
23499.0,2.64,4.44
23499.0,2.61,4.44
23500.0,2.6,4.44
23500.0,2.61,4.44
23501.0,2.6,4.44
23501.0,2.61,4.44
23502.0,2.28,4.44
23503.0,2.29,4.44
23503.0,2.28,4.44
23504.0,2.29,4.44
23504.0,2.28,4.44
23505.0,2.29,4.44
23506.0,2.07,4.44
23506.0,2.07,4.44
23507.0,2.07,4.44
23507.0,2.07,4.44
23508.0,2.07,4.44
23508.0,1.98,4.44
23509.0,1.98,4.44
23510.0,1.98,4.44
23510.0,1.98,4.44
23511.0,1.98,4.44
23511.0,2.08,4.44
23512.0,2.08,4.44
23513.0,2.08,4.44
23513.0,2.08,4.44
23514.0,2.08,4.44
23514.0,2.08,4.44
23515.0,2.32,4.44
23516.0,2.33,4.44
23516.0,2.32,4.44
23517.0,2.33,4.44
23517.0,2.32,4.44
23518.0,2.35,4.44
23518.0,2.35,4.44
23519.0,2.35,4.44
23520.0,2.35,4.44
23520.0,2.35,4.44
23521.0,2.29,4.44
23521.0,2.29,4.44
23522.0,2.29,4.44
23523.0,2.29,4.44
23523.0,2.29,4.44
23524.0,2.29,4.44
23524.0,2.12,4.44
23525.0,2.12,4.44
23526.0,2.12,4.44
23526.0,2.12,4.44
23527.0,2.12,4.44
23527.0,1.98,4.44
23528.0,1.98,4.44
23529.0,1.98,4.44
23529.0,1.98,4.44
23530.0,1.98,4.44
23530.0,1.93,4.44
23531.0,1.93,4.44
23531.0,1.93,4.44
23532.0,1.93,4.44
23533.0,1.93,4.44
23533.0,2.16,4.44
23534.0,2.16,4.44
23534.0,2.16,4.44
23535.0,2.16,4.44
23536.0,2.16,4.44
23536.0,2.16,4.44
23537.0,2.48,4.44
23537.0,2.48,4.44
23538.0,2.48,4.44
23538.0,2.48,4.44
23539.0,2.48,4.44
23540.0,2.71,4.44
23540.0,2.71,4.44
23541.0,2.71,4.44
23541.0,2.71,4.44
23542.0,2.71,4.44
23543.0,2.58,4.44
23543.0,2.57,4.44
23544.0,2.58,4.44
23544.0,2.57,4.44
23545.0,2.58,4.44
23546.0,2.57,4.44
23546.0,2.21,4.44
23547.0,2.21,4.44
23547.0,2.21,4.44
23548.0,2.21,4.44
23548.0,2.21,4.44
23549.0,2.24,4.44
23550.0,2.24,4.44
23550.0,2.24,4.44
23551.0,2.24,4.44
23551.0,2.24,4.44
23552.0,2.38,4.44
23553.0,2.38,4.44
23553.0,2.38,4.44
23554.0,2.38,4.44
23554.0,2.38,4.44
23555.0,2.38,4.44
23556.0,2.35,4.44
23556.0,2.34,4.44
23557.0,2.35,4.44
23557.0,2.34,4.44
23558.0,2.35,4.44
23558.0,2.53,4.44
23559.0,2.53,4.44
23560.0,2.53,4.44
23560.0,2.53,4.44
23561.0,2.53,4.44
23561.0,2.51,4.44
23562.0,2.5,4.44
23563.0,2.51,4.44
23563.0,2.5,4.44
23564.0,2.51,4.44
23564.0,2.5,4.44
23565.0,2.23,4.44
23565.0,2.23,4.44
23566.0,2.23,4.44
23567.0,2.23,4.44
23567.0,2.23,4.44
23568.0,1.85,4.44
23568.0,1.86,4.44
23569.0,1.85,4.44
23570.0,1.86,4.44
23570.0,1.85,4.44
23571.0,1.98,4.44
23571.0,1.98,4.44
23572.0,1.98,4.44
23573.0,1.98,4.44
23573.0,1.98,4.44
23574.0,1.98,4.44
23574.0,2.27,4.44
23575.0,2.27,4.44
23575.0,2.27,4.44
23576.0,2.27,4.44
23577.0,2.27,4.44
23577.0,2.26,4.44
23578.0,2.26,4.44
23578.0,2.26,4.44
23579.0,2.26,4.44
23580.0,2.26,4.44
23580.0,2.56,4.44
23581.0,2.56,4.44
23581.0,2.56,4.44
23582.0,2.56,4.44
23582.0,2.56,4.44
23583.0,2.56,4.44
23584.0,2.56,4.44
23584.0,2.56,4.44
23585.0,2.56,4.44
23585.0,2.56,4.44
23586.0,2.56,4.44
23587.0,2.44,4.44
23587.0,2.44,4.44
23588.0,2.44,4.44
23588.0,2.44,4.44
23589.0,2.44,4.44
23590.0,2.11,4.44
23590.0,2.1,4.44
23591.0,2.11,4.44
23591.0,2.1,4.44
23592.0,2.11,4.44
23592.0,2.1,4.44
23593.0,2.02,4.44
23594.0,2.02,4.44
23594.0,2.02,4.44
23595.0,2.02,4.44
23595.0,2.02,4.44
23596.0,2.38,4.44
23597.0,2.38,4.44
23597.0,2.38,4.44
23598.0,2.38,4.44
23598.0,2.38,4.44
23599.0,2.52,4.44
23599.0,2.52,4.44
23600.0,2.52,4.44
23601.0,2.52,4.44
23601.0,2.52,4.44
23602.0,2.52,4.44
23602.0,2.28,4.44
23603.0,2.28,4.44
23604.0,2.28,4.44
23604.0,2.28,4.44
23605.0,2.28,4.44
23605.0,2.17,4.44
23606.0,2.17,4.44
23607.0,2.17,4.44
23607.0,2.17,4.44
23608.0,2.17,4.44
23608.0,1.98,4.44
23609.0,1.98,4.44
23609.0,1.98,4.44
23610.0,1.98,4.44
23611.0,1.98,4.44
23611.0,1.92,4.44
23612.0,1.92,4.44
23612.0,1.92,4.44
23613.0,1.92,4.44
23614.0,1.92,4.44
23614.0,1.92,4.44
23615.0,2.0,4.44
23615.0,2.0,4.44
23616.0,2.0,4.44
23616.0,2.0,4.44
23617.0,2.0,4.44
23618.0,2.32,4.44
23618.0,2.32,4.44
23619.0,2.32,4.44
23619.0,2.32,4.44
23620.0,2.32,4.44
23621.0,2.53,4.44
23621.0,2.54,4.44
23622.0,2.53,4.44
23622.0,2.54,4.44
23623.0,2.53,4.44
23624.0,2.54,4.44
23624.0,2.48,4.44
23625.0,2.48,4.44
23625.0,2.48,4.44
23626.0,2.48,4.44
23627.0,2.48,4.44
23627.0,2.12,4.44
23628.0,2.12,4.44
23628.0,2.12,4.44
23629.0,2.12,4.44
23630.0,2.12,4.44
23630.0,2.11,4.44
23631.0,2.11,4.44
23631.0,2.11,4.44
23632.0,2.11,4.44
23632.0,2.11,4.44
23633.0,2.11,4.44
23634.0,2.2,4.44
23634.0,2.2,4.44
23635.0,2.2,4.44
23635.0,2.2,4.44
23636.0,2.2,4.44
23637.0,2.43,4.44
23637.0,2.43,4.44
23638.0,2.43,4.44
23638.0,2.43,4.44
23639.0,2.43,4.44
23639.0,2.66,4.44
23640.0,2.66,4.44
23641.0,2.66,4.44
23641.0,2.66,4.44
23642.0,2.66,4.44
23642.0,2.22,4.44
23643.0,2.22,4.44
23644.0,2.22,4.44
23644.0,2.22,4.44
23645.0,2.22,4.44
23645.0,2.22,4.44
23646.0,2.24,4.44
23646.0,2.24,4.44
23647.0,2.24,4.44
23648.0,2.24,4.44
23648.0,2.24,4.44
23649.0,2.17,4.44
23649.0,2.17,4.44
23650.0,2.17,4.44
23651.0,2.17,4.44
23651.0,2.17,4.44
23652.0,2.12,4.44
23652.0,2.12,4.44
23653.0,2.12,4.44
23654.0,2.12,4.44
23654.0,2.12,4.44
23655.0,2.12,4.44
23655.0,2.26,4.44
23656.0,2.25,4.44
23656.0,2.26,4.44
23657.0,2.25,4.44
23658.0,2.26,4.44
23658.0,2.38,4.44
23659.0,2.38,4.44
23659.0,2.38,4.44
23660.0,2.38,4.44
23661.0,2.38,4.44
23661.0,2.42,4.44
23662.0,2.42,4.44
23662.0,2.42,4.44
23663.0,2.42,4.44
23664.0,2.42,4.44
23664.0,2.42,4.44
23665.0,2.13,4.44
23665.0,2.13,4.44
23666.0,2.13,4.44
23666.0,2.13,4.44
23667.0,2.13,4.44
23668.0,1.88,4.44
23668.0,1.88,4.44
23669.0,1.88,4.44
23669.0,1.88,4.44
23670.0,1.88,4.44
23671.0,2.09,4.44
23671.0,2.09,4.44
23672.0,2.09,4.44
23672.0,2.09,4.44
23673.0,2.09,4.44
23673.0,2.09,4.44
23674.0,2.25,4.44
23675.0,2.25,4.44
23675.0,2.25,4.44
23676.0,2.25,4.44
23676.0,2.25,4.44
23677.0,2.41,4.44
23678.0,2.41,4.44
23678.0,2.41,4.44
23679.0,2.41,4.44
23679.0,2.41,4.44
23680.0,2.38,4.44
23681.0,2.38,4.44
23681.0,2.38,4.44
23682.0,2.38,4.44
23682.0,2.38,4.44
23683.0,2.38,4.44
23683.0,2.3,4.44
23684.0,2.3,4.44
23685.0,2.3,4.44
23685.0,2.3,4.44
23686.0,2.3,4.44
23686.0,2.19,4.44
23687.0,2.19,4.44
23688.0,2.19,4.44
23688.0,2.19,4.44
23689.0,2.19,4.44
23689.0,2.22,4.44
23690.0,2.22,4.44
23690.0,2.22,4.44
23691.0,2.22,4.44
23692.0,2.22,4.44
23692.0,2.22,4.44
23693.0,2.26,4.44
23693.0,2.25,4.44
23694.0,2.26,4.44
23695.0,2.25,4.44
23695.0,2.26,4.44
23696.0,2.43,4.44
23696.0,2.43,4.44
23697.0,2.43,4.44
23698.0,2.43,4.44
23698.0,2.43,4.44
23699.0,2.72,4.44
23699.0,2.72,4.44
23700.0,2.72,4.44
23700.0,2.72,4.44
23701.0,2.72,4.44
23702.0,2.72,4.44
23702.0,2.44,4.44
23703.0,2.44,4.44
23703.0,2.44,4.44
23704.0,2.44,4.44
23705.0,2.44,4.44
23705.0,2.16,4.44
23706.0,2.16,4.44
23706.0,2.16,4.44
23707.0,2.16,4.44
23707.0,2.16,4.44
23708.0,2.03,4.44
23709.0,2.03,4.44
23709.0,2.03,4.44
23710.0,2.03,4.44
23710.0,2.03,4.44
23711.0,2.03,4.44
23712.0,1.82,4.44
23712.0,1.81,4.44
23713.0,1.82,4.44
23713.0,1.81,4.44
23714.0,1.82,4.44
23715.0,2.22,4.44
23715.0,2.22,4.44
23716.0,2.22,4.44
23716.0,2.22,4.44
23717.0,2.22,4.44
23717.0,2.3,4.44
23718.0,2.3,4.44
23719.0,2.3,4.44
23719.0,2.3,4.44
23720.0,2.3,4.44
23720.0,2.32,4.44
23721.0,2.32,4.44
23722.0,2.32,4.44
23722.0,2.32,4.44
23723.0,2.32,4.44
23723.0,2.32,4.44
23724.0,2.22,4.44
23725.0,2.22,4.44
23725.0,2.22,4.44
23726.0,2.22,4.44
23726.0,2.22,4.44
23727.0,2.13,4.44
23728.0,2.13,4.44
23728.0,2.13,4.44
23729.0,2.13,4.44
23729.0,2.13,4.44
23730.0,2.08,4.44
23730.0,2.08,4.44
23731.0,2.08,4.44
23732.0,2.08,4.44
23732.0,2.08,4.44
23733.0,2.08,4.44
23733.0,2.22,4.44
23734.0,2.22,4.44
23735.0,2.22,4.44
23735.0,2.22,4.44
23736.0,2.22,4.44
23736.0,2.54,4.44
23737.0,2.53,4.44
23738.0,2.54,4.44
23738.0,2.53,4.44
23739.0,2.54,4.44
23739.0,2.52,4.44
23740.0,2.53,4.44
23740.0,2.52,4.44
23741.0,2.53,4.44
23742.0,2.52,4.44
23742.0,2.53,4.44
23743.0,2.23,4.44
23743.0,2.23,4.44
23744.0,2.23,4.44
23745.0,2.23,4.44
23745.0,2.23,4.44
23746.0,2.07,4.44
23746.0,2.07,4.44
23747.0,2.07,4.44
23747.0,2.07,4.44
23748.0,2.07,4.44
23749.0,2.01,4.44
23749.0,2.01,4.44
23750.0,2.01,4.44
23750.0,2.01,4.44
23751.0,2.01,4.44
23752.0,2.15,4.44
23752.0,2.15,4.44
23753.0,2.15,4.44
23753.0,2.15,4.44
23754.0,2.15,4.44
23755.0,2.15,4.44
23755.0,2.38,4.44
23756.0,2.38,4.44
23756.0,2.38,4.44
23757.0,2.38,4.44
23757.0,2.38,4.44
23758.0,2.35,4.44
23759.0,2.35,4.44
23759.0,2.35,4.44
23760.0,2.35,4.44
23760.0,2.35,4.44
23761.0,2.41,4.44
23762.0,2.41,4.44
23762.0,2.41,4.44
23763.0,2.41,4.44
23763.0,2.41,4.44
23764.0,2.41,4.44
23764.0,2.23,4.44
23765.0,2.23,4.44
23766.0,2.23,4.44
23766.0,2.23,4.44
23767.0,2.23,4.44
23767.0,1.78,4.44
23768.0,1.78,4.44
23769.0,1.78,4.44
23769.0,1.78,4.44
23770.0,1.78,4.44
23770.0,1.93,4.44
23771.0,1.93,4.44
23772.0,1.93,4.44
23772.0,1.93,4.44
23773.0,1.93,4.44
23773.0,1.93,4.44
23774.0,1.98,4.44
23774.0,1.98,4.44
23775.0,1.98,4.44
23776.0,1.98,4.44
23776.0,1.98,4.44
23777.0,2.31,4.44
23777.0,2.31,4.44
23778.0,2.31,4.44
23779.0,2.31,4.44
23779.0,2.31,4.44
23780.0,2.57,4.44
23780.0,2.57,4.44
23781.0,2.57,4.44
23781.0,2.57,4.44
23782.0,2.57,4.44
23783.0,2.57,4.44
23783.0,2.27,4.44
23784.0,2.27,4.44
23784.0,2.27,4.44
23785.0,2.27,4.44
23786.0,2.27,4.44
23786.0,2.33,4.44
23787.0,2.33,4.44
23787.0,2.33,4.44
23788.0,2.33,4.44
23789.0,2.33,4.44
23789.0,2.38,4.44
23790.0,2.38,4.44
23790.0,2.38,4.44
23791.0,2.38,4.44
23791.0,2.38,4.44
23792.0,2.38,4.44
23793.0,2.3,4.44
23793.0,2.3,4.44
23794.0,2.3,4.44
23794.0,2.3,4.44
23795.0,2.3,4.44
23796.0,2.42,4.44
23796.0,2.42,4.44
23797.0,2.42,4.44
23797.0,2.42,4.44
23798.0,2.42,4.44
23798.0,2.52,4.44
23799.0,2.52,4.44
23800.0,2.52,4.44
23800.0,2.52,4.44
23801.0,2.52,4.44
23801.0,2.52,4.44
23802.0,2.49,4.44
23803.0,2.49,4.44
23803.0,2.49,4.44
23804.0,2.49,4.44
23804.0,2.49,4.44
23805.0,2.22,4.44
23806.0,2.22,4.44
23806.0,2.22,4.44
23807.0,2.22,4.44
23807.0,2.22,4.44
23808.0,1.92,4.44
23808.0,1.92,4.44
23809.0,1.92,4.44
23810.0,1.92,4.44
23810.0,1.92,4.44
23811.0,1.92,4.44
23811.0,2.04,4.44
23812.0,2.03,4.44
23813.0,2.04,4.44
23813.0,2.03,4.44
23814.0,2.04,4.44
23814.0,2.31,4.44
23815.0,2.31,4.44
23815.0,2.31,4.44
23816.0,2.31,4.44
23817.0,2.31,4.44
23817.0,2.43,4.44
23818.0,2.43,4.44
23818.0,2.43,4.44
23819.0,2.43,4.44
23820.0,2.43,4.44
23820.0,2.43,4.44
23821.0,2.44,4.44
23821.0,2.44,4.44
23822.0,2.44,4.44
23823.0,2.44,4.44
23823.0,2.44,4.44
23824.0,2.32,4.44
23824.0,2.33,4.44
23825.0,2.32,4.44
23825.0,2.33,4.44
23826.0,2.32,4.44
23827.0,2.26,4.44
23827.0,2.26,4.44
23828.0,2.26,4.44
23828.0,2.26,4.44
23829.0,2.26,4.44
23830.0,2.27,4.44
23830.0,2.27,4.44
23831.0,2.27,4.44
23831.0,2.27,4.44
23832.0,2.27,4.44
23833.0,2.27,4.44
23833.0,2.61,4.44
23834.0,2.61,4.44
23834.0,2.61,4.44
23835.0,2.61,4.44
23836.0,2.61,4.44
23836.0,2.91,4.44
23837.0,2.91,4.44
23837.0,2.91,4.44
23838.0,2.91,4.44
23838.0,2.91,4.44
23839.0,2.6,4.44
23840.0,2.61,4.44
23840.0,2.6,4.44
23841.0,2.61,4.44
23841.0,2.6,4.44
23842.0,2.61,4.44
23843.0,2.23,4.44
23843.0,2.23,4.44
23844.0,2.23,4.44
23844.0,2.23,4.44
23845.0,2.23,4.44
23846.0,2.12,4.44
23846.0,2.12,4.44
23847.0,2.12,4.44
23847.0,2.12,4.44
23848.0,2.12,4.44
23848.0,2.08,4.44
23849.0,2.08,4.44
23850.0,2.08,4.44
23850.0,2.08,4.44
23851.0,2.08,4.44
23851.0,2.08,4.44
23852.0,2.2,4.44
23853.0,2.2,4.44
23853.0,2.2,4.44
23854.0,2.2,4.44
23854.0,2.2,4.44
23855.0,2.44,4.44
23855.0,2.44,4.44
23856.0,2.44,4.44
23857.0,2.44,4.44
23857.0,2.44,4.44
23858.0,2.25,4.44
23858.0,2.26,4.44
23859.0,2.25,4.44
23860.0,2.26,4.44
23860.0,2.25,4.44
23861.0,2.14,4.44
23861.0,2.14,4.44
23862.0,2.14,4.44
23863.0,2.14,4.44
23863.0,2.14,4.44
23864.0,2.14,4.44
23864.0,2.02,4.44
23865.0,2.02,4.44
23865.0,2.02,4.44
23866.0,2.02,4.44
23867.0,2.02,4.44
23867.0,2.02,4.44
23868.0,2.02,4.44
23868.0,2.02,4.44
23869.0,2.02,4.44
23870.0,2.02,4.44
23870.0,2.11,4.44
23871.0,2.1,4.44
23871.0,2.11,4.44
23872.0,2.1,4.44
23872.0,2.11,4.44
23873.0,2.1,4.44
23874.0,2.39,4.44
23874.0,2.39,4.44
23875.0,2.39,4.44
23875.0,2.39,4.44
23876.0,2.39,4.44
23877.0,2.59,4.44
23877.0,2.59,4.44
23878.0,2.59,4.44
23878.0,2.59,4.44
23879.0,2.59,4.44
23880.0,2.52,4.44
23880.0,2.52,4.44
23881.0,2.52,4.44
23881.0,2.52,4.44
23882.0,2.52,4.44
23882.0,2.52,4.44
23883.0,2.42,4.44
23884.0,2.42,4.44
23884.0,2.42,4.44
23885.0,2.42,4.44
23885.0,2.42,4.44
23886.0,2.49,4.44
23887.0,2.49,4.44
23887.0,2.49,4.44
23888.0,2.49,4.44
23888.0,2.49,4.44
23889.0,2.22,4.44
23889.0,2.22,4.44
23890.0,2.22,4.44
23891.0,2.22,4.44
23891.0,2.22,4.44
23892.0,2.22,4.44
23892.0,2.12,4.44
23893.0,2.12,4.44
23894.0,2.12,4.44
23894.0,2.12,4.44
23895.0,2.12,4.44
23895.0,2.53,4.44
23896.0,2.53,4.44
23897.0,2.53,4.44
23897.0,2.53,4.44
23898.0,2.53,4.44
23898.0,2.56,4.44
23899.0,2.55,4.44
23899.0,2.56,4.44
23900.0,2.55,4.44
23901.0,2.56,4.44
23901.0,2.55,4.44
23902.0,2.53,4.44
23902.0,2.52,4.44
23903.0,2.53,4.44
23904.0,2.52,4.44
23904.0,2.53,4.44
23905.0,2.25,4.44
23905.0,2.26,4.44
23906.0,2.25,4.44
23907.0,2.26,4.44
23907.0,2.25,4.44
23908.0,1.98,4.44
23908.0,1.97,4.44
23909.0,1.98,4.44
23909.0,1.97,4.44
23910.0,1.98,4.44
23911.0,1.97,4.44
23911.0,2.04,4.44
23912.0,2.04,4.44
23912.0,2.04,4.44
23913.0,2.04,4.44
23914.0,2.04,4.44
23914.0,2.32,4.44
23915.0,2.32,4.44
23915.0,2.32,4.44
23916.0,2.32,4.44
23916.0,2.32,4.44
23917.0,2.26,4.44
23918.0,2.25,4.44
23918.0,2.26,4.44
23919.0,2.25,4.44
23919.0,2.26,4.44
23920.0,2.25,4.44
23921.0,2.28,4.44
23921.0,2.28,4.44
23922.0,2.28,4.44
23922.0,2.28,4.44
23923.0,2.28,4.44
23923.0,2.18,4.44
23924.0,2.18,4.44
23925.0,2.18,4.44
23925.0,2.18,4.44
23926.0,2.18,4.44
23926.0,2.07,4.44
23927.0,2.06,4.44
23928.0,2.07,4.44
23928.0,2.06,4.44
23929.0,2.07,4.44
23929.0,2.08,4.44
23930.0,2.09,4.44
23931.0,2.08,4.44
23931.0,2.09,4.44
23932.0,2.08,4.44
23932.0,2.09,4.44
23933.0,2.33,4.44
23934.0,2.34,4.44
23934.0,2.33,4.44
23935.0,2.34,4.44
23935.0,2.33,4.44
23936.0,2.69,4.44
23937.0,2.69,4.44
23937.0,2.69,4.44
23938.0,2.69,4.44
23938.0,2.69,4.44
23939.0,2.68,4.44
23939.0,2.68,4.44
23940.0,2.68,4.44
23941.0,2.68,4.44
23941.0,2.68,4.44
23942.0,2.68,4.44
23942.0,2.39,4.44
23943.0,2.39,4.44
23944.0,2.39,4.44
23944.0,2.39,4.44
23945.0,2.39,4.44
23945.0,2.32,4.44
23946.0,2.31,4.44
23946.0,2.32,4.44
23947.0,2.31,4.44
23948.0,2.32,4.44
23948.0,2.06,4.44
23949.0,2.07,4.44
23949.0,2.06,4.44
23950.0,2.07,4.44
23951.0,2.06,4.44
23951.0,2.07,4.44
23952.0,2.25,4.44
23952.0,2.26,4.44
23953.0,2.25,4.44
23954.0,2.26,4.44
23954.0,2.25,4.44
23955.0,2.55,4.44
23955.0,2.55,4.44
23956.0,2.55,4.44
23956.0,2.55,4.44
23957.0,2.55,4.44
23958.0,2.22,4.44
23958.0,2.22,4.44
23959.0,2.22,4.44
23959.0,2.22,4.44
23960.0,2.22,4.44
23961.0,2.22,4.44
23961.0,2.37,4.44
23962.0,2.37,4.44
23962.0,2.37,4.44
23963.0,2.37,4.44
23963.0,2.37,4.44
23964.0,2.32,4.44
23965.0,2.31,4.44
23965.0,2.32,4.44
23966.0,2.31,4.44
23966.0,2.32,4.44
23967.0,1.95,4.44
23968.0,1.95,4.44
23968.0,1.95,4.44
23969.0,1.95,4.44
23969.0,1.95,4.44
23970.0,1.85,4.44
23971.0,1.85,4.44
23971.0,1.85,4.44
23972.0,1.85,4.44
23972.0,1.85,4.44
23973.0,1.85,4.44
23973.0,2.24,4.44
23974.0,2.24,4.44
23975.0,2.24,4.44
23975.0,2.24,4.44
23976.0,2.24,4.44
23976.0,2.74,4.44
23977.0,2.74,4.44
23978.0,2.74,4.44
23978.0,2.74,4.44
23979.0,2.74,4.44
23979.0,2.78,4.44
23980.0,2.78,4.44
23980.0,2.78,4.44
23981.0,2.78,4.44
23982.0,2.78,4.44
23982.0,2.78,4.44
23983.0,2.45,4.44
23983.0,2.45,4.44
23984.0,2.45,4.44
23985.0,2.45,4.44
23985.0,2.45,4.44
23986.0,2.21,4.44
23986.0,2.21,4.44
23987.0,2.21,4.44
23988.0,2.21,4.44
23988.0,2.21,4.44
23989.0,2.38,4.44
23989.0,2.38,4.44
23990.0,2.38,4.44
23990.0,2.38,4.44
23991.0,2.38,4.44
23992.0,2.38,4.44
23992.0,2.3,4.44
23993.0,2.3,4.44
23993.0,2.3,4.44
23994.0,2.3,4.44
23995.0,2.3,4.44
23995.0,2.47,4.44
23996.0,2.47,4.44
23996.0,2.47,4.44
23997.0,2.47,4.44
23997.0,2.47,4.44
23998.0,2.67,4.44
23999.0,2.67,4.44
23999.0,2.67,4.44
24000.0,2.67,4.44
24000.0,2.67,4.44
24001.0,2.67,4.44
24002.0,2.61,4.44
24002.0,2.61,4.44
24003.0,2.61,4.44
24003.0,2.61,4.44
24004.0,2.61,4.44
24005.0,2.48,4.44
24005.0,2.48,4.44
24006.0,2.48,4.44
24006.0,2.48,4.44
24007.0,2.48,4.44
24007.0,2.07,4.44
24008.0,2.07,4.44
24009.0,2.07,4.44
24009.0,2.07,4.44
24010.0,2.07,4.44
24010.0,2.07,4.44
24011.0,2.06,4.44
24012.0,2.05,4.44
24012.0,2.06,4.44
24013.0,2.05,4.44
24013.0,2.06,4.44
24014.0,2.25,4.44
24015.0,2.25,4.44
24015.0,2.25,4.44
24016.0,2.25,4.44
24016.0,2.25,4.44
24017.0,2.29,4.44
24017.0,2.29,4.44
24018.0,2.29,4.44
24019.0,2.29,4.44
24019.0,2.29,4.44
24020.0,2.29,4.44
24020.0,2.53,4.44
24021.0,2.53,4.44
24022.0,2.53,4.44
24022.0,2.53,4.44
24023.0,2.53,4.44
24023.0,2.41,4.44
24024.0,2.41,4.44
24024.0,2.41,4.44
24025.0,2.41,4.44
24026.0,2.41,4.44
24026.0,2.12,4.44
24027.0,2.12,4.44
24027.0,2.12,4.44
24028.0,2.12,4.44
24029.0,2.12,4.44
24029.0,2.16,4.44
24030.0,2.16,4.44
24030.0,2.16,4.44
24031.0,2.16,4.44
24032.0,2.16,4.44
24032.0,2.16,4.44
24033.0,2.45,4.44
24033.0,2.45,4.44
24034.0,2.45,4.44
24035.0,2.45,4.44
24035.0,2.45,4.44
24036.0,2.39,4.44
24036.0,2.39,4.44
24037.0,2.39,4.44
24037.0,2.39,4.44
24038.0,2.39,4.44
24039.0,2.46,4.44
24039.0,2.46,4.44
24040.0,2.46,4.44
24040.0,2.46,4.44
24041.0,2.46,4.44
24042.0,2.46,4.44
24042.0,2.41,4.44
24043.0,2.41,4.44
24043.0,2.41,4.44
24044.0,2.41,4.44
24045.0,2.41,4.44
24045.0,2.27,4.44
24046.0,2.27,4.44
24046.0,2.27,4.44
24047.0,2.27,4.44
24047.0,2.27,4.44
24048.0,2.15,4.44
24049.0,2.15,4.44
24049.0,2.15,4.44
24050.0,2.15,4.44
24050.0,2.15,4.44
24051.0,2.15,4.44
24052.0,1.94,4.44
24052.0,1.94,4.44
24053.0,1.94,4.44
24053.0,1.94,4.44
24054.0,1.94,4.44
24054.0,2.23,4.44
24055.0,2.23,4.44
24056.0,2.23,4.44
24056.0,2.23,4.44
24057.0,2.23,4.44
24057.0,2.67,4.44
24058.0,2.67,4.44
24059.0,2.67,4.44
24059.0,2.67,4.44
24060.0,2.67,4.44
24060.0,2.67,4.44
24061.0,2.54,4.44
24062.0,2.55,4.44
24062.0,2.54,4.44
24063.0,2.55,4.44
24063.0,2.54,4.44
24064.0,2.3,4.44
24064.0,2.3,4.44
24065.0,2.3,4.44
24066.0,2.3,4.44
24066.0,2.3,4.44
24067.0,2.05,4.44
24067.0,2.05,4.44
24068.0,2.05,4.44
24069.0,2.05,4.44
24069.0,2.05,4.44
24070.0,2.05,4.44
24070.0,1.95,4.44
24071.0,1.96,4.44
24071.0,1.95,4.44
24072.0,1.96,4.44
24073.0,1.95,4.44
24073.0,2.25,4.44
24074.0,2.25,4.44
24074.0,2.25,4.44
24075.0,2.25,4.44
24076.0,2.25,4.44
24076.0,2.56,4.44
24077.0,2.56,4.44
24077.0,2.56,4.44
24078.0,2.56,4.44
24079.0,2.56,4.44
24079.0,2.56,4.44
24080.0,2.72,4.44
24080.0,2.72,4.44
24081.0,2.72,4.44
24081.0,2.72,4.44
24082.0,2.72,4.44
24083.0,2.59,4.44
24083.0,2.58,4.44
24084.0,2.59,4.44
24084.0,2.58,4.44
24085.0,2.59,4.44
24086.0,2.13,4.44
24086.0,2.13,4.44
24087.0,2.13,4.44
24087.0,2.13,4.44
24088.0,2.13,4.44
24088.0,2.03,4.44
24089.0,2.03,4.44
24090.0,2.03,4.44
24090.0,2.03,4.44
24091.0,2.03,4.44
24091.0,2.03,4.44
24092.0,2.09,4.44
24093.0,2.09,4.44
24093.0,2.09,4.44
24094.0,2.09,4.44
24094.0,2.09,4.44
24095.0,2.19,4.44
24096.0,2.19,4.44
24096.0,2.19,4.44
24097.0,2.19,4.44
24097.0,2.19,4.44
24098.0,2.47,4.44
24098.0,2.47,4.44
24099.0,2.47,4.44
24100.0,2.47,4.44
24100.0,2.47,4.44
24101.0,2.47,4.44
24101.0,2.38,4.44
24102.0,2.38,4.44
24103.0,2.38,4.44
24103.0,2.38,4.44
24104.0,2.38,4.44
24104.0,1.97,4.44
24105.0,1.98,4.44
24105.0,1.97,4.44
24106.0,1.98,4.44
24107.0,1.97,4.44
24107.0,1.93,4.44
24108.0,1.93,4.44
24108.0,1.93,4.44
24109.0,1.93,4.44
24110.0,1.93,4.44
24110.0,1.93,4.44
24111.0,1.97,4.44
24111.0,1.97,4.44
24112.0,1.97,4.44
24113.0,1.97,4.44
24113.0,1.97,4.44
24114.0,2.12,4.44
24114.0,2.12,4.44
24115.0,2.12,4.44
24115.0,2.12,4.44
24116.0,2.12,4.44
24117.0,2.48,4.44
24117.0,2.48,4.44
24118.0,2.48,4.44
24118.0,2.48,4.44
24119.0,2.48,4.44
24120.0,2.48,4.44
24120.0,2.64,4.44
24121.0,2.64,4.44
24121.0,2.64,4.44
24122.0,2.64,4.44
24123.0,2.64,4.44
24123.0,2.56,4.44
24124.0,2.56,4.44
24124.0,2.56,4.44
24125.0,2.56,4.44
24125.0,2.56,4.44
24126.0,2.4,4.44
24127.0,2.4,4.44
24127.0,2.4,4.44
24128.0,2.4,4.44
24128.0,2.4,4.44
24129.0,2.4,4.44
24130.0,2.01,4.44
24130.0,2.0,4.44
24131.0,2.01,4.44
24131.0,2.0,4.44
24132.0,2.01,4.44
24133.0,2.11,4.44
24133.0,2.11,4.44
24134.0,2.11,4.44
24134.0,2.11,4.44
24135.0,2.11,4.44
24136.0,2.57,4.44
24136.0,2.57,4.44
24137.0,2.57,4.44
24137.0,2.57,4.44
24138.0,2.57,4.44
24138.0,2.58,4.44
24139.0,2.59,4.44
24140.0,2.58,4.44
24140.0,2.59,4.44
24141.0,2.58,4.44
24141.0,2.59,4.44
24142.0,2.22,4.44
24143.0,2.22,4.44
24143.0,2.22,4.44
24144.0,2.22,4.44
24144.0,2.22,4.44
24145.0,1.88,4.44
24145.0,1.88,4.44
24146.0,1.88,4.44
24147.0,1.88,4.44
24147.0,1.88,4.44
24148.0,1.79,4.44
24148.0,1.79,4.44
24149.0,1.79,4.44
24150.0,1.79,4.44
24150.0,1.79,4.44
24151.0,1.79,4.44
24151.0,1.96,4.44
24152.0,1.96,4.44
24153.0,1.96,4.44
24153.0,1.96,4.44
24154.0,1.96,4.44
24154.0,2.09,4.44
24155.0,2.09,4.44
24155.0,2.09,4.44
24156.0,2.09,4.44
24157.0,2.09,4.44
24157.0,2.43,4.44
24158.0,2.43,4.44
24158.0,2.43,4.44
24159.0,2.43,4.44
24160.0,2.43,4.44
24160.0,2.43,4.44
24161.0,2.49,4.44
24161.0,2.49,4.44
24162.0,2.49,4.44
24162.0,2.49,4.44
24163.0,2.49,4.44
24164.0,2.32,4.44
24164.0,2.32,4.44
24165.0,2.32,4.44
24165.0,2.32,4.44
24166.0,2.32,4.44
24167.0,2.28,4.44
24167.0,2.29,4.44
24168.0,2.28,4.44
24168.0,2.29,4.44
24169.0,2.28,4.44
24170.0,2.29,4.44
24170.0,1.94,4.44
24171.0,1.95,4.44
24171.0,1.94,4.44
24172.0,1.95,4.44
24172.0,1.94,4.44
24173.0,2.11,4.44
24174.0,2.11,4.44
24174.0,2.11,4.44
24175.0,2.11,4.44
24175.0,2.11,4.44
24176.0,2.65,4.44
24177.0,2.65,4.44
24177.0,2.65,4.44
24178.0,2.65,4.44
24178.0,2.65,4.44
24179.0,2.65,4.44
24179.0,2.74,4.44
24180.0,2.74,4.44
24181.0,2.74,4.44
24181.0,2.74,4.44
24182.0,2.74,4.44
24182.0,2.32,4.44
24183.0,2.31,4.44
24184.0,2.32,4.44
24184.0,2.31,4.44
24185.0,2.32,4.44
24185.0,2.12,4.44
24186.0,2.12,4.44
24187.0,2.12,4.44
24187.0,2.12,4.44
24188.0,2.12,4.44
24188.0,2.12,4.44
24189.0,2.0,4.44
24189.0,2.0,4.44
24190.0,2.0,4.44
24191.0,2.0,4.44
24191.0,2.0,4.44
24192.0,2.12,4.44
24192.0,2.11,4.44
24193.0,2.12,4.44
24194.0,2.11,4.44
24194.0,2.12,4.44
24195.0,2.19,4.44
24195.0,2.19,4.44
24196.0,2.19,4.44
24197.0,2.19,4.44
24197.0,2.19,4.44
24198.0,2.21,4.44
24198.0,2.21,4.44
24199.0,2.21,4.44
24199.0,2.21,4.44
24200.0,2.21,4.44
24201.0,2.21,4.44
24201.0,2.31,4.44
24202.0,2.3,4.44
24202.0,2.31,4.44
24203.0,2.3,4.44
24204.0,2.31,4.44
24204.0,2.06,4.44
24205.0,2.07,4.44
24205.0,2.06,4.44
24206.0,2.07,4.44
24206.0,2.06,4.44
24207.0,1.92,4.44
24208.0,1.92,4.44
24208.0,1.92,4.44
24209.0,1.92,4.44
24209.0,1.92,4.44
24210.0,1.92,4.44
24211.0,2.11,4.44
24211.0,2.11,4.44
24212.0,2.11,4.44
24212.0,2.11,4.44
24213.0,2.11,4.44
24213.0,2.19,4.44
24214.0,2.19,4.44
24215.0,2.19,4.44
24215.0,2.19,4.44
24216.0,2.19,4.44
24216.0,2.44,4.44
24217.0,2.44,4.44
24218.0,2.44,4.44
24218.0,2.44,4.44
24219.0,2.44,4.44
24219.0,2.44,4.44
24220.0,2.53,4.44
24221.0,2.53,4.44
24221.0,2.53,4.44
24222.0,2.53,4.44
24222.0,2.53,4.44
24223.0,2.45,4.44
24223.0,2.45,4.44
24224.0,2.45,4.44
24225.0,2.45,4.44
24225.0,2.45,4.44
24226.0,2.36,4.44
24226.0,2.36,4.44
24227.0,2.36,4.44
24228.0,2.36,4.44
24228.0,2.36,4.44
24229.0,2.36,4.44
24229.0,2.23,4.44
24230.0,2.23,4.44
24231.0,2.23,4.44
24231.0,2.23,4.44
24232.0,2.23,4.44
24232.0,2.21,4.44
24233.0,2.21,4.44
24234.0,2.21,4.44
24234.0,2.21,4.44
24235.0,2.21,4.44
24235.0,2.32,4.44
24236.0,2.32,4.44
24236.0,2.32,4.44
24237.0,2.32,4.44
24238.0,2.32,4.44
24238.0,2.5,4.44
24239.0,2.51,4.44
24239.0,2.5,4.44
24240.0,2.51,4.44
24241.0,2.5,4.44
24241.0,2.51,4.44
24242.0,2.51,4.44
24242.0,2.51,4.44
24243.0,2.51,4.44
24244.0,2.51,4.44
24244.0,2.51,4.44
24245.0,2.2,4.44
24245.0,2.2,4.44
24246.0,2.2,4.44
24246.0,2.2,4.44
24247.0,2.2,4.44
24248.0,1.82,4.44
24248.0,1.83,4.44
24249.0,1.82,4.44
24249.0,1.83,4.44
24250.0,1.82,4.44
24251.0,1.83,4.44
24251.0,1.93,4.44
24252.0,1.93,4.44
24252.0,1.93,4.44
24253.0,1.93,4.44
24253.0,1.93,4.44
24254.0,2.23,4.44
24255.0,2.23,4.44
24255.0,2.23,4.44
24256.0,2.23,4.44
24256.0,2.23,4.44
24257.0,2.39,4.44
24258.0,2.39,4.44
24258.0,2.39,4.44
24259.0,2.39,4.44
24259.0,2.39,4.44
24260.0,2.39,4.44
24261.0,2.49,4.44
24261.0,2.49,4.44
24262.0,2.49,4.44
24262.0,2.49,4.44
24263.0,2.49,4.44
24263.0,2.17,4.44
24264.0,2.17,4.44
24265.0,2.17,4.44
24265.0,2.17,4.44
24266.0,2.17,4.44
24266.0,1.97,4.44
24267.0,1.97,4.44
24268.0,1.97,4.44
24268.0,1.97,4.44
24269.0,1.97,4.44
24269.0,1.97,4.44
24270.0,2.14,4.44
24270.0,2.14,4.44
24271.0,2.14,4.44
24272.0,2.14,4.44
24272.0,2.14,4.44
24273.0,2.06,4.44
24273.0,2.06,4.44
24274.0,2.06,4.44
24275.0,2.06,4.44
24275.0,2.06,4.44
24276.0,2.47,4.44
24276.0,2.47,4.44
24277.0,2.47,4.44
24278.0,2.47,4.44
24278.0,2.47,4.44
24279.0,2.47,4.44
24279.0,2.69,4.44
24280.0,2.69,4.44
24280.0,2.69,4.44
24281.0,2.69,4.44
24282.0,2.69,4.44
24282.0,2.24,4.44
24283.0,2.24,4.44
24283.0,2.24,4.44
24284.0,2.24,4.44
24285.0,2.24,4.44
24285.0,1.99,4.44
24286.0,1.99,4.44
24286.0,1.99,4.44
24287.0,1.99,4.44
24287.0,1.99,4.44
24288.0,1.99,4.44
24289.0,2.02,4.44
24289.0,2.02,4.44
24290.0,2.02,4.44
24290.0,2.02,4.44
24291.0,2.02,4.44
24292.0,2.15,4.44
24292.0,2.15,4.44
24293.0,2.15,4.44
24293.0,2.15,4.44
24294.0,2.15,4.44
24295.0,2.29,4.44
24295.0,2.29,4.44
24296.0,2.29,4.44
24296.0,2.29,4.44
24297.0,2.29,4.44
24297.0,2.29,4.44
24298.0,2.42,4.44
24299.0,2.42,4.44
24299.0,2.42,4.44
24300.0,2.42,4.44
24300.0,2.42,4.44
24301.0,2.37,4.44
24302.0,2.37,4.44
24302.0,2.37,4.44
24303.0,2.37,4.44
24303.0,2.37,4.44
24304.0,2.36,4.44
24305.0,2.36,4.44
24305.0,2.36,4.44
24306.0,2.36,4.44
24306.0,2.36,4.44
24307.0,2.36,4.44
24307.0,2.25,4.44
24308.0,2.26,4.44
24309.0,2.25,4.44
24309.0,2.26,4.44
24310.0,2.25,4.44
24310.0,2.11,4.44
24311.0,2.11,4.44
24312.0,2.11,4.44
24312.0,2.11,4.44
24313.0,2.11,4.44
24313.0,2.33,4.44
24314.0,2.34,4.44
24314.0,2.33,4.44
24315.0,2.34,4.44
24316.0,2.33,4.44
24316.0,2.53,4.44
24317.0,2.53,4.44
24317.0,2.53,4.44
24318.0,2.53,4.44
24319.0,2.53,4.44
24319.0,2.53,4.44
24320.0,2.73,4.44
24320.0,2.73,4.44
24321.0,2.73,4.44
24322.0,2.73,4.44
24322.0,2.73,4.44
24323.0,2.51,4.44
24323.0,2.51,4.44
24324.0,2.51,4.44
24324.0,2.51,4.44
24325.0,2.51,4.44
24326.0,2.26,4.44
24326.0,2.26,4.44
24327.0,2.26,4.44
24327.0,2.26,4.44
24328.0,2.26,4.44
24329.0,2.26,4.44
24329.0,2.21,4.44
24330.0,2.21,4.44
24330.0,2.21,4.44
24331.0,2.21,4.44
24331.0,2.21,4.44
24332.0,2.26,4.44
24333.0,2.27,4.44
24333.0,2.26,4.44
24334.0,2.27,4.44
24335.0,2.26,4.44
24335.0,2.56,4.44
24336.0,2.56,4.44
24336.0,2.56,4.44
24337.0,2.56,4.44
24337.0,2.56,4.44
24338.0,2.56,4.44
24339.0,2.56,4.44
24339.0,2.55,4.44
24340.0,2.56,4.44
24340.0,2.55,4.44
24341.0,2.56,4.44
24342.0,2.31,4.44
24342.0,2.31,4.44
24343.0,2.31,4.44
24343.0,2.31,4.44
24344.0,2.31,4.44
24344.0,2.09,4.44
24345.0,2.09,4.44
24346.0,2.09,4.44
24346.0,2.09,4.44
24347.0,2.09,4.44
24347.0,2.09,4.44
24348.0,1.87,4.44
24349.0,1.87,4.44
24349.0,1.87,4.44
24350.0,1.87,4.44
24350.0,1.87,4.44
24351.0,2.19,4.44
24352.0,2.19,4.44
24352.0,2.19,4.44
24353.0,2.19,4.44
24353.0,2.19,4.44
24354.0,2.39,4.44
24354.0,2.39,4.44
24355.0,2.39,4.44
24356.0,2.39,4.44
24356.0,2.39,4.44
24357.0,2.44,4.44
24357.0,2.44,4.44
24358.0,2.44,4.44
24359.0,2.44,4.44
24359.0,2.44,4.44
24360.0,2.44,4.44
24360.0,2.57,4.44
24361.0,2.58,4.44
24361.0,2.57,4.44
24362.0,2.58,4.44
24363.0,2.57,4.44
24363.0,2.43,4.44
24364.0,2.43,4.44
24364.0,2.43,4.44
24365.0,2.43,4.44
24366.0,2.43,4.44
24366.0,1.97,4.44
24367.0,1.97,4.44
24367.0,1.97,4.44
24368.0,1.97,4.44
24369.0,1.97,4.44
24369.0,1.97,4.44
24370.0,2.15,4.44
24370.0,2.15,4.44
24371.0,2.15,4.44
24371.0,2.15,4.44
24372.0,2.15,4.44
24373.0,2.39,4.44
24373.0,2.39,4.44
24374.0,2.39,4.44
24374.0,2.39,4.44
24375.0,2.39,4.44
24376.0,2.25,4.44
24376.0,2.25,4.44
24377.0,2.25,4.44
24377.0,2.25,4.44
24378.0,2.25,4.44
24379.0,2.25,4.44
24379.0,2.41,4.44
24380.0,2.41,4.44
24380.0,2.41,4.44
24381.0,2.41,4.44
24381.0,2.41,4.44
24382.0,2.28,4.44
24383.0,2.27,4.44
24383.0,2.28,4.44
24384.0,2.27,4.44
24384.0,2.28,4.44
24385.0,2.11,4.44
24386.0,2.12,4.44
24386.0,2.11,4.44
24387.0,2.12,4.44
24387.0,2.11,4.44
24388.0,2.12,4.44
24388.0,2.14,4.44
24389.0,2.14,4.44
24390.0,2.14,4.44
24390.0,2.14,4.44
24391.0,2.14,4.44
24391.0,2.11,4.44
24392.0,2.11,4.44
24393.0,2.11,4.44
24393.0,2.11,4.44
24394.0,2.11,4.44
24394.0,2.44,4.44
24395.0,2.44,4.44
24395.0,2.44,4.44
24396.0,2.44,4.44
24397.0,2.44,4.44
24397.0,2.44,4.44
24398.0,2.38,4.44
24398.0,2.38,4.44
24399.0,2.38,4.44
24400.0,2.38,4.44
24400.0,2.38,4.44
24401.0,2.3,4.44
24401.0,2.29,4.44
24402.0,2.3,4.44
24403.0,2.29,4.44
24403.0,2.3,4.44
24404.0,2.16,4.44
24404.0,2.16,4.44
24405.0,2.16,4.44
24405.0,2.16,4.44
24406.0,2.16,4.44
24407.0,2.16,4.44
24407.0,1.98,4.44
24408.0,1.98,4.44
24408.0,1.98,4.44
24409.0,1.98,4.44
24410.0,1.98,4.44
24410.0,2.25,4.44
24411.0,2.25,4.44
24411.0,2.25,4.44
24412.0,2.25,4.44
24413.0,2.25,4.44
24413.0,2.45,4.44
24414.0,2.45,4.44
24414.0,2.45,4.44
24415.0,2.45,4.44
24415.0,2.45,4.44
24416.0,2.45,4.44
24417.0,2.46,4.44
24417.0,2.46,4.44
24418.0,2.46,4.44
24418.0,2.46,4.44
24419.0,2.46,4.44
24420.0,2.62,4.44
24420.0,2.62,4.44
24421.0,2.62,4.44
24421.0,2.62,4.44
24422.0,2.62,4.44
24422.0,2.62,4.44
24423.0,2.62,4.44
24424.0,2.62,4.44
24424.0,2.62,4.44
24425.0,2.62,4.44
24425.0,2.23,4.44
24426.0,2.23,4.44
24427.0,2.23,4.44
24427.0,2.23,4.44
24428.0,2.23,4.44
24428.0,2.23,4.44
24429.0,2.27,4.44
24430.0,2.26,4.44
24430.0,2.27,4.44
24431.0,2.26,4.44
24431.0,2.27,4.44
24432.0,2.46,4.44
24432.0,2.46,4.44
24433.0,2.46,4.44
24434.0,2.46,4.44
24434.0,2.46,4.44
24435.0,2.66,4.44
24435.0,2.66,4.44
24436.0,2.66,4.44
24437.0,2.66,4.44
24437.0,2.66,4.44
24438.0,2.66,4.44
24438.0,2.51,4.44
24439.0,2.51,4.44
24440.0,2.51,4.44
24440.0,2.51,4.44
24441.0,2.51,4.44
24441.0,2.16,4.44
24442.0,2.16,4.44
24443.0,2.16,4.44
24443.0,2.16,4.44
24444.0,2.16,4.44
24444.0,1.99,4.44
24445.0,1.98,4.44
24445.0,1.99,4.44
24446.0,1.98,4.44
24447.0,1.99,4.44
24447.0,1.98,4.44
24448.0,2.07,4.44
24448.0,2.07,4.44
24449.0,2.07,4.44
24450.0,2.07,4.44
24450.0,2.07,4.44
24451.0,1.87,4.44
24451.0,1.87,4.44
24452.0,1.87,4.44
24452.0,1.87,4.44
24453.0,1.87,4.44
24454.0,2.18,4.44
24454.0,2.18,4.44
24455.0,2.18,4.44
24455.0,2.18,4.44
24456.0,2.18,4.44
24457.0,2.18,4.44
24457.0,2.63,4.44
24458.0,2.63,4.44
24458.0,2.63,4.44
24459.0,2.63,4.44
24460.0,2.63,4.44
24460.0,2.56,4.44
24461.0,2.56,4.44
24461.0,2.56,4.44
24462.0,2.56,4.44
24462.0,2.56,4.44
24463.0,2.56,4.44
24464.0,2.56,4.44
24464.0,2.56,4.44
24465.0,2.56,4.44
24465.0,2.56,4.44
24466.0,2.01,4.44
24467.0,2.02,4.44
24467.0,2.01,4.44
24468.0,2.02,4.44
24468.0,2.01,4.44
24469.0,2.02,4.44
24469.0,1.68,4.44
24470.0,1.68,4.44
24471.0,1.68,4.44
24471.0,1.68,4.44
24472.0,1.68,4.44
24472.0,2.21,4.44
24473.0,2.21,4.44
24474.0,2.21,4.44
24474.0,2.21,4.44
24475.0,2.21,4.44
24475.0,2.39,4.44
24476.0,2.39,4.44
24477.0,2.39,4.44
24477.0,2.39,4.44
24478.0,2.39,4.44
24478.0,2.39,4.44
24479.0,2.45,4.44
24479.0,2.45,4.44
24480.0,2.45,4.44
24481.0,2.45,4.44
24481.0,2.45,4.44
24482.0,2.51,4.44
24482.0,2.5,4.44
24483.0,2.51,4.44
24484.0,2.5,4.44
24484.0,2.51,4.44
24485.0,2.39,4.44
24485.0,2.39,4.44
24486.0,2.39,4.44
24487.0,2.39,4.44
24487.0,2.39,4.44
24488.0,2.39,4.44
24488.0,2.15,4.44
24489.0,2.15,4.44
24489.0,2.15,4.44
24490.0,2.15,4.44
24491.0,2.15,4.44
24491.0,2.21,4.44
24492.0,2.21,4.44
24492.0,2.21,4.44
24493.0,2.21,4.44
24494.0,2.21,4.44
24494.0,1.95,4.44
24495.0,1.96,4.44
24495.0,1.95,4.44
24496.0,1.96,4.44
24496.0,1.95,4.44
24497.0,1.96,4.44
24498.0,2.23,4.44
24498.0,2.23,4.44
24499.0,2.23,4.44
24499.0,2.23,4.44
24500.0,2.23,4.44
24501.0,2.56,4.44
24501.0,2.56,4.44
24502.0,2.56,4.44
24502.0,2.56,4.44
24503.0,2.56,4.44
24503.0,2.19,4.44
24504.0,2.19,4.44
24505.0,2.19,4.44
24505.0,2.19,4.44
24506.0,2.19,4.44
24506.0,2.19,4.44
24507.0,2.14,4.44
24508.0,2.14,4.44
24508.0,2.14,4.44
24509.0,2.14,4.44
24509.0,2.14,4.44
24510.0,2.15,4.44
24511.0,2.15,4.44
24511.0,2.15,4.44
24512.0,2.15,4.44
24512.0,2.15,4.44
24513.0,2.35,4.44
24513.0,2.35,4.44
24514.0,2.35,4.44
24515.0,2.35,4.44
24515.0,2.35,4.44
24516.0,2.35,4.44
24516.0,2.91,4.44
24517.0,2.91,4.44
24518.0,2.91,4.44
24518.0,2.91,4.44
24519.0,2.91,4.44
24519.0,2.67,4.44
24520.0,2.67,4.44
24521.0,2.67,4.44
24521.0,2.67,4.44
24522.0,2.67,4.44
24522.0,2.26,4.44
24523.0,2.26,4.44
24523.0,2.26,4.44
24524.0,2.26,4.44
24525.0,2.26,4.44
24525.0,2.26,4.44
24526.0,2.27,4.44
24526.0,2.27,4.44
24527.0,2.27,4.44
24528.0,2.27,4.44
24528.0,2.27,4.44
24529.0,2.05,4.44
24529.0,2.05,4.44
24530.0,2.05,4.44
24530.0,2.05,4.44
24531.0,2.05,4.44
24532.0,2.35,4.44
24532.0,2.35,4.44
24533.0,2.35,4.44
24533.0,2.35,4.44
24534.0,2.35,4.44
24535.0,2.35,4.44
24535.0,2.57,4.44
24536.0,2.57,4.44
24536.0,2.57,4.44
24537.0,2.57,4.44
24538.0,2.57,4.44
24538.0,2.41,4.44
24539.0,2.41,4.44
24539.0,2.41,4.44
24540.0,2.41,4.44
24541.0,2.41,4.44
24541.0,2.25,4.44
24542.0,2.26,4.44
24542.0,2.25,4.44
24543.0,2.26,4.44
24543.0,2.25,4.44
24544.0,2.16,4.44
24545.0,2.16,4.44
24545.0,2.16,4.44
24546.0,2.16,4.44
24546.0,2.16,4.44
24547.0,2.16,4.44
24548.0,2.04,4.44
24548.0,2.04,4.44
24549.0,2.04,4.44
24549.0,2.04,4.44
24550.0,2.04,4.44
24551.0,2.12,4.44
24551.0,2.12,4.44
24552.0,2.12,4.44
24552.0,2.12,4.44
24553.0,2.12,4.44
24553.0,2.14,4.44
24554.0,2.14,4.44
24555.0,2.14,4.44
24555.0,2.14,4.44
24556.0,2.14,4.44
24556.0,2.14,4.44
24557.0,2.44,4.44
24558.0,2.44,4.44
24558.0,2.44,4.44
24559.0,2.44,4.44
24559.0,2.44,4.44
24560.0,2.78,4.44
24560.0,2.79,4.44
24561.0,2.78,4.44
24562.0,2.79,4.44
24562.0,2.78,4.44
24563.0,2.39,4.44
24563.0,2.39,4.44
24564.0,2.39,4.44
24565.0,2.39,4.44
24565.0,2.39,4.44
24566.0,2.39,4.44
24566.0,2.19,4.44
24567.0,2.19,4.44
24568.0,2.19,4.44
24568.0,2.19,4.44
24569.0,2.19,4.44
24569.0,2.4,4.44
24570.0,2.4,4.44
24570.0,2.4,4.44
24571.0,2.4,4.44
24572.0,2.4,4.44
24572.0,2.17,4.44
24573.0,2.17,4.44
24573.0,2.17,4.44
24574.0,2.17,4.44
24575.0,2.17,4.44
24575.0,2.17,4.44
24576.0,2.53,4.44
24576.0,2.53,4.44
24577.0,2.53,4.44
24577.0,2.53,4.44
24578.0,2.53,4.44
24579.0,2.71,4.44
24579.0,2.71,4.44
24580.0,2.71,4.44
24580.0,2.71,4.44
24581.0,2.71,4.44
24582.0,2.34,4.44
24582.0,2.34,4.44
24583.0,2.34,4.44
24583.0,2.34,4.44
24584.0,2.34,4.44
24585.0,2.07,4.44
24585.0,2.08,4.44
24586.0,2.07,4.44
24586.0,2.08,4.44
24587.0,2.07,4.44
24587.0,2.08,4.44
24588.0,1.74,4.44
24589.0,1.74,4.44
24589.0,1.74,4.44
24590.0,1.74,4.44
24590.0,1.74,4.44
24591.0,1.91,4.44
24592.0,1.91,4.44
24592.0,1.91,4.44
24593.0,1.91,4.44
24593.0,1.91,4.44
24594.0,2.43,4.44
24595.0,2.43,4.44
24595.0,2.43,4.44
24596.0,2.43,4.44
24596.0,2.43,4.44
24597.0,2.43,4.44
24597.0,2.61,4.44
24598.0,2.61,4.44
24599.0,2.61,4.44
24599.0,2.61,4.44
24600.0,2.61,4.44
24600.0,2.52,4.44
24601.0,2.52,4.44
24602.0,2.52,4.44
24602.0,2.52,4.44
24603.0,2.52,4.44
24603.0,2.28,4.44
24604.0,2.29,4.44
24604.0,2.28,4.44
24605.0,2.29,4.44
24606.0,2.28,4.44
24606.0,2.29,4.44
24607.0,2.21,4.44
24607.0,2.21,4.44
24608.0,2.21,4.44
24609.0,2.21,4.44
24609.0,2.21,4.44
24610.0,2.08,4.44
24610.0,2.08,4.44
24611.0,2.08,4.44
24612.0,2.08,4.44
24612.0,2.08,4.44
24613.0,2.25,4.44
24613.0,2.26,4.44
24614.0,2.25,4.44
24614.0,2.26,4.44
24615.0,2.25,4.44
24616.0,2.26,4.44
24616.0,2.61,4.44
24617.0,2.62,4.44
24617.0,2.61,4.44
24618.0,2.62,4.44
24619.0,2.61,4.44
24619.0,2.76,4.44
24620.0,2.76,4.44
24620.0,2.76,4.44
24621.0,2.76,4.44
24621.0,2.76,4.44
24622.0,2.53,4.44
24623.0,2.53,4.44
24623.0,2.53,4.44
24624.0,2.53,4.44
24624.0,2.53,4.44
24625.0,2.53,4.44
24626.0,2.03,4.44
24626.0,2.04,4.44
24627.0,2.03,4.44
24627.0,2.04,4.44
24628.0,2.03,4.44
24629.0,1.92,4.44
24629.0,1.92,4.44
24630.0,1.92,4.44
24630.0,1.92,4.44
24631.0,1.92,4.44
24631.0,2.03,4.44
24632.0,2.04,4.44
24633.0,2.03,4.44
24633.0,2.04,4.44
24634.0,2.03,4.44
24634.0,2.04,4.44
24635.0,2.34,4.44
24636.0,2.35,4.44
24636.0,2.34,4.44
24637.0,2.35,4.44
24637.0,2.34,4.44
24638.0,2.62,4.44
24639.0,2.62,4.44
24639.0,2.62,4.44
24640.0,2.62,4.44
24640.0,2.62,4.44
24641.0,2.73,4.44
24642.0,2.73,4.44
24642.0,2.73,4.44
24643.0,2.73,4.44
24643.0,2.73,4.44
24644.0,2.39,4.44
24644.0,2.39,4.44
24645.0,2.39,4.44
24646.0,2.39,4.44
24646.0,2.39,4.44
24647.0,2.39,4.44
24647.0,2.2,4.44
24648.0,2.2,4.44
24649.0,2.2,4.44
24649.0,2.2,4.44
24650.0,2.2,4.44
24650.0,2.13,4.44
24651.0,2.13,4.44
24651.0,2.13,4.44
24652.0,2.13,4.44
24653.0,2.13,4.44
24653.0,2.3,4.44
24654.0,2.3,4.44
24654.0,2.3,4.44
24655.0,2.3,4.44
24656.0,2.3,4.44
24656.0,2.3,4.44
24657.0,2.6,4.44
24657.0,2.6,4.44
24658.0,2.6,4.44
24659.0,2.6,4.44
24659.0,2.6,4.44
24660.0,2.67,4.44
24660.0,2.67,4.44
24661.0,2.67,4.44
24661.0,2.67,4.44
24662.0,2.67,4.44
24663.0,2.56,4.44
24663.0,2.56,4.44
24664.0,2.56,4.44
24664.0,2.56,4.44
24665.0,2.56,4.44
24666.0,2.56,4.44
24666.0,2.02,4.44
24667.0,2.02,4.44
24667.0,2.02,4.44
24668.0,2.02,4.44
24669.0,2.02,4.44
24669.0,1.84,4.44
24670.0,1.85,4.44
24670.0,1.84,4.44
24671.0,1.85,4.44
24671.0,1.84,4.44
24672.0,2.27,4.44
24673.0,2.27,4.44
24673.0,2.27,4.44
24674.0,2.27,4.44
24674.0,2.27,4.44
24675.0,2.27,4.44
24676.0,2.42,4.44
24676.0,2.42,4.44
24677.0,2.42,4.44
24677.0,2.42,4.44
24678.0,2.42,4.44
24678.0,2.59,4.44
24679.0,2.59,4.44
24680.0,2.59,4.44
24680.0,2.59,4.44
24681.0,2.59,4.44
24681.0,2.46,4.44
24682.0,2.46,4.44
24683.0,2.46,4.44
24683.0,2.46,4.44
24684.0,2.46,4.44
24684.0,2.46,4.44
24685.0,2.15,4.44
24685.0,2.15,4.44
24686.0,2.15,4.44
24687.0,2.15,4.44
24687.0,2.15,4.44
24688.0,1.92,4.44
24688.0,1.92,4.44
24689.0,1.92,4.44
24690.0,1.92,4.44
24690.0,1.92,4.44
24691.0,2.02,4.44
24691.0,2.02,4.44
24692.0,2.02,4.44
24693.0,2.02,4.44
24693.0,2.02,4.44
24694.0,2.02,4.44
24694.0,2.28,4.44
24695.0,2.28,4.44
24695.0,2.28,4.44
24696.0,2.28,4.44
24697.0,2.28,4.44
24697.0,2.48,4.44
24698.0,2.48,4.44
24698.0,2.48,4.44
24699.0,2.48,4.44
24700.0,2.48,4.44
24700.0,2.53,4.44
24701.0,2.53,4.44
24701.0,2.53,4.44
24702.0,2.53,4.44
24703.0,2.53,4.44
24703.0,2.36,4.44
24704.0,2.36,4.44
24704.0,2.36,4.44
24705.0,2.36,4.44
24705.0,2.36,4.44
24706.0,2.36,4.44
24707.0,2.2,4.44
24707.0,2.2,4.44
24708.0,2.2,4.44
24708.0,2.2,4.44
24709.0,2.2,4.44
24710.0,1.98,4.44
24710.0,1.97,4.44
24711.0,1.98,4.44
24711.0,1.97,4.44
24712.0,1.98,4.44
24712.0,2.35,4.44
24713.0,2.36,4.44
24714.0,2.35,4.44
24714.0,2.36,4.44
24715.0,2.35,4.44
24715.0,2.36,4.44
24716.0,2.63,4.44
24717.0,2.63,4.44
24717.0,2.63,4.44
24718.0,2.63,4.44
24718.0,2.63,4.44
24719.0,2.6,4.44
24720.0,2.6,4.44
24720.0,2.6,4.44
24721.0,2.6,4.44
24721.0,2.6,4.44
24722.0,2.38,4.44
24722.0,2.38,4.44
24723.0,2.38,4.44
24724.0,2.38,4.44
24724.0,2.38,4.44
24725.0,2.38,4.44
24725.0,2.19,4.44
24726.0,2.19,4.44
24727.0,2.19,4.44
24727.0,2.19,4.44
24728.0,2.19,4.44
24728.0,2.13,4.44
24729.0,2.13,4.44
24729.0,2.13,4.44
24730.0,2.13,4.44
24731.0,2.13,4.44
24731.0,2.4,4.44
24732.0,2.4,4.44
24732.0,2.4,4.44
24733.0,2.4,4.44
24734.0,2.4,4.44
24734.0,2.4,4.44
24735.0,2.56,4.44
24735.0,2.57,4.44
24736.0,2.56,4.44
24737.0,2.57,4.44
24737.0,2.56,4.44
24738.0,2.54,4.44
24738.0,2.54,4.44
24739.0,2.54,4.44
24740.0,2.54,4.44
24740.0,2.54,4.44
24741.0,2.38,4.44
24741.0,2.38,4.44
24742.0,2.38,4.44
24742.0,2.38,4.44
24743.0,2.38,4.44
24744.0,2.11,4.44
24744.0,2.11,4.44
24745.0,2.11,4.44
24745.0,2.11,4.44
24746.0,2.11,4.44
24747.0,2.11,4.44
24747.0,2.18,4.44
24748.0,2.18,4.44
24748.0,2.18,4.44
24749.0,2.18,4.44
24750.0,2.18,4.44
24750.0,2.23,4.44
24751.0,2.23,4.44
24751.0,2.23,4.44
24752.0,2.23,4.44
24752.0,2.23,4.44
24753.0,2.37,4.44
24754.0,2.36,4.44
24754.0,2.37,4.44
24755.0,2.36,4.44
24755.0,2.37,4.44
24756.0,2.36,4.44
24757.0,2.8,4.44
24757.0,2.8,4.44
24758.0,2.8,4.44
24758.0,2.8,4.44
24759.0,2.8,4.44
24759.0,2.89,4.44
24760.0,2.89,4.44
24761.0,2.89,4.44
24761.0,2.89,4.44
24762.0,2.89,4.44
24762.0,2.37,4.44
24763.0,2.37,4.44
24764.0,2.37,4.44
24764.0,2.37,4.44
24765.0,2.37,4.44
24765.0,2.37,4.44
24766.0,2.19,4.44
24767.0,2.19,4.44
24767.0,2.19,4.44
24768.0,2.19,4.44
24768.0,2.19,4.44
24769.0,2.23,4.44
24769.0,2.23,4.44
24770.0,2.23,4.44
24771.0,2.23,4.44
24771.0,2.23,4.44
24772.0,2.35,4.44
24772.0,2.35,4.44
24773.0,2.35,4.44
24774.0,2.35,4.44
24774.0,2.35,4.44
24775.0,2.35,4.44
24775.0,2.55,4.44
24776.0,2.55,4.44
24777.0,2.55,4.44
24777.0,2.55,4.44
24778.0,2.55,4.44
24778.0,2.38,4.44
24779.0,2.38,4.44
24779.0,2.38,4.44
24780.0,2.38,4.44
24781.0,2.38,4.44
24781.0,2.26,4.44
24782.0,2.26,4.44
24782.0,2.26,4.44
24783.0,2.26,4.44
24784.0,2.26,4.44
24784.0,2.26,4.44
24785.0,2.21,4.44
24785.0,2.21,4.44
24786.0,2.21,4.44
24786.0,2.21,4.44
24787.0,2.21,4.44
24788.0,2.09,4.44
24788.0,2.1,4.44
24789.0,2.09,4.44
24789.0,2.1,4.44
24790.0,2.09,4.44
24791.0,2.2,4.44
24791.0,2.2,4.44
24792.0,2.2,4.44
24792.0,2.2,4.44
24793.0,2.2,4.44
24794.0,2.2,4.44
24794.0,2.37,4.44
24795.0,2.37,4.44
24795.0,2.37,4.44
24796.0,2.37,4.44
24796.0,2.37,4.44
24797.0,2.34,4.44
24798.0,2.34,4.44
24798.0,2.34,4.44
24799.0,2.34,4.44
24799.0,2.34,4.44
24800.0,2.32,4.44
24801.0,2.32,4.44
24801.0,2.32,4.44
24802.0,2.32,4.44
24802.0,2.32,4.44
24803.0,2.32,4.44
24803.0,2.36,4.44
24804.0,2.36,4.44
24805.0,2.36,4.44
24805.0,2.36,4.44
24806.0,2.36,4.44
24806.0,2.23,4.44
24807.0,2.23,4.44
24808.0,2.23,4.44
24808.0,2.23,4.44
24809.0,2.23,4.44
24809.0,2.45,4.44
24810.0,2.45,4.44
24811.0,2.45,4.44
24811.0,2.45,4.44
24812.0,2.45,4.44
24812.0,2.47,4.44
24813.0,2.47,4.44
24813.0,2.47,4.44
24814.0,2.47,4.44
24815.0,2.47,4.44
24815.0,2.47,4.44
24816.0,2.61,4.44
24816.0,2.61,4.44
24817.0,2.61,4.44
24818.0,2.61,4.44
24818.0,2.61,4.44
24819.0,2.64,4.44
24819.0,2.64,4.44
24820.0,2.64,4.44
24820.0,2.64,4.44
24821.0,2.64,4.44
24822.0,2.37,4.44
24822.0,2.37,4.44
24823.0,2.37,4.44
24823.0,2.37,4.44
24824.0,2.37,4.44
24825.0,2.37,4.44
24825.0,2.0,4.44
24826.0,2.0,4.44
24826.0,2.0,4.44
24827.0,2.0,4.44
24828.0,2.0,4.44
24828.0,1.71,4.44
24829.0,1.7,4.44
24829.0,1.71,4.44
24830.0,1.7,4.44
24830.0,1.71,4.44
24831.0,1.9,4.44
24832.0,1.9,4.44
24832.0,1.9,4.44
24833.0,1.9,4.44
24833.0,1.9,4.44
24834.0,1.9,4.44
24835.0,2.31,4.44
24835.0,2.32,4.44
24836.0,2.31,4.44
24836.0,2.32,4.44
24837.0,2.31,4.44
24837.0,2.47,4.44
24838.0,2.47,4.44
24839.0,2.47,4.44
24839.0,2.47,4.44
24840.0,2.47,4.44
24841.0,2.38,4.44
24841.0,2.38,4.44
24842.0,2.38,4.44
24842.0,2.38,4.44
24843.0,2.38,4.44
24843.0,2.34,4.44
24844.0,2.34,4.44
24845.0,2.34,4.44
24845.0,2.34,4.44
24846.0,2.34,4.44
24846.0,2.34,4.44
24847.0,2.16,4.44
24848.0,2.16,4.44
24848.0,2.16,4.44
24849.0,2.16,4.44
24849.0,2.16,4.44
24850.0,2.03,4.44
24851.0,2.03,4.44
24851.0,2.03,4.44
24852.0,2.03,4.44
24852.0,2.03,4.44
24853.0,2.01,4.44
24853.0,2.0,4.44
24854.0,2.01,4.44
24855.0,2.0,4.44
24855.0,2.01,4.44
24856.0,2.0,4.44
24856.0,2.48,4.44
24857.0,2.48,4.44
24858.0,2.48,4.44
24858.0,2.48,4.44
24859.0,2.48,4.44
24859.0,2.6,4.44
24860.0,2.61,4.44
24860.0,2.6,4.44
24861.0,2.61,4.44
24862.0,2.6,4.44
24862.0,2.31,4.44
24863.0,2.31,4.44
24863.0,2.31,4.44
24864.0,2.31,4.44
24865.0,2.31,4.44
24865.0,2.31,4.44
24866.0,2.03,4.44
24866.0,2.02,4.44
24867.0,2.03,4.44
24867.0,2.02,4.44
24868.0,2.03,4.44
24869.0,2.06,4.44
24869.0,2.07,4.44
24870.0,2.06,4.44
24870.0,2.07,4.44
24871.0,2.06,4.44
24872.0,2.12,4.44
24872.0,2.12,4.44
24873.0,2.12,4.44
24873.0,2.12,4.44
24874.0,2.12,4.44
24875.0,2.12,4.44
24875.0,2.48,4.44
24876.0,2.48,4.44
24876.0,2.48,4.44
24877.0,2.48,4.44
24877.0,2.48,4.44
24878.0,2.18,4.44
24879.0,2.18,4.44
24879.0,2.18,4.44
24880.0,2.18,4.44
24880.0,2.18,4.44
24881.0,2.12,4.44
24882.0,2.12,4.44
24882.0,2.12,4.44
24883.0,2.12,4.44
24883.0,2.12,4.44
24884.0,2.12,4.44
24885.0,2.27,4.44
24885.0,2.27,4.44
24886.0,2.27,4.44
24886.0,2.27,4.44
24887.0,2.27,4.44
24887.0,2.13,4.44
24888.0,2.13,4.44
24889.0,2.13,4.44
24889.0,2.13,4.44
24890.0,2.13,4.44
24890.0,2.12,4.44
24891.0,2.12,4.44
24892.0,2.12,4.44
24892.0,2.12,4.44
24893.0,2.12,4.44
24893.0,2.12,4.44
24894.0,2.12,4.44
24894.0,2.12,4.44
24895.0,2.12,4.44
24896.0,2.12,4.44
24896.0,2.12,4.44
24897.0,2.29,4.44
24897.0,2.3,4.44
24898.0,2.29,4.44
24899.0,2.3,4.44
24899.0,2.29,4.44
24900.0,2.34,4.44
24900.0,2.34,4.44
24901.0,2.34,4.44
24902.0,2.34,4.44
24902.0,2.34,4.44
24903.0,2.34,4.44
24903.0,2.32,4.44
24904.0,2.32,4.44
24904.0,2.32,4.44
24905.0,2.32,4.44
24906.0,2.32,4.44
24906.0,2.13,4.44
24907.0,2.13,4.44
24907.0,2.13,4.44
24908.0,2.13,4.44
24909.0,2.13,4.44
24909.0,2.19,4.44
24910.0,2.19,4.44
24910.0,2.19,4.44
24911.0,2.19,4.44
24911.0,2.19,4.44
24912.0,2.19,4.44
24913.0,2.37,4.44
24913.0,2.37,4.44
24914.0,2.37,4.44
24914.0,2.37,4.44
24915.0,2.37,4.44
24916.0,2.61,4.44
24916.0,2.62,4.44
24917.0,2.61,4.44
24917.0,2.62,4.44
24918.0,2.61,4.44
24919.0,2.68,4.44
24919.0,2.68,4.44
24920.0,2.68,4.44
24920.0,2.68,4.44
24921.0,2.68,4.44
24921.0,2.68,4.44
24922.0,2.39,4.44
24923.0,2.39,4.44
24923.0,2.39,4.44
24924.0,2.39,4.44
24924.0,2.39,4.44
24925.0,2.14,4.44
24926.0,2.14,4.44
24926.0,2.14,4.44
24927.0,2.14,4.44
24927.0,2.14,4.44
24928.0,2.13,4.44
24928.0,2.13,4.44
24929.0,2.13,4.44
24930.0,2.13,4.44
24930.0,2.13,4.44
24931.0,2.03,4.44
24931.0,2.03,4.44
24932.0,2.03,4.44
24933.0,2.03,4.44
24933.0,2.03,4.44
24934.0,2.03,4.44
24934.0,2.05,4.44
24935.0,2.06,4.44
24936.0,2.05,4.44
24936.0,2.06,4.44
24937.0,2.05,4.44
24937.0,2.28,4.44
24938.0,2.28,4.44
24938.0,2.28,4.44
24939.0,2.28,4.44
24940.0,2.28,4.44
24940.0,2.44,4.44
24941.0,2.44,4.44
24941.0,2.44,4.44
24942.0,2.44,4.44
24943.0,2.44,4.44
24943.0,2.44,4.44
24944.0,2.27,4.44
24944.0,2.27,4.44
24945.0,2.27,4.44
24946.0,2.27,4.44
24946.0,2.27,4.44
24947.0,2.04,4.44
24947.0,2.03,4.44
24948.0,2.04,4.44
24949.0,2.03,4.44
24949.0,2.04,4.44
24950.0,2.07,4.44
24950.0,2.07,4.44
24951.0,2.07,4.44
24951.0,2.07,4.44
24952.0,2.07,4.44
24953.0,2.07,4.44
24953.0,2.42,4.44
24954.0,2.42,4.44
24954.0,2.42,4.44
24955.0,2.42,4.44
24956.0,2.42,4.44
24956.0,2.45,4.44
24957.0,2.45,4.44
24957.0,2.45,4.44
24958.0,2.45,4.44
24959.0,2.45,4.44
24959.0,2.45,4.44
24960.0,2.45,4.44
24960.0,2.45,4.44
24961.0,2.45,4.44
24961.0,2.45,4.44
24962.0,2.44,4.44
24963.0,2.44,4.44
24963.0,2.44,4.44
24964.0,2.44,4.44
24964.0,2.44,4.44
24965.0,2.44,4.44
24966.0,2.1,4.44
24966.0,2.1,4.44
24967.0,2.1,4.44
24967.0,2.1,4.44
24968.0,2.1,4.44
24968.0,2.0,4.44
24969.0,2.01,4.44
24970.0,2.0,4.44
24970.0,2.01,4.44
24971.0,2.0,4.44
24971.0,2.17,4.44
24972.0,2.17,4.44
24973.0,2.17,4.44
24973.0,2.17,4.44
24974.0,2.17,4.44
24974.0,2.17,4.44
24975.0,2.09,4.44
24975.0,2.09,4.44
24976.0,2.09,4.44
24977.0,2.09,4.44
24977.0,2.09,4.44
24978.0,2.38,4.44
24978.0,2.38,4.44
24979.0,2.38,4.44
24980.0,2.38,4.44
24980.0,2.38,4.44
24981.0,2.53,4.44
24981.0,2.53,4.44
24982.0,2.53,4.44
24983.0,2.53,4.44
24983.0,2.53,4.44
24984.0,2.53,4.44
24984.0,2.05,4.44
24985.0,2.05,4.44
24985.0,2.05,4.44
24986.0,2.05,4.44
24987.0,2.05,4.44
24987.0,2.08,4.44
24988.0,2.08,4.44
24988.0,2.08,4.44
24989.0,2.08,4.44
24990.0,2.08,4.44
24990.0,2.28,4.44
24991.0,2.28,4.44
24991.0,2.28,4.44
24992.0,2.28,4.44
24993.0,2.28,4.44
24993.0,2.28,4.44
24994.0,2.38,4.44
24994.0,2.38,4.44
24995.0,2.38,4.44
24995.0,2.38,4.44
24996.0,2.38,4.44
24997.0,2.52,4.44
24997.0,2.53,4.44
24998.0,2.52,4.44
24998.0,2.53,4.44
24999.0,2.52,4.44
25000.0,2.31,4.44
25000.0,2.3,4.44
25001.0,2.31,4.44
25001.0,2.3,4.44
25002.0,2.31,4.44
25002.0,2.3,4.44
25003.0,2.38,4.44
25004.0,2.38,4.44
25004.0,2.38,4.44
25005.0,2.38,4.44
25005.0,2.38,4.44
25006.0,2.24,4.44
25007.0,2.24,4.44
25007.0,2.24,4.44
25008.0,2.24,4.44
25008.0,2.24,4.44
25009.0,2.09,4.44
25010.0,2.08,4.44
25010.0,2.09,4.44
25011.0,2.08,4.44
25011.0,2.09,4.44
25012.0,2.08,4.44
25012.0,2.2,4.44
25013.0,2.2,4.44
25014.0,2.2,4.44
25014.0,2.2,4.44
25015.0,2.2,4.44
25015.0,2.3,4.44
25016.0,2.31,4.44
25017.0,2.3,4.44
25017.0,2.31,4.44
25018.0,2.3,4.44
25018.0,2.26,4.44
25019.0,2.26,4.44
25019.0,2.26,4.44
25020.0,2.26,4.44
25021.0,2.26,4.44
25021.0,2.26,4.44
25022.0,2.31,4.44
25022.0,2.3,4.44
25023.0,2.31,4.44
25024.0,2.3,4.44
25024.0,2.31,4.44
25025.0,2.05,4.44
25025.0,2.05,4.44
25026.0,2.05,4.44
25027.0,2.05,4.44
25027.0,2.05,4.44
25028.0,1.87,4.44
25028.0,1.87,4.44
25029.0,1.87,4.44
25029.0,1.87,4.44
25030.0,1.87,4.44
25031.0,1.87,4.44
25031.0,1.96,4.44
25032.0,1.95,4.44
25032.0,1.96,4.44
25033.0,1.95,4.44
25034.0,1.96,4.44
25034.0,2.42,4.44
25035.0,2.42,4.44
25035.0,2.42,4.44
25036.0,2.42,4.44
25036.0,2.42,4.44
25037.0,2.54,4.44
25038.0,2.54,4.44
25038.0,2.54,4.44
25039.0,2.54,4.44
25039.0,2.54,4.44
25040.0,2.37,4.44
25041.0,2.37,4.44
25041.0,2.37,4.44
25042.0,2.37,4.44
25042.0,2.37,4.44
25043.0,2.37,4.44
25044.0,2.22,4.44
25044.0,2.22,4.44
25045.0,2.22,4.44
25045.0,2.22,4.44
25046.0,2.22,4.44
25047.0,2.05,4.44
25047.0,2.05,4.44
25048.0,2.05,4.44
25048.0,2.05,4.44
25049.0,2.05,4.44
25049.0,2.24,4.44
25050.0,2.24,4.44
25051.0,2.24,4.44
25051.0,2.24,4.44
25052.0,2.24,4.44
25052.0,2.24,4.44
25053.0,2.44,4.44
25054.0,2.44,4.44
25054.0,2.44,4.44
25055.0,2.44,4.44
25055.0,2.44,4.44
25056.0,2.57,4.44
25057.0,2.57,4.44
25057.0,2.57,4.44
25058.0,2.57,4.44
25058.0,2.57,4.44
25059.0,2.41,4.44
25059.0,2.41,4.44
25060.0,2.41,4.44
25061.0,2.41,4.44
25061.0,2.41,4.44
25062.0,2.41,4.44
25062.0,2.38,4.44
25063.0,2.38,4.44
25064.0,2.38,4.44
25064.0,2.38,4.44
25065.0,2.38,4.44
25065.0,2.18,4.44
25066.0,2.18,4.44
25067.0,2.18,4.44
25067.0,2.18,4.44
25068.0,2.18,4.44
25068.0,2.11,4.44
25069.0,2.12,4.44
25069.0,2.11,4.44
25070.0,2.12,4.44
25071.0,2.11,4.44
25071.0,2.24,4.44
25072.0,2.24,4.44
25072.0,2.24,4.44
25073.0,2.24,4.44
25074.0,2.24,4.44
25074.0,2.24,4.44
25075.0,2.24,4.44
25075.0,2.24,4.44
25076.0,2.24,4.44
25076.0,2.24,4.44
25077.0,2.24,4.44
25078.0,2.35,4.44
25078.0,2.35,4.44
25079.0,2.35,4.44
25079.0,2.35,4.44
25080.0,2.35,4.44
25081.0,2.39,4.44
25081.0,2.39,4.44
25082.0,2.39,4.44
25082.0,2.39,4.44
25083.0,2.39,4.44
25084.0,2.39,4.44
25084.0,2.3,4.44
25085.0,2.29,4.44
25085.0,2.3,4.44
25086.0,2.29,4.44
25086.0,2.3,4.44
25087.0,1.94,4.44
25088.0,1.94,4.44
25088.0,1.94,4.44
25089.0,1.94,4.44
25089.0,1.94,4.44
25090.0,2.01,4.44
25091.0,2.0,4.44
25091.0,2.01,4.44
25092.0,2.0,4.44
25092.0,2.01,4.44
25093.0,2.0,4.44
25093.0,2.14,4.44
25094.0,2.14,4.44
25095.0,2.14,4.44
25095.0,2.14,4.44
25096.0,2.14,4.44
25096.0,2.23,4.44
25097.0,2.23,4.44
25098.0,2.23,4.44
25098.0,2.23,4.44
25099.0,2.23,4.44
25099.0,2.56,4.44
25100.0,2.56,4.44
25101.0,2.56,4.44
25101.0,2.56,4.44
25102.0,2.56,4.44
25102.0,2.56,4.44
25103.0,2.31,4.44
25103.0,2.31,4.44
25104.0,2.31,4.44
25105.0,2.31,4.44
25105.0,2.31,4.44
25106.0,2.26,4.44
25106.0,2.26,4.44
25107.0,2.26,4.44
25108.0,2.26,4.44
25108.0,2.26,4.44
25109.0,2.2,4.44
25109.0,2.2,4.44
25110.0,2.2,4.44
25110.0,2.2,4.44
25111.0,2.2,4.44
25112.0,2.2,4.44
25112.0,2.2,4.44
25113.0,2.2,4.44
25113.0,2.2,4.44
25114.0,2.2,4.44
25115.0,2.2,4.44
25115.0,2.49,4.44
25116.0,2.49,4.44
25116.0,2.49,4.44
25117.0,2.49,4.44
25118.0,2.49,4.44
25118.0,2.58,4.44
25119.0,2.58,4.44
25119.0,2.58,4.44
25120.0,2.58,4.44
25120.0,2.58,4.44
25121.0,2.58,4.44
25122.0,2.16,4.44
25122.0,2.16,4.44
25123.0,2.16,4.44
25123.0,2.16,4.44
25124.0,2.16,4.44
25125.0,2.07,4.44
25125.0,2.07,4.44
25126.0,2.07,4.44
25126.0,2.07,4.44
25127.0,2.07,4.44
25127.0,2.09,4.44
25128.0,2.09,4.44
25129.0,2.09,4.44
25129.0,2.09,4.44
25130.0,2.09,4.44
25130.0,2.09,4.44
25131.0,2.29,4.44
25132.0,2.28,4.44
25132.0,2.29,4.44
25133.0,2.28,4.44
25133.0,2.29,4.44
25134.0,2.53,4.44
25135.0,2.53,4.44
25135.0,2.53,4.44
25136.0,2.53,4.44
25136.0,2.53,4.44
25137.0,2.53,4.44
25137.0,2.53,4.44
25138.0,2.53,4.44
25139.0,2.53,4.44
25139.0,2.53,4.44
25140.0,2.53,4.44
25140.0,2.59,4.44
25141.0,2.59,4.44
25142.0,2.59,4.44
25142.0,2.59,4.44
25143.0,2.59,4.44
25143.0,2.29,4.44
25144.0,2.3,4.44
25145.0,2.29,4.44
25145.0,2.3,4.44
25146.0,2.29,4.44
25146.0,1.94,4.44
25147.0,1.94,4.44
25148.0,1.94,4.44
25148.0,1.94,4.44
25149.0,1.94,4.44
25149.0,2.12,4.44
25150.0,2.12,4.44
25150.0,2.12,4.44
25151.0,2.12,4.44
25152.0,2.12,4.44
25152.0,2.12,4.44
25153.0,2.54,4.44
25153.0,2.54,4.44
25154.0,2.54,4.44
25155.0,2.54,4.44
25155.0,2.54,4.44
25156.0,2.58,4.44
25156.0,2.58,4.44
25157.0,2.58,4.44
25157.0,2.58,4.44
25158.0,2.58,4.44
25159.0,2.65,4.44
25159.0,2.65,4.44
25160.0,2.65,4.44
25160.0,2.65,4.44
25161.0,2.65,4.44
25162.0,2.65,4.44
25162.0,2.4,4.44
25163.0,2.4,4.44
25163.0,2.4,4.44
25164.0,2.4,4.44
25165.0,2.4,4.44
25165.0,2.26,4.44
25166.0,2.25,4.44
25166.0,2.26,4.44
25167.0,2.25,4.44
25167.0,2.26,4.44
25168.0,2.3,4.44
25169.0,2.3,4.44
25169.0,2.3,4.44
25170.0,2.3,4.44
25170.0,2.3,4.44
25171.0,2.3,4.44
25172.0,2.18,4.44
25172.0,2.18,4.44
25173.0,2.18,4.44
25173.0,2.18,4.44
25174.0,2.18,4.44
25175.0,2.32,4.44
25175.0,2.31,4.44
25176.0,2.32,4.44
25176.0,2.31,4.44
25177.0,2.32,4.44
25177.0,2.36,4.44
25178.0,2.36,4.44
25179.0,2.36,4.44
25179.0,2.36,4.44
25180.0,2.36,4.44
25180.0,2.36,4.44
25181.0,2.26,4.44
25182.0,2.26,4.44
25182.0,2.26,4.44
25183.0,2.26,4.44
25183.0,2.26,4.44
25184.0,2.14,4.44
25184.0,2.14,4.44
25185.0,2.14,4.44
25186.0,2.14,4.44
25186.0,2.14,4.44
25187.0,1.97,4.44
25187.0,1.97,4.44
25188.0,1.97,4.44
25189.0,1.97,4.44
25189.0,1.97,4.44
25190.0,2.13,4.44
25190.0,2.13,4.44
25191.0,2.13,4.44
25192.0,2.13,4.44
25192.0,2.13,4.44
25193.0,2.13,4.44
25193.0,2.37,4.44
25194.0,2.37,4.44
25194.0,2.37,4.44
25195.0,2.37,4.44
25196.0,2.37,4.44
25196.0,2.58,4.44
25197.0,2.59,4.44
25197.0,2.58,4.44
25198.0,2.59,4.44
25199.0,2.58,4.44
25199.0,2.67,4.44
25200.0,2.67,4.44
25200.0,2.67,4.44
25201.0,2.67,4.44
25201.0,2.67,4.44
25202.0,2.67,4.44
25203.0,2.46,4.44
25203.0,2.46,4.44
25204.0,2.46,4.44
25204.0,2.46,4.44
25205.0,2.46,4.44
25206.0,2.2,4.44
25206.0,2.2,4.44
25207.0,2.2,4.44
25207.0,2.2,4.44
25208.0,2.2,4.44
25209.0,2.06,4.44
25209.0,2.06,4.44
25210.0,2.06,4.44
25210.0,2.06,4.44
25211.0,2.06,4.44
25211.0,2.06,4.44
25212.0,2.07,4.44
25213.0,2.06,4.44
25213.0,2.07,4.44
25214.0,2.06,4.44
25214.0,2.07,4.44
25215.0,2.25,4.44
25216.0,2.26,4.44
25216.0,2.25,4.44
25217.0,2.26,4.44
25217.0,2.25,4.44
25218.0,2.61,4.44
25218.0,2.61,4.44
25219.0,2.61,4.44
25220.0,2.61,4.44
25220.0,2.61,4.44
25221.0,2.61,4.44
25221.0,2.65,4.44
25222.0,2.65,4.44
25223.0,2.65,4.44
25223.0,2.65,4.44
25224.0,2.65,4.44
25224.0,2.17,4.44
25225.0,2.17,4.44
25226.0,2.17,4.44
25226.0,2.17,4.44
25227.0,2.17,4.44
25227.0,2.09,4.44
25228.0,2.08,4.44
25228.0,2.09,4.44
25229.0,2.08,4.44
25230.0,2.09,4.44
25230.0,2.08,4.44
25231.0,2.23,4.44
25231.0,2.23,4.44
25232.0,2.23,4.44
25233.0,2.23,4.44
25233.0,2.23,4.44
25234.0,2.33,4.44
25234.0,2.33,4.44
25235.0,2.33,4.44
25235.0,2.33,4.44
25236.0,2.33,4.44
25237.0,2.49,4.44
25237.0,2.49,4.44
25238.0,2.49,4.44
25238.0,2.49,4.44
25239.0,2.49,4.44
25240.0,2.49,4.44
25240.0,2.38,4.44
25241.0,2.38,4.44
25241.0,2.38,4.44
25242.0,2.38,4.44
25243.0,2.38,4.44
25243.0,2.38,4.44
25244.0,2.38,4.44
25244.0,2.38,4.44
25245.0,2.38,4.44
25246.0,2.38,4.44
25246.0,2.15,4.44
25247.0,2.15,4.44
25247.0,2.15,4.44
25248.0,2.15,4.44
25249.0,2.15,4.44
25249.0,1.95,4.44
25250.0,1.96,4.44
25250.0,1.95,4.44
25251.0,1.96,4.44
25251.0,1.95,4.44
25252.0,1.96,4.44
25253.0,2.3,4.44
25253.0,2.3,4.44
25254.0,2.3,4.44
25254.0,2.3,4.44
25255.0,2.3,4.44
25256.0,2.66,4.44
25256.0,2.66,4.44
25257.0,2.66,4.44
25257.0,2.66,4.44
25258.0,2.66,4.44
25258.0,2.64,4.44
25259.0,2.64,4.44
25260.0,2.64,4.44
25260.0,2.64,4.44
25261.0,2.64,4.44
25261.0,2.64,4.44
25262.0,2.42,4.44
25263.0,2.42,4.44
25263.0,2.42,4.44
25264.0,2.42,4.44
25264.0,2.42,4.44
25265.0,2.16,4.44
25266.0,2.16,4.44
25266.0,2.16,4.44
25267.0,2.16,4.44
25267.0,2.16,4.44
25268.0,1.83,4.44
25268.0,1.83,4.44
25269.0,1.83,4.44
25270.0,1.83,4.44
25270.0,1.83,4.44
25271.0,1.83,4.44
25271.0,2.11,4.44
25272.0,2.11,4.44
25273.0,2.11,4.44
25273.0,2.11,4.44
25274.0,2.11,4.44
25274.0,2.45,4.44
25275.0,2.45,4.44
25275.0,2.45,4.44
25276.0,2.45,4.44
25277.0,2.45,4.44
25277.0,2.44,4.44
25278.0,2.44,4.44
25278.0,2.44,4.44
25279.0,2.44,4.44
25280.0,2.44,4.44
25280.0,2.44,4.44
25281.0,2.37,4.44
25281.0,2.37,4.44
25282.0,2.37,4.44
25283.0,2.37,4.44
25283.0,2.37,4.44
25284.0,2.3,4.44
25284.0,2.3,4.44
25285.0,2.3,4.44
25285.0,2.3,4.44
25286.0,2.3,4.44
25287.0,2.22,4.44
25287.0,2.22,4.44
25288.0,2.22,4.44
25288.0,2.22,4.44
25289.0,2.22,4.44
25290.0,2.22,4.44
25290.0,2.32,4.44
25291.0,2.32,4.44
25291.0,2.32,4.44
25292.0,2.32,4.44
25292.0,2.32,4.44
25293.0,2.44,4.44
25294.0,2.44,4.44
25294.0,2.44,4.44
25295.0,2.44,4.44
25295.0,2.44,4.44
25296.0,2.42,4.44
25297.0,2.42,4.44
25297.0,2.42,4.44
25298.0,2.42,4.44
25298.0,2.42,4.44
25299.0,2.48,4.44
25300.0,2.48,4.44
25300.0,2.48,4.44
25301.0,2.48,4.44
25301.0,2.48,4.44
25302.0,2.48,4.44
25302.0,2.44,4.44
25303.0,2.44,4.44
25304.0,2.44,4.44
25304.0,2.44,4.44
25305.0,2.44,4.44
25305.0,2.23,4.44
25306.0,2.23,4.44
25307.0,2.23,4.44
25307.0,2.23,4.44
25308.0,2.23,4.44
25308.0,2.06,4.44
25309.0,2.06,4.44
25309.0,2.06,4.44
25310.0,2.06,4.44
25311.0,2.06,4.44
25311.0,2.06,4.44
25312.0,2.31,4.44
25312.0,2.31,4.44
25313.0,2.31,4.44
25314.0,2.31,4.44
25314.0,2.31,4.44
25315.0,2.51,4.44
25315.0,2.51,4.44
25316.0,2.51,4.44
25317.0,2.51,4.44
25317.0,2.51,4.44
25318.0,2.34,4.44
25318.0,2.33,4.44
25319.0,2.34,4.44
25319.0,2.33,4.44
25320.0,2.34,4.44
25321.0,2.33,4.44
25321.0,2.5,4.44
25322.0,2.5,4.44
25322.0,2.5,4.44
25323.0,2.5,4.44
25324.0,2.5,4.44
25324.0,2.43,4.44
25325.0,2.43,4.44
25325.0,2.43,4.44
25326.0,2.43,4.44
25326.0,2.43,4.44
25327.0,2.15,4.44
25328.0,2.15,4.44
25328.0,2.15,4.44
25329.0,2.15,4.44
25329.0,2.15,4.44
25330.0,2.15,4.44
25331.0,2.16,4.44
25331.0,2.16,4.44
25332.0,2.16,4.44
25332.0,2.16,4.44
25333.0,2.16,4.44
25334.0,2.21,4.44
25334.0,2.21,4.44
25335.0,2.21,4.44
25335.0,2.21,4.44
25336.0,2.21,4.44
25336.0,2.55,4.44
25337.0,2.55,4.44
25338.0,2.55,4.44
25338.0,2.55,4.44
25339.0,2.55,4.44
25339.0,2.55,4.44
25340.0,2.82,4.44
25341.0,2.82,4.44
25341.0,2.82,4.44
25342.0,2.82,4.44
25342.0,2.82,4.44
25343.0,2.43,4.44
25344.0,2.43,4.44
25344.0,2.43,4.44
25345.0,2.43,4.44
25345.0,2.43,4.44
25346.0,2.01,4.44
25347.0,2.0,4.44
25347.0,2.01,4.44
25348.0,2.0,4.44
25348.0,2.01,4.44
25349.0,2.04,4.44
25349.0,2.04,4.44
25350.0,2.04,4.44
25351.0,2.04,4.44
25351.0,2.04,4.44
25352.0,2.04,4.44
25352.0,2.28,4.44
25353.0,2.28,4.44
25354.0,2.28,4.44
25354.0,2.28,4.44
25355.0,2.28,4.44
25355.0,2.47,4.44
25356.0,2.47,4.44
25357.0,2.47,4.44
25357.0,2.47,4.44
25358.0,2.47,4.44
25358.0,2.39,4.44
25359.0,2.39,4.44
25359.0,2.39,4.44
25360.0,2.39,4.44
25361.0,2.39,4.44
25361.0,2.39,4.44
25362.0,2.16,4.44
25362.0,2.16,4.44
25363.0,2.16,4.44
25364.0,2.16,4.44
25364.0,2.16,4.44
25365.0,2.13,4.44
25365.0,2.13,4.44
25366.0,2.13,4.44
25366.0,2.13,4.44
25367.0,2.13,4.44
25368.0,1.96,4.44
25368.0,1.96,4.44
25369.0,1.96,4.44
25369.0,1.96,4.44
25370.0,1.96,4.44
25371.0,1.96,4.44
25371.0,2.17,4.44
25372.0,2.17,4.44
25372.0,2.17,4.44
25373.0,2.17,4.44
25374.0,2.17,4.44
25374.0,2.52,4.44
25375.0,2.51,4.44
25375.0,2.52,4.44
25376.0,2.51,4.44
25376.0,2.52,4.44
25377.0,2.47,4.44
25378.0,2.47,4.44
25378.0,2.47,4.44
25379.0,2.47,4.44
25379.0,2.47,4.44
25380.0,2.47,4.44
25381.0,2.34,4.44
25381.0,2.35,4.44
25382.0,2.34,4.44
25382.0,2.35,4.44
25383.0,2.34,4.44
25383.0,2.34,4.44
25384.0,2.33,4.44
25385.0,2.34,4.44
25385.0,2.33,4.44
25386.0,2.34,4.44
25386.0,2.12,4.44
25387.0,2.12,4.44
25388.0,2.12,4.44
25388.0,2.12,4.44
25389.0,2.12,4.44
25389.0,2.12,4.44
25390.0,1.96,4.44
25391.0,1.96,4.44
25391.0,1.96,4.44
25392.0,1.96,4.44
25392.0,1.96,4.44
25393.0,2.26,4.44
25393.0,2.26,4.44
25394.0,2.26,4.44
25395.0,2.26,4.44
25395.0,2.26,4.44
25396.0,2.41,4.44
25396.0,2.41,4.44
25397.0,2.41,4.44
25398.0,2.41,4.44
25398.0,2.41,4.44
25399.0,2.41,4.44
25399.0,2.59,4.44
25400.0,2.59,4.44
25400.0,2.59,4.44
25401.0,2.59,4.44
25402.0,2.59,4.44
25402.0,2.52,4.44
25403.0,2.52,4.44
25403.0,2.52,4.44
25404.0,2.52,4.44
25405.0,2.52,4.44
25405.0,2.08,4.44
25406.0,2.08,4.44
25406.0,2.08,4.44
25407.0,2.08,4.44
25408.0,2.08,4.44
25408.0,2.08,4.44
25409.0,2.03,4.44
25409.0,2.04,4.44
25410.0,2.03,4.44
25410.0,2.04,4.44
25411.0,2.03,4.44
25412.0,2.2,4.44
25412.0,2.2,4.44
25413.0,2.2,4.44
25413.0,2.2,4.44
25414.0,2.2,4.44
25415.0,2.48,4.44
25415.0,2.48,4.44
25416.0,2.48,4.44
25416.0,2.48,4.44
25417.0,2.48,4.44
25417.0,2.6,4.44
25418.0,2.6,4.44
25419.0,2.6,4.44
25419.0,2.6,4.44
25420.0,2.6,4.44
25420.0,2.6,4.44
25421.0,2.43,4.44
25422.0,2.43,4.44
25422.0,2.43,4.44
25423.0,2.43,4.44
25423.0,2.43,4.44
25424.0,2.27,4.44
25425.0,2.28,4.44
25425.0,2.27,4.44
25426.0,2.28,4.44
25426.0,2.27,4.44
25427.0,2.07,4.44
25427.0,2.07,4.44
25428.0,2.07,4.44
25429.0,2.07,4.44
25429.0,2.07,4.44
25430.0,2.07,4.44
25430.0,2.32,4.44
25431.0,2.32,4.44
25432.0,2.32,4.44
25432.0,2.32,4.44
25433.0,2.32,4.44
25433.0,2.48,4.44
25434.0,2.48,4.44
25434.0,2.48,4.44
25435.0,2.48,4.44
25436.0,2.48,4.44
25436.0,2.53,4.44
25437.0,2.52,4.44
25437.0,2.53,4.44
25438.0,2.52,4.44
25439.0,2.53,4.44
25439.0,2.52,4.44
25440.0,2.76,4.44
25440.0,2.76,4.44
25441.0,2.76,4.44
25442.0,2.76,4.44
25442.0,2.76,4.44
25443.0,2.66,4.44
25443.0,2.66,4.44
25444.0,2.66,4.44
25444.0,2.66,4.44
25445.0,2.66,4.44
25446.0,2.33,4.44
25446.0,2.33,4.44
25447.0,2.33,4.44
25448.0,2.33,4.44
25448.0,2.33,4.44
25449.0,2.33,4.44
25449.0,2.15,4.44
25450.0,2.15,4.44
25450.0,2.15,4.44
25451.0,2.15,4.44
25452.0,2.15,4.44
25452.0,2.24,4.44
25453.0,2.24,4.44
25453.0,2.24,4.44
25454.0,2.24,4.44
25455.0,2.24,4.44
25455.0,2.51,4.44
25456.0,2.51,4.44
25456.0,2.51,4.44
25457.0,2.51,4.44
25457.0,2.51,4.44
25458.0,2.68,4.44
25459.0,2.68,4.44
25459.0,2.68,4.44
25460.0,2.68,4.44
25460.0,2.68,4.44
25461.0,2.68,4.44
25462.0,2.49,4.44
25462.0,2.49,4.44
25463.0,2.49,4.44
25463.0,2.49,4.44
25464.0,2.49,4.44
25465.0,2.31,4.44
25465.0,2.31,4.44
25466.0,2.31,4.44
25466.0,2.31,4.44
25467.0,2.31,4.44
25467.0,2.21,4.44
25468.0,2.21,4.44
25469.0,2.21,4.44
25469.0,2.21,4.44
25470.0,2.21,4.44
25470.0,2.21,4.44
25471.0,2.17,4.44
25472.0,2.17,4.44
25472.0,2.17,4.44
25473.0,2.17,4.44
25473.0,2.17,4.44
25474.0,2.54,4.44
25474.0,2.54,4.44
25475.0,2.54,4.44
25476.0,2.54,4.44
25476.0,2.54,4.44
25477.0,2.66,4.44
25477.0,2.66,4.44
25478.0,2.66,4.44
25479.0,2.66,4.44
25479.0,2.66,4.44
25480.0,2.66,4.44
25480.0,2.52,4.44
25481.0,2.52,4.44
25482.0,2.52,4.44
25482.0,2.52,4.44
25483.0,2.52,4.44
25483.0,2.54,4.44
25484.0,2.54,4.44
25484.0,2.54,4.44
25485.0,2.54,4.44
25486.0,2.54,4.44
25486.0,2.19,4.44
25487.0,2.19,4.44
25487.0,2.19,4.44
25488.0,2.19,4.44
25489.0,2.19,4.44
25489.0,2.19,4.44
25490.0,2.13,4.44
25490.0,2.13,4.44
25491.0,2.13,4.44
25491.0,2.13,4.44
25492.0,2.13,4.44
25493.0,2.38,4.44
25493.0,2.38,4.44
25494.0,2.38,4.44
25494.0,2.38,4.44
25495.0,2.38,4.44
25496.0,2.62,4.44
25496.0,2.62,4.44
25497.0,2.62,4.44
25497.0,2.62,4.44
25498.0,2.62,4.44
25499.0,2.62,4.44
25499.0,2.53,4.44
25500.0,2.54,4.44
25500.0,2.53,4.44
25501.0,2.54,4.44
25501.0,2.53,4.44
25502.0,2.17,4.44
25503.0,2.17,4.44
25503.0,2.17,4.44
25504.0,2.17,4.44
25504.0,2.17,4.44
25505.0,2.07,4.44
25506.0,2.08,4.44
25506.0,2.07,4.44
25507.0,2.08,4.44
25507.0,2.07,4.44
25508.0,2.08,4.44
25508.0,2.16,4.44
25509.0,2.16,4.44
25510.0,2.16,4.44
25510.0,2.16,4.44
25511.0,2.16,4.44
25511.0,2.07,4.44
25512.0,2.06,4.44
25513.0,2.07,4.44
25513.0,2.06,4.44
25514.0,2.07,4.44
25514.0,2.03,4.44
25515.0,2.03,4.44
25516.0,2.03,4.44
25516.0,2.03,4.44
25517.0,2.03,4.44
25517.0,2.03,4.44
25518.0,2.3,4.44
25518.0,2.31,4.44
25519.0,2.3,4.44
25520.0,2.31,4.44
25520.0,2.3,4.44
25521.0,2.46,4.44
25521.0,2.46,4.44
25522.0,2.46,4.44
25523.0,2.46,4.44
25523.0,2.46,4.44
25524.0,2.25,4.44
25524.0,2.25,4.44
25525.0,2.25,4.44
25526.0,2.25,4.44
25526.0,2.25,4.44
25527.0,2.2,4.44
25527.0,2.2,4.44
25528.0,2.2,4.44
25528.0,2.2,4.44
25529.0,2.2,4.44
25530.0,2.2,4.44
25530.0,2.27,4.44
25531.0,2.27,4.44
25531.0,2.27,4.44
25532.0,2.27,4.44
25533.0,2.27,4.44
25533.0,2.63,4.44
25534.0,2.63,4.44
25534.0,2.63,4.44
25535.0,2.63,4.44
25535.0,2.63,4.44
25536.0,2.64,4.44
25537.0,2.64,4.44
25537.0,2.64,4.44
25538.0,2.64,4.44
25538.0,2.64,4.44
25539.0,2.64,4.44
25540.0,2.59,4.44
25540.0,2.58,4.44
25541.0,2.59,4.44
25541.0,2.58,4.44
25542.0,2.59,4.44
25542.0,2.43,4.44
25543.0,2.43,4.44
25544.0,2.43,4.44
25544.0,2.43,4.44
25545.0,2.43,4.44
25545.0,2.11,4.44
25546.0,2.1,4.44
25547.0,2.11,4.44
25547.0,2.1,4.44
25548.0,2.11,4.44
25548.0,2.1,4.44
25549.0,1.92,4.44
25550.0,1.92,4.44
25550.0,1.92,4.44
25551.0,1.92,4.44
25551.0,1.92,4.44
25552.0,2.04,4.44
25553.0,2.05,4.44
25553.0,2.04,4.44
25554.0,2.05,4.44
25554.0,2.04,4.44
25555.0,2.16,4.44
25556.0,2.16,4.44
25556.0,2.16,4.44
25557.0,2.16,4.44
25557.0,2.16,4.44
25558.0,2.16,4.44
25558.0,2.56,4.44
25559.0,2.55,4.44
25560.0,2.56,4.44
25560.0,2.55,4.44
25561.0,2.56,4.44
25561.0,2.46,4.44
25562.0,2.46,4.44
25563.0,2.46,4.44
25563.0,2.46,4.44
25564.0,2.46,4.44
25564.0,2.09,4.44
25565.0,2.08,4.44
25565.0,2.09,4.44
25566.0,2.08,4.44
25567.0,2.09,4.44
25567.0,2.06,4.44
25568.0,2.07,4.44
25568.0,2.06,4.44
25569.0,2.07,4.44
25570.0,2.06,4.44
25570.0,2.07,4.44
25571.0,2.08,4.44
25571.0,2.08,4.44
25572.0,2.08,4.44
25573.0,2.08,4.44
25573.0,2.08,4.44
25574.0,2.39,4.44
25574.0,2.39,4.44
25575.0,2.39,4.44
25575.0,2.39,4.44
25576.0,2.39,4.44
25577.0,2.75,4.44
25577.0,2.75,4.44
25578.0,2.75,4.44
25578.0,2.75,4.44
25579.0,2.75,4.44
25580.0,2.75,4.44
25580.0,2.92,4.44
25581.0,2.92,4.44
25581.0,2.92,4.44
25582.0,2.92,4.44
25582.0,2.92,4.44
25583.0,2.44,4.44
25584.0,2.44,4.44
25584.0,2.44,4.44
25585.0,2.44,4.44
25585.0,2.44,4.44
25586.0,2.21,4.44
25587.0,2.21,4.44
25587.0,2.21,4.44
25588.0,2.21,4.44
25588.0,2.21,4.44
25589.0,2.21,4.44
25590.0,2.08,4.44
25590.0,2.08,4.44
25591.0,2.08,4.44
25591.0,2.08,4.44
25592.0,2.08,4.44
25592.0,2.35,4.44
25593.0,2.35,4.44
25594.0,2.35,4.44
25594.0,2.35,4.44
25595.0,2.35,4.44
25595.0,2.61,4.44
25596.0,2.61,4.44
25597.0,2.61,4.44
25597.0,2.61,4.44
25598.0,2.61,4.44
25598.0,2.61,4.44
25599.0,2.51,4.44
25599.0,2.51,4.44
25600.0,2.51,4.44
25601.0,2.51,4.44
25601.0,2.51,4.44
25602.0,2.51,4.44
25602.0,2.5,4.44
25603.0,2.51,4.44
25604.0,2.5,4.44
25604.0,2.51,4.44
25605.0,2.31,4.44
25605.0,2.31,4.44
25606.0,2.31,4.44
25607.0,2.31,4.44
25607.0,2.31,4.44
25608.0,2.31,4.44
25608.0,2.08,4.44
25609.0,2.08,4.44
25609.0,2.08,4.44
25610.0,2.08,4.44
25611.0,2.08,4.44
25611.0,2.32,4.44
25612.0,2.32,4.44
25612.0,2.32,4.44
25613.0,2.32,4.44
25614.0,2.32,4.44
25614.0,2.55,4.44
25615.0,2.56,4.44
25615.0,2.55,4.44
25616.0,2.56,4.44
25616.0,2.55,4.44
25617.0,2.56,4.44
25618.0,2.5,4.44
25618.0,2.51,4.44
25619.0,2.5,4.44
25619.0,2.51,4.44
25620.0,2.5,4.44
25621.0,2.47,4.44
25621.0,2.47,4.44
25622.0,2.47,4.44
25622.0,2.47,4.44
25623.0,2.47,4.44
25624.0,2.51,4.44
25624.0,2.51,4.44
25625.0,2.51,4.44
25625.0,2.51,4.44
25626.0,2.51,4.44
25626.0,2.51,4.44
25627.0,2.27,4.44
25628.0,2.27,4.44
25628.0,2.27,4.44
25629.0,2.27,4.44
25629.0,2.27,4.44
25630.0,2.06,4.44
25631.0,2.06,4.44
25631.0,2.06,4.44
25632.0,2.06,4.44
25632.0,2.06,4.44
25633.0,2.16,4.44
25634.0,2.16,4.44
25634.0,2.16,4.44
25635.0,2.16,4.44
25635.0,2.16,4.44
25636.0,2.16,4.44
25636.0,2.32,4.44
25637.0,2.33,4.44
25638.0,2.32,4.44
25638.0,2.33,4.44
25639.0,2.32,4.44
25639.0,2.35,4.44
25640.0,2.34,4.44
25641.0,2.35,4.44
25641.0,2.34,4.44
25642.0,2.35,4.44
25642.0,2.31,4.44
25643.0,2.31,4.44
25643.0,2.31,4.44
25644.0,2.31,4.44
25645.0,2.31,4.44
25645.0,2.22,4.44
25646.0,2.22,4.44
25646.0,2.22,4.44
25647.0,2.22,4.44
25648.0,2.22,4.44
25648.0,2.22,4.44
25649.0,1.99,4.44
25649.0,1.98,4.44
25650.0,1.99,4.44
25651.0,1.98,4.44
25651.0,1.99,4.44
25652.0,2.05,4.44
25652.0,2.05,4.44
25653.0,2.05,4.44
25654.0,2.05,4.44
25654.0,2.05,4.44
25655.0,2.24,4.44
25655.0,2.24,4.44
25656.0,2.24,4.44
25656.0,2.24,4.44
25657.0,2.24,4.44
25658.0,2.24,4.44
25658.0,2.47,4.44
25659.0,2.47,4.44
25659.0,2.47,4.44
25660.0,2.47,4.44
25661.0,2.47,4.44
25661.0,2.38,4.44
25662.0,2.38,4.44
25662.0,2.38,4.44
25663.0,2.38,4.44
25664.0,2.38,4.44
25664.0,2.07,4.44
25665.0,2.06,4.44
25665.0,2.07,4.44
25666.0,2.06,4.44
25666.0,2.07,4.44
25667.0,2.06,4.44
25668.0,2.19,4.44
25668.0,2.19,4.44
25669.0,2.19,4.44
25669.0,2.19,4.44
25670.0,2.19,4.44
25671.0,2.3,4.44
25671.0,2.31,4.44
25672.0,2.3,4.44
25672.0,2.31,4.44
25673.0,2.3,4.44
25673.0,2.34,4.44
25674.0,2.33,4.44
25675.0,2.34,4.44
25675.0,2.33,4.44
25676.0,2.34,4.44
25676.0,2.33,4.44
25677.0,2.49,4.44
25678.0,2.49,4.44
25678.0,2.49,4.44
25679.0,2.49,4.44
25679.0,2.49,4.44
25680.0,2.51,4.44
25681.0,2.51,4.44
25681.0,2.51,4.44
25682.0,2.51,4.44
25682.0,2.51,4.44
25683.0,2.29,4.44
25683.0,2.29,4.44
25684.0,2.29,4.44
25685.0,2.29,4.44
25685.0,2.29,4.44
25686.0,2.17,4.44
25686.0,2.17,4.44
25687.0,2.17,4.44
25688.0,2.17,4.44
25688.0,2.17,4.44
25689.0,2.17,4.44
25689.0,2.07,4.44
25690.0,2.07,4.44
25690.0,2.07,4.44
25691.0,2.07,4.44
25692.0,2.07,4.44
25692.0,2.2,4.44
25693.0,2.2,4.44
25693.0,2.2,4.44
25694.0,2.2,4.44
25695.0,2.2,4.44
25695.0,2.4,4.44
25696.0,2.4,4.44
25696.0,2.4,4.44
25697.0,2.4,4.44
25698.0,2.4,4.44
25698.0,2.4,4.44
25699.0,2.34,4.44
25699.0,2.34,4.44
25700.0,2.34,4.44
25700.0,2.34,4.44
25701.0,2.34,4.44
25702.0,2.43,4.44
25702.0,2.43,4.44
25703.0,2.43,4.44
25703.0,2.43,4.44
25704.0,2.43,4.44
25705.0,2.21,4.44
25705.0,2.21,4.44
25706.0,2.21,4.44
25706.0,2.21,4.44
25707.0,2.21,4.44
25708.0,2.21,4.44
25708.0,2.12,4.44
25709.0,2.12,4.44
25709.0,2.12,4.44
25710.0,2.12,4.44
25710.0,2.12,4.44
25711.0,2.24,4.44
25712.0,2.24,4.44
25712.0,2.24,4.44
25713.0,2.24,4.44
25713.0,2.24,4.44
25714.0,2.39,4.44
25715.0,2.39,4.44
25715.0,2.39,4.44
25716.0,2.39,4.44
25716.0,2.39,4.44
25717.0,2.39,4.44
25717.0,2.71,4.44
25718.0,2.71,4.44
25719.0,2.71,4.44
25719.0,2.71,4.44
25720.0,2.71,4.44
25720.0,2.57,4.44
25721.0,2.57,4.44
25722.0,2.57,4.44
25722.0,2.57,4.44
25723.0,2.57,4.44
25723.0,2.04,4.44
25724.0,2.04,4.44
25724.0,2.04,4.44
25725.0,2.04,4.44
25726.0,2.04,4.44
25726.0,2.04,4.44
25727.0,1.98,4.44
25727.0,1.98,4.44
25728.0,1.98,4.44
25729.0,1.98,4.44
25729.0,1.98,4.44
25730.0,2.56,4.44
25730.0,2.55,4.44
25731.0,2.56,4.44
25732.0,2.55,4.44
25732.0,2.56,4.44
25733.0,2.62,4.44
25733.0,2.62,4.44
25734.0,2.62,4.44
25734.0,2.62,4.44
25735.0,2.62,4.44
25736.0,2.62,4.44
25736.0,2.75,4.44
25737.0,2.76,4.44
25737.0,2.75,4.44
25738.0,2.76,4.44
25739.0,2.75,4.44
25739.0,2.55,4.44
25740.0,2.55,4.44
25740.0,2.55,4.44
25741.0,2.55,4.44
25742.0,2.55,4.44
25742.0,2.28,4.44
25743.0,2.28,4.44
25743.0,2.28,4.44
25744.0,2.28,4.44
25744.0,2.28,4.44
25745.0,2.28,4.44
25746.0,2.18,4.44
25746.0,2.18,4.44
25747.0,2.18,4.44
25747.0,2.18,4.44
25748.0,2.18,4.44
25749.0,1.91,4.44
25749.0,1.91,4.44
25750.0,1.91,4.44
25750.0,1.91,4.44
25751.0,1.91,4.44
25752.0,1.94,4.44
25752.0,1.95,4.44
25753.0,1.94,4.44
25753.0,1.95,4.44
25754.0,1.94,4.44
25755.0,2.51,4.44
25755.0,2.51,4.44
25756.0,2.51,4.44
25756.0,2.51,4.44
25757.0,2.51,4.44
25757.0,2.51,4.44
25758.0,2.59,4.44
25759.0,2.59,4.44
25759.0,2.59,4.44
25760.0,2.59,4.44
25760.0,2.59,4.44
25761.0,2.36,4.44
25762.0,2.37,4.44
25762.0,2.36,4.44
25763.0,2.37,4.44
25763.0,2.36,4.44
25764.0,2.02,4.44
25764.0,2.02,4.44
25765.0,2.02,4.44
25766.0,2.02,4.44
25766.0,2.02,4.44
25767.0,2.02,4.44
25767.0,2.0,4.44
25768.0,2.0,4.44
25769.0,2.0,4.44
25769.0,2.0,4.44
25770.0,2.0,4.44
25770.0,2.15,4.44
25771.0,2.15,4.44
25772.0,2.15,4.44
25772.0,2.15,4.44
25773.0,2.15,4.44
25773.0,2.48,4.44
25774.0,2.48,4.44
25774.0,2.48,4.44
25775.0,2.48,4.44
25776.0,2.48,4.44
25776.0,2.48,4.44
25777.0,2.51,4.44
25777.0,2.5,4.44
25778.0,2.51,4.44
25779.0,2.5,4.44
25779.0,2.51,4.44
25780.0,2.62,4.44
25780.0,2.62,4.44
25781.0,2.62,4.44
25781.0,2.62,4.44
25782.0,2.62,4.44
25783.0,2.37,4.44
25783.0,2.37,4.44
25784.0,2.37,4.44
25784.0,2.37,4.44
25785.0,2.37,4.44
25786.0,2.37,4.44
25786.0,2.03,4.44
25787.0,2.03,4.44
25787.0,2.03,4.44
25788.0,2.03,4.44
25789.0,2.03,4.44
25789.0,1.95,4.44
25790.0,1.96,4.44
25790.0,1.95,4.44
25791.0,1.96,4.44
25791.0,1.95,4.44
25792.0,1.96,4.44
25793.0,1.95,4.44
25793.0,1.96,4.44
25794.0,1.95,4.44
25794.0,1.96,4.44
25795.0,2.23,4.44
25796.0,2.23,4.44
25796.0,2.23,4.44
25797.0,2.23,4.44
25797.0,2.23,4.44
25798.0,2.23,4.44
25798.0,2.5,4.44
25799.0,2.51,4.44
25800.0,2.5,4.44
25800.0,2.51,4.44
25801.0,2.5,4.44
25801.0,2.1,4.44
25802.0,2.09,4.44
25803.0,2.1,4.44
25803.0,2.09,4.44
25804.0,2.1,4.44
25804.0,1.94,4.44
25805.0,1.95,4.44
25806.0,1.94,4.44
25806.0,1.95,4.44
25807.0,1.94,4.44
25807.0,1.95,4.44
25808.0,2.07,4.44
25808.0,2.08,4.44
25809.0,2.07,4.44
25810.0,2.08,4.44
25810.0,2.07,4.44
25811.0,2.3,4.44
25811.0,2.3,4.44
25812.0,2.3,4.44
25813.0,2.3,4.44
25813.0,2.3,4.44
25814.0,2.5,4.44
25814.0,2.5,4.44
25815.0,2.5,4.44
25816.0,2.5,4.44
25816.0,2.5,4.44
25817.0,2.5,4.44
25817.0,2.62,4.44
25818.0,2.62,4.44
25818.0,2.62,4.44
25819.0,2.62,4.44
25820.0,2.62,4.44
25820.0,2.55,4.44
25821.0,2.54,4.44
25821.0,2.55,4.44
25822.0,2.54,4.44
25823.0,2.55,4.44
25823.0,2.45,4.44
25824.0,2.45,4.44
25824.0,2.45,4.44
25825.0,2.45,4.44
25825.0,2.45,4.44
25826.0,2.45,4.44
25827.0,2.29,4.44
25827.0,2.29,4.44
25828.0,2.29,4.44
25828.0,2.29,4.44
25829.0,2.29,4.44
25830.0,2.02,4.44
25830.0,2.02,4.44
25831.0,2.02,4.44
25831.0,2.02,4.44
25832.0,2.02,4.44
25833.0,2.3,4.44
25833.0,2.31,4.44
25834.0,2.3,4.44
25834.0,2.31,4.44
25835.0,2.3,4.44
25835.0,2.31,4.44
25836.0,2.55,4.44
25837.0,2.55,4.44
25837.0,2.55,4.44
25838.0,2.55,4.44
25838.0,2.55,4.44
25839.0,2.72,4.44
25840.0,2.72,4.44
25840.0,2.72,4.44
25841.0,2.72,4.44
25841.0,2.72,4.44
25842.0,2.51,4.44
25842.0,2.51,4.44
25843.0,2.51,4.44
25844.0,2.51,4.44
25844.0,2.51,4.44
25845.0,2.51,4.44
25845.0,2.25,4.44
25846.0,2.25,4.44
25847.0,2.25,4.44
25847.0,2.25,4.44
25848.0,2.25,4.44
25848.0,1.91,4.44
25849.0,1.91,4.44
25850.0,1.91,4.44
25850.0,1.91,4.44
25851.0,1.91,4.44
25851.0,2.22,4.44
25852.0,2.22,4.44
25853.0,2.22,4.44
25853.0,2.22,4.44
25854.0,2.22,4.44
25854.0,2.66,4.44
25855.0,2.66,4.44
25855.0,2.66,4.44
25856.0,2.66,4.44
25857.0,2.66,4.44
25857.0,2.66,4.44
25858.0,2.58,4.44
25858.0,2.58,4.44
25859.0,2.58,4.44
25860.0,2.58,4.44
25860.0,2.58,4.44
25861.0,2.39,4.44
25861.0,2.39,4.44
25862.0,2.39,4.44
25863.0,2.39,4.44
25863.0,2.39,4.44
25864.0,2.34,4.44
25864.0,2.33,4.44
25865.0,2.34,4.44
25865.0,2.33,4.44
25866.0,2.34,4.44
25867.0,2.33,4.44
25867.0,2.17,4.44
25868.0,2.17,4.44
25868.0,2.17,4.44
25869.0,2.17,4.44
25870.0,2.17,4.44
25870.0,2.15,4.44
25871.0,2.15,4.44
25871.0,2.15,4.44
25872.0,2.15,4.44
25872.0,2.15,4.44
25873.0,2.22,4.44
25874.0,2.22,4.44
25874.0,2.22,4.44
25875.0,2.22,4.44
25875.0,2.22,4.44
25876.0,2.22,4.44
25877.0,2.52,4.44
25877.0,2.51,4.44
25878.0,2.52,4.44
25878.0,2.51,4.44
25879.0,2.52,4.44
25880.0,2.45,4.44
25880.0,2.45,4.44
25881.0,2.45,4.44
25881.0,2.45,4.44
25882.0,2.45,4.44
25882.0,2.35,4.44
25883.0,2.34,4.44
25884.0,2.35,4.44
25884.0,2.34,4.44
25885.0,2.35,4.44
25885.0,2.34,4.44
25886.0,2.0,4.44
25887.0,1.99,4.44
25887.0,2.0,4.44
25888.0,1.99,4.44
25888.0,2.0,4.44
25889.0,2.04,4.44
25890.0,2.04,4.44
25890.0,2.04,4.44
25891.0,2.04,4.44
25891.0,2.04,4.44
25892.0,2.46,4.44
25892.0,2.46,4.44
25893.0,2.46,4.44
25894.0,2.46,4.44
25894.0,2.46,4.44
25895.0,2.46,4.44
25895.0,2.8,4.44
25896.0,2.8,4.44
25897.0,2.8,4.44
25897.0,2.8,4.44
25898.0,2.8,4.44
25898.0,2.44,4.44
25899.0,2.44,4.44
25899.0,2.44,4.44
25900.0,2.44,4.44
25901.0,2.44,4.44
25901.0,2.21,4.44
25902.0,2.21,4.44
25902.0,2.21,4.44
25903.0,2.21,4.44
25904.0,2.21,4.44
25904.0,2.21,4.44
25905.0,1.93,4.44
25905.0,1.93,4.44
25906.0,1.93,4.44
25906.0,1.93,4.44
25907.0,1.93,4.44
25908.0,2.11,4.44
25908.0,2.11,4.44
25909.0,2.11,4.44
25909.0,2.11,4.44
25910.0,2.11,4.44
25911.0,2.25,4.44
25911.0,2.25,4.44
25912.0,2.25,4.44
25912.0,2.25,4.44
25913.0,2.25,4.44
25914.0,2.21,4.44
25914.0,2.21,4.44
25915.0,2.21,4.44
25915.0,2.21,4.44
25916.0,2.21,4.44
25916.0,2.21,4.44
25917.0,2.3,4.44
25918.0,2.3,4.44
25918.0,2.3,4.44
25919.0,2.3,4.44
25919.0,2.3,4.44
25920.0,2.67,4.44
25921.0,2.67,4.44
25921.0,2.67,4.44
25922.0,2.67,4.44
25922.0,2.67,4.44
25923.0,2.5,4.44
25924.0,2.5,4.44
25924.0,2.5,4.44
25925.0,2.5,4.44
25925.0,2.5,4.44
25926.0,2.5,4.44
25926.0,2.01,4.44
25927.0,2.02,4.44
25928.0,2.01,4.44
25928.0,2.02,4.44
25929.0,2.01,4.44
25929.0,2.04,4.44
25930.0,2.04,4.44
25931.0,2.04,4.44
25931.0,2.04,4.44
25932.0,2.04,4.44
25932.0,2.15,4.44
25933.0,2.15,4.44
25933.0,2.15,4.44
25934.0,2.15,4.44
25935.0,2.15,4.44
25935.0,2.15,4.44
25936.0,2.36,4.44
25936.0,2.36,4.44
25937.0,2.36,4.44
25938.0,2.36,4.44
25938.0,2.36,4.44
25939.0,2.47,4.44
25939.0,2.47,4.44
25940.0,2.47,4.44
25941.0,2.47,4.44
25941.0,2.47,4.44
25942.0,2.29,4.44
25942.0,2.29,4.44
25943.0,2.29,4.44
25943.0,2.29,4.44
25944.0,2.29,4.44
25945.0,2.29,4.44
25945.0,2.05,4.44
25946.0,2.05,4.44
25946.0,2.05,4.44
25947.0,2.05,4.44
25948.0,2.05,4.44
25948.0,2.28,4.44
25949.0,2.28,4.44
25949.0,2.28,4.44
25950.0,2.28,4.44
25950.0,2.28,4.44
25951.0,2.2,4.44
25952.0,2.2,4.44
25952.0,2.2,4.44
25953.0,2.2,4.44
25954.0,2.2,4.44
25954.0,2.21,4.44
25955.0,2.21,4.44
25955.0,2.21,4.44
25956.0,2.21,4.44
25956.0,2.21,4.44
25957.0,2.21,4.44
25958.0,2.3,4.44
25958.0,2.3,4.44
25959.0,2.3,4.44
25959.0,2.3,4.44
25960.0,2.3,4.44
25961.0,2.52,4.44
25961.0,2.53,4.44
25962.0,2.52,4.44
25962.0,2.53,4.44
25963.0,2.52,4.44
25963.0,2.51,4.44
25964.0,2.51,4.44
25965.0,2.51,4.44
25965.0,2.51,4.44
25966.0,2.51,4.44
25966.0,2.51,4.44
25967.0,2.08,4.44
25968.0,2.08,4.44
25968.0,2.08,4.44
25969.0,2.08,4.44
25969.0,2.08,4.44
25970.0,2.33,4.44
25971.0,2.34,4.44
25971.0,2.33,4.44
25972.0,2.34,4.44
25972.0,2.33,4.44
25973.0,2.52,4.44
25973.0,2.52,4.44
25974.0,2.52,4.44
25975.0,2.52,4.44
25975.0,2.52,4.44
25976.0,2.52,4.44
25976.0,2.6,4.44
25977.0,2.6,4.44
25978.0,2.6,4.44
25978.0,2.6,4.44
25979.0,2.6,4.44
25979.0,2.33,4.44
25980.0,2.33,4.44
25980.0,2.33,4.44
25981.0,2.33,4.44
25982.0,2.33,4.44
25982.0,2.03,4.44
25983.0,2.03,4.44
25983.0,2.03,4.44
25984.0,2.03,4.44
25985.0,2.03,4.44
25985.0,2.03,4.44
25986.0,2.01,4.44
25986.0,2.01,4.44
25987.0,2.01,4.44
25988.0,2.01,4.44
25988.0,2.01,4.44
25989.0,2.39,4.44
25989.0,2.39,4.44
25990.0,2.39,4.44
25990.0,2.39,4.44
25991.0,2.39,4.44
25992.0,2.63,4.44
25992.0,2.63,4.44
25993.0,2.63,4.44
25993.0,2.63,4.44
25994.0,2.63,4.44
25995.0,2.63,4.44
25995.0,2.45,4.44
25996.0,2.45,4.44
25996.0,2.45,4.44
25997.0,2.45,4.44
25998.0,2.45,4.44
25998.0,2.32,4.44
25999.0,2.33,4.44
25999.0,2.32,4.44
26000.0,2.33,4.44
26000.0,2.32,4.44
26001.0,2.46,4.44
26002.0,2.46,4.44
26002.0,2.46,4.44
26003.0,2.46,4.44
26003.0,2.46,4.44
26004.0,2.46,4.44
26005.0,2.34,4.44
26005.0,2.34,4.44
26006.0,2.34,4.44
26006.0,2.34,4.44
26007.0,2.34,4.44
26007.0,2.2,4.44
26008.0,2.2,4.44
26009.0,2.2,4.44
26009.0,2.2,4.44
26010.0,2.2,4.44
26010.0,2.02,4.44
26011.0,2.02,4.44
26012.0,2.02,4.44
26012.0,2.02,4.44
26013.0,2.02,4.44
26013.0,2.02,4.44
26014.0,2.22,4.44
26014.0,2.22,4.44
26015.0,2.22,4.44
26016.0,2.22,4.44
26016.0,2.22,4.44
26017.0,2.76,4.44
26017.0,2.76,4.44
26018.0,2.76,4.44
26019.0,2.76,4.44
26019.0,2.76,4.44
26020.0,2.58,4.44
26020.0,2.58,4.44
26021.0,2.58,4.44
26022.0,2.58,4.44
26022.0,2.58,4.44
26023.0,2.58,4.44
26023.0,2.33,4.44
26024.0,2.33,4.44
26024.0,2.33,4.44
26025.0,2.33,4.44
26026.0,2.33,4.44
26026.0,2.09,4.44
26027.0,2.09,4.44
26027.0,2.09,4.44
26028.0,2.09,4.44
26029.0,2.09,4.44
26029.0,1.89,4.44
26030.0,1.89,4.44
26030.0,1.89,4.44
26031.0,1.89,4.44
26032.0,1.89,4.44
26032.0,2.01,4.44
26033.0,2.01,4.44
26033.0,2.01,4.44
26034.0,2.01,4.44
26034.0,2.01,4.44
26035.0,2.01,4.44
26036.0,2.22,4.44
26036.0,2.22,4.44
26037.0,2.22,4.44
26037.0,2.22,4.44
26038.0,2.22,4.44
26039.0,2.25,4.44
26039.0,2.25,4.44
26040.0,2.25,4.44
26040.0,2.25,4.44
26041.0,2.25,4.44
26041.0,2.25,4.44
26042.0,2.25,4.44
26043.0,2.25,4.44
26043.0,2.25,4.44
26044.0,2.25,4.44
26044.0,2.25,4.44
26045.0,2.06,4.44
26046.0,2.06,4.44
26046.0,2.06,4.44
26047.0,2.06,4.44
26047.0,2.06,4.44
26048.0,2.0,4.44
26049.0,2.0,4.44
26049.0,2.0,4.44
26050.0,2.0,4.44
26050.0,2.0,4.44
26051.0,1.92,4.44
26051.0,1.92,4.44
26052.0,1.92,4.44
26053.0,1.92,4.44
26053.0,1.92,4.44
26054.0,1.92,4.44
26054.0,2.27,4.44
26055.0,2.27,4.44
26056.0,2.27,4.44
26056.0,2.27,4.44
26057.0,2.27,4.44
26057.0,2.67,4.44
26058.0,2.67,4.44
26059.0,2.67,4.44
26059.0,2.67,4.44
26060.0,2.67,4.44
26060.0,2.58,4.44
26061.0,2.58,4.44
26062.0,2.58,4.44
26062.0,2.58,4.44
26063.0,2.58,4.44
26063.0,2.28,4.44
26064.0,2.28,4.44
26064.0,2.28,4.44
26065.0,2.28,4.44
26066.0,2.28,4.44
26066.0,2.28,4.44
26067.0,2.13,4.44
26067.0,2.13,4.44
26068.0,2.13,4.44
26069.0,2.13,4.44
26069.0,2.13,4.44
26070.0,2.17,4.44
26070.0,2.17,4.44
26071.0,2.17,4.44
26071.0,2.17,4.44
26072.0,2.17,4.44
26073.0,2.39,4.44
26073.0,2.39,4.44
26074.0,2.39,4.44
26074.0,2.39,4.44
26075.0,2.39,4.44
26076.0,2.39,4.44
26076.0,2.35,4.44
26077.0,2.35,4.44
26077.0,2.35,4.44
26078.0,2.35,4.44
26079.0,2.35,4.44
26079.0,2.28,4.44
26080.0,2.28,4.44
26080.0,2.28,4.44
26081.0,2.28,4.44
26081.0,2.28,4.44
26082.0,2.07,4.44
26083.0,2.07,4.44
26083.0,2.07,4.44
26084.0,2.07,4.44
26084.0,2.07,4.44
26085.0,2.07,4.44
26086.0,2.15,4.44
26086.0,2.15,4.44
26087.0,2.15,4.44
26087.0,2.15,4.44
26088.0,2.15,4.44
26088.0,2.2,4.44
26089.0,2.2,4.44
26090.0,2.2,4.44
26090.0,2.2,4.44
26091.0,2.2,4.44
26091.0,2.23,4.44
26092.0,2.23,4.44
26093.0,2.23,4.44
26093.0,2.23,4.44
26094.0,2.23,4.44
26094.0,2.23,4.44
26095.0,2.32,4.44
26096.0,2.31,4.44
26096.0,2.32,4.44
26097.0,2.31,4.44
26097.0,2.32,4.44
26098.0,2.26,4.44
26098.0,2.26,4.44
26099.0,2.26,4.44
26100.0,2.26,4.44
26100.0,2.26,4.44
26101.0,2.34,4.44
26101.0,2.34,4.44
26102.0,2.34,4.44
26103.0,2.34,4.44
26103.0,2.34,4.44
26104.0,2.34,4.44
26104.0,2.19,4.44
26105.0,2.19,4.44
26106.0,2.19,4.44
26106.0,2.19,4.44
26107.0,2.19,4.44
26107.0,2.07,4.44
26108.0,2.08,4.44
26108.0,2.07,4.44
26109.0,2.08,4.44
26110.0,2.07,4.44
26110.0,2.28,4.44
26111.0,2.28,4.44
26111.0,2.28,4.44
26112.0,2.28,4.44
26113.0,2.28,4.44
26113.0,2.28,4.44
26114.0,2.75,4.44
26114.0,2.75,4.44
26115.0,2.75,4.44
26115.0,2.75,4.44
26116.0,2.75,4.44
26117.0,2.77,4.44
26117.0,2.78,4.44
26118.0,2.77,4.44
26118.0,2.78,4.44
26119.0,2.77,4.44
26120.0,2.53,4.44
26120.0,2.53,4.44
26121.0,2.53,4.44
26121.0,2.53,4.44
26122.0,2.53,4.44
26123.0,2.53,4.44
26123.0,2.39,4.44
26124.0,2.39,4.44
26124.0,2.39,4.44
26125.0,2.39,4.44
26125.0,2.39,4.44
26126.0,2.22,4.44
26127.0,2.22,4.44
26127.0,2.22,4.44
26128.0,2.22,4.44
26128.0,2.22,4.44
26129.0,2.13,4.44
26130.0,2.13,4.44
26130.0,2.13,4.44
26131.0,2.13,4.44
26131.0,2.13,4.44
26132.0,2.13,4.44
26132.0,2.39,4.44
26133.0,2.39,4.44
26134.0,2.39,4.44
26134.0,2.39,4.44
26135.0,2.39,4.44
26135.0,2.25,4.44
26136.0,2.25,4.44
26137.0,2.25,4.44
26137.0,2.25,4.44
26138.0,2.25,4.44
26138.0,2.21,4.44
26139.0,2.21,4.44
26140.0,2.21,4.44
26140.0,2.21,4.44
26141.0,2.21,4.44
26141.0,2.21,4.44
26142.0,2.34,4.44
26142.0,2.33,4.44
26143.0,2.34,4.44
26144.0,2.33,4.44
26144.0,2.34,4.44
26145.0,2.09,4.44
26145.0,2.1,4.44
26146.0,2.09,4.44
26147.0,2.1,4.44
26147.0,2.09,4.44
26148.0,1.96,4.44
26148.0,1.96,4.44
26149.0,1.96,4.44
26149.0,1.96,4.44
26150.0,1.96,4.44
26151.0,2.26,4.44
26151.0,2.26,4.44
26152.0,2.26,4.44
26152.0,2.26,4.44
26153.0,2.26,4.44
26154.0,2.26,4.44
26154.0,2.44,4.44
26155.0,2.44,4.44
26155.0,2.44,4.44
26156.0,2.44,4.44
26157.0,2.44,4.44
26157.0,2.49,4.44
26158.0,2.49,4.44
26158.0,2.49,4.44
26159.0,2.49,4.44
26160.0,2.49,4.44
26160.0,2.48,4.44
26161.0,2.48,4.44
26161.0,2.48,4.44
26162.0,2.48,4.44
26162.0,2.48,4.44
26163.0,2.48,4.44
26164.0,2.18,4.44
26164.0,2.18,4.44
26165.0,2.18,4.44
26165.0,2.18,4.44
26166.0,2.18,4.44
26167.0,2.11,4.44
26167.0,2.1,4.44
26168.0,2.11,4.44
26168.0,2.1,4.44
26169.0,2.11,4.44
26170.0,2.14,4.44
26170.0,2.14,4.44
26171.0,2.14,4.44
26171.0,2.14,4.44
26172.0,2.14,4.44
26172.0,2.14,4.44
26173.0,2.27,4.44
26174.0,2.27,4.44
26174.0,2.27,4.44
26175.0,2.27,4.44
26175.0,2.27,4.44
26176.0,2.48,4.44
26177.0,2.48,4.44
26177.0,2.48,4.44
26178.0,2.48,4.44
26178.0,2.48,4.44
26179.0,2.5,4.44
26180.0,2.51,4.44
26180.0,2.5,4.44
26181.0,2.51,4.44
26181.0,2.5,4.44
26182.0,2.46,4.44
26182.0,2.46,4.44
26183.0,2.46,4.44
26184.0,2.46,4.44
26184.0,2.46,4.44
26185.0,2.46,4.44
26185.0,2.14,4.44
26186.0,2.14,4.44
26187.0,2.14,4.44
26187.0,2.14,4.44
26188.0,2.14,4.44
26188.0,1.86,4.44
26189.0,1.86,4.44
26189.0,1.86,4.44
26190.0,1.86,4.44
26191.0,1.86,4.44
26191.0,2.07,4.44
26192.0,2.06,4.44
26192.0,2.07,4.44
26193.0,2.06,4.44
26194.0,2.07,4.44
26194.0,2.06,4.44
26195.0,2.52,4.44
26195.0,2.52,4.44
26196.0,2.52,4.44
26196.0,2.52,4.44
26197.0,2.52,4.44
26198.0,2.48,4.44
26198.0,2.48,4.44
26199.0,2.48,4.44
26199.0,2.48,4.44
26200.0,2.48,4.44
26201.0,2.29,4.44
26201.0,2.28,4.44
26202.0,2.29,4.44
26202.0,2.28,4.44
26203.0,2.29,4.44
26204.0,2.28,4.44
26204.0,2.04,4.44
26205.0,2.04,4.44
26205.0,2.04,4.44
26206.0,2.04,4.44
26206.0,2.04,4.44
26207.0,2.04,4.44
26208.0,2.04,4.44
26208.0,2.04,4.44
26209.0,2.04,4.44
26209.0,2.04,4.44
26210.0,2.19,4.44
26211.0,2.19,4.44
26211.0,2.19,4.44
26212.0,2.19,4.44
26212.0,2.19,4.44
26213.0,2.19,4.44
26214.0,2.2,4.44
26214.0,2.2,4.44
26215.0,2.2,4.44
26215.0,2.2,4.44
26216.0,2.2,4.44
26216.0,2.35,4.44
26217.0,2.35,4.44
26218.0,2.35,4.44
26218.0,2.35,4.44
26219.0,2.35,4.44
26219.0,2.4,4.44
26220.0,2.4,4.44
26221.0,2.4,4.44
26221.0,2.4,4.44
26222.0,2.4,4.44
26222.0,2.4,4.44
26223.0,2.29,4.44
26223.0,2.29,4.44
26224.0,2.29,4.44
26225.0,2.29,4.44
26225.0,2.29,4.44
26226.0,2.09,4.44
26226.0,2.09,4.44
26227.0,2.09,4.44
26228.0,2.09,4.44
26228.0,2.09,4.44
26229.0,2.02,4.44
26229.0,2.02,4.44
26230.0,2.02,4.44
26231.0,2.02,4.44
26231.0,2.02,4.44
26232.0,2.02,4.44
26232.0,2.21,4.44
26233.0,2.21,4.44
26233.0,2.21,4.44
26234.0,2.21,4.44
26235.0,2.21,4.44
26235.0,2.44,4.44
26236.0,2.44,4.44
26236.0,2.44,4.44
26237.0,2.44,4.44
26238.0,2.44,4.44
26238.0,2.62,4.44
26239.0,2.61,4.44
26239.0,2.62,4.44
26240.0,2.61,4.44
26240.0,2.62,4.44
26241.0,2.61,4.44
26242.0,2.19,4.44
26242.0,2.19,4.44
26243.0,2.19,4.44
26243.0,2.19,4.44
26244.0,2.19,4.44
26245.0,1.98,4.44
26245.0,1.98,4.44
26246.0,1.98,4.44
26246.0,1.98,4.44
26247.0,1.98,4.44
26248.0,2.08,4.44
26248.0,2.08,4.44
26249.0,2.08,4.44
26249.0,2.08,4.44
26250.0,2.08,4.44
26250.0,2.08,4.44
26251.0,2.34,4.44
26252.0,2.33,4.44
26252.0,2.34,4.44
26253.0,2.33,4.44
26253.0,2.34,4.44
26254.0,2.5,4.44
26255.0,2.5,4.44
26255.0,2.5,4.44
26256.0,2.5,4.44
26256.0,2.5,4.44
26257.0,2.38,4.44
26258.0,2.38,4.44
26258.0,2.38,4.44
26259.0,2.38,4.44
26259.0,2.38,4.44
26260.0,2.33,4.44
26261.0,2.34,4.44
26261.0,2.33,4.44
26262.0,2.34,4.44
26262.0,2.33,4.44
26263.0,2.34,4.44
26263.0,2.51,4.44
26264.0,2.51,4.44
26265.0,2.51,4.44
26265.0,2.51,4.44
26266.0,2.51,4.44
26266.0,2.27,4.44
26267.0,2.27,4.44
26268.0,2.27,4.44
26268.0,2.27,4.44
26269.0,2.27,4.44
26269.0,2.19,4.44
26270.0,2.19,4.44
26270.0,2.19,4.44
26271.0,2.19,4.44
26272.0,2.19,4.44
26272.0,2.19,4.44
26273.0,2.43,4.44
26273.0,2.43,4.44
26274.0,2.43,4.44
26275.0,2.43,4.44
26275.0,2.43,4.44
26276.0,2.51,4.44
26276.0,2.5,4.44
26277.0,2.51,4.44
26278.0,2.5,4.44
26278.0,2.51,4.44
26279.0,2.52,4.44
26279.0,2.52,4.44
26280.0,2.52,4.44
26280.0,2.52,4.44
26281.0,2.52,4.44
26282.0,2.52,4.44
26282.0,2.53,4.44
26283.0,2.53,4.44
26283.0,2.53,4.44
26284.0,2.53,4.44
26285.0,2.53,4.44
26285.0,2.19,4.44
26286.0,2.19,4.44
26286.0,2.19,4.44
26287.0,2.19,4.44
26288.0,2.19,4.44
26288.0,1.94,4.44
26289.0,1.95,4.44
26289.0,1.94,4.44
26290.0,1.95,4.44
26290.0,1.94,4.44
26291.0,1.95,4.44
26292.0,2.02,4.44
26292.0,2.03,4.44
26293.0,2.02,4.44
26293.0,2.03,4.44
26294.0,2.02,4.44
26295.0,2.27,4.44
26295.0,2.27,4.44
26296.0,2.27,4.44
26296.0,2.27,4.44
26297.0,2.27,4.44
26297.0,2.57,4.44
26298.0,2.57,4.44
26299.0,2.57,4.44
26299.0,2.57,4.44
26300.0,2.57,4.44
26300.0,2.57,4.44
26301.0,2.57,4.44
26302.0,2.57,4.44
26302.0,2.57,4.44
26303.0,2.57,4.44
26303.0,2.57,4.44
26304.0,2.4,4.44
26305.0,2.4,4.44
26305.0,2.4,4.44
26306.0,2.4,4.44
26306.0,2.4,4.44
26307.0,2.58,4.44
26307.0,2.58,4.44
26308.0,2.58,4.44
26309.0,2.58,4.44
26309.0,2.58,4.44
26310.0,2.37,4.44
26310.0,2.37,4.44
26311.0,2.37,4.44
26312.0,2.37,4.44
26312.0,2.37,4.44
26313.0,2.37,4.44
26313.0,2.24,4.44
26314.0,2.24,4.44
26314.0,2.24,4.44
26315.0,2.24,4.44
26316.0,2.24,4.44
26316.0,2.45,4.44
26317.0,2.45,4.44
26317.0,2.45,4.44
26318.0,2.45,4.44
26319.0,2.45,4.44
26319.0,2.54,4.44
26320.0,2.54,4.44
26320.0,2.54,4.44
26321.0,2.54,4.44
26322.0,2.54,4.44
26322.0,2.54,4.44
26323.0,2.17,4.44
26323.0,2.17,4.44
26324.0,2.17,4.44
26324.0,2.17,4.44
26325.0,2.17,4.44
26326.0,1.96,4.44
26326.0,1.97,4.44
26327.0,1.96,4.44
26327.0,1.97,4.44
26328.0,1.96,4.44
26329.0,1.93,4.44
26329.0,1.93,4.44
26330.0,1.93,4.44
26330.0,1.93,4.44
26331.0,1.93,4.44
26331.0,1.93,4.44
26332.0,2.15,4.44
26333.0,2.15,4.44
26333.0,2.15,4.44
26334.0,2.15,4.44
26334.0,2.15,4.44
26335.0,2.48,4.44
26336.0,2.48,4.44
26336.0,2.48,4.44
26337.0,2.48,4.44
26337.0,2.48,4.44
26338.0,2.39,4.44
26339.0,2.39,4.44
26339.0,2.39,4.44
26340.0,2.39,4.44
26340.0,2.39,4.44
26341.0,2.39,4.44
26341.0,2.36,4.44
26342.0,2.36,4.44
26343.0,2.36,4.44
26343.0,2.36,4.44
26344.0,2.36,4.44
26344.0,2.32,4.44
26345.0,2.32,4.44
26346.0,2.32,4.44
26346.0,2.32,4.44
26347.0,2.32,4.44
26347.0,2.39,4.44
26348.0,2.39,4.44
26348.0,2.39,4.44
26349.0,2.39,4.44
26350.0,2.39,4.44
26350.0,2.39,4.44
26351.0,2.27,4.44
26351.0,2.27,4.44
26352.0,2.27,4.44
26353.0,2.27,4.44
26353.0,2.27,4.44
26354.0,2.13,4.44
26354.0,2.13,4.44
26355.0,2.13,4.44
26356.0,2.13,4.44
26356.0,2.13,4.44
26357.0,2.39,4.44
26357.0,2.39,4.44
26358.0,2.39,4.44
26359.0,2.39,4.44
26359.0,2.39,4.44
26360.0,2.49,4.44
26360.0,2.49,4.44
26361.0,2.49,4.44
26362.0,2.49,4.44
26362.0,2.49,4.44
26363.0,2.49,4.44
26363.0,2.07,4.44
26364.0,2.07,4.44
26364.0,2.07,4.44
26365.0,2.07,4.44
26366.0,2.07,4.44
26366.0,1.87,4.44
26367.0,1.87,4.44
26367.0,1.87,4.44
26368.0,1.87,4.44
26369.0,1.87,4.44
26369.0,2.06,4.44
26370.0,2.07,4.44
26370.0,2.06,4.44
26371.0,2.07,4.44
26371.0,2.06,4.44
26372.0,2.07,4.44
26373.0,2.24,4.44
26373.0,2.24,4.44
26374.0,2.24,4.44
26374.0,2.24,4.44
26375.0,2.24,4.44
26376.0,2.39,4.44
26376.0,2.39,4.44
26377.0,2.39,4.44
26377.0,2.39,4.44
26378.0,2.39,4.44
26378.0,2.34,4.44
26379.0,2.35,4.44
26380.0,2.34,4.44
26380.0,2.35,4.44
26381.0,2.34,4.44
26381.0,2.35,4.44
26382.0,2.09,4.44
26383.0,2.1,4.44
26383.0,2.09,4.44
26384.0,2.1,4.44
26384.0,2.09,4.44
26385.0,2.07,4.44
26386.0,2.06,4.44
26386.0,2.07,4.44
26387.0,2.06,4.44
26387.0,2.07,4.44
26388.0,1.99,4.44
26388.0,2.0,4.44
26389.0,1.99,4.44
26390.0,2.0,4.44
26390.0,1.99,4.44
26391.0,2.0,4.44
26391.0,2.09,4.44
26392.0,2.1,4.44
26393.0,2.09,4.44
26393.0,2.1,4.44
26394.0,2.09,4.44
26394.0,2.35,4.44
26395.0,2.35,4.44
26396.0,2.35,4.44
26396.0,2.35,4.44
26397.0,2.35,4.44
26397.0,2.6,4.44
26398.0,2.6,4.44
26398.0,2.6,4.44
26399.0,2.6,4.44
26400.0,2.6,4.44
26400.0,2.6,4.44
26401.0,2.54,4.44
26401.0,2.55,4.44
26402.0,2.54,4.44
26403.0,2.55,4.44
26403.0,2.54,4.44
26404.0,2.15,4.44
26404.0,2.15,4.44
26405.0,2.15,4.44
26405.0,2.15,4.44
26406.0,2.15,4.44
26407.0,1.89,4.44
26407.0,1.89,4.44
26408.0,1.89,4.44
26408.0,1.89,4.44
26409.0,1.89,4.44
26410.0,1.89,4.44
26410.0,2.04,4.44
26411.0,2.04,4.44
26411.0,2.04,4.44
26412.0,2.04,4.44
26413.0,2.04,4.44
26413.0,2.29,4.44
26414.0,2.29,4.44
26414.0,2.29,4.44
26415.0,2.29,4.44
26415.0,2.29,4.44
26416.0,2.47,4.44
26417.0,2.47,4.44
26417.0,2.47,4.44
26418.0,2.47,4.44
26418.0,2.47,4.44
26419.0,2.4,4.44
26420.0,2.4,4.44
26420.0,2.4,4.44
26421.0,2.4,4.44
26421.0,2.4,4.44
26422.0,2.4,4.44
26422.0,2.28,4.44
26423.0,2.28,4.44
26424.0,2.28,4.44
26424.0,2.28,4.44
26425.0,2.28,4.44
26425.0,2.18,4.44
26426.0,2.18,4.44
26427.0,2.18,4.44
26427.0,2.18,4.44
26428.0,2.18,4.44
26428.0,2.22,4.44
26429.0,2.22,4.44
26430.0,2.22,4.44
26430.0,2.22,4.44
26431.0,2.22,4.44
26431.0,2.22,4.44
26432.0,2.01,4.44
26432.0,2.01,4.44
26433.0,2.01,4.44
26434.0,2.01,4.44
26434.0,2.01,4.44
26435.0,2.16,4.44
26435.0,2.16,4.44
26436.0,2.16,4.44
26437.0,2.16,4.44
26437.0,2.16,4.44
26438.0,2.45,4.44
26438.0,2.45,4.44
26439.0,2.45,4.44
26439.0,2.45,4.44
26440.0,2.45,4.44
26441.0,2.45,4.44
26441.0,2.29,4.44
26442.0,2.29,4.44
26442.0,2.29,4.44
26443.0,2.29,4.44
26444.0,2.29,4.44
26444.0,2.28,4.44
26445.0,2.28,4.44
26445.0,2.28,4.44
26446.0,2.28,4.44
26447.0,2.28,4.44
26447.0,2.19,4.44
26448.0,2.19,4.44
26448.0,2.19,4.44
26449.0,2.19,4.44
26449.0,2.19,4.44
26450.0,2.19,4.44
26451.0,2.07,4.44
26451.0,2.07,4.44
26452.0,2.07,4.44
26452.0,2.07,4.44
26453.0,2.07,4.44
26454.0,2.25,4.44
26454.0,2.25,4.44
26455.0,2.25,4.44
26455.0,2.25,4.44
26456.0,2.25,4.44
26456.0,2.74,4.44
26457.0,2.74,4.44
26458.0,2.74,4.44
26458.0,2.74,4.44
26459.0,2.74,4.44
26460.0,2.54,4.44
26460.0,2.54,4.44
26461.0,2.54,4.44
26461.0,2.54,4.44
26462.0,2.54,4.44
26462.0,2.54,4.44
26463.0,2.26,4.44
26464.0,2.26,4.44
26464.0,2.26,4.44
26465.0,2.26,4.44
26465.0,2.26,4.44
26466.0,1.99,4.44
26467.0,1.99,4.44
26467.0,1.99,4.44
26468.0,1.99,4.44
26468.0,1.99,4.44
26469.0,2.0,4.44
26470.0,2.01,4.44
26470.0,2.0,4.44
26471.0,2.01,4.44
26471.0,2.0,4.44
26472.0,2.01,4.44
26472.0,2.22,4.44
26473.0,2.22,4.44
26474.0,2.22,4.44
26474.0,2.22,4.44
26475.0,2.22,4.44
26475.0,2.26,4.44
26476.0,2.26,4.44
26477.0,2.26,4.44
26477.0,2.26,4.44
26478.0,2.26,4.44
26478.0,2.2,4.44
26479.0,2.2,4.44
26479.0,2.2,4.44
26480.0,2.2,4.44
26481.0,2.2,4.44
26481.0,2.2,4.44
26482.0,2.4,4.44
26482.0,2.4,4.44
26483.0,2.4,4.44
26484.0,2.4,4.44
26484.0,2.4,4.44
26485.0,2.09,4.44
26485.0,2.08,4.44
26486.0,2.09,4.44
26486.0,2.08,4.44
26487.0,2.09,4.44
26488.0,1.99,4.44
26488.0,1.99,4.44
26489.0,1.99,4.44
26489.0,1.99,4.44
26490.0,1.99,4.44
26491.0,1.99,4.44
26491.0,2.08,4.44
26492.0,2.08,4.44
26492.0,2.08,4.44
26493.0,2.08,4.44
26494.0,2.08,4.44
26494.0,2.31,4.44
26495.0,2.3,4.44
26495.0,2.31,4.44
26496.0,2.3,4.44
26496.0,2.31,4.44
26497.0,2.58,4.44
26498.0,2.58,4.44
26498.0,2.58,4.44
26499.0,2.58,4.44
26499.0,2.58,4.44
26500.0,2.58,4.44
26501.0,2.59,4.44
26501.0,2.59,4.44
26502.0,2.59,4.44
26502.0,2.59,4.44
26503.0,2.59,4.44
26504.0,2.15,4.44
26504.0,2.15,4.44
26505.0,2.15,4.44
26505.0,2.15,4.44
26506.0,2.15,4.44
26506.0,2.12,4.44
26507.0,2.12,4.44
26508.0,2.12,4.44
26508.0,2.12,4.44
26509.0,2.12,4.44
26509.0,2.12,4.44
26510.0,2.27,4.44
26511.0,2.27,4.44
26511.0,2.27,4.44
26512.0,2.27,4.44
26512.0,2.27,4.44
26513.0,2.34,4.44
26513.0,2.34,4.44
26514.0,2.34,4.44
26515.0,2.34,4.44
26515.0,2.34,4.44
26516.0,2.25,4.44
26516.0,2.25,4.44
26517.0,2.25,4.44
26518.0,2.25,4.44
26518.0,2.25,4.44
26519.0,2.25,4.44
26519.0,2.29,4.44
26520.0,2.29,4.44
26521.0,2.29,4.44
26521.0,2.29,4.44
26522.0,2.29,4.44
26522.0,2.22,4.44
26523.0,2.22,4.44
26523.0,2.22,4.44
26524.0,2.22,4.44
26525.0,2.22,4.44
26525.0,2.16,4.44
26526.0,2.16,4.44
26526.0,2.16,4.44
26527.0,2.16,4.44
26528.0,2.16,4.44
26528.0,2.16,4.44
26529.0,2.09,4.44
26529.0,2.09,4.44
26530.0,2.09,4.44
26530.0,2.09,4.44
26531.0,2.09,4.44
26532.0,2.1,4.44
26532.0,2.1,4.44
26533.0,2.1,4.44
26533.0,2.1,4.44
26534.0,2.1,4.44
26535.0,2.4,4.44
26535.0,2.4,4.44
26536.0,2.4,4.44
26536.0,2.4,4.44
26537.0,2.4,4.44
26538.0,2.63,4.44
26538.0,2.63,4.44
26539.0,2.63,4.44
26539.0,2.63,4.44
26540.0,2.63,4.44
26540.0,2.63,4.44
26541.0,2.45,4.44
26542.0,2.45,4.44
26542.0,2.45,4.44
26543.0,2.45,4.44
26543.0,2.45,4.44
26544.0,2.37,4.44
26545.0,2.37,4.44
26545.0,2.37,4.44
26546.0,2.37,4.44
26546.0,2.37,4.44
26547.0,2.12,4.44
26547.0,2.12,4.44
26548.0,2.12,4.44
26549.0,2.12,4.44
26549.0,2.12,4.44
26550.0,2.12,4.44
26550.0,1.97,4.44
26551.0,1.97,4.44
26552.0,1.97,4.44
26552.0,1.97,4.44
26553.0,1.97,4.44
26553.0,2.39,4.44
26554.0,2.39,4.44
26555.0,2.39,4.44
26555.0,2.39,4.44
26556.0,2.39,4.44
26556.0,2.55,4.44
26557.0,2.55,4.44
26557.0,2.55,4.44
26558.0,2.55,4.44
26559.0,2.55,4.44
26559.0,2.55,4.44
26560.0,2.14,4.44
26560.0,2.14,4.44
26561.0,2.14,4.44
26562.0,2.14,4.44
26562.0,2.14,4.44
26563.0,2.04,4.44
26563.0,2.05,4.44
26564.0,2.04,4.44
26565.0,2.05,4.44
26565.0,2.04,4.44
26566.0,1.87,4.44
26566.0,1.87,4.44
26567.0,1.87,4.44
26568.0,1.87,4.44
26568.0,1.87,4.44
26569.0,1.87,4.44
26569.0,1.99,4.44
26570.0,1.99,4.44
26570.0,1.99,4.44
26571.0,1.99,4.44
26572.0,1.99,4.44
26572.0,2.33,4.44
26573.0,2.34,4.44
26573.0,2.33,4.44
26574.0,2.34,4.44
26575.0,2.33,4.44
26575.0,2.46,4.44
26576.0,2.46,4.44
26576.0,2.46,4.44
26577.0,2.46,4.44
26578.0,2.46,4.44
26578.0,2.29,4.44
26579.0,2.29,4.44
26579.0,2.29,4.44
26580.0,2.29,4.44
26580.0,2.29,4.44
26581.0,2.29,4.44
26582.0,2.28,4.44
26582.0,2.29,4.44
26583.0,2.28,4.44
26583.0,2.29,4.44
26584.0,2.28,4.44
26585.0,2.16,4.44
26585.0,2.16,4.44
26586.0,2.16,4.44
26586.0,2.16,4.44
26587.0,2.16,4.44
26587.0,1.84,4.44
26588.0,1.84,4.44
26589.0,1.84,4.44
26589.0,1.84,4.44
26590.0,1.84,4.44
26590.0,1.84,4.44
26591.0,1.9,4.44
26592.0,1.9,4.44
26592.0,1.9,4.44
26593.0,1.9,4.44
26593.0,1.9,4.44
26594.0,2.13,4.44
26595.0,2.13,4.44
26595.0,2.13,4.44
26596.0,2.13,4.44
26596.0,2.13,4.44
26597.0,2.42,4.44
26597.0,2.42,4.44
26598.0,2.42,4.44
26599.0,2.42,4.44
26599.0,2.42,4.44
26600.0,2.42,4.44
26600.0,2.49,4.44
26601.0,2.49,4.44
26602.0,2.49,4.44
26602.0,2.49,4.44
26603.0,2.49,4.44
26603.0,2.35,4.44
26604.0,2.35,4.44
26604.0,2.35,4.44
26605.0,2.35,4.44
26606.0,2.35,4.44
26606.0,1.99,4.44
26607.0,1.99,4.44
26607.0,1.99,4.44
26608.0,1.99,4.44
26609.0,1.99,4.44
26609.0,1.99,4.44
26610.0,1.98,4.44
26610.0,1.99,4.44
26611.0,1.98,4.44
26612.0,1.99,4.44
26612.0,1.98,4.44
26613.0,2.36,4.44
26613.0,2.36,4.44
26614.0,2.36,4.44
26614.0,2.36,4.44
26615.0,2.36,4.44
26616.0,2.58,4.44
26616.0,2.58,4.44
26617.0,2.58,4.44
26617.0,2.58,4.44
26618.0,2.58,4.44
26619.0,2.58,4.44
26619.0,2.38,4.44
26620.0,2.38,4.44
26620.0,2.38,4.44
26621.0,2.38,4.44
26621.0,2.38,4.44
26622.0,2.12,4.44
26623.0,2.12,4.44
26623.0,2.12,4.44
26624.0,2.12,4.44
26624.0,2.12,4.44
26625.0,2.17,4.44
26626.0,2.17,4.44
26626.0,2.17,4.44
26627.0,2.17,4.44
26627.0,2.17,4.44
26628.0,2.17,4.44
26629.0,2.11,4.44
26629.0,2.12,4.44
26630.0,2.11,4.44
26630.0,2.12,4.44
26631.0,2.11,4.44
26631.0,2.14,4.44
26632.0,2.14,4.44
26633.0,2.14,4.44
26633.0,2.14,4.44
26634.0,2.14,4.44
26634.0,2.47,4.44
26635.0,2.47,4.44
26636.0,2.47,4.44
26636.0,2.47,4.44
26637.0,2.47,4.44
26637.0,2.47,4.44
26638.0,2.57,4.44
26638.0,2.57,4.44
26639.0,2.57,4.44
26640.0,2.57,4.44
26640.0,2.57,4.44
26641.0,2.63,4.44
26641.0,2.63,4.44
26642.0,2.63,4.44
26643.0,2.63,4.44
26643.0,2.63,4.44
26644.0,2.49,4.44
26644.0,2.49,4.44
26645.0,2.49,4.44
26646.0,2.49,4.44
26646.0,2.49,4.44
26647.0,2.49,4.44
26647.0,2.11,4.44
26648.0,2.12,4.44
26648.0,2.11,4.44
26649.0,2.12,4.44
26650.0,2.11,4.44
26650.0,2.11,4.44
26651.0,2.11,4.44
26651.0,2.11,4.44
26652.0,2.11,4.44
26653.0,2.11,4.44
26653.0,2.55,4.44
26654.0,2.55,4.44
26654.0,2.55,4.44
26655.0,2.55,4.44
26655.0,2.55,4.44
26656.0,2.66,4.44
26657.0,2.66,4.44
26657.0,2.66,4.44
26658.0,2.66,4.44
26658.0,2.66,4.44
26659.0,2.66,4.44
26660.0,2.5,4.44
26660.0,2.5,4.44
26661.0,2.5,4.44
26661.0,2.5,4.44
26662.0,2.5,4.44
26663.0,2.34,4.44
26663.0,2.34,4.44
26664.0,2.34,4.44
26664.0,2.34,4.44
26665.0,2.34,4.44
26666.0,2.08,4.44
26666.0,2.08,4.44
26667.0,2.08,4.44
26667.0,2.08,4.44
26668.0,2.08,4.44
26668.0,2.08,4.44
26669.0,2.09,4.44
26670.0,2.08,4.44
26670.0,2.09,4.44
26671.0,2.08,4.44
26671.0,2.09,4.44
26672.0,2.4,4.44
26673.0,2.4,4.44
26673.0,2.4,4.44
26674.0,2.4,4.44
26674.0,2.4,4.44
26675.0,2.28,4.44
26676.0,2.28,4.44
26676.0,2.28,4.44
26677.0,2.28,4.44
26677.0,2.28,4.44
26678.0,2.28,4.44
26678.0,2.29,4.44
26679.0,2.29,4.44
26680.0,2.29,4.44
26680.0,2.29,4.44
26681.0,2.29,4.44
26681.0,2.18,4.44
26682.0,2.18,4.44
26683.0,2.18,4.44
26683.0,2.18,4.44
26684.0,2.18,4.44
26684.0,2.22,4.44
26685.0,2.22,4.44
26686.0,2.22,4.44
26686.0,2.22,4.44
26687.0,2.22,4.44
26687.0,2.22,4.44
26688.0,2.13,4.44
26688.0,2.13,4.44
26689.0,2.13,4.44
26690.0,2.13,4.44
26690.0,2.13,4.44
26691.0,2.04,4.44
26691.0,2.04,4.44
26692.0,2.04,4.44
26693.0,2.04,4.44
26693.0,2.04,4.44
26694.0,2.41,4.44
26694.0,2.41,4.44
26695.0,2.41,4.44
26695.0,2.41,4.44
26696.0,2.41,4.44
26697.0,2.41,4.44
26697.0,2.75,4.44
26698.0,2.75,4.44
26698.0,2.75,4.44
26699.0,2.75,4.44
26700.0,2.75,4.44
26700.0,2.66,4.44
26701.0,2.66,4.44
26701.0,2.66,4.44
26702.0,2.66,4.44
26703.0,2.66,4.44
26703.0,2.35,4.44
26704.0,2.35,4.44
26704.0,2.35,4.44
26705.0,2.35,4.44
26705.0,2.35,4.44
26706.0,2.18,4.44
26707.0,2.18,4.44
26707.0,2.18,4.44
26708.0,2.18,4.44
26708.0,2.18,4.44
26709.0,2.18,4.44
26710.0,2.08,4.44
26710.0,2.08,4.44
26711.0,2.08,4.44
26711.0,2.08,4.44
26712.0,2.08,4.44
26712.0,2.38,4.44
26713.0,2.38,4.44
26714.0,2.38,4.44
26714.0,2.38,4.44
26715.0,2.38,4.44
26715.0,2.68,4.44
26716.0,2.68,4.44
26717.0,2.68,4.44
26717.0,2.68,4.44
26718.0,2.68,4.44
26718.0,2.68,4.44
26719.0,2.27,4.44
26720.0,2.27,4.44
26720.0,2.27,4.44
26721.0,2.27,4.44
26721.0,2.27,4.44
26722.0,2.31,4.44
26722.0,2.3,4.44
26723.0,2.31,4.44
26724.0,2.3,4.44
26724.0,2.31,4.44
26725.0,2.39,4.44
26725.0,2.39,4.44
26726.0,2.39,4.44
26727.0,2.39,4.44
26727.0,2.39,4.44
26728.0,2.39,4.44
26728.0,2.17,4.44
26729.0,2.17,4.44
26729.0,2.17,4.44
26730.0,2.17,4.44
26731.0,2.17,4.44
26731.0,2.2,4.44
26732.0,2.2,4.44
26732.0,2.2,4.44
26733.0,2.2,4.44
26734.0,2.2,4.44
26734.0,2.36,4.44
26735.0,2.37,4.44
26735.0,2.36,4.44
26736.0,2.37,4.44
26737.0,2.36,4.44
26737.0,2.37,4.44
26738.0,2.79,4.44
26738.0,2.79,4.44
26739.0,2.79,4.44
26739.0,2.79,4.44
26740.0,2.79,4.44
26741.0,2.68,4.44
26741.0,2.68,4.44
26742.0,2.68,4.44
26742.0,2.68,4.44
26743.0,2.68,4.44
26744.0,2.47,4.44
26744.0,2.47,4.44
26745.0,2.47,4.44
26745.0,2.47,4.44
26746.0,2.47,4.44
26746.0,2.47,4.44
26747.0,2.3,4.44
26748.0,2.3,4.44
26748.0,2.3,4.44
26749.0,2.3,4.44
26749.0,2.3,4.44
26750.0,2.13,4.44
26751.0,2.13,4.44
26751.0,2.13,4.44
26752.0,2.13,4.44
26752.0,2.13,4.44
26753.0,2.3,4.44
26754.0,2.3,4.44
26754.0,2.3,4.44
26755.0,2.3,4.44
26755.0,2.3,4.44
26756.0,2.3,4.44
26756.0,2.5,4.44
26757.0,2.5,4.44
26758.0,2.5,4.44
26758.0,2.5,4.44
26759.0,2.5,4.44
26759.0,2.35,4.44
26760.0,2.35,4.44
26761.0,2.35,4.44
26761.0,2.35,4.44
26762.0,2.35,4.44
26762.0,2.18,4.44
26763.0,2.18,4.44
26764.0,2.18,4.44
26764.0,2.18,4.44
26765.0,2.18,4.44
26765.0,2.28,4.44
26766.0,2.27,4.44
26767.0,2.28,4.44
26767.0,2.27,4.44
26768.0,2.28,4.44
26768.0,2.27,4.44
26769.0,2.23,4.44
26769.0,2.23,4.44
26770.0,2.23,4.44
26771.0,2.23,4.44
26771.0,2.23,4.44
26772.0,2.12,4.44
26772.0,2.12,4.44
26773.0,2.12,4.44
26774.0,2.12,4.44
26774.0,2.12,4.44
26775.0,2.27,4.44
26775.0,2.27,4.44
26776.0,2.27,4.44
26777.0,2.27,4.44
26777.0,2.27,4.44
26778.0,2.27,4.44
26778.0,2.65,4.44
26779.0,2.65,4.44
26779.0,2.65,4.44
26780.0,2.65,4.44
26781.0,2.65,4.44
26781.0,2.92,4.44
26782.0,2.92,4.44
26782.0,2.92,4.44
26783.0,2.92,4.44
26784.0,2.92,4.44
26784.0,2.54,4.44
26785.0,2.54,4.44
26785.0,2.54,4.44
26786.0,2.54,4.44
26786.0,2.54,4.44
26787.0,2.54,4.44
26788.0,2.31,4.44
26788.0,2.31,4.44
26789.0,2.31,4.44
26789.0,2.31,4.44
26790.0,2.31,4.44
26791.0,2.3,4.44
26791.0,2.3,4.44
26792.0,2.3,4.44
26792.0,2.3,4.44
26793.0,2.3,4.44
26794.0,2.39,4.44
26794.0,2.39,4.44
26795.0,2.39,4.44
26795.0,2.39,4.44
26796.0,2.39,4.44
26796.0,2.39,4.44
26797.0,2.57,4.44
26798.0,2.57,4.44
26798.0,2.57,4.44
26799.0,2.57,4.44
26799.0,2.57,4.44
26800.0,2.39,4.44
26801.0,2.39,4.44
26801.0,2.39,4.44
26802.0,2.39,4.44
26802.0,2.39,4.44
26803.0,2.2,4.44
26803.0,2.2,4.44
26804.0,2.2,4.44
26805.0,2.2,4.44
26805.0,2.2,4.44
26806.0,2.2,4.44
26806.0,2.21,4.44
26807.0,2.21,4.44
26808.0,2.21,4.44
26808.0,2.21,4.44
26809.0,2.21,4.44
26809.0,2.06,4.44
26810.0,2.06,4.44
26811.0,2.06,4.44
26811.0,2.06,4.44
26812.0,2.06,4.44
26812.0,2.09,4.44
26813.0,2.09,4.44
26813.0,2.09,4.44
26814.0,2.09,4.44
26815.0,2.09,4.44
26815.0,2.09,4.44
26816.0,2.2,4.44
26816.0,2.2,4.44
26817.0,2.2,4.44
26818.0,2.2,4.44
26818.0,2.2,4.44
26819.0,2.05,4.44
26819.0,2.05,4.44
26820.0,2.05,4.44
26820.0,2.05,4.44
26821.0,2.05,4.44
26822.0,2.24,4.44
26822.0,2.24,4.44
26823.0,2.24,4.44
26823.0,2.24,4.44
26824.0,2.24,4.44
26825.0,2.14,4.44
26825.0,2.14,4.44
26826.0,2.14,4.44
26826.0,2.14,4.44
26827.0,2.14,4.44
26828.0,2.14,4.44
26828.0,1.94,4.44
26829.0,1.94,4.44
26829.0,1.94,4.44
26830.0,1.94,4.44
26830.0,1.94,4.44
26831.0,2.08,4.44
26832.0,2.08,4.44
26832.0,2.08,4.44
26833.0,2.08,4.44
26833.0,2.08,4.44
26834.0,2.38,4.44
26835.0,2.38,4.44
26835.0,2.38,4.44
26836.0,2.38,4.44
26836.0,2.38,4.44
26837.0,2.38,4.44
26837.0,2.54,4.44
26838.0,2.54,4.44
26839.0,2.54,4.44
26839.0,2.54,4.44
26840.0,2.54,4.44
26840.0,2.59,4.44
26841.0,2.59,4.44
26842.0,2.59,4.44
26842.0,2.59,4.44
26843.0,2.59,4.44
26843.0,2.56,4.44
26844.0,2.56,4.44
26845.0,2.56,4.44
26845.0,2.56,4.44
26846.0,2.56,4.44
26846.0,2.56,4.44
26847.0,2.31,4.44
26847.0,2.31,4.44
26848.0,2.31,4.44
26849.0,2.31,4.44
26849.0,2.31,4.44
26850.0,2.42,4.44
26850.0,2.42,4.44
26851.0,2.42,4.44
26852.0,2.42,4.44
26852.0,2.42,4.44
26853.0,2.49,4.44
26853.0,2.49,4.44
26854.0,2.49,4.44
26855.0,2.49,4.44
26855.0,2.49,4.44
26856.0,2.49,4.44
26856.0,2.57,4.44
26857.0,2.57,4.44
26857.0,2.57,4.44
26858.0,2.57,4.44
26859.0,2.57,4.44
26859.0,2.39,4.44
26860.0,2.39,4.44
26860.0,2.39,4.44
26861.0,2.39,4.44
26862.0,2.39,4.44
26862.0,2.16,4.44
26863.0,2.16,4.44
26863.0,2.16,4.44
26864.0,2.16,4.44
26865.0,2.16,4.44
26865.0,2.18,4.44
26866.0,2.18,4.44
26866.0,2.18,4.44
26867.0,2.18,4.44
26868.0,2.18,4.44
26868.0,2.18,4.44
26869.0,2.1,4.44
26869.0,2.1,4.44
26870.0,2.1,4.44
26870.0,2.1,4.44
26871.0,2.1,4.44
26872.0,2.16,4.44
26872.0,2.16,4.44
26873.0,2.16,4.44
26873.0,2.16,4.44
26874.0,2.16,4.44
26875.0,2.44,4.44
26875.0,2.44,4.44
26876.0,2.44,4.44
26876.0,2.44,4.44
26877.0,2.44,4.44
26877.0,2.44,4.44
26878.0,2.38,4.44
26879.0,2.38,4.44
26879.0,2.38,4.44
26880.0,2.38,4.44
26880.0,2.38,4.44
26881.0,2.08,4.44
26882.0,2.08,4.44
26882.0,2.08,4.44
26883.0,2.08,4.44
26883.0,2.08,4.44
26884.0,1.99,4.44
26885.0,1.98,4.44
26885.0,1.99,4.44
26886.0,1.98,4.44
26886.0,1.99,4.44
26887.0,1.98,4.44
26887.0,1.93,4.44
26888.0,1.93,4.44
26889.0,1.93,4.44
26889.0,1.93,4.44
26890.0,1.93,4.44
26890.0,2.18,4.44
26891.0,2.18,4.44
26892.0,2.18,4.44
26892.0,2.18,4.44
26893.0,2.18,4.44
26893.0,2.53,4.44
26894.0,2.52,4.44
26894.0,2.53,4.44
26895.0,2.52,4.44
26896.0,2.53,4.44
26896.0,2.52,4.44
26897.0,2.63,4.44
26897.0,2.63,4.44
26898.0,2.63,4.44
26899.0,2.63,4.44
26899.0,2.63,4.44
26900.0,2.5,4.44
26900.0,2.51,4.44
26901.0,2.5,4.44
26902.0,2.51,4.44
26902.0,2.5,4.44
26903.0,2.26,4.44
26903.0,2.25,4.44
26904.0,2.26,4.44
26904.0,2.25,4.44
26905.0,2.26,4.44
26906.0,2.25,4.44
26906.0,2.05,4.44
26907.0,2.05,4.44
26907.0,2.05,4.44
26908.0,2.05,4.44
26909.0,2.05,4.44
26909.0,1.97,4.44
26910.0,1.97,4.44
26910.0,1.97,4.44
26911.0,1.97,4.44
26911.0,1.97,4.44
26912.0,2.18,4.44
26913.0,2.18,4.44
26913.0,2.18,4.44
26914.0,2.18,4.44
26914.0,2.18,4.44
26915.0,2.18,4.44
26916.0,2.37,4.44
26916.0,2.37,4.44
26917.0,2.37,4.44
26917.0,2.37,4.44
26918.0,2.37,4.44
26919.0,2.39,4.44
26919.0,2.39,4.44
26920.0,2.39,4.44
26920.0,2.39,4.44
26921.0,2.39,4.44
26921.0,2.34,4.44
26922.0,2.34,4.44
26923.0,2.34,4.44
26923.0,2.34,4.44
26924.0,2.34,4.44
26924.0,2.34,4.44
26925.0,1.99,4.44
26926.0,1.99,4.44
26926.0,1.99,4.44
26927.0,1.99,4.44
26927.0,1.99,4.44
26928.0,1.78,4.44
26928.0,1.78,4.44
26929.0,1.78,4.44
26930.0,1.78,4.44
26930.0,1.78,4.44
26931.0,1.96,4.44
26931.0,1.96,4.44
26932.0,1.96,4.44
26933.0,1.96,4.44
26933.0,1.96,4.44
26934.0,1.96,4.44
26934.0,2.34,4.44
26935.0,2.34,4.44
26936.0,2.34,4.44
26936.0,2.34,4.44
26937.0,2.34,4.44
26937.0,2.55,4.44
26938.0,2.55,4.44
26938.0,2.55,4.44
26939.0,2.55,4.44
26940.0,2.55,4.44
26940.0,2.43,4.44
26941.0,2.43,4.44
26941.0,2.43,4.44
26942.0,2.43,4.44
26943.0,2.43,4.44
26943.0,2.2,4.44
26944.0,2.2,4.44
26944.0,2.2,4.44
26945.0,2.2,4.44
26945.0,2.2,4.44
26946.0,2.2,4.44
26947.0,2.36,4.44
26947.0,2.37,4.44
26948.0,2.36,4.44
26948.0,2.37,4.44
26949.0,2.36,4.44
26950.0,2.32,4.44
26950.0,2.32,4.44
26951.0,2.32,4.44
26951.0,2.32,4.44
26952.0,2.32,4.44
26953.0,2.36,4.44
26953.0,2.36,4.44
26954.0,2.36,4.44
26954.0,2.36,4.44
26955.0,2.36,4.44
26955.0,2.36,4.44
26956.0,2.34,4.44
26957.0,2.35,4.44
26957.0,2.34,4.44
26958.0,2.35,4.44
26958.0,2.34,4.44
26959.0,2.14,4.44
26960.0,2.14,4.44
26960.0,2.14,4.44
26961.0,2.14,4.44
26961.0,2.14,4.44
26962.0,2.07,4.44
26963.0,2.08,4.44
26963.0,2.07,4.44
26964.0,2.08,4.44
26964.0,2.07,4.44
26965.0,2.08,4.44
26966.0,2.05,4.44
26966.0,2.06,4.44
26967.0,2.05,4.44
26967.0,2.06,4.44
26968.0,2.05,4.44
26968.0,1.92,4.44
26969.0,1.92,4.44
26970.0,1.92,4.44
26970.0,1.92,4.44
26971.0,1.92,4.44
26971.0,2.2,4.44
26972.0,2.2,4.44
26973.0,2.2,4.44
26973.0,2.2,4.44
26974.0,2.2,4.44
26974.0,2.39,4.44
26975.0,2.39,4.44
26976.0,2.39,4.44
26976.0,2.39,4.44
26977.0,2.39,4.44
26977.0,2.39,4.44
26978.0,2.44,4.44
26978.0,2.44,4.44
26979.0,2.44,4.44
26980.0,2.44,4.44
26980.0,2.44,4.44
26981.0,2.5,4.44
26981.0,2.5,4.44
26982.0,2.5,4.44
26983.0,2.5,4.44
26983.0,2.5,4.44
26984.0,2.16,4.44
26984.0,2.16,4.44
26985.0,2.16,4.44
26985.0,2.16,4.44
26986.0,2.16,4.44
26987.0,2.16,4.44
26987.0,1.99,4.44
26988.0,1.98,4.44
26988.0,1.99,4.44
26989.0,1.98,4.44
26990.0,1.99,4.44
26990.0,2.38,4.44
26991.0,2.38,4.44
26991.0,2.38,4.44
26992.0,2.38,4.44
26993.0,2.38,4.44
26993.0,2.5,4.44
26994.0,2.5,4.44
26994.0,2.5,4.44
26995.0,2.5,4.44
26995.0,2.5,4.44
26996.0,2.5,4.44
26997.0,2.57,4.44
26997.0,2.57,4.44
26998.0,2.57,4.44
26998.0,2.57,4.44
26999.0,2.57,4.44
27000.0,2.45,4.44
27000.0,2.45,4.44
27001.0,2.45,4.44
27001.0,2.45,4.44
27002.0,2.45,4.44
27002.0,2.24,4.44
27003.0,2.24,4.44
27004.0,2.24,4.44
27004.0,2.24,4.44
27005.0,2.24,4.44
27005.0,2.24,4.44
27006.0,2.19,4.44
27007.0,2.19,4.44
27007.0,2.19,4.44
27008.0,2.19,4.44
27008.0,2.19,4.44
27009.0,2.16,4.44
27010.0,2.16,4.44
27010.0,2.16,4.44
27011.0,2.16,4.44
27011.0,2.16,4.44
27012.0,2.09,4.44
27012.0,2.09,4.44
27013.0,2.09,4.44
27014.0,2.09,4.44
27014.0,2.09,4.44
27015.0,2.09,4.44
27015.0,2.45,4.44
27016.0,2.45,4.44
27017.0,2.45,4.44
27017.0,2.45,4.44
27018.0,2.45,4.44
27018.0,2.72,4.44
27019.0,2.72,4.44
27019.0,2.72,4.44
27020.0,2.72,4.44
27021.0,2.72,4.44
27021.0,2.63,4.44
27022.0,2.63,4.44
27022.0,2.63,4.44
27023.0,2.63,4.44
27024.0,2.63,4.44
27024.0,2.63,4.44
27025.0,2.2,4.44
27025.0,2.2,4.44
27026.0,2.2,4.44
27027.0,2.2,4.44
27027.0,2.2,4.44
27028.0,2.0,4.44
27028.0,2.01,4.44
27029.0,2.0,4.44
27029.0,2.01,4.44
27030.0,2.0,4.44
27031.0,2.25,4.44
27031.0,2.25,4.44
27032.0,2.25,4.44
27032.0,2.25,4.44
27033.0,2.25,4.44
27034.0,2.25,4.44
27034.0,2.56,4.44
27035.0,2.56,4.44
27035.0,2.56,4.44
27036.0,2.56,4.44
27036.0,2.56,4.44
27037.0,2.41,4.44
27038.0,2.41,4.44
27038.0,2.41,4.44
27039.0,2.41,4.44
27039.0,2.41,4.44
27040.0,2.3,4.44
27041.0,2.3,4.44
27041.0,2.3,4.44
27042.0,2.3,4.44
27042.0,2.3,4.44
27043.0,2.3,4.44
27044.0,2.24,4.44
27044.0,2.24,4.44
27045.0,2.24,4.44
27045.0,2.24,4.44
27046.0,2.24,4.44
27046.0,2.08,4.44
27047.0,2.08,4.44
27048.0,2.08,4.44
27048.0,2.08,4.44
27049.0,2.08,4.44
27049.0,2.16,4.44
27050.0,2.16,4.44
27051.0,2.16,4.44
27051.0,2.16,4.44
27052.0,2.16,4.44
27052.0,2.16,4.44
27053.0,2.2,4.44
27053.0,2.2,4.44
27054.0,2.2,4.44
27055.0,2.2,4.44
27055.0,2.2,4.44
27056.0,2.13,4.44
27056.0,2.13,4.44
27057.0,2.13,4.44
27058.0,2.13,4.44
27058.0,2.13,4.44
27059.0,1.98,4.44
27059.0,1.98,4.44
27060.0,1.98,4.44
27061.0,1.98,4.44
27061.0,1.98,4.44
27062.0,2.08,4.44
27062.0,2.08,4.44
27063.0,2.08,4.44
27063.0,2.08,4.44
27064.0,2.08,4.44
27065.0,2.08,4.44
27065.0,2.07,4.44
27066.0,2.07,4.44
27067.0,2.07,4.44
27067.0,2.07,4.44
27068.0,2.07,4.44
27068.0,2.14,4.44
27069.0,2.14,4.44
27069.0,2.14,4.44
27070.0,2.14,4.44
27071.0,2.14,4.44
27071.0,2.41,4.44
27072.0,2.41,4.44
27072.0,2.41,4.44
27073.0,2.41,4.44
27074.0,2.41,4.44
27074.0,2.41,4.44
27075.0,2.31,4.44
27075.0,2.32,4.44
27076.0,2.31,4.44
27076.0,2.32,4.44
27077.0,2.31,4.44
27078.0,2.54,4.44
27078.0,2.54,4.44
27079.0,2.54,4.44
27079.0,2.54,4.44
27080.0,2.54,4.44
27081.0,2.17,4.44
27081.0,2.17,4.44
27082.0,2.17,4.44
27082.0,2.17,4.44
27083.0,2.17,4.44
27084.0,2.17,4.44
27084.0,2.15,4.44
27085.0,2.15,4.44
27085.0,2.15,4.44
27086.0,2.15,4.44
27086.0,2.15,4.44
27087.0,2.31,4.44
27088.0,2.31,4.44
27088.0,2.31,4.44
27089.0,2.31,4.44
27089.0,2.31,4.44
27090.0,2.12,4.44
27091.0,2.12,4.44
27091.0,2.12,4.44
27092.0,2.12,4.44
27092.0,2.12,4.44
27093.0,2.13,4.44
27093.0,2.13,4.44
27094.0,2.13,4.44
27095.0,2.13,4.44
27095.0,2.13,4.44
27096.0,2.13,4.44
27096.0,2.47,4.44
27097.0,2.47,4.44
27098.0,2.47,4.44
27098.0,2.47,4.44
27099.0,2.47,4.44
27099.0,2.39,4.44
27100.0,2.39,4.44
27101.0,2.39,4.44
27101.0,2.39,4.44
27102.0,2.39,4.44
27102.0,2.07,4.44
27103.0,2.06,4.44
27103.0,2.07,4.44
27104.0,2.06,4.44
27105.0,2.07,4.44
27105.0,2.06,4.44
27106.0,1.9,4.44
27106.0,1.9,4.44
27107.0,1.9,4.44
27108.0,1.9,4.44
27108.0,1.9,4.44
27109.0,2.12,4.44
27109.0,2.12,4.44
27110.0,2.12,4.44
27110.0,2.12,4.44
27111.0,2.12,4.44
27112.0,2.46,4.44
27112.0,2.46,4.44
27113.0,2.46,4.44
27113.0,2.46,4.44
27114.0,2.46,4.44
27115.0,2.46,4.44
27115.0,2.44,4.44
27116.0,2.44,4.44
27116.0,2.44,4.44
27117.0,2.44,4.44
27118.0,2.44,4.44
27118.0,2.5,4.44
27119.0,2.5,4.44
27119.0,2.5,4.44
27120.0,2.5,4.44
27120.0,2.5,4.44
27121.0,2.25,4.44
27122.0,2.25,4.44
27122.0,2.25,4.44
27123.0,2.25,4.44
27123.0,2.25,4.44
27124.0,2.25,4.44
27125.0,2.03,4.44
27125.0,2.03,4.44
27126.0,2.03,4.44
27126.0,2.03,4.44
27127.0,2.03,4.44
27127.0,2.17,4.44
27128.0,2.17,4.44
27129.0,2.17,4.44
27129.0,2.17,4.44
27130.0,2.17,4.44
27130.0,2.36,4.44
27131.0,2.36,4.44
27132.0,2.36,4.44
27132.0,2.36,4.44
27133.0,2.36,4.44
27133.0,2.36,4.44
27134.0,2.24,4.44
27135.0,2.24,4.44
27135.0,2.24,4.44
27136.0,2.24,4.44
27136.0,2.24,4.44
27137.0,2.53,4.44
27137.0,2.53,4.44
27138.0,2.53,4.44
27139.0,2.53,4.44
27139.0,2.53,4.44
27140.0,2.54,4.44
27140.0,2.54,4.44
27141.0,2.54,4.44
27142.0,2.54,4.44
27142.0,2.54,4.44
27143.0,2.54,4.44
27143.0,2.36,4.44
27144.0,2.36,4.44
27145.0,2.36,4.44
27145.0,2.36,4.44
27146.0,2.36,4.44
27146.0,1.98,4.44
27147.0,1.98,4.44
27147.0,1.98,4.44
27148.0,1.98,4.44
27149.0,1.98,4.44
27149.0,2.2,4.44
27150.0,2.2,4.44
27150.0,2.2,4.44
27151.0,2.2,4.44
27152.0,2.2,4.44
27152.0,2.2,4.44
27153.0,2.41,4.44
27153.0,2.41,4.44
27154.0,2.41,4.44
27154.0,2.41,4.44
27155.0,2.41,4.44
27156.0,2.55,4.44
27156.0,2.55,4.44
27157.0,2.55,4.44
27157.0,2.55,4.44
27158.0,2.55,4.44
27159.0,2.32,4.44
27159.0,2.31,4.44
27160.0,2.32,4.44
27160.0,2.31,4.44
27161.0,2.32,4.44
27161.0,2.31,4.44
27162.0,2.24,4.44
27163.0,2.24,4.44
27163.0,2.24,4.44
27164.0,2.24,4.44
27164.0,2.24,4.44
27165.0,2.24,4.44
27166.0,2.24,4.44
27166.0,2.24,4.44
27167.0,2.24,4.44
27167.0,2.24,4.44
27168.0,2.14,4.44
27169.0,2.14,4.44
27169.0,2.14,4.44
27170.0,2.14,4.44
27170.0,2.14,4.44
27171.0,2.2,4.44
27172.0,2.2,4.44
27172.0,2.2,4.44
27173.0,2.2,4.44
27173.0,2.2,4.44
27174.0,2.2,4.44
27175.0,2.34,4.44
27175.0,2.34,4.44
27176.0,2.34,4.44
27176.0,2.34,4.44
27177.0,2.34,4.44
27177.0,2.54,4.44
27178.0,2.54,4.44
27179.0,2.54,4.44
27179.0,2.54,4.44
27180.0,2.54,4.44
27180.0,2.53,4.44
27181.0,2.53,4.44
27182.0,2.53,4.44
27182.0,2.53,4.44
27183.0,2.53,4.44
27183.0,2.53,4.44
27184.0,2.11,4.44
27184.0,2.12,4.44
27185.0,2.11,4.44
27186.0,2.12,4.44
27186.0,2.11,4.44
27187.0,2.04,4.44
27187.0,2.03,4.44
27188.0,2.04,4.44
27189.0,2.03,4.44
27189.0,2.04,4.44
27190.0,2.03,4.44
27190.0,2.04,4.44
27191.0,2.03,4.44
27192.0,2.04,4.44
27192.0,2.03,4.44
27193.0,2.04,4.44
27193.0,2.51,4.44
27194.0,2.51,4.44
27194.0,2.51,4.44
27195.0,2.51,4.44
27196.0,2.51,4.44
27196.0,2.62,4.44
27197.0,2.62,4.44
27197.0,2.62,4.44
27198.0,2.62,4.44
27199.0,2.62,4.44
27199.0,2.44,4.44
27200.0,2.44,4.44
27200.0,2.44,4.44
27201.0,2.44,4.44
27201.0,2.44,4.44
27202.0,2.44,4.44
27203.0,2.06,4.44
27203.0,2.06,4.44
27204.0,2.06,4.44
27204.0,2.06,4.44
27205.0,2.06,4.44
27206.0,1.83,4.44
27206.0,1.82,4.44
27207.0,1.83,4.44
27207.0,1.82,4.44
27208.0,1.83,4.44
27209.0,1.77,4.44
27209.0,1.77,4.44
27210.0,1.77,4.44
27210.0,1.77,4.44
27211.0,1.77,4.44
27211.0,2.17,4.44
27212.0,2.17,4.44
27213.0,2.17,4.44
27213.0,2.17,4.44
27214.0,2.17,4.44
27214.0,2.17,4.44
27215.0,2.48,4.44
27216.0,2.48,4.44
27216.0,2.48,4.44
27217.0,2.48,4.44
27217.0,2.48,4.44
27218.0,2.49,4.44
27218.0,2.49,4.44
27219.0,2.49,4.44
27220.0,2.49,4.44
27220.0,2.49,4.44
27221.0,2.28,4.44
27221.0,2.28,4.44
27222.0,2.28,4.44
27223.0,2.28,4.44
27223.0,2.28,4.44
27224.0,2.28,4.44
27224.0,2.13,4.44
27225.0,2.13,4.44
27226.0,2.13,4.44
27226.0,2.13,4.44
27227.0,2.13,4.44
27227.0,2.07,4.44
27228.0,2.07,4.44
27228.0,2.07,4.44
27229.0,2.07,4.44
27230.0,2.07,4.44
27230.0,2.01,4.44
27231.0,2.01,4.44
27231.0,2.01,4.44
27232.0,2.01,4.44
27233.0,2.01,4.44
27233.0,2.01,4.44
27234.0,2.12,4.44
27234.0,2.12,4.44
27235.0,2.12,4.44
27235.0,2.12,4.44
27236.0,2.12,4.44
27237.0,2.56,4.44
27237.0,2.56,4.44
27238.0,2.56,4.44
27238.0,2.56,4.44
27239.0,2.56,4.44
27240.0,2.43,4.44
27240.0,2.43,4.44
27241.0,2.43,4.44
27241.0,2.43,4.44
27242.0,2.43,4.44
27243.0,2.43,4.44
27243.0,2.07,4.44
27244.0,2.07,4.44
27244.0,2.07,4.44
27245.0,2.07,4.44
27245.0,2.07,4.44
27246.0,1.78,4.44
27247.0,1.78,4.44
27247.0,1.78,4.44
27248.0,1.78,4.44
27248.0,1.78,4.44
27249.0,1.81,4.44
27250.0,1.81,4.44
27250.0,1.81,4.44
27251.0,1.81,4.44
27251.0,1.81,4.44
27252.0,1.81,4.44
27253.0,2.13,4.44
27253.0,2.13,4.44
27254.0,2.13,4.44
27254.0,2.13,4.44
27255.0,2.13,4.44
27255.0,2.45,4.44
27256.0,2.45,4.44
27257.0,2.45,4.44
27257.0,2.45,4.44
27258.0,2.45,4.44
27258.0,2.51,4.44
27259.0,2.51,4.44
27260.0,2.51,4.44
27260.0,2.51,4.44
27261.0,2.51,4.44
27261.0,2.51,4.44
27262.0,2.42,4.44
27262.0,2.42,4.44
27263.0,2.42,4.44
27264.0,2.42,4.44
27264.0,2.42,4.44
27265.0,2.06,4.44
27265.0,2.06,4.44
27266.0,2.06,4.44
27267.0,2.06,4.44
27267.0,2.06,4.44
27268.0,1.91,4.44
27268.0,1.91,4.44
27269.0,1.91,4.44
27270.0,1.91,4.44
27270.0,1.91,4.44
27271.0,2.16,4.44
27271.0,2.16,4.44
27272.0,2.16,4.44
27273.0,2.16,4.44
27273.0,2.16,4.44
27274.0,2.16,4.44
27274.0,2.5,4.44
27275.0,2.51,4.44
27275.0,2.5,4.44
27276.0,2.51,4.44
27277.0,2.5,4.44
27277.0,2.7,4.44
27278.0,2.7,4.44
27278.0,2.7,4.44
27279.0,2.7,4.44
27280.0,2.7,4.44
27280.0,2.46,4.44
27281.0,2.46,4.44
27281.0,2.46,4.44
27282.0,2.46,4.44
27283.0,2.46,4.44
27283.0,2.46,4.44
27284.0,2.18,4.44
27284.0,2.18,4.44
27285.0,2.18,4.44
27285.0,2.18,4.44
27286.0,2.18,4.44
27287.0,2.02,4.44
27287.0,2.02,4.44
27288.0,2.02,4.44
27288.0,2.02,4.44
27289.0,2.02,4.44
27290.0,2.17,4.44
27290.0,2.17,4.44
27291.0,2.17,4.44
27291.0,2.17,4.44
27292.0,2.17,4.44
27292.0,2.17,4.44
27293.0,2.4,4.44
27294.0,2.4,4.44
27294.0,2.4,4.44
27295.0,2.4,4.44
27295.0,2.4,4.44
27296.0,2.47,4.44
27297.0,2.47,4.44
27297.0,2.47,4.44
27298.0,2.47,4.44
27298.0,2.47,4.44
27299.0,2.1,4.44
27300.0,2.1,4.44
27300.0,2.1,4.44
27301.0,2.1,4.44
27301.0,2.1,4.44
27302.0,2.1,4.44
27302.0,2.21,4.44
27303.0,2.21,4.44
27304.0,2.21,4.44
27304.0,2.21,4.44
27305.0,2.21,4.44
27305.0,2.34,4.44
27306.0,2.34,4.44
27307.0,2.34,4.44
27307.0,2.34,4.44
27308.0,2.34,4.44
27308.0,2.23,4.44
27309.0,2.23,4.44
27309.0,2.23,4.44
27310.0,2.23,4.44
27311.0,2.23,4.44
27311.0,2.23,4.44
27312.0,2.2,4.44
27312.0,2.2,4.44
27313.0,2.2,4.44
27314.0,2.2,4.44
27314.0,2.2,4.44
27315.0,2.41,4.44
27315.0,2.41,4.44
27316.0,2.41,4.44
27317.0,2.41,4.44
27317.0,2.41,4.44
27318.0,2.56,4.44
27318.0,2.57,4.44
27319.0,2.56,4.44
27319.0,2.57,4.44
27320.0,2.56,4.44
27321.0,2.57,4.44
27321.0,2.49,4.44
27322.0,2.49,4.44
27322.0,2.49,4.44
27323.0,2.49,4.44
27324.0,2.49,4.44
27324.0,2.26,4.44
27325.0,2.26,4.44
27325.0,2.26,4.44
27326.0,2.26,4.44
27327.0,2.26,4.44
27327.0,1.78,4.44
27328.0,1.78,4.44
27328.0,1.78,4.44
27329.0,1.78,4.44
27329.0,1.78,4.44
27330.0,1.98,4.44
27331.0,1.97,4.44
27331.0,1.98,4.44
27332.0,1.97,4.44
27332.0,1.98,4.44
27333.0,1.97,4.44
27334.0,2.38,4.44
27334.0,2.38,4.44
27335.0,2.38,4.44
27335.0,2.38,4.44
27336.0,2.38,4.44
27336.0,2.35,4.44
27337.0,2.35,4.44
27338.0,2.35,4.44
27338.0,2.35,4.44
27339.0,2.35,4.44
27339.0,2.31,4.44
27340.0,2.31,4.44
27341.0,2.31,4.44
27341.0,2.31,4.44
27342.0,2.31,4.44
27342.0,2.31,4.44
27343.0,2.01,4.44
27343.0,2.01,4.44
27344.0,2.01,4.44
27345.0,2.01,4.44
27345.0,2.01,4.44
27346.0,1.76,4.44
27346.0,1.76,4.44
27347.0,1.76,4.44
27348.0,1.76,4.44
27348.0,1.76,4.44
27349.0,1.85,4.44
27349.0,1.85,4.44
27350.0,1.85,4.44
27351.0,1.85,4.44
27351.0,1.85,4.44
27352.0,1.85,4.44
27352.0,2.05,4.44
27353.0,2.05,4.44
27353.0,2.05,4.44
27354.0,2.05,4.44
27355.0,2.05,4.44
27355.0,2.42,4.44
27356.0,2.42,4.44
27356.0,2.42,4.44
27357.0,2.42,4.44
27358.0,2.42,4.44
27358.0,2.64,4.44
27359.0,2.64,4.44
27359.0,2.64,4.44
27360.0,2.64,4.44
27361.0,2.64,4.44
27361.0,2.64,4.44
27362.0,2.35,4.44
27362.0,2.35,4.44
27363.0,2.35,4.44
27363.0,2.35,4.44
27364.0,2.35,4.44
27365.0,2.34,4.44
27365.0,2.34,4.44
27366.0,2.34,4.44
27366.0,2.34,4.44
27367.0,2.34,4.44
27368.0,2.09,4.44
27368.0,2.09,4.44
27369.0,2.09,4.44
27369.0,2.09,4.44
27370.0,2.09,4.44
27371.0,2.03,4.44
27371.0,2.03,4.44
27372.0,2.03,4.44
27372.0,2.03,4.44
27373.0,2.03,4.44
27374.0,2.03,4.44
27374.0,2.52,4.44
27375.0,2.53,4.44
27375.0,2.52,4.44
27376.0,2.53,4.44
27376.0,2.52,4.44
27377.0,2.54,4.44
27378.0,2.53,4.44
27378.0,2.54,4.44
27379.0,2.53,4.44
27379.0,2.54,4.44
27380.0,2.51,4.44
27381.0,2.51,4.44
27381.0,2.51,4.44
27382.0,2.51,4.44
27382.0,2.51,4.44
27383.0,2.51,4.44
27383.0,2.28,4.44
27384.0,2.29,4.44
27385.0,2.28,4.44
27385.0,2.29,4.44
27386.0,2.28,4.44
27386.0,2.16,4.44
27387.0,2.16,4.44
27388.0,2.16,4.44
27388.0,2.16,4.44
27389.0,2.16,4.44
27389.0,2.13,4.44
27390.0,2.13,4.44
27391.0,2.13,4.44
27391.0,2.13,4.44
27392.0,2.13,4.44
27392.0,2.13,4.44
27393.0,2.25,4.44
27393.0,2.26,4.44
27394.0,2.25,4.44
27395.0,2.26,4.44
27395.0,2.25,4.44
27396.0,2.3,4.44
27396.0,2.3,4.44
27397.0,2.3,4.44
27398.0,2.3,4.44
27398.0,2.3,4.44
27399.0,2.37,4.44
27399.0,2.37,4.44
27400.0,2.37,4.44
27400.0,2.37,4.44
27401.0,2.37,4.44
27402.0,2.37,4.44
27402.0,2.38,4.44
27403.0,2.38,4.44
27403.0,2.38,4.44
27404.0,2.38,4.44
27405.0,2.38,4.44
27405.0,1.97,4.44
27406.0,1.96,4.44
27406.0,1.97,4.44
27407.0,1.96,4.44
27408.0,1.97,4.44
27408.0,2.22,4.44
27409.0,2.22,4.44
27409.0,2.22,4.44
27410.0,2.22,4.44
27410.0,2.22,4.44
27411.0,2.22,4.44
27412.0,2.47,4.44
27412.0,2.47,4.44
27413.0,2.47,4.44
27413.0,2.47,4.44
27414.0,2.47,4.44
27415.0,2.5,4.44
27415.0,2.5,4.44
27416.0,2.5,4.44
27416.0,2.5,4.44
27417.0,2.5,4.44
27417.0,2.44,4.44
27418.0,2.44,4.44
27419.0,2.44,4.44
27419.0,2.44,4.44
27420.0,2.44,4.44
27420.0,2.44,4.44
27421.0,2.45,4.44
27422.0,2.45,4.44
27422.0,2.45,4.44
27423.0,2.45,4.44
27423.0,2.45,4.44
27424.0,2.3,4.44
27425.0,2.3,4.44
27425.0,2.3,4.44
27426.0,2.3,4.44
27426.0,2.3,4.44
27427.0,2.21,4.44
27427.0,2.21,4.44
27428.0,2.21,4.44
27429.0,2.21,4.44
27429.0,2.21,4.44
27430.0,2.21,4.44
27430.0,2.34,4.44
27431.0,2.35,4.44
27432.0,2.34,4.44
27432.0,2.35,4.44
27433.0,2.34,4.44
27433.0,2.3,4.44
27434.0,2.3,4.44
27435.0,2.3,4.44
27435.0,2.3,4.44
27436.0,2.3,4.44
27436.0,2.41,4.44
27437.0,2.41,4.44
27437.0,2.41,4.44
27438.0,2.41,4.44
27439.0,2.41,4.44
27439.0,2.41,4.44
27440.0,2.58,4.44
27440.0,2.59,4.44
27441.0,2.58,4.44
27442.0,2.59,4.44
27442.0,2.58,4.44
27443.0,2.41,4.44
27443.0,2.41,4.44
27444.0,2.41,4.44
27444.0,2.41,4.44
27445.0,2.41,4.44
27446.0,2.09,4.44
27446.0,2.09,4.44
27447.0,2.09,4.44
27447.0,2.09,4.44
27448.0,2.09,4.44
27449.0,2.03,4.44
27449.0,2.03,4.44
27450.0,2.03,4.44
27450.0,2.03,4.44
27451.0,2.03,4.44
27452.0,2.03,4.44
27452.0,1.95,4.44
27453.0,1.95,4.44
27453.0,1.95,4.44
27454.0,1.95,4.44
27454.0,1.95,4.44
27455.0,2.38,4.44
27456.0,2.38,4.44
27456.0,2.38,4.44
27457.0,2.38,4.44
27457.0,2.38,4.44
27458.0,2.38,4.44
27459.0,2.38,4.44
27459.0,2.38,4.44
27460.0,2.38,4.44
27460.0,2.38,4.44
27461.0,2.38,4.44
27461.0,2.4,4.44
27462.0,2.4,4.44
27463.0,2.4,4.44
27463.0,2.4,4.44
27464.0,2.4,4.44
27464.0,2.06,4.44
27465.0,2.06,4.44
27466.0,2.06,4.44
27466.0,2.06,4.44
27467.0,2.06,4.44
27467.0,1.99,4.44
27468.0,1.98,4.44
27469.0,1.99,4.44
27469.0,1.98,4.44
27470.0,1.99,4.44
27470.0,1.98,4.44
27471.0,2.38,4.44
27472.0,2.38,4.44
27472.0,2.38,4.44
27473.0,2.38,4.44
27473.0,2.38,4.44
27474.0,2.46,4.44
27474.0,2.46,4.44
27475.0,2.46,4.44
27476.0,2.46,4.44
27476.0,2.46,4.44
27477.0,2.38,4.44
27477.0,2.38,4.44
27478.0,2.38,4.44
27479.0,2.38,4.44
27479.0,2.38,4.44
27480.0,2.38,4.44
27480.0,2.59,4.44
27481.0,2.59,4.44
27482.0,2.59,4.44
27482.0,2.59,4.44
27483.0,2.59,4.44
27483.0,2.32,4.44
27484.0,2.32,4.44
27484.0,2.32,4.44
27485.0,2.32,4.44
27486.0,2.32,4.44
27486.0,2.12,4.44
27487.0,2.12,4.44
27487.0,2.12,4.44
27488.0,2.12,4.44
27489.0,2.12,4.44
27489.0,2.21,4.44
27490.0,2.21,4.44
27490.0,2.21,4.44
27491.0,2.21,4.44
27491.0,2.21,4.44
27492.0,2.21,4.44
27493.0,2.26,4.44
27493.0,2.26,4.44
27494.0,2.26,4.44
27494.0,2.26,4.44
27495.0,2.26,4.44
27496.0,2.53,4.44
27496.0,2.53,4.44
27497.0,2.53,4.44
27497.0,2.53,4.44
27498.0,2.53,4.44
27499.0,2.38,4.44
27499.0,2.38,4.44
27500.0,2.38,4.44
27500.0,2.38,4.44
27501.0,2.38,4.44
27501.0,2.38,4.44
27502.0,2.12,4.44
27503.0,2.12,4.44
27503.0,2.12,4.44
27504.0,2.12,4.44
27504.0,2.12,4.44
27505.0,2.1,4.44
27506.0,2.09,4.44
27506.0,2.1,4.44
27507.0,2.09,4.44
27507.0,2.1,4.44
27508.0,2.18,4.44
27509.0,2.18,4.44
27509.0,2.18,4.44
27510.0,2.18,4.44
27510.0,2.18,4.44
27511.0,2.18,4.44
27511.0,2.22,4.44
27512.0,2.22,4.44
27513.0,2.22,4.44
27513.0,2.22,4.44
27514.0,2.22,4.44
27514.0,2.41,4.44
27515.0,2.41,4.44
27516.0,2.41,4.44
27516.0,2.41,4.44
27517.0,2.41,4.44
27517.0,2.47,4.44
27518.0,2.47,4.44
27518.0,2.47,4.44
27519.0,2.47,4.44
27520.0,2.47,4.44
27520.0,2.47,4.44
27521.0,2.37,4.44
27521.0,2.37,4.44
27522.0,2.37,4.44
27523.0,2.37,4.44
27523.0,2.37,4.44
27524.0,2.26,4.44
27524.0,2.26,4.44
27525.0,2.26,4.44
27525.0,2.26,4.44
27526.0,2.26,4.44
27527.0,2.09,4.44
27527.0,2.09,4.44
27528.0,2.09,4.44
27528.0,2.09,4.44
27529.0,2.09,4.44
27530.0,2.09,4.44
27530.0,2.18,4.44
27531.0,2.18,4.44
27531.0,2.18,4.44
27532.0,2.18,4.44
27533.0,2.18,4.44
27533.0,2.35,4.44
27534.0,2.35,4.44
27534.0,2.35,4.44
27535.0,2.35,4.44
27535.0,2.35,4.44
27536.0,2.61,4.44
27537.0,2.61,4.44
27537.0,2.61,4.44
27538.0,2.61,4.44
27538.0,2.61,4.44
27539.0,2.61,4.44
27540.0,2.67,4.44
27540.0,2.67,4.44
27541.0,2.67,4.44
27541.0,2.67,4.44
27542.0,2.67,4.44
27543.0,2.23,4.44
27543.0,2.23,4.44
27544.0,2.23,4.44
27544.0,2.23,4.44
27545.0,2.23,4.44
27545.0,2.17,4.44
27546.0,2.17,4.44
27547.0,2.17,4.44
27547.0,2.17,4.44
27548.0,2.17,4.44
27548.0,2.17,4.44
27549.0,2.2,4.44
27550.0,2.2,4.44
27550.0,2.2,4.44
27551.0,2.2,4.44
27551.0,2.2,4.44
27552.0,2.33,4.44
27552.0,2.32,4.44
27553.0,2.33,4.44
27554.0,2.32,4.44
27554.0,2.33,4.44
27555.0,2.38,4.44
27555.0,2.38,4.44
27556.0,2.38,4.44
27557.0,2.38,4.44
27557.0,2.38,4.44
27558.0,2.26,4.44
27558.0,2.26,4.44
27559.0,2.26,4.44
27560.0,2.26,4.44
27560.0,2.26,4.44
27561.0,2.26,4.44
27561.0,2.17,4.44
27562.0,2.17,4.44
27562.0,2.17,4.44
27563.0,2.17,4.44
27564.0,2.17,4.44
27564.0,2.2,4.44
27565.0,2.2,4.44
27565.0,2.2,4.44
27566.0,2.2,4.44
27567.0,2.2,4.44
27567.0,2.23,4.44
27568.0,2.23,4.44
27568.0,2.23,4.44
27569.0,2.23,4.44
27569.0,2.23,4.44
27570.0,2.23,4.44
27571.0,2.28,4.44
27571.0,2.28,4.44
27572.0,2.28,4.44
27573.0,2.28,4.44
27573.0,2.28,4.44
27574.0,2.28,4.44
27574.0,2.29,4.44
27575.0,2.28,4.44
27575.0,2.29,4.44
27576.0,2.28,4.44
27577.0,2.47,4.44
27577.0,2.47,4.44
27578.0,2.47,4.44
27578.0,2.47,4.44
27579.0,2.47,4.44
27580.0,2.47,4.44
27580.0,2.44,4.44
27581.0,2.44,4.44
27581.0,2.44,4.44
27582.0,2.44,4.44
27582.0,2.44,4.44
27583.0,2.41,4.44
27584.0,2.41,4.44
27584.0,2.41,4.44
27585.0,2.41,4.44
27585.0,2.41,4.44
27586.0,2.13,4.44
27587.0,2.13,4.44
27587.0,2.13,4.44
27588.0,2.13,4.44
27588.0,2.13,4.44
27589.0,2.13,4.44
27590.0,1.93,4.44
27590.0,1.93,4.44
27591.0,1.93,4.44
27591.0,1.93,4.44
27592.0,1.93,4.44
27592.0,2.24,4.44
27593.0,2.24,4.44
27594.0,2.24,4.44
27594.0,2.24,4.44
27595.0,2.24,4.44
27595.0,2.42,4.44
27596.0,2.42,4.44
27597.0,2.42,4.44
27597.0,2.42,4.44
27598.0,2.42,4.44
27598.0,2.16,4.44
27599.0,2.16,4.44
27599.0,2.16,4.44
27600.0,2.16,4.44
27601.0,2.16,4.44
27601.0,2.16,4.44
27602.0,2.36,4.44
27602.0,2.36,4.44
27603.0,2.36,4.44
27604.0,2.36,4.44
27604.0,2.36,4.44
27605.0,2.33,4.44
27605.0,2.32,4.44
27606.0,2.33,4.44
27607.0,2.32,4.44
27607.0,2.33,4.44
27608.0,2.08,4.44
27608.0,2.09,4.44
27609.0,2.08,4.44
27609.0,2.09,4.44
27610.0,2.08,4.44
27611.0,2.09,4.44
27611.0,2.16,4.44
27612.0,2.16,4.44
27612.0,2.16,4.44
27613.0,2.16,4.44
27614.0,2.16,4.44
27614.0,2.47,4.44
27615.0,2.47,4.44
27615.0,2.47,4.44
27616.0,2.47,4.44
27617.0,2.47,4.44
27617.0,2.53,4.44
27618.0,2.53,4.44
27618.0,2.53,4.44
27619.0,2.53,4.44
27619.0,2.53,4.44
27620.0,2.53,4.44
27621.0,2.6,4.44
27621.0,2.6,4.44
27622.0,2.6,4.44
27622.0,2.6,4.44
27623.0,2.6,4.44
27624.0,2.32,4.44
27624.0,2.31,4.44
27625.0,2.32,4.44
27625.0,2.31,4.44
27626.0,2.32,4.44
27626.0,2.02,4.44
27627.0,2.03,4.44
27628.0,2.02,4.44
27628.0,2.03,4.44
27629.0,2.02,4.44
27629.0,2.03,4.44
27630.0,2.15,4.44
27631.0,2.15,4.44
27631.0,2.15,4.44
27632.0,2.15,4.44
27632.0,2.15,4.44
27633.0,2.41,4.44
27633.0,2.41,4.44
27634.0,2.41,4.44
27635.0,2.41,4.44
27635.0,2.41,4.44
27636.0,2.55,4.44
27636.0,2.56,4.44
27637.0,2.55,4.44
27638.0,2.56,4.44
27638.0,2.55,4.44
27639.0,2.56,4.44
27639.0,2.37,4.44
27640.0,2.37,4.44
27641.0,2.37,4.44
27641.0,2.37,4.44
27642.0,2.37,4.44
27642.0,2.36,4.44
27643.0,2.36,4.44
27643.0,2.36,4.44
27644.0,2.36,4.44
27645.0,2.36,4.44
27645.0,2.27,4.44
27646.0,2.27,4.44
27646.0,2.27,4.44
27647.0,2.27,4.44
27648.0,2.27,4.44
27648.0,2.27,4.44
27649.0,1.97,4.44
27649.0,1.98,4.44
27650.0,1.97,4.44
27651.0,1.98,4.44
27651.0,1.97,4.44
27652.0,2.13,4.44
27652.0,2.13,4.44
27653.0,2.13,4.44
27653.0,2.13,4.44
27654.0,2.13,4.44
27655.0,2.34,4.44
27655.0,2.34,4.44
27656.0,2.34,4.44
27656.0,2.34,4.44
27657.0,2.34,4.44
27658.0,2.34,4.44
27658.0,2.42,4.44
27659.0,2.42,4.44
27659.0,2.42,4.44
27660.0,2.42,4.44
27660.0,2.42,4.44
27661.0,2.41,4.44
27662.0,2.41,4.44
27662.0,2.41,4.44
27663.0,2.41,4.44
27663.0,2.41,4.44
27664.0,2.26,4.44
27665.0,2.26,4.44
27665.0,2.26,4.44
27666.0,2.26,4.44
27666.0,2.26,4.44
27667.0,2.26,4.44
27668.0,1.91,4.44
27668.0,1.91,4.44
27669.0,1.91,4.44
27669.0,1.91,4.44
27670.0,1.91,4.44
27670.0,2.04,4.44
27671.0,2.03,4.44
27672.0,2.04,4.44
27672.0,2.03,4.44
27673.0,2.04,4.44
27673.0,2.42,4.44
27674.0,2.42,4.44
27675.0,2.42,4.44
27675.0,2.42,4.44
27676.0,2.42,4.44
27676.0,2.76,4.44
27677.0,2.75,4.44
27678.0,2.76,4.44
27678.0,2.75,4.44
27679.0,2.76,4.44
27679.0,2.75,4.44
27680.0,2.54,4.44
27681.0,2.54,4.44
27681.0,2.54,4.44
27682.0,2.54,4.44
27682.0,2.54,4.44
27683.0,2.17,4.44
27683.0,2.17,4.44
27684.0,2.17,4.44
27685.0,2.17,4.44
27685.0,2.17,4.44
27686.0,2.22,4.44
27686.0,2.22,4.44
27687.0,2.22,4.44
27688.0,2.22,4.44
27688.0,2.22,4.44
27689.0,2.22,4.44
27689.0,2.27,4.44
27690.0,2.27,4.44
27690.0,2.27,4.44
27691.0,2.27,4.44
27692.0,2.27,4.44
27692.0,2.28,4.44
27693.0,2.28,4.44
27693.0,2.28,4.44
27694.0,2.28,4.44
27695.0,2.28,4.44
27695.0,2.23,4.44
27696.0,2.23,4.44
27696.0,2.23,4.44
27697.0,2.23,4.44
27698.0,2.23,4.44
27698.0,2.23,4.44
27699.0,2.35,4.44
27699.0,2.35,4.44
27700.0,2.35,4.44
27700.0,2.35,4.44
27701.0,2.35,4.44
27702.0,2.3,4.44
27702.0,2.3,4.44
27703.0,2.3,4.44
27703.0,2.3,4.44
27704.0,2.3,4.44
27705.0,1.95,4.44
27705.0,1.95,4.44
27706.0,1.95,4.44
27706.0,1.95,4.44
27707.0,1.95,4.44
27707.0,1.95,4.44
27708.0,2.04,4.44
27709.0,2.03,4.44
27709.0,2.04,4.44
27710.0,2.03,4.44
27710.0,2.04,4.44
27711.0,2.25,4.44
27712.0,2.25,4.44
27712.0,2.25,4.44
27713.0,2.25,4.44
27713.0,2.25,4.44
27714.0,2.48,4.44
27715.0,2.48,4.44
27715.0,2.48,4.44
27716.0,2.48,4.44
27716.0,2.48,4.44
27717.0,2.48,4.44
27717.0,2.53,4.44
27718.0,2.53,4.44
27719.0,2.53,4.44
27719.0,2.53,4.44
27720.0,2.53,4.44
27720.0,2.33,4.44
27721.0,2.34,4.44
27722.0,2.33,4.44
27722.0,2.34,4.44
27723.0,2.33,4.44
27723.0,2.06,4.44
27724.0,2.05,4.44
27725.0,2.06,4.44
27725.0,2.05,4.44
27726.0,2.06,4.44
27726.0,2.11,4.44
27727.0,2.12,4.44
27727.0,2.11,4.44
27728.0,2.12,4.44
27729.0,2.11,4.44
27729.0,2.12,4.44
27730.0,2.28,4.44
27730.0,2.28,4.44
27731.0,2.28,4.44
27732.0,2.28,4.44
27732.0,2.28,4.44
27733.0,2.39,4.44
27733.0,2.39,4.44
27734.0,2.39,4.44
27734.0,2.39,4.44
27735.0,2.39,4.44
27736.0,2.53,4.44
27736.0,2.54,4.44
27737.0,2.53,4.44
27737.0,2.54,4.44
27738.0,2.53,4.44
27739.0,2.54,4.44
27739.0,2.28,4.44
27740.0,2.28,4.44
27740.0,2.28,4.44
27741.0,2.28,4.44
27742.0,2.28,4.44
27742.0,1.99,4.44
27743.0,1.98,4.44
27743.0,1.99,4.44
27744.0,1.98,4.44
27744.0,1.99,4.44
27745.0,1.98,4.44
27746.0,1.99,4.44
27746.0,1.98,4.44
27747.0,1.99,4.44
27747.0,1.98,4.44
27748.0,1.99,4.44
27749.0,1.85,4.44
27749.0,1.85,4.44
27750.0,1.85,4.44
27750.0,1.85,4.44
27751.0,1.85,4.44
27751.0,2.22,4.44
27752.0,2.22,4.44
27753.0,2.22,4.44
27753.0,2.22,4.44
27754.0,2.22,4.44
27754.0,2.5,4.44
27755.0,2.5,4.44
27756.0,2.5,4.44
27756.0,2.5,4.44
27757.0,2.5,4.44
27757.0,2.5,4.44
27758.0,2.6,4.44
27759.0,2.6,4.44
27759.0,2.6,4.44
27760.0,2.6,4.44
27760.0,2.6,4.44
27761.0,2.56,4.44
27761.0,2.56,4.44
27762.0,2.56,4.44
27763.0,2.56,4.44
27763.0,2.56,4.44
27764.0,2.29,4.44
27764.0,2.29,4.44
27765.0,2.29,4.44
27766.0,2.29,4.44
27766.0,2.29,4.44
27767.0,2.29,4.44
27767.0,2.2,4.44
27768.0,2.2,4.44
27768.0,2.2,4.44
27769.0,2.2,4.44
27770.0,2.2,4.44
27770.0,2.42,4.44
27771.0,2.42,4.44
27771.0,2.42,4.44
27772.0,2.42,4.44
27773.0,2.42,4.44
27773.0,2.66,4.44
27774.0,2.66,4.44
27774.0,2.66,4.44
27775.0,2.66,4.44
27776.0,2.66,4.44
27776.0,2.67,4.44
27777.0,2.67,4.44
27777.0,2.67,4.44
27778.0,2.67,4.44
27779.0,2.67,4.44
27779.0,2.67,4.44
27780.0,2.55,4.44
27780.0,2.55,4.44
27781.0,2.55,4.44
27781.0,2.55,4.44
27782.0,2.55,4.44
27783.0,2.16,4.44
27783.0,2.16,4.44
27784.0,2.16,4.44
27784.0,2.16,4.44
27785.0,2.16,4.44
27786.0,2.09,4.44
27786.0,2.08,4.44
27787.0,2.09,4.44
27787.0,2.08,4.44
27788.0,2.09,4.44
27789.0,2.08,4.44
27789.0,2.23,4.44
27790.0,2.23,4.44
27790.0,2.23,4.44
27791.0,2.23,4.44
27791.0,2.23,4.44
27792.0,2.46,4.44
27793.0,2.46,4.44
27793.0,2.46,4.44
27794.0,2.46,4.44
27794.0,2.46,4.44
27795.0,2.56,4.44
27796.0,2.56,4.44
27796.0,2.56,4.44
27797.0,2.56,4.44
27797.0,2.56,4.44
27798.0,2.56,4.44
27799.0,2.66,4.44
27799.0,2.66,4.44
27800.0,2.66,4.44
27800.0,2.66,4.44
27801.0,2.66,4.44
27801.0,2.49,4.44
27802.0,2.49,4.44
27803.0,2.49,4.44
27803.0,2.49,4.44
27804.0,2.49,4.44
27804.0,2.15,4.44
27805.0,2.15,4.44
27806.0,2.15,4.44
27806.0,2.15,4.44
27807.0,2.15,4.44
27807.0,2.15,4.44
27808.0,2.13,4.44
27808.0,2.13,4.44
27809.0,2.13,4.44
27810.0,2.13,4.44
27810.0,2.13,4.44
27811.0,2.29,4.44
27811.0,2.29,4.44
27812.0,2.29,4.44
27813.0,2.29,4.44
27813.0,2.29,4.44
27814.0,2.32,4.44
27814.0,2.32,4.44
27815.0,2.32,4.44
27815.0,2.32,4.44
27816.0,2.32,4.44
27817.0,2.32,4.44
27817.0,2.7,4.44
27818.0,2.7,4.44
27818.0,2.7,4.44
27819.0,2.7,4.44
27820.0,2.7,4.44
27820.0,2.53,4.44
27821.0,2.54,4.44
27821.0,2.53,4.44
27822.0,2.54,4.44
27823.0,2.53,4.44
27823.0,2.26,4.44
27824.0,2.26,4.44
27824.0,2.26,4.44
27825.0,2.26,4.44
27825.0,2.26,4.44
27826.0,2.26,4.44
27827.0,1.91,4.44
27827.0,1.91,4.44
27828.0,1.91,4.44
27828.0,1.91,4.44
27829.0,1.91,4.44
27830.0,2.02,4.44
27830.0,2.02,4.44
27831.0,2.02,4.44
27831.0,2.02,4.44
27832.0,2.02,4.44
27833.0,2.47,4.44
27833.0,2.47,4.44
27834.0,2.47,4.44
27834.0,2.47,4.44
27835.0,2.47,4.44
27835.0,2.47,4.44
27836.0,2.61,4.44
27837.0,2.6,4.44
27837.0,2.61,4.44
27838.0,2.6,4.44
27838.0,2.61,4.44
27839.0,2.27,4.44
27840.0,2.27,4.44
27840.0,2.27,4.44
27841.0,2.27,4.44
27841.0,2.27,4.44
27842.0,2.07,4.44
27842.0,2.06,4.44
27843.0,2.07,4.44
27844.0,2.06,4.44
27844.0,2.07,4.44
27845.0,2.04,4.44
27845.0,2.04,4.44
27846.0,2.04,4.44
27847.0,2.04,4.44
27847.0,2.04,4.44
27848.0,2.04,4.44
27848.0,2.08,4.44
27849.0,2.08,4.44
27850.0,2.08,4.44
27850.0,2.08,4.44
27851.0,2.08,4.44
27851.0,2.32,4.44
27852.0,2.31,4.44
27852.0,2.32,4.44
27853.0,2.31,4.44
27854.0,2.32,4.44
27854.0,2.54,4.44
27855.0,2.54,4.44
27855.0,2.54,4.44
27856.0,2.54,4.44
27857.0,2.54,4.44
27857.0,2.54,4.44
27858.0,2.51,4.44
27858.0,2.51,4.44
27859.0,2.51,4.44
27859.0,2.51,4.44
27860.0,2.51,4.44
27861.0,2.59,4.44
27861.0,2.58,4.44
27862.0,2.59,4.44
27862.0,2.58,4.44
27863.0,2.59,4.44
27864.0,2.22,4.44
27864.0,2.22,4.44
27865.0,2.22,4.44
27865.0,2.22,4.44
27866.0,2.22,4.44
27867.0,2.22,4.44
27867.0,2.08,4.44
27868.0,2.08,4.44
27868.0,2.08,4.44
27869.0,2.08,4.44
27869.0,2.08,4.44
27870.0,2.31,4.44
27871.0,2.31,4.44
27871.0,2.31,4.44
27872.0,2.31,4.44
27872.0,2.31,4.44
27873.0,2.4,4.44
27874.0,2.4,4.44
27874.0,2.4,4.44
27875.0,2.4,4.44
27875.0,2.4,4.44
27876.0,2.6,4.44
27877.0,2.6,4.44
27877.0,2.6,4.44
27878.0,2.6,4.44
27878.0,2.6,4.44
27879.0,2.6,4.44
27880.0,2.49,4.44
27880.0,2.49,4.44
27881.0,2.49,4.44
27881.0,2.49,4.44
27882.0,2.49,4.44
27882.0,2.22,4.44
27883.0,2.22,4.44
27884.0,2.22,4.44
27884.0,2.22,4.44
27885.0,2.22,4.44
27885.0,2.29,4.44
27886.0,2.28,4.44
27887.0,2.29,4.44
27887.0,2.28,4.44
27888.0,2.29,4.44
27888.0,2.28,4.44
27889.0,2.27,4.44
27889.0,2.26,4.44
27890.0,2.27,4.44
27891.0,2.26,4.44
27891.0,2.27,4.44
27892.0,2.31,4.44
27892.0,2.31,4.44
27893.0,2.31,4.44
27894.0,2.31,4.44
27894.0,2.31,4.44
27895.0,2.37,4.44
27895.0,2.37,4.44
27896.0,2.37,4.44
27897.0,2.37,4.44
27897.0,2.37,4.44
27898.0,2.37,4.44
27898.0,2.56,4.44
27899.0,2.56,4.44
27899.0,2.56,4.44
27900.0,2.56,4.44
27901.0,2.56,4.44
27901.0,2.44,4.44
27902.0,2.44,4.44
27902.0,2.44,4.44
27903.0,2.44,4.44
27904.0,2.44,4.44
27904.0,2.33,4.44
27905.0,2.33,4.44
27905.0,2.33,4.44
27906.0,2.33,4.44
27907.0,2.33,4.44
27907.0,2.33,4.44
27908.0,2.55,4.44
27908.0,2.55,4.44
27909.0,2.55,4.44
27909.0,2.55,4.44
27910.0,2.55,4.44
27911.0,2.16,4.44
27911.0,2.16,4.44
27912.0,2.16,4.44
27912.0,2.16,4.44
27913.0,2.16,4.44
27914.0,2.27,4.44
27914.0,2.27,4.44
27915.0,2.27,4.44
27915.0,2.27,4.44
27916.0,2.27,4.44
27916.0,2.27,4.44
27917.0,2.73,4.44
27918.0,2.73,4.44
27918.0,2.73,4.44
27919.0,2.73,4.44
27919.0,2.73,4.44
27920.0,2.49,4.44
27921.0,2.49,4.44
27921.0,2.49,4.44
27922.0,2.49,4.44
27922.0,2.49,4.44
27923.0,2.29,4.44
27924.0,2.29,4.44
27924.0,2.29,4.44
27925.0,2.29,4.44
27925.0,2.29,4.44
27926.0,2.29,4.44
27926.0,2.32,4.44
27927.0,2.31,4.44
27928.0,2.32,4.44
27928.0,2.31,4.44
27929.0,2.32,4.44
27929.0,2.25,4.44
27930.0,2.25,4.44
27931.0,2.25,4.44
27931.0,2.25,4.44
27932.0,2.25,4.44
27932.0,2.58,4.44
27933.0,2.58,4.44
27933.0,2.58,4.44
27934.0,2.58,4.44
27935.0,2.58,4.44
27935.0,2.58,4.44
27936.0,2.93,4.44
27936.0,2.93,4.44
27937.0,2.93,4.44
27938.0,2.93,4.44
27938.0,2.93,4.44
27939.0,2.53,4.44
27939.0,2.53,4.44
27940.0,2.53,4.44
27941.0,2.53,4.44
27941.0,2.53,4.44
27942.0,2.02,4.44
27942.0,2.02,4.44
27943.0,2.02,4.44
27943.0,2.02,4.44
27944.0,2.02,4.44
27945.0,2.02,4.44
27945.0,1.81,4.44
27946.0,1.81,4.44
27946.0,1.81,4.44
27947.0,1.81,4.44
27948.0,1.81,4.44
27948.0,1.86,4.44
27949.0,1.86,4.44
27949.0,1.86,4.44
27950.0,1.86,4.44
27950.0,1.86,4.44
27951.0,2.3,4.44
27952.0,2.3,4.44
27952.0,2.3,4.44
27953.0,2.3,4.44
27953.0,2.3,4.44
27954.0,2.3,4.44
27955.0,2.61,4.44
27955.0,2.6,4.44
27956.0,2.61,4.44
27956.0,2.6,4.44
27957.0,2.61,4.44
27958.0,2.65,4.44
27958.0,2.65,4.44
27959.0,2.65,4.44
27959.0,2.65,4.44
27960.0,2.65,4.44
27960.0,2.73,4.44
27961.0,2.73,4.44
27962.0,2.73,4.44
27962.0,2.73,4.44
27963.0,2.73,4.44
27963.0,2.31,4.44
27964.0,2.31,4.44
27965.0,2.31,4.44
27965.0,2.31,4.44
27966.0,2.31,4.44
27966.0,2.31,4.44
27967.0,2.1,4.44
27967.0,2.1,4.44
27968.0,2.1,4.44
27969.0,2.1,4.44
27969.0,2.1,4.44
27970.0,2.24,4.44
27970.0,2.24,4.44
27971.0,2.24,4.44
27972.0,2.24,4.44
27972.0,2.24,4.44
27973.0,2.47,4.44
27973.0,2.47,4.44
27974.0,2.47,4.44
27975.0,2.47,4.44
27975.0,2.47,4.44
27976.0,2.47,4.44
27976.0,2.68,4.44
27977.0,2.68,4.44
27978.0,2.68,4.44
27978.0,2.68,4.44
27979.0,2.68,4.44
27979.0,2.31,4.44
27980.0,2.3,4.44
27981.0,2.31,4.44
27981.0,2.3,4.44
27982.0,2.31,4.44
27982.0,1.95,4.44
27983.0,1.96,4.44
27983.0,1.95,4.44
27984.0,1.96,4.44
27985.0,1.95,4.44
27985.0,1.96,4.44
27986.0,1.81,4.44
27986.0,1.81,4.44
27987.0,1.81,4.44
27988.0,1.81,4.44
27988.0,1.81,4.44
27989.0,1.95,4.44
27989.0,1.94,4.44
27990.0,1.95,4.44
27990.0,1.94,4.44
27991.0,1.95,4.44
27992.0,2.2,4.44
27992.0,2.2,4.44
27993.0,2.2,4.44
27993.0,2.2,4.44
27994.0,2.2,4.44
27995.0,2.34,4.44
27995.0,2.33,4.44
27996.0,2.34,4.44
27996.0,2.33,4.44
27997.0,2.34,4.44
27997.0,2.33,4.44
27998.0,2.49,4.44
27999.0,2.49,4.44
27999.0,2.49,4.44
28000.0,2.49,4.44
28000.0,2.49,4.44
28001.0,2.38,4.44
28002.0,2.38,4.44
28002.0,2.38,4.44
28003.0,2.38,4.44
28003.0,2.38,4.44
28004.0,2.16,4.44
28005.0,2.16,4.44
28005.0,2.16,4.44
28006.0,2.16,4.44
28006.0,2.16,4.44
28007.0,2.16,4.44
28007.0,2.07,4.44
28008.0,2.07,4.44
28009.0,2.07,4.44
28009.0,2.07,4.44
28010.0,2.07,4.44
28010.0,2.16,4.44
28011.0,2.16,4.44
28012.0,2.16,4.44
28012.0,2.16,4.44
28013.0,2.16,4.44
28013.0,2.27,4.44
28014.0,2.27,4.44
28015.0,2.27,4.44
28015.0,2.27,4.44
28016.0,2.27,4.44
28016.0,2.27,4.44
28017.0,2.4,4.44
28017.0,2.4,4.44
28018.0,2.4,4.44
28019.0,2.4,4.44
28019.0,2.4,4.44
28020.0,2.31,4.44
28020.0,2.32,4.44
28021.0,2.31,4.44
28022.0,2.32,4.44
28022.0,2.31,4.44
28023.0,2.15,4.44
28023.0,2.15,4.44
28024.0,2.15,4.44
28024.0,2.15,4.44
28025.0,2.15,4.44
28026.0,2.15,4.44
28026.0,2.04,4.44
28027.0,2.03,4.44
28027.0,2.04,4.44
28028.0,2.03,4.44
28029.0,2.04,4.44
28029.0,2.13,4.44
28030.0,2.13,4.44
28030.0,2.13,4.44
28031.0,2.13,4.44
28032.0,2.13,4.44
28032.0,2.47,4.44
28033.0,2.47,4.44
28033.0,2.47,4.44
28034.0,2.47,4.44
28034.0,2.47,4.44
28035.0,2.47,4.44
28036.0,2.37,4.44
28036.0,2.37,4.44
28037.0,2.37,4.44
28037.0,2.37,4.44
28038.0,2.37,4.44
28039.0,2.3,4.44
28039.0,2.3,4.44
28040.0,2.3,4.44
28040.0,2.3,4.44
28041.0,2.3,4.44
28041.0,2.34,4.44
28042.0,2.34,4.44
28043.0,2.34,4.44
28043.0,2.34,4.44
28044.0,2.34,4.44
28044.0,2.34,4.44
28045.0,2.15,4.44
28046.0,2.15,4.44
28046.0,2.15,4.44
28047.0,2.15,4.44
28047.0,2.15,4.44
28048.0,2.4,4.44
28049.0,2.4,4.44
28049.0,2.4,4.44
28050.0,2.4,4.44
28050.0,2.4,4.44
28051.0,2.26,4.44
28051.0,2.25,4.44
28052.0,2.26,4.44
28053.0,2.25,4.44
28053.0,2.26,4.44
28054.0,2.25,4.44
28054.0,2.42,4.44
28055.0,2.42,4.44
28056.0,2.42,4.44
28056.0,2.42,4.44
28057.0,2.42,4.44
28057.0,2.69,4.44
28058.0,2.69,4.44
28058.0,2.69,4.44
28059.0,2.69,4.44
28060.0,2.69,4.44
28060.0,2.59,4.44
28061.0,2.59,4.44
28061.0,2.59,4.44
28062.0,2.59,4.44
28063.0,2.59,4.44
28063.0,2.59,4.44
28064.0,2.16,4.44
28064.0,2.16,4.44
28065.0,2.16,4.44
28066.0,2.16,4.44
28066.0,2.16,4.44
28067.0,1.97,4.44
28067.0,1.97,4.44
28068.0,1.97,4.44
28068.0,1.97,4.44
28069.0,1.97,4.44
28070.0,2.09,4.44
28070.0,2.08,4.44
28071.0,2.09,4.44
28071.0,2.08,4.44
28072.0,2.09,4.44
28073.0,2.08,4.44
28073.0,2.36,4.44
28074.0,2.36,4.44
28074.0,2.36,4.44
28075.0,2.36,4.44
28075.0,2.36,4.44
28076.0,2.44,4.44
28077.0,2.44,4.44
28077.0,2.44,4.44
28078.0,2.44,4.44
28079.0,2.44,4.44
28079.0,1.97,4.44
28080.0,1.97,4.44
28080.0,1.97,4.44
28081.0,1.97,4.44
28081.0,1.97,4.44
28082.0,1.9,4.44
28083.0,1.9,4.44
28083.0,1.9,4.44
28084.0,1.9,4.44
28084.0,1.9,4.44
28085.0,1.9,4.44
28086.0,2.17,4.44
28086.0,2.17,4.44
28087.0,2.17,4.44
28087.0,2.17,4.44
28088.0,2.17,4.44
28089.0,2.03,4.44
28089.0,2.03,4.44
28090.0,2.03,4.44
28090.0,2.03,4.44
28091.0,2.03,4.44
28091.0,2.29,4.44
28092.0,2.29,4.44
28093.0,2.29,4.44
28093.0,2.29,4.44
28094.0,2.29,4.44
28094.0,2.29,4.44
28095.0,2.55,4.44
28096.0,2.55,4.44
28096.0,2.55,4.44
28097.0,2.55,4.44
28097.0,2.55,4.44
28098.0,2.48,4.44
28098.0,2.48,4.44
28099.0,2.48,4.44
28100.0,2.48,4.44
28100.0,2.48,4.44
28101.0,2.33,4.44
28101.0,2.33,4.44
28102.0,2.33,4.44
28103.0,2.33,4.44
28103.0,2.33,4.44
28104.0,2.33,4.44
28104.0,2.16,4.44
28105.0,2.16,4.44
28105.0,2.16,4.44
28106.0,2.16,4.44
28107.0,2.16,4.44
28107.0,2.24,4.44
28108.0,2.24,4.44
28108.0,2.24,4.44
28109.0,2.24,4.44
28110.0,2.24,4.44
28110.0,2.33,4.44
28111.0,2.33,4.44
28111.0,2.33,4.44
28112.0,2.33,4.44
28113.0,2.33,4.44
28113.0,2.33,4.44
28114.0,2.55,4.44
28114.0,2.55,4.44
28115.0,2.55,4.44
28115.0,2.55,4.44
28116.0,2.55,4.44
28117.0,2.47,4.44
28117.0,2.47,4.44
28118.0,2.47,4.44
28118.0,2.47,4.44
28119.0,2.47,4.44
28120.0,2.31,4.44
28120.0,2.32,4.44
28121.0,2.31,4.44
28121.0,2.32,4.44
28122.0,2.31,4.44
28123.0,2.11,4.44
28123.0,2.11,4.44
28124.0,2.11,4.44
28124.0,2.11,4.44
28125.0,2.11,4.44
28125.0,2.11,4.44
28126.0,1.94,4.44
28127.0,1.94,4.44
28127.0,1.94,4.44
28128.0,1.94,4.44
28128.0,1.94,4.44
28129.0,2.09,4.44
28130.0,2.09,4.44
28130.0,2.09,4.44
28131.0,2.09,4.44
28131.0,2.09,4.44
28132.0,2.7,4.44
28132.0,2.7,4.44
28133.0,2.7,4.44
28134.0,2.7,4.44
28134.0,2.7,4.44
28135.0,2.7,4.44
28135.0,2.56,4.44
28136.0,2.55,4.44
28137.0,2.56,4.44
28137.0,2.55,4.44
28138.0,2.56,4.44
28138.0,2.33,4.44
28139.0,2.34,4.44
28140.0,2.33,4.44
28140.0,2.34,4.44
28141.0,2.33,4.44
28141.0,2.5,4.44
28142.0,2.5,4.44
28142.0,2.5,4.44
28143.0,2.5,4.44
28144.0,2.5,4.44
28144.0,2.5,4.44
28145.0,2.35,4.44
28145.0,2.35,4.44
28146.0,2.35,4.44
28147.0,2.35,4.44
28147.0,2.35,4.44
28148.0,2.15,4.44
28148.0,2.15,4.44
28149.0,2.15,4.44
28149.0,2.15,4.44
28150.0,2.15,4.44
28151.0,2.13,4.44
28151.0,2.13,4.44
28152.0,2.13,4.44
28152.0,2.13,4.44
28153.0,2.13,4.44
28154.0,2.13,4.44
28154.0,2.32,4.44
28155.0,2.31,4.44
28155.0,2.32,4.44
28156.0,2.31,4.44
28157.0,2.32,4.44
28157.0,2.55,4.44
28158.0,2.55,4.44
28158.0,2.55,4.44
28159.0,2.55,4.44
28159.0,2.55,4.44
28160.0,2.31,4.44
28161.0,2.3,4.44
28161.0,2.31,4.44
28162.0,2.3,4.44
28162.0,2.31,4.44
28163.0,2.3,4.44
28164.0,1.85,4.44
28164.0,1.84,4.44
28165.0,1.85,4.44
28165.0,1.84,4.44
28166.0,1.85,4.44
28166.0,1.99,4.44
28167.0,1.99,4.44
28168.0,1.99,4.44
28168.0,1.99,4.44
28169.0,1.99,4.44
28169.0,2.37,4.44
28170.0,2.36,4.44
28171.0,2.37,4.44
28171.0,2.36,4.44
28172.0,2.37,4.44
28172.0,2.36,4.44
28173.0,2.35,4.44
28174.0,2.35,4.44
28174.0,2.35,4.44
28175.0,2.35,4.44
28175.0,2.35,4.44
28176.0,2.42,4.44
28176.0,2.42,4.44
28177.0,2.42,4.44
28178.0,2.42,4.44
28178.0,2.42,4.44
28179.0,2.38,4.44
28179.0,2.38,4.44
28180.0,2.38,4.44
28181.0,2.38,4.44
28181.0,2.38,4.44
28182.0,2.17,4.44
28182.0,2.17,4.44
28183.0,2.17,4.44
28184.0,2.17,4.44
28184.0,2.17,4.44
28185.0,2.17,4.44
28185.0,2.06,4.44
28186.0,2.07,4.44
28187.0,2.06,4.44
28187.0,2.07,4.44
28188.0,2.06,4.44
28188.0,2.12,4.44
28189.0,2.12,4.44
28189.0,2.12,4.44
28190.0,2.12,4.44
28191.0,2.12,4.44
28191.0,2.2,4.44
28192.0,2.2,4.44
28192.0,2.2,4.44
28193.0,2.2,4.44
28194.0,2.2,4.44
28194.0,2.2,4.44
28195.0,2.21,4.44
28195.0,2.21,4.44
28196.0,2.21,4.44
28197.0,2.21,4.44
28197.0,2.21,4.44
28198.0,2.39,4.44
28198.0,2.39,4.44
28199.0,2.39,4.44
28199.0,2.39,4.44
28200.0,2.39,4.44
28201.0,2.56,4.44
28201.0,2.57,4.44
28202.0,2.56,4.44
28202.0,2.57,4.44
28203.0,2.56,4.44
28204.0,2.57,4.44
28204.0,2.33,4.44
28205.0,2.33,4.44
28205.0,2.33,4.44
28206.0,2.33,4.44
28206.0,2.33,4.44
28207.0,1.95,4.44
28208.0,1.95,4.44
28208.0,1.95,4.44
28209.0,1.95,4.44
28209.0,1.95,4.44
28210.0,2.21,4.44
28211.0,2.21,4.44
28211.0,2.21,4.44
28212.0,2.21,4.44
28212.0,2.21,4.44
28213.0,2.21,4.44
28214.0,2.64,4.44
28214.0,2.64,4.44
28215.0,2.64,4.44
28215.0,2.64,4.44
28216.0,2.64,4.44
28216.0,2.57,4.44
28217.0,2.57,4.44
28218.0,2.57,4.44
28218.0,2.57,4.44
28219.0,2.57,4.44
28219.0,2.3,4.44
28220.0,2.3,4.44
28221.0,2.3,4.44
28221.0,2.3,4.44
28222.0,2.3,4.44
28222.0,2.3,4.44
28223.0,1.98,4.44
28223.0,1.98,4.44
28224.0,1.98,4.44
28225.0,1.98,4.44
28225.0,1.98,4.44
28226.0,1.71,4.44
28226.0,1.71,4.44
28227.0,1.71,4.44
28228.0,1.71,4.44
28228.0,1.71,4.44
28229.0,2.03,4.44
28229.0,2.04,4.44
28230.0,2.03,4.44
28231.0,2.04,4.44
28231.0,2.03,4.44
28232.0,2.04,4.44
28232.0,2.18,4.44
28233.0,2.18,4.44
28233.0,2.18,4.44
28234.0,2.18,4.44
28235.0,2.18,4.44
28235.0,2.28,4.44
28236.0,2.28,4.44
28236.0,2.28,4.44
28237.0,2.28,4.44
28238.0,2.28,4.44
28238.0,2.44,4.44
28239.0,2.44,4.44
28239.0,2.44,4.44
28240.0,2.44,4.44
28240.0,2.44,4.44
28241.0,2.41,4.44
28242.0,2.41,4.44
28242.0,2.41,4.44
28243.0,2.41,4.44
28243.0,2.41,4.44
28244.0,2.41,4.44
28245.0,2.29,4.44
28245.0,2.29,4.44
28246.0,2.29,4.44
28246.0,2.29,4.44
28247.0,2.29,4.44
28248.0,2.19,4.44
28248.0,2.19,4.44
28249.0,2.19,4.44
28249.0,2.19,4.44
28250.0,2.19,4.44
28250.0,2.09,4.44
28251.0,2.08,4.44
28252.0,2.09,4.44
28252.0,2.08,4.44
28253.0,2.09,4.44
28253.0,2.08,4.44
28254.0,2.34,4.44
28255.0,2.34,4.44
28255.0,2.34,4.44
28256.0,2.34,4.44
28256.0,2.34,4.44
28257.0,2.63,4.44
28257.0,2.63,4.44
28258.0,2.63,4.44
28259.0,2.63,4.44
28259.0,2.63,4.44
28260.0,2.32,4.44
28260.0,2.32,4.44
28261.0,2.32,4.44
28262.0,2.32,4.44
28262.0,2.32,4.44
28263.0,2.32,4.44
28263.0,2.07,4.44
28264.0,2.07,4.44
28265.0,2.07,4.44
28265.0,2.07,4.44
28266.0,2.07,4.44
28266.0,2.09,4.44
28267.0,2.09,4.44
28267.0,2.09,4.44
28268.0,2.09,4.44
28269.0,2.09,4.44
28269.0,2.19,4.44
28270.0,2.19,4.44
28270.0,2.19,4.44
28271.0,2.19,4.44
28272.0,2.19,4.44
28272.0,2.19,4.44
28273.0,2.35,4.44
28273.0,2.34,4.44
28274.0,2.35,4.44
28274.0,2.34,4.44
28275.0,2.35,4.44
28276.0,2.46,4.44
28276.0,2.46,4.44
28277.0,2.46,4.44
28277.0,2.46,4.44
28278.0,2.46,4.44
28279.0,2.33,4.44
28279.0,2.33,4.44
28280.0,2.33,4.44
28280.0,2.33,4.44
28281.0,2.33,4.44
28282.0,2.19,4.44
28282.0,2.19,4.44
28283.0,2.19,4.44
28283.0,2.19,4.44
28284.0,2.19,4.44
28285.0,2.19,4.44
28285.0,2.1,4.44
28286.0,2.1,4.44
28286.0,2.1,4.44
28287.0,2.1,4.44
28287.0,2.1,4.44
28288.0,2.07,4.44
28289.0,2.06,4.44
28289.0,2.07,4.44
28290.0,2.06,4.44
28290.0,2.07,4.44
28291.0,2.23,4.44
28292.0,2.23,4.44
28292.0,2.23,4.44
28293.0,2.23,4.44
28293.0,2.23,4.44
28294.0,2.23,4.44
28295.0,2.3,4.44
28295.0,2.31,4.44
28296.0,2.3,4.44
28296.0,2.31,4.44
28297.0,2.3,4.44
28297.0,2.61,4.44
28298.0,2.6,4.44
28299.0,2.61,4.44
28299.0,2.6,4.44
28300.0,2.61,4.44
28300.0,2.42,4.44
28301.0,2.42,4.44
28302.0,2.42,4.44
28302.0,2.42,4.44
28303.0,2.42,4.44
28303.0,2.42,4.44
28304.0,2.12,4.44
28305.0,2.12,4.44
28305.0,2.12,4.44
28306.0,2.12,4.44
28306.0,2.12,4.44
28307.0,1.97,4.44
28307.0,1.97,4.44
28308.0,1.97,4.44
28309.0,1.97,4.44
28309.0,1.97,4.44
28310.0,2.1,4.44
28310.0,2.11,4.44
28311.0,2.1,4.44
28312.0,2.11,4.44
28312.0,2.1,4.44
28313.0,2.11,4.44
28313.0,2.21,4.44
28314.0,2.21,4.44
28314.0,2.21,4.44
28315.0,2.21,4.44
28316.0,2.21,4.44
28316.0,2.34,4.44
28317.0,2.33,4.44
28317.0,2.34,4.44
28318.0,2.33,4.44
28319.0,2.34,4.44
28319.0,2.19,4.44
28320.0,2.19,4.44
28320.0,2.19,4.44
28321.0,2.19,4.44
28322.0,2.19,4.44
28322.0,2.19,4.44
28323.0,2.21,4.44
28323.0,2.21,4.44
28324.0,2.21,4.44
28324.0,2.21,4.44
28325.0,2.21,4.44
28326.0,2.18,4.44
28326.0,2.18,4.44
28327.0,2.18,4.44
28327.0,2.18,4.44
28328.0,2.18,4.44
28329.0,2.17,4.44
28329.0,2.17,4.44
28330.0,2.17,4.44
28330.0,2.17,4.44
28331.0,2.17,4.44
28331.0,2.17,4.44
28332.0,2.06,4.44
28333.0,2.06,4.44
28333.0,2.06,4.44
28334.0,2.06,4.44
28334.0,2.06,4.44
28335.0,2.33,4.44
28336.0,2.33,4.44
28336.0,2.33,4.44
28337.0,2.33,4.44
28337.0,2.33,4.44
28338.0,2.28,4.44
28339.0,2.29,4.44
28339.0,2.28,4.44
28340.0,2.29,4.44
28340.0,2.28,4.44
28341.0,2.29,4.44
28341.0,2.29,4.44
28342.0,2.29,4.44
28343.0,2.29,4.44
28343.0,2.29,4.44
28344.0,2.29,4.44
28344.0,2.34,4.44
28345.0,2.33,4.44
28346.0,2.34,4.44
28346.0,2.33,4.44
28347.0,2.34,4.44
28347.0,2.04,4.44
28348.0,2.05,4.44
28348.0,2.04,4.44
28349.0,2.05,4.44
28350.0,2.04,4.44
28350.0,2.05,4.44
28351.0,2.16,4.44
28351.0,2.16,4.44
28352.0,2.16,4.44
28353.0,2.16,4.44
28353.0,2.16,4.44
28354.0,2.56,4.44
28354.0,2.56,4.44
28355.0,2.56,4.44
28356.0,2.56,4.44
28356.0,2.56,4.44
28357.0,2.54,4.44
28357.0,2.54,4.44
28358.0,2.54,4.44
28358.0,2.54,4.44
28359.0,2.54,4.44
28360.0,2.33,4.44
28360.0,2.33,4.44
28361.0,2.33,4.44
28361.0,2.33,4.44
28362.0,2.33,4.44
28363.0,2.33,4.44
28363.0,2.14,4.44
28364.0,2.14,4.44
28364.0,2.14,4.44
28365.0,2.14,4.44
28366.0,2.14,4.44
28366.0,2.25,4.44
28367.0,2.25,4.44
28367.0,2.25,4.44
28368.0,2.25,4.44
28368.0,2.25,4.44
28369.0,2.31,4.44
28370.0,2.3,4.44
28370.0,2.31,4.44
28371.0,2.3,4.44
28371.0,2.31,4.44
28372.0,2.3,4.44
28373.0,2.18,4.44
28373.0,2.18,4.44
28374.0,2.18,4.44
28374.0,2.18,4.44
28375.0,2.18,4.44
28375.0,2.1,4.44
28376.0,2.11,4.44
28377.0,2.1,4.44
28377.0,2.11,4.44
28378.0,2.1,4.44
28378.0,2.44,4.44
28379.0,2.44,4.44
28380.0,2.44,4.44
28380.0,2.44,4.44
28381.0,2.44,4.44
28381.0,2.44,4.44
28382.0,2.38,4.44
28383.0,2.38,4.44
28383.0,2.38,4.44
28384.0,2.38,4.44
28384.0,2.38,4.44
28385.0,2.07,4.44
28386.0,2.08,4.44
28386.0,2.07,4.44
28387.0,2.08,4.44
28387.0,2.07,4.44
28388.0,1.99,4.44
28388.0,1.98,4.44
28389.0,1.99,4.44
28390.0,1.98,4.44
28390.0,1.99,4.44
28391.0,1.98,4.44
28391.0,2.16,4.44
28392.0,2.16,4.44
28393.0,2.16,4.44
28393.0,2.16,4.44
28394.0,2.16,4.44
28394.0,2.68,4.44
28395.0,2.68,4.44
28396.0,2.68,4.44
28396.0,2.68,4.44
28397.0,2.68,4.44
28397.0,2.72,4.44
28398.0,2.72,4.44
28398.0,2.72,4.44
28399.0,2.72,4.44
28400.0,2.72,4.44
28400.0,2.18,4.44
28401.0,2.18,4.44
28401.0,2.18,4.44
28402.0,2.18,4.44
28403.0,2.18,4.44
28403.0,2.18,4.44
28404.0,2.06,4.44
28404.0,2.07,4.44
28405.0,2.06,4.44
28405.0,2.07,4.44
28406.0,2.06,4.44
28407.0,2.05,4.44
28407.0,2.05,4.44
28408.0,2.05,4.44
28408.0,2.05,4.44
28409.0,2.05,4.44
28410.0,2.24,4.44
28410.0,2.24,4.44
28411.0,2.24,4.44
28411.0,2.24,4.44
28412.0,2.24,4.44
28413.0,2.24,4.44
28413.0,2.31,4.44
28414.0,2.32,4.44
28414.0,2.31,4.44
28415.0,2.32,4.44
28415.0,2.31,4.44
28416.0,2.22,4.44
28417.0,2.22,4.44
28417.0,2.22,4.44
28418.0,2.22,4.44
28418.0,2.22,4.44
28419.0,2.32,4.44
28420.0,2.32,4.44
28420.0,2.32,4.44
28421.0,2.32,4.44
28421.0,2.32,4.44
28422.0,2.32,4.44
28422.0,2.21,4.44
28423.0,2.21,4.44
28424.0,2.21,4.44
28424.0,2.21,4.44
28425.0,2.21,4.44
28425.0,1.96,4.44
28426.0,1.95,4.44
28427.0,1.96,4.44
28427.0,1.95,4.44
28428.0,1.96,4.44
28428.0,1.95,4.44
28429.0,1.96,4.44
28430.0,1.95,4.44
28430.0,1.96,4.44
28431.0,1.95,4.44
28431.0,1.96,4.44
28432.0,2.37,4.44
28432.0,2.37,4.44
28433.0,2.37,4.44
28434.0,2.37,4.44
28434.0,2.37,4.44
28435.0,2.59,4.44
28435.0,2.58,4.44
28436.0,2.59,4.44
28437.0,2.58,4.44
28437.0,2.59,4.44
28438.0,2.63,4.44
28438.0,2.63,4.44
28439.0,2.63,4.44
28439.0,2.63,4.44
28440.0,2.63,4.44
28441.0,2.63,4.44
28441.0,2.47,4.44
28442.0,2.47,4.44
28442.0,2.47,4.44
28443.0,2.47,4.44
28444.0,2.47,4.44
28444.0,2.12,4.44
28445.0,2.12,4.44
28445.0,2.12,4.44
28446.0,2.12,4.44
28447.0,2.12,4.44
28447.0,2.02,4.44
28448.0,2.02,4.44
28448.0,2.02,4.44
28449.0,2.02,4.44
28449.0,2.02,4.44
28450.0,2.02,4.44
28451.0,2.28,4.44
28451.0,2.29,4.44
28452.0,2.28,4.44
28452.0,2.29,4.44
28453.0,2.28,4.44
28454.0,2.41,4.44
28454.0,2.41,4.44
28455.0,2.41,4.44
28455.0,2.41,4.44
28456.0,2.41,4.44
28456.0,2.47,4.44
28457.0,2.47,4.44
28458.0,2.47,4.44
28458.0,2.47,4.44
28459.0,2.47,4.44
28459.0,2.47,4.44
28460.0,2.16,4.44
28461.0,2.16,4.44
28461.0,2.16,4.44
28462.0,2.16,4.44
28462.0,2.16,4.44
28463.0,2.05,4.44
28464.0,2.05,4.44
28464.0,2.05,4.44
28465.0,2.05,4.44
28465.0,2.05,4.44
28466.0,2.16,4.44
28466.0,2.16,4.44
28467.0,2.16,4.44
28468.0,2.16,4.44
28468.0,2.16,4.44
28469.0,2.16,4.44
28469.0,1.96,4.44
28470.0,1.97,4.44
28471.0,1.96,4.44
28471.0,1.97,4.44
28472.0,1.96,4.44
28472.0,1.95,4.44
28473.0,1.94,4.44
28474.0,1.95,4.44
28474.0,1.94,4.44
28475.0,1.95,4.44
28475.0,2.81,4.44
28476.0,2.81,4.44
28476.0,2.81,4.44
28477.0,2.81,4.44
28478.0,2.81,4.44
28478.0,2.78,4.44
28479.0,2.78,4.44
28479.0,2.78,4.44
28480.0,2.78,4.44
28481.0,2.78,4.44
28481.0,2.78,4.44
28482.0,2.24,4.44
28482.0,2.24,4.44
28483.0,2.24,4.44
28484.0,2.24,4.44
28484.0,2.24,4.44
28485.0,2.07,4.44
28485.0,2.07,4.44
28486.0,2.07,4.44
28487.0,2.07,4.44
28487.0,2.07,4.44
28488.0,2.06,4.44
28488.0,2.06,4.44
28489.0,2.06,4.44
28489.0,2.06,4.44
28490.0,2.06,4.44
28491.0,2.06,4.44
28491.0,2.22,4.44
28492.0,2.22,4.44
28492.0,2.22,4.44
28493.0,2.22,4.44
28494.0,2.22,4.44
28494.0,2.73,4.44
28495.0,2.73,4.44
28495.0,2.73,4.44
28496.0,2.73,4.44
28496.0,2.73,4.44
28497.0,2.69,4.44
28498.0,2.69,4.44
28498.0,2.69,4.44
28499.0,2.69,4.44
28499.0,2.69,4.44
28500.0,2.69,4.44
28501.0,2.44,4.44
28501.0,2.44,4.44
28502.0,2.44,4.44
28502.0,2.44,4.44
28503.0,2.44,4.44
28504.0,2.33,4.44
28504.0,2.33,4.44
28505.0,2.33,4.44
28505.0,2.33,4.44
28506.0,2.33,4.44
28506.0,2.22,4.44
28507.0,2.22,4.44
28508.0,2.22,4.44
28508.0,2.22,4.44
28509.0,2.22,4.44
28509.0,2.22,4.44
28510.0,2.41,4.44
28511.0,2.41,4.44
28511.0,2.41,4.44
28512.0,2.41,4.44
28512.0,2.41,4.44
28513.0,2.43,4.44
28513.0,2.43,4.44
28514.0,2.43,4.44
28515.0,2.43,4.44
28515.0,2.43,4.44
28516.0,2.38,4.44
28516.0,2.38,4.44
28517.0,2.38,4.44
28518.0,2.38,4.44
28518.0,2.38,4.44
28519.0,2.4,4.44
28519.0,2.4,4.44
28520.0,2.4,4.44
28521.0,2.4,4.44
28521.0,2.4,4.44
28522.0,2.4,4.44
28522.0,2.42,4.44
28523.0,2.42,4.44
28523.0,2.42,4.44
28524.0,2.42,4.44
28525.0,2.42,4.44
28525.0,2.03,4.44
28526.0,2.03,4.44
28526.0,2.03,4.44
28527.0,2.03,4.44
28528.0,2.03,4.44
28528.0,1.96,4.44
28529.0,1.97,4.44
28529.0,1.96,4.44
28530.0,1.97,4.44
28530.0,1.96,4.44
28531.0,1.97,4.44
28532.0,2.38,4.44
28532.0,2.38,4.44
28533.0,2.38,4.44
28533.0,2.38,4.44
28534.0,2.38,4.44
28535.0,2.47,4.44
28535.0,2.47,4.44
28536.0,2.47,4.44
28536.0,2.47,4.44
28537.0,2.47,4.44
28538.0,2.51,4.44
28538.0,2.51,4.44
28539.0,2.51,4.44
28539.0,2.51,4.44
28540.0,2.51,4.44
28540.0,2.51,4.44
28541.0,2.31,4.44
28542.0,2.31,4.44
28542.0,2.31,4.44
28543.0,2.31,4.44
28543.0,2.31,4.44
28544.0,2.06,4.44
28545.0,2.06,4.44
28545.0,2.06,4.44
28546.0,2.06,4.44
28546.0,2.06,4.44
28547.0,2.11,4.44
28547.0,2.11,4.44
28548.0,2.11,4.44
28549.0,2.11,4.44
28549.0,2.11,4.44
28550.0,2.11,4.44
28550.0,2.17,4.44
28551.0,2.17,4.44
28552.0,2.17,4.44
28552.0,2.17,4.44
28553.0,2.17,4.44
28553.0,2.33,4.44
28554.0,2.33,4.44
28555.0,2.33,4.44
28555.0,2.33,4.44
28556.0,2.33,4.44
28556.0,2.49,4.44
28557.0,2.49,4.44
28557.0,2.49,4.44
28558.0,2.49,4.44
28559.0,2.49,4.44
28559.0,2.49,4.44
28560.0,2.46,4.44
28560.0,2.46,4.44
28561.0,2.46,4.44
28562.0,2.46,4.44
28562.0,2.46,4.44
28563.0,2.27,4.44
28563.0,2.27,4.44
28564.0,2.27,4.44
28564.0,2.27,4.44
28565.0,2.27,4.44
28566.0,2.1,4.44
28566.0,2.1,4.44
28567.0,2.1,4.44
28567.0,2.1,4.44
28568.0,2.1,4.44
28569.0,2.1,4.44
28569.0,1.81,4.44
28570.0,1.82,4.44
28570.0,1.81,4.44
28571.0,1.82,4.44
28572.0,1.81,4.44
28572.0,2.13,4.44
28573.0,2.13,4.44
28573.0,2.13,4.44
28574.0,2.13,4.44
28574.0,2.13,4.44
28575.0,2.64,4.44
28576.0,2.64,4.44
28576.0,2.64,4.44
28577.0,2.64,4.44
28577.0,2.64,4.44
28578.0,2.64,4.44
28579.0,2.58,4.44
28579.0,2.59,4.44
28580.0,2.58,4.44
28580.0,2.59,4.44
28581.0,2.58,4.44
28582.0,2.12,4.44
28582.0,2.12,4.44
28583.0,2.12,4.44
28583.0,2.12,4.44
28584.0,2.12,4.44
28585.0,1.91,4.44
28585.0,1.91,4.44
28586.0,1.91,4.44
28586.0,1.91,4.44
28587.0,1.91,4.44
28587.0,2.1,4.44
28588.0,2.09,4.44
28589.0,2.1,4.44
28589.0,2.09,4.44
28590.0,2.1,4.44
28590.0,2.09,4.44
28591.0,2.31,4.44
28592.0,2.31,4.44
28592.0,2.31,4.44
28593.0,2.31,4.44
28593.0,2.31,4.44
28594.0,2.25,4.44
28595.0,2.26,4.44
28595.0,2.25,4.44
28596.0,2.26,4.44
28596.0,2.25,4.44
28597.0,2.49,4.44
28597.0,2.49,4.44
28598.0,2.49,4.44
28599.0,2.49,4.44
28599.0,2.49,4.44
28600.0,2.49,4.44
28600.0,2.53,4.44
28601.0,2.52,4.44
28602.0,2.53,4.44
28602.0,2.52,4.44
28603.0,2.53,4.44
28603.0,2.31,4.44
28604.0,2.31,4.44
28604.0,2.31,4.44
28605.0,2.31,4.44
28606.0,2.31,4.44
28606.0,2.11,4.44
28607.0,2.11,4.44
28607.0,2.11,4.44
28608.0,2.11,4.44
28609.0,2.11,4.44
28609.0,2.11,4.44
28610.0,2.17,4.44
28610.0,2.17,4.44
28611.0,2.17,4.44
28612.0,2.17,4.44
28612.0,2.17,4.44
28613.0,2.32,4.44
28613.0,2.33,4.44
28614.0,2.32,4.44
28614.0,2.33,4.44
28615.0,2.32,4.44
28616.0,2.64,4.44
28616.0,2.64,4.44
28617.0,2.64,4.44
28617.0,2.64,4.44
28618.0,2.64,4.44
28619.0,2.64,4.44
28619.0,2.34,4.44
28620.0,2.33,4.44
28620.0,2.34,4.44
28621.0,2.33,4.44
28621.0,2.34,4.44
28622.0,2.19,4.44
28623.0,2.19,4.44
28623.0,2.19,4.44
28624.0,2.19,4.44
28624.0,2.19,4.44
28625.0,2.28,4.44
28626.0,2.27,4.44
28626.0,2.28,4.44
28627.0,2.27,4.44
28627.0,2.28,4.44
28628.0,2.27,4.44
28629.0,2.27,4.44
28629.0,2.27,4.44
28630.0,2.27,4.44
28630.0,2.27,4.44
28631.0,2.27,4.44
28631.0,2.35,4.44
28632.0,2.36,4.44
28633.0,2.35,4.44
28633.0,2.36,4.44
28634.0,2.35,4.44
28634.0,2.32,4.44
28635.0,2.32,4.44
28636.0,2.32,4.44
28636.0,2.32,4.44
28637.0,2.32,4.44
28637.0,2.34,4.44
28638.0,2.34,4.44
28638.0,2.34,4.44
28639.0,2.34,4.44
28640.0,2.34,4.44
28640.0,2.34,4.44
28641.0,2.55,4.44
28641.0,2.55,4.44
28642.0,2.55,4.44
28643.0,2.55,4.44
28643.0,2.55,4.44
28644.0,2.22,4.44
28644.0,2.22,4.44
28645.0,2.22,4.44
28646.0,2.22,4.44
28646.0,2.22,4.44
28647.0,1.87,4.44
28647.0,1.87,4.44
28648.0,1.87,4.44
28648.0,1.87,4.44
28649.0,1.87,4.44
28650.0,1.87,4.44
28650.0,2.22,4.44
28651.0,2.22,4.44
28651.0,2.22,4.44
28652.0,2.22,4.44
28653.0,2.22,4.44
28653.0,2.54,4.44
28654.0,2.53,4.44
28654.0,2.54,4.44
28655.0,2.53,4.44
28656.0,2.54,4.44
28656.0,2.47,4.44
28657.0,2.47,4.44
28657.0,2.47,4.44
28658.0,2.47,4.44
28658.0,2.47,4.44
28659.0,2.47,4.44
28660.0,2.35,4.44
28660.0,2.35,4.44
28661.0,2.35,4.44
28661.0,2.35,4.44
28662.0,2.35,4.44
28663.0,2.13,4.44
28663.0,2.13,4.44
28664.0,2.13,4.44
28664.0,2.13,4.44
28665.0,2.13,4.44
28665.0,1.95,4.44
28666.0,1.95,4.44
28667.0,1.95,4.44
28667.0,1.95,4.44
28668.0,1.95,4.44
28668.0,1.95,4.44
28669.0,2.18,4.44
28670.0,2.18,4.44
28670.0,2.18,4.44
28671.0,2.18,4.44
28671.0,2.18,4.44
28672.0,2.26,4.44
28672.0,2.26,4.44
28673.0,2.26,4.44
28674.0,2.26,4.44
28674.0,2.26,4.44
28675.0,2.44,4.44
28675.0,2.44,4.44
28676.0,2.44,4.44
28677.0,2.44,4.44
28677.0,2.44,4.44
28678.0,2.44,4.44
28678.0,2.39,4.44
28679.0,2.39,4.44
28680.0,2.39,4.44
28680.0,2.39,4.44
28681.0,2.39,4.44
28681.0,2.27,4.44
28682.0,2.27,4.44
28682.0,2.27,4.44
28683.0,2.27,4.44
28684.0,2.27,4.44
28684.0,2.12,4.44
28685.0,2.12,4.44
28686.0,2.12,4.44
28686.0,2.12,4.44
28687.0,2.12,4.44
28687.0,2.36,4.44
28688.0,2.36,4.44
28688.0,2.36,4.44
28689.0,2.36,4.44
28690.0,2.36,4.44
28690.0,2.36,4.44
28691.0,2.51,4.44
28691.0,2.51,4.44
28692.0,2.51,4.44
28693.0,2.51,4.44
28693.0,2.51,4.44
28694.0,2.3,4.44
28694.0,2.3,4.44
28695.0,2.3,4.44
28695.0,2.3,4.44
28696.0,2.3,4.44
28697.0,2.51,4.44
28697.0,2.5,4.44
28698.0,2.51,4.44
28698.0,2.5,4.44
28699.0,2.51,4.44
28700.0,2.5,4.44
28700.0,2.35,4.44
28701.0,2.35,4.44
28701.0,2.35,4.44
28702.0,2.35,4.44
28703.0,2.35,4.44
28703.0,2.0,4.44
28704.0,2.0,4.44
28704.0,2.0,4.44
28705.0,2.0,4.44
28705.0,2.0,4.44
28706.0,1.95,4.44
28707.0,1.95,4.44
28707.0,1.95,4.44
28708.0,1.95,4.44
28708.0,1.95,4.44
28709.0,1.95,4.44
28710.0,1.81,4.44
28710.0,1.81,4.44
28711.0,1.81,4.44
28711.0,1.81,4.44
28712.0,1.81,4.44
28712.0,2.04,4.44
28713.0,2.04,4.44
28714.0,2.04,4.44
28714.0,2.04,4.44
28715.0,2.04,4.44
28715.0,2.43,4.44
28716.0,2.43,4.44
28717.0,2.43,4.44
28717.0,2.43,4.44
28718.0,2.43,4.44
28718.0,2.43,4.44
28719.0,2.26,4.44
28720.0,2.25,4.44
28720.0,2.26,4.44
28721.0,2.25,4.44
28721.0,2.26,4.44
28722.0,2.1,4.44
28722.0,2.1,4.44
28723.0,2.1,4.44
28724.0,2.1,4.44
28724.0,2.1,4.44
28725.0,2.01,4.44
28725.0,2.0,4.44
28726.0,2.01,4.44
28727.0,2.0,4.44
28727.0,2.01,4.44
28728.0,2.0,4.44
28728.0,2.22,4.44
28729.0,2.22,4.44
28729.0,2.22,4.44
28730.0,2.22,4.44
28731.0,2.22,4.44
28731.0,2.62,4.44
28732.0,2.62,4.44
28732.0,2.62,4.44
28733.0,2.62,4.44
28734.0,2.62,4.44
28734.0,2.46,4.44
28735.0,2.46,4.44
28735.0,2.46,4.44
28736.0,2.46,4.44
28737.0,2.46,4.44
28737.0,2.46,4.44
28738.0,2.45,4.44
28738.0,2.45,4.44
28739.0,2.45,4.44
28739.0,2.45,4.44
28740.0,2.45,4.44
28741.0,2.55,4.44
28741.0,2.56,4.44
28742.0,2.55,4.44
28742.0,2.56,4.44
28743.0,2.55,4.44
28744.0,2.23,4.44
28744.0,2.23,4.44
28745.0,2.23,4.44
28745.0,2.23,4.44
28746.0,2.23,4.44
28746.0,2.23,4.44
28747.0,2.12,4.44
28748.0,2.11,4.44
28748.0,2.12,4.44
28749.0,2.11,4.44
28749.0,2.12,4.44
28750.0,2.19,4.44
28751.0,2.19,4.44
28751.0,2.19,4.44
28752.0,2.19,4.44
28752.0,2.19,4.44
28753.0,2.43,4.44
28754.0,2.43,4.44
28754.0,2.43,4.44
28755.0,2.43,4.44
28755.0,2.43,4.44
28756.0,2.53,4.44
28756.0,2.53,4.44
28757.0,2.53,4.44
28758.0,2.53,4.44
28758.0,2.53,4.44
28759.0,2.53,4.44
28759.0,2.41,4.44
28760.0,2.41,4.44
28761.0,2.41,4.44
28761.0,2.41,4.44
28762.0,2.41,4.44
28762.0,1.95,4.44
28763.0,1.94,4.44
28764.0,1.95,4.44
28764.0,1.94,4.44
28765.0,1.95,4.44
28765.0,1.99,4.44
28766.0,2.0,4.44
28766.0,1.99,4.44
28767.0,2.0,4.44
28768.0,1.99,4.44
28768.0,2.0,4.44
28769.0,2.09,4.44
28769.0,2.09,4.44
28770.0,2.09,4.44
28771.0,2.09,4.44
28771.0,2.09,4.44
28772.0,2.26,4.44
28772.0,2.25,4.44
28773.0,2.26,4.44
28773.0,2.25,4.44
28774.0,2.26,4.44
28775.0,2.43,4.44
28775.0,2.43,4.44
28776.0,2.43,4.44
28776.0,2.43,4.44
28777.0,2.43,4.44
28778.0,2.43,4.44
28778.0,2.46,4.44
28779.0,2.46,4.44
28779.0,2.46,4.44
28780.0,2.46,4.44
28780.0,2.46,4.44
28781.0,2.17,4.44
28782.0,2.17,4.44
28782.0,2.17,4.44
28783.0,2.17,4.44
28783.0,2.17,4.44
28784.0,2.16,4.44
28785.0,2.16,4.44
28785.0,2.16,4.44
28786.0,2.16,4.44
28786.0,2.16,4.44
28787.0,2.31,4.44
28788.0,2.31,4.44
28788.0,2.31,4.44
28789.0,2.31,4.44
28789.0,2.31,4.44
28790.0,2.31,4.44
28791.0,2.16,4.44
28791.0,2.16,4.44
28792.0,2.16,4.44
28792.0,2.16,4.44
28793.0,2.16,4.44
28794.0,2.45,4.44
28794.0,2.45,4.44
28795.0,2.45,4.44
28795.0,2.45,4.44
28796.0,2.45,4.44
28796.0,2.66,4.44
28797.0,2.66,4.44
28798.0,2.66,4.44
28798.0,2.66,4.44
28799.0,2.66,4.44
28799.0,2.66,4.44
28800.0,2.37,4.44
28801.0,2.36,4.44
28801.0,2.37,4.44
28802.0,2.36,4.44
28802.0,2.37,4.44
28803.0,2.2,4.44
28803.0,2.2,4.44
28804.0,2.2,4.44
28805.0,2.2,4.44
28805.0,2.2,4.44
28806.0,2.01,4.44
28806.0,2.0,4.44
28807.0,2.01,4.44
28808.0,2.0,4.44
28808.0,2.01,4.44
28809.0,2.0,4.44
28809.0,1.85,4.44
28810.0,1.84,4.44
28811.0,1.85,4.44
28811.0,1.84,4.44
28812.0,1.85,4.44
28812.0,2.14,4.44
28813.0,2.14,4.44
28813.0,2.14,4.44
28814.0,2.14,4.44
28815.0,2.14,4.44
28815.0,2.64,4.44
28816.0,2.64,4.44
28816.0,2.64,4.44
28817.0,2.64,4.44
28818.0,2.64,4.44
28818.0,2.64,4.44
28819.0,2.57,4.44
28819.0,2.57,4.44
28820.0,2.57,4.44
28820.0,2.57,4.44
28821.0,2.57,4.44
28822.0,2.26,4.44
28822.0,2.27,4.44
28823.0,2.26,4.44
28823.0,2.27,4.44
28824.0,2.26,4.44
28825.0,2.14,4.44
28825.0,2.14,4.44
28826.0,2.14,4.44
28826.0,2.14,4.44
28827.0,2.14,4.44
28828.0,2.14,4.44
28828.0,2.16,4.44
28829.0,2.16,4.44
28829.0,2.16,4.44
28830.0,2.16,4.44
28830.0,2.16,4.44
28831.0,2.3,4.44
28832.0,2.3,4.44
28832.0,2.3,4.44
28833.0,2.3,4.44
28833.0,2.3,4.44
28834.0,2.57,4.44
28835.0,2.57,4.44
28835.0,2.57,4.44
28836.0,2.57,4.44
28836.0,2.57,4.44
28837.0,2.57,4.44
28837.0,2.43,4.44
28838.0,2.43,4.44
28839.0,2.43,4.44
28839.0,2.43,4.44
28840.0,2.43,4.44
28840.0,2.47,4.44
28841.0,2.47,4.44
28842.0,2.47,4.44
28842.0,2.47,4.44
28843.0,2.47,4.44
28843.0,2.3,4.44
28844.0,2.3,4.44
28845.0,2.3,4.44
28845.0,2.3,4.44
28846.0,2.3,4.44
28846.0,2.3,4.44
28847.0,2.17,4.44
28847.0,2.17,4.44
28848.0,2.17,4.44
28849.0,2.17,4.44
28849.0,2.17,4.44
28850.0,2.23,4.44
28850.0,2.23,4.44
28851.0,2.23,4.44
28852.0,2.23,4.44
28852.0,2.23,4.44
28853.0,2.47,4.44
28853.0,2.47,4.44
28854.0,2.47,4.44
28854.0,2.47,4.44
28855.0,2.47,4.44
28856.0,2.47,4.44
28856.0,2.52,4.44
28857.0,2.51,4.44
28857.0,2.52,4.44
28858.0,2.51,4.44
28859.0,2.52,4.44
28859.0,2.24,4.44
28860.0,2.24,4.44
28860.0,2.24,4.44
28861.0,2.24,4.44
28862.0,2.24,4.44
28862.0,1.93,4.44
28863.0,1.93,4.44
28863.0,1.93,4.44
28864.0,1.93,4.44
28864.0,1.93,4.44
28865.0,1.93,4.44
28866.0,2.01,4.44
28866.0,2.01,4.44
28867.0,2.01,4.44
28867.0,2.01,4.44
28868.0,2.01,4.44
28869.0,2.23,4.44
28869.0,2.23,4.44
28870.0,2.23,4.44
28870.0,2.23,4.44
28871.0,2.23,4.44
28872.0,2.38,4.44
28872.0,2.38,4.44
28873.0,2.38,4.44
28873.0,2.38,4.44
28874.0,2.38,4.44
28874.0,2.46,4.44
28875.0,2.46,4.44
28876.0,2.46,4.44
28876.0,2.46,4.44
28877.0,2.46,4.44
28877.0,2.46,4.44
28878.0,2.24,4.44
28879.0,2.24,4.44
28879.0,2.24,4.44
28880.0,2.24,4.44
28880.0,2.24,4.44
28881.0,2.33,4.44
28881.0,2.33,4.44
28882.0,2.33,4.44
28883.0,2.33,4.44
28883.0,2.33,4.44
28884.0,2.64,4.44
28884.0,2.64,4.44
28885.0,2.64,4.44
28886.0,2.64,4.44
28886.0,2.64,4.44
28887.0,2.64,4.44
28887.0,1.99,4.44
28888.0,2.0,4.44
28889.0,1.99,4.44
28889.0,2.0,4.44
28890.0,1.99,4.44
28890.0,1.93,4.44
28891.0,1.93,4.44
28892.0,1.93,4.44
28892.0,1.93,4.44
28893.0,1.93,4.44
28893.0,2.36,4.44
28894.0,2.36,4.44
28894.0,2.36,4.44
28895.0,2.36,4.44
28896.0,2.36,4.44
28896.0,2.36,4.44
28897.0,2.45,4.44
28897.0,2.45,4.44
28898.0,2.45,4.44
28899.0,2.45,4.44
28899.0,2.45,4.44
28900.0,2.32,4.44
28900.0,2.31,4.44
28901.0,2.32,4.44
28902.0,2.31,4.44
28902.0,2.32,4.44
28903.0,2.12,4.44
28903.0,2.12,4.44
28904.0,2.12,4.44
28904.0,2.12,4.44
28905.0,2.12,4.44
28906.0,2.06,4.44
28906.0,2.05,4.44
28907.0,2.06,4.44
28907.0,2.05,4.44
28908.0,2.06,4.44
28909.0,2.05,4.44
28909.0,2.27,4.44
28910.0,2.27,4.44
28910.0,2.27,4.44
28911.0,2.27,4.44
28911.0,2.27,4.44
28912.0,2.25,4.44
28913.0,2.25,4.44
28913.0,2.25,4.44
28914.0,2.25,4.44
28914.0,2.25,4.44
28915.0,2.34,4.44
28916.0,2.33,4.44
28916.0,2.34,4.44
28917.0,2.33,4.44
28917.0,2.34,4.44
28918.0,2.33,4.44
28919.0,2.27,4.44
28919.0,2.27,4.44
28920.0,2.27,4.44
28920.0,2.27,4.44
28921.0,2.27,4.44
28921.0,2.11,4.44
28922.0,2.11,4.44
28923.0,2.11,4.44
28923.0,2.11,4.44
28924.0,2.11,4.44
28924.0,1.9,4.44
28925.0,1.9,4.44
28926.0,1.9,4.44
28926.0,1.9,4.44
28927.0,1.9,4.44
28927.0,1.9,4.44
28928.0,1.86,4.44
28928.0,1.86,4.44
28929.0,1.86,4.44
28930.0,1.86,4.44
28930.0,1.86,4.44
28931.0,2.05,4.44
28931.0,2.05,4.44
28932.0,2.05,4.44
28933.0,2.05,4.44
28933.0,2.05,4.44
28934.0,2.53,4.44
28934.0,2.52,4.44
28935.0,2.53,4.44
28936.0,2.52,4.44
28936.0,2.53,4.44
28937.0,2.52,4.44
28937.0,2.72,4.44
28938.0,2.72,4.44
28938.0,2.72,4.44
28939.0,2.72,4.44
28940.0,2.72,4.44
28940.0,2.29,4.44
28941.0,2.3,4.44
28941.0,2.29,4.44
28942.0,2.3,4.44
28943.0,2.29,4.44
28943.0,1.98,4.44
28944.0,1.97,4.44
28944.0,1.98,4.44
28945.0,1.97,4.44
28946.0,1.98,4.44
28946.0,1.97,4.44
28947.0,1.98,4.44
28947.0,1.98,4.44
28948.0,1.98,4.44
28948.0,1.98,4.44
28949.0,1.98,4.44
28950.0,2.3,4.44
28950.0,2.31,4.44
28951.0,2.3,4.44
28951.0,2.31,4.44
28952.0,2.3,4.44
28953.0,2.52,4.44
28953.0,2.51,4.44
28954.0,2.52,4.44
28954.0,2.51,4.44
28955.0,2.52,4.44
28955.0,2.51,4.44
28956.0,2.44,4.44
28957.0,2.44,4.44
28957.0,2.44,4.44
28958.0,2.44,4.44
28958.0,2.44,4.44
28959.0,2.01,4.44
28960.0,2.02,4.44
28960.0,2.01,4.44
28961.0,2.02,4.44
28961.0,2.01,4.44
28962.0,2.12,4.44
28962.0,2.12,4.44
28963.0,2.12,4.44
28964.0,2.12,4.44
28964.0,2.12,4.44
28965.0,2.12,4.44
28965.0,2.13,4.44
28966.0,2.13,4.44
28967.0,2.13,4.44
28967.0,2.13,4.44
28968.0,2.13,4.44
28968.0,2.09,4.44
28969.0,2.1,4.44
28970.0,2.09,4.44
28970.0,2.1,4.44
28971.0,2.09,4.44
28971.0,2.5,4.44
28972.0,2.5,4.44
28972.0,2.5,4.44
28973.0,2.5,4.44
28974.0,2.5,4.44
28974.0,2.5,4.44
28975.0,2.48,4.44
28975.0,2.48,4.44
28976.0,2.48,4.44
28977.0,2.48,4.44
28977.0,2.48,4.44
28978.0,2.46,4.44
28978.0,2.46,4.44
28979.0,2.46,4.44
28980.0,2.46,4.44
28980.0,2.46,4.44
28981.0,2.56,4.44
28981.0,2.56,4.44
28982.0,2.56,4.44
28982.0,2.56,4.44
28983.0,2.56,4.44
28984.0,2.56,4.44
28984.0,2.41,4.44
28985.0,2.41,4.44
28985.0,2.41,4.44
28986.0,2.41,4.44
28987.0,2.41,4.44
28987.0,2.14,4.44
28988.0,2.14,4.44
28988.0,2.14,4.44
28989.0,2.14,4.44
28990.0,2.14,4.44
28990.0,2.27,4.44
28991.0,2.26,4.44
28991.0,2.27,4.44
28992.0,2.26,4.44
28993.0,2.27,4.44
28993.0,2.4,4.44
28994.0,2.4,4.44
28994.0,2.4,4.44
28995.0,2.4,4.44
28995.0,2.4,4.44
28996.0,2.4,4.44
28997.0,2.63,4.44
28997.0,2.63,4.44
28998.0,2.63,4.44
28998.0,2.63,4.44
28999.0,2.63,4.44
29000.0,2.57,4.44
29000.0,2.57,4.44
29001.0,2.57,4.44
29001.0,2.57,4.44
29002.0,2.57,4.44
29002.0,2.22,4.44
29003.0,2.22,4.44
29004.0,2.22,4.44
29004.0,2.22,4.44
29005.0,2.22,4.44
29005.0,2.22,4.44
29006.0,2.17,4.44
29007.0,2.17,4.44
29007.0,2.17,4.44
29008.0,2.17,4.44
29008.0,2.17,4.44
29009.0,2.31,4.44
29010.0,2.3,4.44
29010.0,2.31,4.44
29011.0,2.3,4.44
29011.0,2.31,4.44
29012.0,2.25,4.44
29012.0,2.25,4.44
29013.0,2.25,4.44
29014.0,2.25,4.44
29014.0,2.25,4.44
29015.0,2.25,4.44
29015.0,2.31,4.44
29016.0,2.31,4.44
29017.0,2.31,4.44
29017.0,2.31,4.44
29018.0,2.31,4.44
29018.0,2.35,4.44
29019.0,2.35,4.44
29019.0,2.35,4.44
29020.0,2.35,4.44
29021.0,2.35,4.44
29021.0,2.21,4.44
29022.0,2.21,4.44
29022.0,2.21,4.44
29023.0,2.21,4.44
29024.0,2.21,4.44
29024.0,2.21,4.44
29025.0,2.11,4.44
29025.0,2.12,4.44
29026.0,2.11,4.44
29027.0,2.12,4.44
29027.0,2.11,4.44
29028.0,2.22,4.44
29028.0,2.22,4.44
29029.0,2.22,4.44
29029.0,2.22,4.44
29030.0,2.22,4.44
29031.0,2.5,4.44
29031.0,2.51,4.44
29032.0,2.5,4.44
29032.0,2.51,4.44
29033.0,2.5,4.44
29034.0,2.66,4.44
29034.0,2.66,4.44
29035.0,2.66,4.44
29035.0,2.66,4.44
29036.0,2.66,4.44
29036.0,2.66,4.44
29037.0,2.58,4.44
29038.0,2.57,4.44
29038.0,2.58,4.44
29039.0,2.57,4.44
29039.0,2.58,4.44
29040.0,2.38,4.44
29041.0,2.38,4.44
29041.0,2.38,4.44
29042.0,2.38,4.44
29042.0,2.38,4.44
29043.0,2.11,4.44
29044.0,2.11,4.44
29044.0,2.11,4.44
29045.0,2.11,4.44
29045.0,2.11,4.44
29046.0,2.11,4.44
29046.0,1.93,4.44
29047.0,1.93,4.44
29048.0,1.93,4.44
29048.0,1.93,4.44
29049.0,1.93,4.44
29049.0,2.04,4.44
29050.0,2.04,4.44
29051.0,2.04,4.44
29051.0,2.04,4.44
29052.0,2.04,4.44
29052.0,2.41,4.44
29053.0,2.41,4.44
29054.0,2.41,4.44
29054.0,2.41,4.44
29055.0,2.41,4.44
29055.0,2.41,4.44
29056.0,2.44,4.44
29056.0,2.44,4.44
29057.0,2.44,4.44
29058.0,2.44,4.44
29058.0,2.44,4.44
29059.0,2.49,4.44
29059.0,2.49,4.44
29060.0,2.49,4.44
29061.0,2.49,4.44
29061.0,2.49,4.44
29062.0,2.47,4.44
29062.0,2.47,4.44
29063.0,2.47,4.44
29063.0,2.47,4.44
29064.0,2.47,4.44
29065.0,2.47,4.44
29065.0,2.06,4.44
29066.0,2.06,4.44
29066.0,2.06,4.44
29067.0,2.06,4.44
29068.0,2.06,4.44
29068.0,2.1,4.44
29069.0,2.1,4.44
29069.0,2.1,4.44
29070.0,2.1,4.44
29071.0,2.1,4.44
29071.0,2.46,4.44
29072.0,2.46,4.44
29072.0,2.46,4.44
29073.0,2.46,4.44
29073.0,2.46,4.44
29074.0,2.46,4.44
29075.0,2.49,4.44
29075.0,2.49,4.44
29076.0,2.49,4.44
29076.0,2.49,4.44
29077.0,2.49,4.44
29078.0,2.53,4.44
29078.0,2.53,4.44
29079.0,2.53,4.44
29079.0,2.53,4.44
29080.0,2.53,4.44
29080.0,2.56,4.44
29081.0,2.55,4.44
29082.0,2.56,4.44
29082.0,2.55,4.44
29083.0,2.56,4.44
29083.0,2.55,4.44
29084.0,2.17,4.44
29085.0,2.17,4.44
29085.0,2.17,4.44
29086.0,2.17,4.44
29086.0,2.17,4.44
29087.0,1.91,4.44
29088.0,1.91,4.44
29088.0,1.91,4.44
29089.0,1.91,4.44
29089.0,1.91,4.44
29090.0,2.16,4.44
29091.0,2.16,4.44
29091.0,2.16,4.44
29092.0,2.16,4.44
29092.0,2.16,4.44
29093.0,2.44,4.44
29093.0,2.44,4.44
29094.0,2.44,4.44
29095.0,2.44,4.44
29095.0,2.44,4.44
29096.0,2.44,4.44
29096.0,2.61,4.44
29097.0,2.61,4.44
29098.0,2.61,4.44
29098.0,2.61,4.44
29099.0,2.61,4.44
29099.0,2.19,4.44
29100.0,2.19,4.44
29101.0,2.19,4.44
29101.0,2.19,4.44
29102.0,2.19,4.44
29102.0,1.95,4.44
29103.0,1.95,4.44
29103.0,1.95,4.44
29104.0,1.95,4.44
29105.0,1.95,4.44
29105.0,1.95,4.44
29106.0,2.09,4.44
29106.0,2.1,4.44
29107.0,2.09,4.44
29108.0,2.1,4.44
29108.0,2.09,4.44
29109.0,2.16,4.44
29109.0,2.16,4.44
29110.0,2.16,4.44
29110.0,2.16,4.44
29111.0,2.16,4.44
29112.0,2.28,4.44
29112.0,2.28,4.44
29113.0,2.28,4.44
29113.0,2.28,4.44
29114.0,2.28,4.44
29115.0,2.28,4.44
29115.0,2.42,4.44
29116.0,2.42,4.44
29116.0,2.42,4.44
29117.0,2.42,4.44
29118.0,2.42,4.44
29118.0,2.28,4.44
29119.0,2.28,4.44
29119.0,2.28,4.44
29120.0,2.28,4.44
29120.0,2.28,4.44
29121.0,2.26,4.44
29122.0,2.27,4.44
29122.0,2.26,4.44
29123.0,2.27,4.44
29123.0,2.26,4.44
29124.0,2.27,4.44
29125.0,2.21,4.44
29125.0,2.21,4.44
29126.0,2.21,4.44
29126.0,2.21,4.44
29127.0,2.21,4.44
29127.0,2.05,4.44
29128.0,2.05,4.44
29129.0,2.05,4.44
29129.0,2.05,4.44
29130.0,2.05,4.44
29130.0,2.36,4.44
29131.0,2.37,4.44
29132.0,2.36,4.44
29132.0,2.37,4.44
29133.0,2.36,4.44
29133.0,2.37,4.44
29134.0,2.76,4.44
29135.0,2.77,4.44
29135.0,2.76,4.44
29136.0,2.77,4.44
29136.0,2.76,4.44
29137.0,2.73,4.44
29137.0,2.73,4.44
29138.0,2.73,4.44
29139.0,2.73,4.44
29139.0,2.73,4.44
29140.0,2.48,4.44
29140.0,2.48,4.44
29141.0,2.48,4.44
29142.0,2.48,4.44
29142.0,2.48,4.44
29143.0,2.48,4.44
29143.0,2.17,4.44
29144.0,2.17,4.44
29144.0,2.17,4.44
29145.0,2.17,4.44
29146.0,2.17,4.44
29146.0,2.02,4.44
29147.0,2.01,4.44
29147.0,2.02,4.44
29148.0,2.01,4.44
29149.0,2.02,4.44
29149.0,2.26,4.44
29150.0,2.27,4.44
29150.0,2.26,4.44
29151.0,2.27,4.44
29152.0,2.26,4.44
29152.0,2.27,4.44
29153.0,2.26,4.44
29153.0,2.27,4.44
29154.0,2.26,4.44
29154.0,2.27,4.44
29155.0,2.26,4.44
29156.0,2.23,4.44
29156.0,2.23,4.44
29157.0,2.23,4.44
29157.0,2.23,4.44
29158.0,2.23,4.44
29159.0,2.33,4.44
29159.0,2.34,4.44
29160.0,2.33,4.44
29160.0,2.34,4.44
29161.0,2.33,4.44
29162.0,2.41,4.44
29162.0,2.41,4.44
29163.0,2.41,4.44
29163.0,2.41,4.44
29164.0,2.41,4.44
29164.0,2.41,4.44
29165.0,2.21,4.44
29166.0,2.21,4.44
29166.0,2.21,4.44
29167.0,2.21,4.44
29167.0,2.21,4.44
29168.0,2.16,4.44
29169.0,2.16,4.44
29169.0,2.16,4.44
29170.0,2.16,4.44
29170.0,2.16,4.44
29171.0,2.37,4.44
29171.0,2.36,4.44
29172.0,2.37,4.44
29173.0,2.36,4.44
29173.0,2.37,4.44
29174.0,2.36,4.44
29174.0,2.4,4.44
29175.0,2.4,4.44
29176.0,2.4,4.44
29176.0,2.4,4.44
29177.0,2.4,4.44
29177.0,2.6,4.44
29178.0,2.61,4.44
29179.0,2.6,4.44
29179.0,2.61,4.44
29180.0,2.6,4.44
29180.0,2.29,4.44
29181.0,2.28,4.44
29181.0,2.29,4.44
29182.0,2.28,4.44
29183.0,2.29,4.44
29183.0,2.28,4.44
29184.0,2.01,4.44
29184.0,2.0,4.44
29185.0,2.01,4.44
29186.0,2.0,4.44
29186.0,2.01,4.44
29187.0,2.0,4.44
29187.0,2.01,4.44
29188.0,2.0,4.44
29188.0,2.01,4.44
29189.0,2.0,4.44
29190.0,2.03,4.44
29190.0,2.02,4.44
29191.0,2.03,4.44
29192.0,2.02,4.44
29192.0,2.03,4.44
29193.0,2.35,4.44
29193.0,2.35,4.44
29194.0,2.35,4.44
29194.0,2.35,4.44
29195.0,2.35,4.44
29196.0,2.35,4.44
29196.0,2.47,4.44
29197.0,2.47,4.44
29197.0,2.47,4.44
29198.0,2.47,4.44
29199.0,2.47,4.44
29199.0,2.24,4.44
29200.0,2.24,4.44
29200.0,2.24,4.44
29201.0,2.24,4.44
29201.0,2.24,4.44
29202.0,2.24,4.44
29203.0,2.24,4.44
29203.0,2.24,4.44
29204.0,2.24,4.44
29204.0,2.24,4.44
29205.0,2.24,4.44
29206.0,2.03,4.44
29206.0,2.04,4.44
29207.0,2.03,4.44
29207.0,2.04,4.44
29208.0,2.03,4.44
29209.0,1.91,4.44
29209.0,1.91,4.44
29210.0,1.91,4.44
29210.0,1.91,4.44
29211.0,1.91,4.44
29211.0,2.3,4.44
29212.0,2.3,4.44
29213.0,2.3,4.44
29213.0,2.3,4.44
29214.0,2.3,4.44
29214.0,2.3,4.44
29215.0,2.54,4.44
29216.0,2.55,4.44
29216.0,2.54,4.44
29217.0,2.55,4.44
29217.0,2.54,4.44
29218.0,2.35,4.44
29218.0,2.35,4.44
29219.0,2.35,4.44
29220.0,2.35,4.44
29220.0,2.35,4.44
29221.0,2.5,4.44
29221.0,2.51,4.44
29222.0,2.5,4.44
29223.0,2.51,4.44
29223.0,2.5,4.44
29224.0,2.51,4.44
29224.0,2.24,4.44
29225.0,2.24,4.44
29226.0,2.24,4.44
29226.0,2.24,4.44
29227.0,2.24,4.44
29227.0,1.89,4.44
29228.0,1.89,4.44
29228.0,1.89,4.44
29229.0,1.89,4.44
29230.0,1.89,4.44
29230.0,2.32,4.44
29231.0,2.33,4.44
29231.0,2.32,4.44
29232.0,2.33,4.44
29233.0,2.32,4.44
29233.0,2.33,4.44
29234.0,2.63,4.44
29234.0,2.63,4.44
29235.0,2.63,4.44
29236.0,2.63,4.44
29236.0,2.63,4.44
29237.0,2.65,4.44
29237.0,2.65,4.44
29238.0,2.65,4.44
29238.0,2.65,4.44
29239.0,2.65,4.44
29240.0,2.38,4.44
29240.0,2.38,4.44
29241.0,2.38,4.44
29241.0,2.38,4.44
29242.0,2.38,4.44
29243.0,2.38,4.44
29243.0,2.04,4.44
29244.0,2.05,4.44
29244.0,2.04,4.44
29245.0,2.05,4.44
29245.0,2.04,4.44
29246.0,1.84,4.44
29247.0,1.84,4.44
29247.0,1.84,4.44
29248.0,1.84,4.44
29248.0,1.84,4.44
29249.0,1.91,4.44
29250.0,1.91,4.44
29250.0,1.91,4.44
29251.0,1.91,4.44
29251.0,1.91,4.44
29252.0,1.91,4.44
29252.0,2.14,4.44
29253.0,2.14,4.44
29254.0,2.14,4.44
29254.0,2.14,4.44
29255.0,2.14,4.44
29255.0,2.36,4.44
29256.0,2.36,4.44
29257.0,2.36,4.44
29257.0,2.36,4.44
29258.0,2.36,4.44
29258.0,2.25,4.44
29259.0,2.25,4.44
29260.0,2.25,4.44
29260.0,2.25,4.44
29261.0,2.25,4.44
29261.0,2.25,4.44
29262.0,2.25,4.44
29262.0,2.25,4.44
29263.0,2.25,4.44
29264.0,2.25,4.44
29264.0,2.25,4.44
29265.0,2.17,4.44
29265.0,2.17,4.44
29266.0,2.17,4.44
29267.0,2.17,4.44
29267.0,2.17,4.44
29268.0,2.4,4.44
29268.0,2.4,4.44
29269.0,2.4,4.44
29270.0,2.4,4.44
29270.0,2.4,4.44
29271.0,2.53,4.44
29271.0,2.53,4.44
29272.0,2.53,4.44
29272.0,2.53,4.44
29273.0,2.53,4.44
29274.0,2.53,4.44
29274.0,2.5,4.44
29275.0,2.5,4.44
29275.0,2.5,4.44
29276.0,2.5,4.44
29277.0,2.5,4.44
29277.0,2.57,4.44
29278.0,2.57,4.44
29278.0,2.57,4.44
29279.0,2.57,4.44
29279.0,2.57,4.44
29280.0,2.28,4.44
29281.0,2.28,4.44
29281.0,2.28,4.44
29282.0,2.28,4.44
29282.0,2.28,4.44
29283.0,2.28,4.44
29284.0,2.07,4.44
29284.0,2.07,4.44
29285.0,2.07,4.44
29285.0,2.07,4.44
29286.0,2.07,4.44
29287.0,2.12,4.44
29287.0,2.12,4.44
29288.0,2.12,4.44
29288.0,2.12,4.44
29289.0,2.12,4.44
29289.0,2.38,4.44
29290.0,2.38,4.44
29291.0,2.38,4.44
29291.0,2.38,4.44
29292.0,2.38,4.44
29292.0,2.38,4.44
29293.0,2.5,4.44
29294.0,2.5,4.44
29294.0,2.5,4.44
29295.0,2.5,4.44
29295.0,2.5,4.44
29296.0,2.47,4.44
29297.0,2.47,4.44
29297.0,2.47,4.44
29298.0,2.47,4.44
29298.0,2.47,4.44
29299.0,2.23,4.44
29300.0,2.23,4.44
29300.0,2.23,4.44
29301.0,2.23,4.44
29301.0,2.23,4.44
29302.0,2.23,4.44
29302.0,2.12,4.44
29303.0,2.12,4.44
29304.0,2.12,4.44
29304.0,2.12,4.44
29305.0,2.12,4.44
29305.0,1.9,4.44
29306.0,1.9,4.44
29307.0,1.9,4.44
29307.0,1.9,4.44
29308.0,1.9,4.44
29308.0,2.12,4.44
29309.0,2.12,4.44
29309.0,2.12,4.44
29310.0,2.12,4.44
29311.0,2.12,4.44
29311.0,2.39,4.44
29312.0,2.39,4.44
29312.0,2.39,4.44
29313.0,2.39,4.44
29314.0,2.39,4.44
29314.0,2.39,4.44
29315.0,2.63,4.44
29315.0,2.63,4.44
29316.0,2.63,4.44
29317.0,2.63,4.44
29317.0,2.63,4.44
29318.0,2.78,4.44
29318.0,2.78,4.44
29319.0,2.78,4.44
29319.0,2.78,4.44
29320.0,2.78,4.44
29321.0,2.46,4.44
29321.0,2.46,4.44
29322.0,2.46,4.44
29322.0,2.46,4.44
29323.0,2.46,4.44
29324.0,2.46,4.44
29324.0,2.24,4.44
29325.0,2.24,4.44
29325.0,2.24,4.44
29326.0,2.24,4.44
29326.0,2.24,4.44
29327.0,2.42,4.44
29328.0,2.42,4.44
29328.0,2.42,4.44
29329.0,2.42,4.44
29329.0,2.42,4.44
29330.0,2.39,4.44
29331.0,2.39,4.44
29331.0,2.39,4.44
29332.0,2.39,4.44
29332.0,2.39,4.44
29333.0,2.39,4.44
29334.0,2.49,4.44
29334.0,2.49,4.44
29335.0,2.49,4.44
29335.0,2.49,4.44
29336.0,2.49,4.44
29336.0,2.59,4.44
29337.0,2.59,4.44
29338.0,2.59,4.44
29338.0,2.59,4.44
29339.0,2.59,4.44
29339.0,2.31,4.44
29340.0,2.31,4.44
29341.0,2.31,4.44
29341.0,2.31,4.44
29342.0,2.31,4.44
29342.0,2.31,4.44
29343.0,2.13,4.44
29344.0,2.13,4.44
29344.0,2.13,4.44
29345.0,2.13,4.44
29345.0,2.13,4.44
29346.0,1.99,4.44
29346.0,1.98,4.44
29347.0,1.99,4.44
29348.0,1.98,4.44
29348.0,1.99,4.44
29349.0,2.11,4.44
29349.0,2.12,4.44
29350.0,2.11,4.44
29351.0,2.12,4.44
29351.0,2.11,4.44
29352.0,2.12,4.44
29352.0,2.27,4.44
29353.0,2.27,4.44
29353.0,2.27,4.44
29354.0,2.27,4.44
29355.0,2.27,4.44
29355.0,2.49,4.44
29356.0,2.49,4.44
29356.0,2.49,4.44
29357.0,2.49,4.44
29358.0,2.49,4.44
29358.0,2.47,4.44
29359.0,2.47,4.44
29359.0,2.47,4.44
29360.0,2.47,4.44
29361.0,2.47,4.44
29361.0,2.47,4.44
29362.0,2.46,4.44
29362.0,2.46,4.44
29363.0,2.46,4.44
29363.0,2.46,4.44
29364.0,2.46,4.44
29365.0,2.04,4.44
29365.0,2.03,4.44
29366.0,2.04,4.44
29366.0,2.03,4.44
29367.0,2.04,4.44
29368.0,2.12,4.44
29368.0,2.12,4.44
29369.0,2.12,4.44
29369.0,2.12,4.44
29370.0,2.12,4.44
29370.0,2.12,4.44
29371.0,2.42,4.44
29372.0,2.42,4.44
29372.0,2.42,4.44
29373.0,2.42,4.44
29373.0,2.42,4.44
29374.0,2.39,4.44
29375.0,2.39,4.44
29375.0,2.39,4.44
29376.0,2.39,4.44
29376.0,2.39,4.44
29377.0,2.2,4.44
29378.0,2.2,4.44
29378.0,2.2,4.44
29379.0,2.2,4.44
29379.0,2.2,4.44
29380.0,2.2,4.44
29380.0,2.28,4.44
29381.0,2.29,4.44
29382.0,2.28,4.44
29382.0,2.29,4.44
29383.0,2.28,4.44
29383.0,2.08,4.44
29384.0,2.07,4.44
29385.0,2.08,4.44
29385.0,2.07,4.44
29386.0,2.08,4.44
29386.0,2.02,4.44
29387.0,2.02,4.44
29387.0,2.02,4.44
29388.0,2.02,4.44
29389.0,2.02,4.44
29389.0,2.21,4.44
29390.0,2.21,4.44
29390.0,2.21,4.44
29391.0,2.21,4.44
29392.0,2.21,4.44
29392.0,2.21,4.44
29393.0,2.39,4.44
29393.0,2.39,4.44
29394.0,2.39,4.44
29395.0,2.39,4.44
29395.0,2.39,4.44
29396.0,2.42,4.44
29396.0,2.42,4.44
29397.0,2.42,4.44
29398.0,2.42,4.44
29398.0,2.42,4.44
29399.0,2.6,4.44
29399.0,2.59,4.44
29400.0,2.6,4.44
29400.0,2.59,4.44
29401.0,2.6,4.44
29402.0,2.59,4.44
29402.0,2.45,4.44
29403.0,2.45,4.44
29403.0,2.45,4.44
29404.0,2.45,4.44
29405.0,2.45,4.44
29405.0,2.12,4.44
29406.0,2.12,4.44
29406.0,2.12,4.44
29407.0,2.12,4.44
29408.0,2.12,4.44
29408.0,2.04,4.44
29409.0,2.04,4.44
29409.0,2.04,4.44
29410.0,2.04,4.44
29410.0,2.04,4.44
29411.0,2.04,4.44
29412.0,2.2,4.44
29412.0,2.2,4.44
29413.0,2.2,4.44
29413.0,2.2,4.44
29414.0,2.2,4.44
29415.0,2.43,4.44
29415.0,2.43,4.44
29416.0,2.43,4.44
29416.0,2.43,4.44
29417.0,2.43,4.44
29418.0,2.35,4.44
29418.0,2.35,4.44
29419.0,2.35,4.44
29419.0,2.35,4.44
29420.0,2.35,4.44
29420.0,2.35,4.44
29421.0,2.17,4.44
29422.0,2.17,4.44
29422.0,2.17,4.44
29423.0,2.17,4.44
29423.0,2.17,4.44
29424.0,2.19,4.44
29425.0,2.19,4.44
29425.0,2.19,4.44
29426.0,2.19,4.44
29426.0,2.19,4.44
29427.0,2.18,4.44
29427.0,2.18,4.44
29428.0,2.18,4.44
29429.0,2.18,4.44
29429.0,2.18,4.44
29430.0,2.28,4.44
29430.0,2.29,4.44
29431.0,2.28,4.44
29432.0,2.29,4.44
29432.0,2.28,4.44
29433.0,2.29,4.44
29433.0,2.41,4.44
29434.0,2.41,4.44
29434.0,2.41,4.44
29435.0,2.41,4.44
29436.0,2.41,4.44
29436.0,2.37,4.44
29437.0,2.36,4.44
29437.0,2.37,4.44
29438.0,2.36,4.44
29439.0,2.37,4.44
29439.0,1.99,4.44
29440.0,1.99,4.44
29440.0,1.99,4.44
29441.0,1.99,4.44
29442.0,1.99,4.44
29442.0,1.99,4.44
29443.0,1.89,4.44
29443.0,1.89,4.44
29444.0,1.89,4.44
29444.0,1.89,4.44
29445.0,1.89,4.44
29446.0,2.01,4.44
29446.0,2.01,4.44
29447.0,2.01,4.44
29447.0,2.01,4.44
29448.0,2.01,4.44
29449.0,2.33,4.44
29449.0,2.33,4.44
29450.0,2.33,4.44
29450.0,2.33,4.44
29451.0,2.33,4.44
29452.0,2.33,4.44
29452.0,2.6,4.44
29453.0,2.6,4.44
29453.0,2.6,4.44
29454.0,2.6,4.44
29454.0,2.6,4.44
29455.0,2.7,4.44
29456.0,2.7,4.44
29456.0,2.7,4.44
29457.0,2.7,4.44
29457.0,2.7,4.44
29458.0,2.58,4.44
29459.0,2.59,4.44
29459.0,2.58,4.44
29460.0,2.59,4.44
29460.0,2.58,4.44
29461.0,2.59,4.44
29461.0,2.21,4.44
29462.0,2.21,4.44
29463.0,2.21,4.44
29463.0,2.21,4.44
29464.0,2.21,4.44
29464.0,1.98,4.44
29465.0,1.98,4.44
29466.0,1.98,4.44
29466.0,1.98,4.44
29467.0,1.98,4.44
29467.0,2.1,4.44
29468.0,2.1,4.44
29469.0,2.1,4.44
29469.0,2.1,4.44
29470.0,2.1,4.44
29470.0,2.1,4.44
29471.0,2.4,4.44
29471.0,2.4,4.44
29472.0,2.4,4.44
29473.0,2.4,4.44
29473.0,2.4,4.44
29474.0,2.26,4.44
29474.0,2.26,4.44
29475.0,2.26,4.44
29476.0,2.26,4.44
29476.0,2.26,4.44
29477.0,2.28,4.44
29477.0,2.28,4.44
29478.0,2.28,4.44
29478.0,2.28,4.44
29479.0,2.28,4.44
29480.0,2.28,4.44
29480.0,2.17,4.44
29481.0,2.17,4.44
29481.0,2.17,4.44
29482.0,2.17,4.44
29483.0,2.17,4.44
29483.0,2.19,4.44
29484.0,2.19,4.44
29484.0,2.19,4.44
29485.0,2.19,4.44
29486.0,2.19,4.44
29486.0,2.12,4.44
29487.0,2.12,4.44
29487.0,2.12,4.44
29488.0,2.12,4.44
29488.0,2.12,4.44
29489.0,2.12,4.44
29490.0,2.17,4.44
29490.0,2.17,4.44
29491.0,2.17,4.44
29491.0,2.17,4.44
29492.0,2.17,4.44
29493.0,2.06,4.44
29493.0,2.06,4.44
29494.0,2.06,4.44
29494.0,2.06,4.44
29495.0,2.06,4.44
29496.0,2.42,4.44
29496.0,2.42,4.44
29497.0,2.42,4.44
29497.0,2.42,4.44
29498.0,2.42,4.44
29499.0,2.17,4.44
29499.0,2.17,4.44
29500.0,2.17,4.44
29500.0,2.17,4.44
29501.0,2.17,4.44
29501.0,2.17,4.44
29502.0,2.14,4.44
29503.0,2.14,4.44
29503.0,2.14,4.44
29504.0,2.14,4.44
29504.0,2.14,4.44
29505.0,1.95,4.44
29506.0,1.95,4.44
29506.0,1.95,4.44
29507.0,1.95,4.44
29507.0,1.95,4.44
29508.0,2.18,4.44
29508.0,2.18,4.44
29509.0,2.18,4.44
29510.0,2.18,4.44
29510.0,2.18,4.44
29511.0,2.18,4.44
29511.0,2.41,4.44
29512.0,2.41,4.44
29513.0,2.41,4.44
29513.0,2.41,4.44
29514.0,2.41,4.44
29514.0,2.43,4.44
29515.0,2.43,4.44
29516.0,2.43,4.44
29516.0,2.43,4.44
29517.0,2.43,4.44
29517.0,2.54,4.44
29518.0,2.54,4.44
29518.0,2.54,4.44
29519.0,2.54,4.44
29520.0,2.54,4.44
29520.0,2.54,4.44
29521.0,2.49,4.44
29521.0,2.49,4.44
29522.0,2.49,4.44
29523.0,2.49,4.44
29523.0,2.49,4.44
29524.0,2.28,4.44
29524.0,2.28,4.44
29525.0,2.28,4.44
29526.0,2.28,4.44
29526.0,2.28,4.44
29527.0,2.22,4.44
29527.0,2.22,4.44
29528.0,2.22,4.44
29528.0,2.22,4.44
29529.0,2.22,4.44
29530.0,2.22,4.44
29530.0,2.32,4.44
29531.0,2.32,4.44
29531.0,2.32,4.44
29532.0,2.32,4.44
29533.0,2.32,4.44
29533.0,2.33,4.44
29534.0,2.34,4.44
29534.0,2.33,4.44
29535.0,2.34,4.44
29535.0,2.33,4.44
29536.0,2.44,4.44
29537.0,2.44,4.44
29537.0,2.44,4.44
29538.0,2.44,4.44
29538.0,2.44,4.44
29539.0,2.44,4.44
29540.0,2.26,4.44
29540.0,2.26,4.44
29541.0,2.26,4.44
29541.0,2.26,4.44
29542.0,2.26,4.44
29543.0,2.0,4.44
29543.0,2.0,4.44
29544.0,2.0,4.44
29544.0,2.0,4.44
29545.0,2.0,4.44
29545.0,1.92,4.44
29546.0,1.92,4.44
29547.0,1.92,4.44
29547.0,1.92,4.44
29548.0,1.92,4.44
29548.0,2.3,4.44
29549.0,2.3,4.44
29550.0,2.3,4.44
29550.0,2.3,4.44
29551.0,2.3,4.44
29551.0,2.3,4.44
29552.0,2.54,4.44
29552.0,2.55,4.44
29553.0,2.54,4.44
29554.0,2.55,4.44
29554.0,2.54,4.44
29555.0,2.4,4.44
29555.0,2.4,4.44
29556.0,2.4,4.44
29557.0,2.4,4.44
29557.0,2.4,4.44
29558.0,2.31,4.44
29558.0,2.32,4.44
29559.0,2.31,4.44
29560.0,2.32,4.44
29560.0,2.31,4.44
29561.0,2.32,4.44
29561.0,1.97,4.44
29562.0,1.98,4.44
29562.0,1.97,4.44
29563.0,1.98,4.44
29564.0,1.97,4.44
29564.0,2.17,4.44
29565.0,2.17,4.44
29565.0,2.17,4.44
29566.0,2.17,4.44
29567.0,2.17,4.44
29567.0,2.29,4.44
29568.0,2.29,4.44
29568.0,2.29,4.44
29569.0,2.29,4.44
29569.0,2.29,4.44
29570.0,2.29,4.44
29571.0,2.2,4.44
29571.0,2.2,4.44
29572.0,2.2,4.44
29572.0,2.2,4.44
29573.0,2.2,4.44
29574.0,2.5,4.44
29574.0,2.5,4.44
29575.0,2.5,4.44
29575.0,2.5,4.44
29576.0,2.5,4.44
29577.0,2.64,4.44
29577.0,2.64,4.44
29578.0,2.64,4.44
29578.0,2.64,4.44
29579.0,2.64,4.44
29579.0,2.64,4.44
29580.0,2.32,4.44
29581.0,2.32,4.44
29581.0,2.32,4.44
29582.0,2.32,4.44
29582.0,2.32,4.44
29583.0,2.28,4.44
29584.0,2.28,4.44
29584.0,2.28,4.44
29585.0,2.28,4.44
29585.0,2.28,4.44
29586.0,1.98,4.44
29586.0,1.98,4.44
29587.0,1.98,4.44
29588.0,1.98,4.44
29588.0,1.98,4.44
29589.0,1.98,4.44
29589.0,1.98,4.44
29590.0,1.99,4.44
29591.0,1.98,4.44
29591.0,1.99,4.44
29592.0,1.98,4.44
29592.0,2.53,4.44
29593.0,2.53,4.44
29594.0,2.53,4.44
29594.0,2.53,4.44
29595.0,2.53,4.44
29595.0,2.61,4.44
29596.0,2.62,4.44
29597.0,2.61,4.44
29597.0,2.62,4.44
29598.0,2.61,4.44
29598.0,2.3,4.44
29599.0,2.29,4.44
29600.0,2.3,4.44
29600.0,2.29,4.44
29601.0,2.3,4.44
29601.0,2.29,4.44
29602.0,2.22,4.44
29602.0,2.22,4.44
29603.0,2.22,4.44
29604.0,2.22,4.44
29604.0,2.22,4.44
29605.0,2.01,4.44
29605.0,2.01,4.44
29606.0,2.01,4.44
29607.0,2.01,4.44
29607.0,2.01,4.44
29608.0,2.04,4.44
29608.0,2.04,4.44
29609.0,2.04,4.44
29609.0,2.04,4.44
29610.0,2.04,4.44
29611.0,2.04,4.44
29611.0,2.42,4.44
29612.0,2.42,4.44
29612.0,2.42,4.44
29613.0,2.42,4.44
29614.0,2.42,4.44
29614.0,2.61,4.44
29615.0,2.61,4.44
29615.0,2.61,4.44
29616.0,2.61,4.44
29616.0,2.61,4.44
29617.0,2.5,4.44
29618.0,2.5,4.44
29618.0,2.5,4.44
29619.0,2.5,4.44
29619.0,2.5,4.44
29620.0,2.5,4.44
29621.0,2.17,4.44
29621.0,2.17,4.44
29622.0,2.17,4.44
29622.0,2.17,4.44
29623.0,2.17,4.44
29624.0,1.9,4.44
29624.0,1.9,4.44
29625.0,1.9,4.44
29625.0,1.9,4.44
29626.0,1.9,4.44
29626.0,1.78,4.44
29627.0,1.78,4.44
29628.0,1.78,4.44
29628.0,1.78,4.44
29629.0,1.78,4.44
29629.0,1.78,4.44
29630.0,2.2,4.44
29631.0,2.2,4.44
29631.0,2.2,4.44
29632.0,2.2,4.44
29632.0,2.2,4.44
29633.0,2.43,4.44
29634.0,2.43,4.44
29634.0,2.43,4.44
29635.0,2.43,4.44
29635.0,2.43,4.44
29636.0,2.37,4.44
29636.0,2.36,4.44
29637.0,2.37,4.44
29638.0,2.36,4.44
29638.0,2.37,4.44
29639.0,2.36,4.44
29639.0,2.29,4.44
29640.0,2.29,4.44
29641.0,2.29,4.44
29641.0,2.29,4.44
29642.0,2.29,4.44
29642.0,1.87,4.44
29643.0,1.87,4.44
29643.0,1.87,4.44
29644.0,1.87,4.44
29645.0,1.87,4.44
29645.0,1.89,4.44
29646.0,1.89,4.44
29646.0,1.89,4.44
29647.0,1.89,4.44
29648.0,1.89,4.44
29648.0,1.89,4.44
29649.0,2.02,4.44
29649.0,2.01,4.44
29650.0,2.02,4.44
29651.0,2.01,4.44
29651.0,2.02,4.44
29652.0,2.55,4.44
29652.0,2.55,4.44
29653.0,2.55,4.44
29653.0,2.55,4.44
29654.0,2.55,4.44
29655.0,2.66,4.44
29655.0,2.66,4.44
29656.0,2.66,4.44
29656.0,2.66,4.44
29657.0,2.66,4.44
29658.0,2.66,4.44
29658.0,2.32,4.44
29659.0,2.32,4.44
29659.0,2.32,4.44
29660.0,2.32,4.44
29660.0,2.32,4.44
29661.0,2.1,4.44
29662.0,2.1,4.44
29662.0,2.1,4.44
29663.0,2.1,4.44
29663.0,2.1,4.44
29664.0,2.07,4.44
29665.0,2.07,4.44
29665.0,2.07,4.44
29666.0,2.07,4.44
29666.0,2.07,4.44
29667.0,2.09,4.44
29668.0,2.09,4.44
29668.0,2.09,4.44
29669.0,2.09,4.44
29669.0,2.09,4.44
29670.0,2.09,4.44
29670.0,2.18,4.44
29671.0,2.18,4.44
29672.0,2.18,4.44
29672.0,2.18,4.44
29673.0,2.18,4.44
29673.0,2.33,4.44
29674.0,2.32,4.44
29675.0,2.33,4.44
29675.0,2.32,4.44
29676.0,2.33,4.44
29676.0,2.58,4.44
29677.0,2.59,4.44
29677.0,2.58,4.44
29678.0,2.59,4.44
29679.0,2.58,4.44
29679.0,2.59,4.44
29680.0,2.47,4.44
29680.0,2.47,4.44
29681.0,2.47,4.44
29682.0,2.47,4.44
29682.0,2.47,4.44
29683.0,2.3,4.44
29683.0,2.3,4.44
29684.0,2.3,4.44
29685.0,2.3,4.44
29685.0,2.3,4.44
29686.0,2.01,4.44
29686.0,2.01,4.44
29687.0,2.01,4.44
29687.0,2.01,4.44
29688.0,2.01,4.44
29689.0,2.01,4.44
29689.0,2.27,4.44
29690.0,2.28,4.44
29690.0,2.27,4.44
29691.0,2.28,4.44
29692.0,2.27,4.44
29692.0,2.51,4.44
29693.0,2.51,4.44
29693.0,2.51,4.44
29694.0,2.51,4.44
29694.0,2.51,4.44
29695.0,2.53,4.44
29696.0,2.54,4.44
29696.0,2.53,4.44
29697.0,2.54,4.44
29698.0,2.53,4.44
29698.0,2.63,4.44
29699.0,2.63,4.44
29699.0,2.63,4.44
29700.0,2.63,4.44
29700.0,2.63,4.44
29701.0,2.63,4.44
29702.0,2.32,4.44
29702.0,2.31,4.44
29703.0,2.32,4.44
29703.0,2.31,4.44
29704.0,2.32,4.44
29705.0,2.33,4.44
29705.0,2.33,4.44
29706.0,2.33,4.44
29706.0,2.33,4.44
29707.0,2.33,4.44
29708.0,2.35,4.44
29708.0,2.35,4.44
29709.0,2.35,4.44
29709.0,2.35,4.44
29710.0,2.35,4.44
29710.0,2.35,4.44
29711.0,2.1,4.44
29712.0,2.1,4.44
29712.0,2.1,4.44
29713.0,2.1,4.44
29713.0,2.1,4.44
29714.0,2.37,4.44
29715.0,2.37,4.44
29715.0,2.37,4.44
29716.0,2.37,4.44
29716.0,2.37,4.44
29717.0,2.71,4.44
29717.0,2.71,4.44
29718.0,2.71,4.44
29719.0,2.71,4.44
29719.0,2.71,4.44
29720.0,2.71,4.44
29720.0,2.36,4.44
29721.0,2.36,4.44
29722.0,2.36,4.44
29722.0,2.36,4.44
29723.0,2.36,4.44
29723.0,2.16,4.44
29724.0,2.16,4.44
29724.0,2.16,4.44
29725.0,2.16,4.44
29726.0,2.16,4.44
29726.0,2.02,4.44
29727.0,2.02,4.44
29727.0,2.02,4.44
29728.0,2.02,4.44
29729.0,2.02,4.44
29729.0,2.02,4.44
29730.0,2.08,4.44
29730.0,2.08,4.44
29731.0,2.08,4.44
29732.0,2.08,4.44
29732.0,2.08,4.44
29733.0,2.41,4.44
29733.0,2.41,4.44
29734.0,2.41,4.44
29734.0,2.41,4.44
29735.0,2.41,4.44
29736.0,2.56,4.44
29736.0,2.56,4.44
29737.0,2.56,4.44
29737.0,2.56,4.44
29738.0,2.56,4.44
29739.0,2.56,4.44
29739.0,2.23,4.44
29740.0,2.23,4.44
29740.0,2.23,4.44
29741.0,2.23,4.44
29742.0,2.23,4.44
29742.0,2.11,4.44
29743.0,2.11,4.44
29743.0,2.11,4.44
29744.0,2.11,4.44
29744.0,2.11,4.44
29745.0,2.15,4.44
29746.0,2.15,4.44
29746.0,2.15,4.44
29747.0,2.15,4.44
29747.0,2.15,4.44
29748.0,2.15,4.44
29749.0,2.32,4.44
29749.0,2.31,4.44
29750.0,2.32,4.44
29750.0,2.31,4.44
29751.0,2.32,4.44
29751.0,2.56,4.44
29752.0,2.56,4.44
29753.0,2.56,4.44
29753.0,2.56,4.44
29754.0,2.56,4.44
29754.0,2.59,4.44
29755.0,2.58,4.44
29756.0,2.59,4.44
29756.0,2.58,4.44
29757.0,2.59,4.44
29757.0,2.58,4.44
29758.0,2.32,4.44
29759.0,2.32,4.44
29759.0,2.32,4.44
29760.0,2.32,4.44
29760.0,2.32,4.44
29761.0,2.16,4.44
29761.0,2.16,4.44
29762.0,2.16,4.44
29763.0,2.16,4.44
29763.0,2.16,4.44
29764.0,2.07,4.44
29764.0,2.07,4.44
29765.0,2.07,4.44
29766.0,2.07,4.44
29766.0,2.07,4.44
29767.0,2.07,4.44
29767.0,2.0,4.44
29768.0,2.0,4.44
29768.0,2.0,4.44
29769.0,2.0,4.44
29770.0,2.0,4.44
29770.0,2.14,4.44
29771.0,2.14,4.44
29771.0,2.14,4.44
29772.0,2.14,4.44
29773.0,2.14,4.44
29773.0,2.3,4.44
29774.0,2.3,4.44
29774.0,2.3,4.44
29775.0,2.3,4.44
29776.0,2.3,4.44
29776.0,2.3,4.44
29777.0,2.34,4.44
29777.0,2.34,4.44
29778.0,2.34,4.44
29778.0,2.34,4.44
29779.0,2.34,4.44
29780.0,2.16,4.44
29780.0,2.16,4.44
29781.0,2.16,4.44
29781.0,2.16,4.44
29782.0,2.16,4.44
29783.0,1.9,4.44
29783.0,1.9,4.44
29784.0,1.9,4.44
29784.0,1.9,4.44
29785.0,1.9,4.44
29785.0,1.7,4.44
29786.0,1.7,4.44
29787.0,1.7,4.44
29787.0,1.7,4.44
29788.0,1.7,4.44
29788.0,1.7,4.44
29789.0,2.02,4.44
29790.0,2.02,4.44
29790.0,2.02,4.44
29791.0,2.02,4.44
29791.0,2.02,4.44
29792.0,2.55,4.44
29793.0,2.54,4.44
29793.0,2.55,4.44
29794.0,2.54,4.44
29794.0,2.55,4.44
29795.0,2.54,4.44
29795.0,2.54,4.44
29796.0,2.54,4.44
29797.0,2.54,4.44
29797.0,2.54,4.44
29798.0,2.54,4.44
29798.0,2.27,4.44
29799.0,2.27,4.44
29800.0,2.27,4.44
29800.0,2.27,4.44
29801.0,2.27,4.44
29801.0,2.06,4.44
29802.0,2.06,4.44
29803.0,2.06,4.44
29803.0,2.06,4.44
29804.0,2.06,4.44
29804.0,1.97,4.44
29805.0,1.97,4.44
29806.0,1.97,4.44
29806.0,1.97,4.44
29807.0,1.97,4.44
29807.0,1.97,4.44
29808.0,1.96,4.44
29808.0,1.96,4.44
29809.0,1.96,4.44
29810.0,1.96,4.44
29810.0,1.96,4.44
29811.0,2.38,4.44
29811.0,2.38,4.44
29812.0,2.38,4.44
29813.0,2.38,4.44
29813.0,2.38,4.44
29814.0,2.47,4.44
29814.0,2.47,4.44
29815.0,2.47,4.44
29816.0,2.47,4.44
29816.0,2.47,4.44
29817.0,2.41,4.44
29817.0,2.41,4.44
29818.0,2.41,4.44
29818.0,2.41,4.44
29819.0,2.41,4.44
29820.0,2.41,4.44
29820.0,2.37,4.44
29821.0,2.37,4.44
29821.0,2.37,4.44
29822.0,2.37,4.44
29823.0,2.37,4.44
29823.0,2.13,4.44
29824.0,2.13,4.44
29824.0,2.13,4.44
29825.0,2.13,4.44
29825.0,2.13,4.44
29826.0,1.99,4.44
29827.0,1.99,4.44
29827.0,1.99,4.44
29828.0,1.99,4.44
29828.0,1.99,4.44
29829.0,1.99,4.44
29830.0,2.15,4.44
29830.0,2.15,4.44
29831.0,2.15,4.44
29831.0,2.15,4.44
29832.0,2.15,4.44
29833.0,2.35,4.44
29833.0,2.35,4.44
29834.0,2.35,4.44
29834.0,2.35,4.44
29835.0,2.35,4.44
29835.0,2.61,4.44
29836.0,2.6,4.44
29837.0,2.61,4.44
29837.0,2.6,4.44
29838.0,2.61,4.44
29838.0,2.6,4.44
29839.0,2.39,4.44
29840.0,2.39,4.44
29840.0,2.39,4.44
29841.0,2.39,4.44
29841.0,2.39,4.44
29842.0,2.11,4.44
29842.0,2.11,4.44
29843.0,2.11,4.44
29844.0,2.11,4.44
29844.0,2.11,4.44
29845.0,2.1,4.44
29845.0,2.1,4.44
29846.0,2.1,4.44
29847.0,2.1,4.44
29847.0,2.1,4.44
29848.0,2.1,4.44
29848.0,2.34,4.44
29849.0,2.34,4.44
29850.0,2.34,4.44
29850.0,2.34,4.44
29851.0,2.34,4.44
29851.0,2.29,4.44
29852.0,2.29,4.44
29852.0,2.29,4.44
29853.0,2.29,4.44
29854.0,2.29,4.44
29854.0,2.29,4.44
29855.0,2.29,4.44
29855.0,2.29,4.44
29856.0,2.29,4.44
29857.0,2.29,4.44
29857.0,2.29,4.44
29858.0,2.48,4.44
29858.0,2.48,4.44
29859.0,2.48,4.44
29859.0,2.48,4.44
29860.0,2.48,4.44
29861.0,2.17,4.44
29861.0,2.17,4.44
29862.0,2.17,4.44
29862.0,2.17,4.44
29863.0,2.17,4.44
29864.0,2.07,4.44
29864.0,2.07,4.44
29865.0,2.07,4.44
29865.0,2.07,4.44
29866.0,2.07,4.44
29867.0,2.07,4.44
29867.0,2.12,4.44
29868.0,2.11,4.44
29868.0,2.12,4.44
29869.0,2.11,4.44
29869.0,2.12,4.44
29870.0,2.18,4.44
29871.0,2.18,4.44
29871.0,2.18,4.44
29872.0,2.18,4.44
29872.0,2.18,4.44
29873.0,2.39,4.44
29874.0,2.39,4.44
29874.0,2.39,4.44
29875.0,2.39,4.44
29875.0,2.39,4.44
29876.0,2.39,4.44
29876.0,2.42,4.44
29877.0,2.42,4.44
29878.0,2.42,4.44
29878.0,2.42,4.44
29879.0,2.42,4.44
29879.0,2.07,4.44
29880.0,2.07,4.44
29881.0,2.07,4.44
29881.0,2.07,4.44
29882.0,2.07,4.44
29882.0,2.13,4.44
29883.0,2.13,4.44
29884.0,2.13,4.44
29884.0,2.13,4.44
29885.0,2.13,4.44
29885.0,2.13,4.44
29886.0,2.17,4.44
29886.0,2.17,4.44
29887.0,2.17,4.44
29888.0,2.17,4.44
29888.0,2.17,4.44
29889.0,2.03,4.44
29889.0,2.04,4.44
29890.0,2.03,4.44
29891.0,2.04,4.44
29891.0,2.03,4.44
29892.0,2.23,4.44
29892.0,2.23,4.44
29893.0,2.23,4.44
29893.0,2.23,4.44
29894.0,2.23,4.44
29895.0,2.23,4.44
29895.0,2.62,4.44
29896.0,2.62,4.44
29896.0,2.62,4.44
29897.0,2.62,4.44
29898.0,2.62,4.44
29898.0,2.72,4.44
29899.0,2.72,4.44
29899.0,2.72,4.44
29900.0,2.72,4.44
29901.0,2.72,4.44
29901.0,2.39,4.44
29902.0,2.39,4.44
29902.0,2.39,4.44
29903.0,2.39,4.44
29904.0,2.39,4.44
29904.0,2.17,4.44
29905.0,2.17,4.44
29905.0,2.17,4.44
29906.0,2.17,4.44
29906.0,2.17,4.44
29907.0,2.17,4.44
29908.0,2.14,4.44
29908.0,2.14,4.44
29909.0,2.14,4.44
29909.0,2.14,4.44
29910.0,2.14,4.44
29911.0,2.41,4.44
29911.0,2.41,4.44
29912.0,2.41,4.44
29912.0,2.41,4.44
29913.0,2.41,4.44
29914.0,2.72,4.44
29914.0,2.72,4.44
29915.0,2.72,4.44
29915.0,2.72,4.44
29916.0,2.72,4.44
29916.0,2.72,4.44
29917.0,2.52,4.44
29918.0,2.52,4.44
29918.0,2.52,4.44
29919.0,2.52,4.44
29919.0,2.52,4.44
29920.0,2.14,4.44
29921.0,2.14,4.44
29921.0,2.14,4.44
29922.0,2.14,4.44
29922.0,2.14,4.44
29923.0,1.91,4.44
29924.0,1.91,4.44
29924.0,1.91,4.44
29925.0,1.91,4.44
29925.0,1.91,4.44
29926.0,1.91,4.44
29926.0,2.29,4.44
29927.0,2.3,4.44
29928.0,2.29,4.44
29928.0,2.3,4.44
29929.0,2.29,4.44
29929.0,2.14,4.44
29930.0,2.14,4.44
29931.0,2.14,4.44
29931.0,2.14,4.44
29932.0,2.14,4.44
29932.0,2.3,4.44
29933.0,2.3,4.44
29933.0,2.3,4.44
29934.0,2.3,4.44
29935.0,2.3,4.44
29935.0,2.64,4.44
29936.0,2.64,4.44
29936.0,2.64,4.44
29937.0,2.64,4.44
29938.0,2.64,4.44
29938.0,2.64,4.44
29939.0,2.45,4.44
29939.0,2.45,4.44
29940.0,2.45,4.44
29941.0,2.45,4.44
29941.0,2.45,4.44
29942.0,2.12,4.44
29942.0,2.12,4.44
29943.0,2.12,4.44
29943.0,2.12,4.44
29944.0,2.12,4.44
29945.0,1.91,4.44
29945.0,1.91,4.44
29946.0,1.91,4.44
29946.0,1.91,4.44
29947.0,1.91,4.44
29948.0,1.91,4.44
29948.0,1.86,4.44
29949.0,1.85,4.44
29949.0,1.86,4.44
29950.0,1.85,4.44
29950.0,1.86,4.44
29951.0,2.35,4.44
29952.0,2.35,4.44
29952.0,2.35,4.44
29953.0,2.35,4.44
29953.0,2.35,4.44
29954.0,2.55,4.44
29955.0,2.55,4.44
29955.0,2.55,4.44
29956.0,2.55,4.44
29956.0,2.55,4.44
29957.0,2.55,4.44
29958.0,2.29,4.44
29958.0,2.29,4.44
29959.0,2.29,4.44
29959.0,2.29,4.44
29960.0,2.29,4.44
29960.0,2.33,4.44
29961.0,2.33,4.44
29962.0,2.33,4.44
29962.0,2.33,4.44
29963.0,2.33,4.44
29963.0,2.21,4.44
29964.0,2.21,4.44
29965.0,2.21,4.44
29965.0,2.21,4.44
29966.0,2.21,4.44
29966.0,2.21,4.44
29967.0,2.26,4.44
29967.0,2.26,4.44
29968.0,2.26,4.44
29969.0,2.26,4.44
29969.0,2.26,4.44
29970.0,2.52,4.44
29970.0,2.53,4.44
29971.0,2.52,4.44
29972.0,2.53,4.44
29972.0,2.52,4.44
29973.0,2.39,4.44
29973.0,2.39,4.44
29974.0,2.39,4.44
29975.0,2.39,4.44
29975.0,2.39,4.44
29976.0,2.39,4.44
29976.0,2.6,4.44
29977.0,2.6,4.44
29977.0,2.6,4.44
29978.0,2.6,4.44
29979.0,2.6,4.44
29979.0,2.52,4.44
29980.0,2.52,4.44
29980.0,2.52,4.44
29981.0,2.52,4.44
29982.0,2.52,4.44
29982.0,2.11,4.44
29983.0,2.11,4.44
29983.0,2.11,4.44
29984.0,2.11,4.44
29984.0,2.11,4.44
29985.0,2.11,4.44
29986.0,2.02,4.44
29986.0,2.02,4.44
29987.0,2.02,4.44
29987.0,2.02,4.44
29988.0,2.02,4.44
29989.0,2.26,4.44
29989.0,2.26,4.44
29990.0,2.26,4.44
29990.0,2.26,4.44
29991.0,2.26,4.44
29992.0,2.69,4.44
29992.0,2.69,4.44
29993.0,2.69,4.44
29993.0,2.69,4.44
29994.0,2.69,4.44
29994.0,2.69,4.44
29995.0,2.86,4.44
29996.0,2.86,4.44
29996.0,2.86,4.44
29997.0,2.86,4.44
29997.0,2.86,4.44
29998.0,2.7,4.44
29999.0,2.7,4.44
29999.0,2.7,4.44
30000.0,2.7,4.44
30000.0,2.7,4.44
30001.0,2.17,4.44
30002.0,2.17,4.44
30002.0,2.17,4.44
30003.0,2.17,4.44
30003.0,2.17,4.44
30004.0,1.79,4.44
30005.0,1.79,4.44
30005.0,1.79,4.44
30006.0,1.79,4.44
30006.0,1.79,4.44
30007.0,1.79,4.44
30007.0,2.03,4.44
30008.0,2.03,4.44
30009.0,2.03,4.44
30009.0,2.03,4.44
30010.0,2.03,4.44
30010.0,2.17,4.44
30011.0,2.17,4.44
30012.0,2.17,4.44
30012.0,2.17,4.44
30013.0,2.17,4.44
30013.0,2.44,4.44
30014.0,2.44,4.44
30015.0,2.44,4.44
30015.0,2.44,4.44
30016.0,2.44,4.44
30016.0,2.44,4.44
30017.0,2.59,4.44
30017.0,2.59,4.44
30018.0,2.59,4.44
30019.0,2.59,4.44
30019.0,2.59,4.44
30020.0,2.29,4.44
30020.0,2.28,4.44
30021.0,2.29,4.44
30022.0,2.28,4.44
30022.0,2.29,4.44
30023.0,2.08,4.44
30023.0,2.08,4.44
30024.0,2.08,4.44
30024.0,2.08,4.44
30025.0,2.08,4.44
30026.0,2.08,4.44
30026.0,1.88,4.44
30027.0,1.88,4.44
30027.0,1.88,4.44
30028.0,1.88,4.44
30029.0,1.88,4.44
30029.0,2.0,4.44
30030.0,2.0,4.44
30030.0,2.0,4.44
30031.0,2.0,4.44
30032.0,2.0,4.44
30032.0,2.39,4.44
30033.0,2.39,4.44
30033.0,2.39,4.44
30034.0,2.39,4.44
30034.0,2.39,4.44
30035.0,2.39,4.44
30036.0,2.53,4.44
30036.0,2.54,4.44
30037.0,2.53,4.44
30037.0,2.54,4.44
30038.0,2.53,4.44
30039.0,2.45,4.44
30039.0,2.45,4.44
30040.0,2.45,4.44
30040.0,2.45,4.44
30041.0,2.45,4.44
30041.0,1.91,4.44
30042.0,1.91,4.44
30043.0,1.91,4.44
30043.0,1.91,4.44
30044.0,1.91,4.44
30044.0,1.91,4.44
30045.0,1.82,4.44
30046.0,1.83,4.44
30046.0,1.82,4.44
30047.0,1.83,4.44
30047.0,1.82,4.44
30048.0,2.14,4.44
30049.0,2.14,4.44
30049.0,2.14,4.44
30050.0,2.14,4.44
30050.0,2.14,4.44
30051.0,2.33,4.44
30051.0,2.34,4.44
30052.0,2.33,4.44
30053.0,2.34,4.44
30053.0,2.33,4.44
30054.0,2.35,4.44
30054.0,2.34,4.44
30055.0,2.35,4.44
30056.0,2.34,4.44
30056.0,2.35,4.44
30057.0,2.34,4.44
30057.0,2.49,4.44
30058.0,2.49,4.44
30058.0,2.49,4.44
30059.0,2.49,4.44
30060.0,2.49,4.44
30060.0,2.26,4.44
30061.0,2.27,4.44
30061.0,2.26,4.44
30062.0,2.27,4.44
30063.0,2.26,4.44
30063.0,2.07,4.44
30064.0,2.06,4.44
30064.0,2.07,4.44
30065.0,2.06,4.44
30066.0,2.07,4.44
30066.0,2.06,4.44
30067.0,1.87,4.44
30067.0,1.87,4.44
30068.0,1.87,4.44
30068.0,1.87,4.44
30069.0,1.87,4.44
30070.0,1.98,4.44
30070.0,1.98,4.44
30071.0,1.98,4.44
30071.0,1.98,4.44
30072.0,1.98,4.44
30073.0,2.38,4.44
30073.0,2.38,4.44
30074.0,2.38,4.44
30074.0,2.38,4.44
30075.0,2.38,4.44
30075.0,2.38,4.44
30076.0,2.62,4.44
30077.0,2.62,4.44
30077.0,2.62,4.44
30078.0,2.62,4.44
30078.0,2.62,4.44
30079.0,2.44,4.44
30080.0,2.44,4.44
30080.0,2.44,4.44
30081.0,2.44,4.44
30081.0,2.44,4.44
30082.0,2.12,4.44
30083.0,2.12,4.44
30083.0,2.12,4.44
30084.0,2.12,4.44
30084.0,2.12,4.44
30085.0,2.12,4.44
30085.0,2.35,4.44
30086.0,2.35,4.44
30087.0,2.35,4.44
30087.0,2.35,4.44
30088.0,2.35,4.44
30088.0,2.41,4.44
30089.0,2.41,4.44
30090.0,2.41,4.44
30090.0,2.41,4.44
30091.0,2.41,4.44
30091.0,2.49,4.44
30092.0,2.49,4.44
30093.0,2.49,4.44
30093.0,2.49,4.44
30094.0,2.49,4.44
30094.0,2.49,4.44
30095.0,2.59,4.44
30095.0,2.59,4.44
30096.0,2.59,4.44
30097.0,2.59,4.44
30097.0,2.59,4.44
30098.0,2.5,4.44
30098.0,2.5,4.44
30099.0,2.5,4.44
30100.0,2.5,4.44
30100.0,2.5,4.44
30101.0,2.61,4.44
30101.0,2.6,4.44
30102.0,2.61,4.44
30103.0,2.6,4.44
30103.0,2.61,4.44
30104.0,2.22,4.44
30104.0,2.22,4.44
30105.0,2.22,4.44
30106.0,2.22,4.44
30106.0,2.22,4.44
30107.0,2.22,4.44
30107.0,2.0,4.44
30108.0,2.01,4.44
30108.0,2.0,4.44
30109.0,2.01,4.44
30110.0,2.0,4.44
30110.0,2.35,4.44
30111.0,2.35,4.44
30111.0,2.35,4.44
30112.0,2.35,4.44
30113.0,2.35,4.44
30113.0,2.7,4.44
30114.0,2.7,4.44
30114.0,2.7,4.44
30115.0,2.7,4.44
30115.0,2.7,4.44
30116.0,2.7,4.44
30117.0,2.69,4.44
30117.0,2.69,4.44
30118.0,2.69,4.44
30118.0,2.69,4.44
30119.0,2.69,4.44
30120.0,2.35,4.44
30120.0,2.35,4.44
30121.0,2.35,4.44
30121.0,2.35,4.44
30122.0,2.35,4.44
30123.0,1.84,4.44
30123.0,1.84,4.44
30124.0,1.84,4.44
30124.0,1.84,4.44
30125.0,1.84,4.44
30125.0,1.84,4.44
30126.0,1.97,4.44
30127.0,1.97,4.44
30127.0,1.97,4.44
30128.0,1.97,4.44
30128.0,1.97,4.44
30129.0,2.12,4.44
30130.0,2.11,4.44
30130.0,2.12,4.44
30131.0,2.11,4.44
30131.0,2.12,4.44
30132.0,2.22,4.44
30132.0,2.22,4.44
30133.0,2.22,4.44
30134.0,2.22,4.44
30134.0,2.22,4.44
30135.0,2.22,4.44
30135.0,2.6,4.44
30136.0,2.61,4.44
30137.0,2.6,4.44
30137.0,2.61,4.44
30138.0,2.6,4.44
30138.0,2.57,4.44
30139.0,2.57,4.44
30140.0,2.57,4.44
30140.0,2.57,4.44
30141.0,2.57,4.44
30141.0,2.19,4.44
30142.0,2.19,4.44
30142.0,2.19,4.44
30143.0,2.19,4.44
30144.0,2.19,4.44
30144.0,2.19,4.44
30145.0,1.85,4.44
30145.0,1.86,4.44
30146.0,1.85,4.44
30147.0,1.86,4.44
30147.0,1.85,4.44
30148.0,2.02,4.44
30148.0,2.02,4.44
30149.0,2.02,4.44
30149.0,2.02,4.44
30150.0,2.02,4.44
30151.0,2.31,4.44
30151.0,2.32,4.44
30152.0,2.31,4.44
30152.0,2.32,4.44
30153.0,2.31,4.44
30154.0,2.32,4.44
30154.0,2.56,4.44
30155.0,2.56,4.44
30155.0,2.56,4.44
30156.0,2.56,4.44
30157.0,2.56,4.44
30157.0,2.3,4.44
30158.0,2.3,4.44
30158.0,2.3,4.44
30159.0,2.3,4.44
30159.0,2.3,4.44
30160.0,2.01,4.44
30161.0,2.01,4.44
30161.0,2.01,4.44
30162.0,2.01,4.44
30162.0,2.01,4.44
30163.0,2.01,4.44
30164.0,1.82,4.44
30164.0,1.82,4.44
30165.0,1.82,4.44
30165.0,1.82,4.44
30166.0,1.82,4.44
30166.0,1.85,4.44
30167.0,1.85,4.44
30168.0,1.85,4.44
30168.0,1.85,4.44
30169.0,1.85,4.44
30169.0,2.26,4.44
30170.0,2.26,4.44
30171.0,2.26,4.44
30171.0,2.26,4.44
30172.0,2.26,4.44
30172.0,2.32,4.44
30173.0,2.32,4.44
30174.0,2.32,4.44
30174.0,2.32,4.44
30175.0,2.32,4.44
30175.0,2.32,4.44
30176.0,2.16,4.44
30176.0,2.16,4.44
30177.0,2.16,4.44
30178.0,2.16,4.44
30178.0,2.16,4.44
30179.0,2.23,4.44
30179.0,2.23,4.44
30180.0,2.23,4.44
30181.0,2.23,4.44
30181.0,2.23,4.44
30182.0,2.12,4.44
30182.0,2.12,4.44
30183.0,2.12,4.44
30183.0,2.12,4.44
30184.0,2.12,4.44
30185.0,2.12,4.44
30185.0,2.04,4.44
30186.0,2.03,4.44
30186.0,2.04,4.44
30187.0,2.03,4.44
30188.0,2.04,4.44
30188.0,2.14,4.44
30189.0,2.14,4.44
30189.0,2.14,4.44
30190.0,2.14,4.44
30191.0,2.14,4.44
30191.0,2.36,4.44
30192.0,2.35,4.44
30192.0,2.36,4.44
30193.0,2.35,4.44
30193.0,2.36,4.44
30194.0,2.35,4.44
30195.0,2.66,4.44
30195.0,2.66,4.44
30196.0,2.66,4.44
30196.0,2.66,4.44
30197.0,2.66,4.44
30198.0,2.65,4.44
30198.0,2.65,4.44
30199.0,2.65,4.44
30199.0,2.65,4.44
30200.0,2.65,4.44
30201.0,2.19,4.44
30201.0,2.19,4.44
30202.0,2.19,4.44
30202.0,2.19,4.44
30203.0,2.19,4.44
30204.0,2.19,4.44
30204.0,1.93,4.44
30205.0,1.93,4.44
30205.0,1.93,4.44
30206.0,1.93,4.44
30206.0,1.93,4.44
30207.0,2.16,4.44
30208.0,2.16,4.44
30208.0,2.16,4.44
30209.0,2.16,4.44
30209.0,2.16,4.44
30210.0,2.4,4.44
30211.0,2.4,4.44
30211.0,2.4,4.44
30212.0,2.4,4.44
30212.0,2.4,4.44
30213.0,2.39,4.44
30214.0,2.39,4.44
30214.0,2.39,4.44
30215.0,2.39,4.44
30215.0,2.39,4.44
30216.0,2.39,4.44
30216.0,2.09,4.44
30217.0,2.09,4.44
30218.0,2.09,4.44
30218.0,2.09,4.44
30219.0,2.09,4.44
30219.0,2.18,4.44
30220.0,2.18,4.44
30221.0,2.18,4.44
30221.0,2.18,4.44
30222.0,2.18,4.44
30222.0,2.34,4.44
30223.0,2.35,4.44
30223.0,2.34,4.44
30224.0,2.35,4.44
30225.0,2.34,4.44
30225.0,2.35,4.44
30226.0,2.0,4.44
30226.0,2.01,4.44
30227.0,2.0,4.44
30228.0,2.01,4.44
30228.0,2.0,4.44
30229.0,2.07,4.44
30229.0,2.06,4.44
30230.0,2.07,4.44
30231.0,2.06,4.44
30231.0,2.07,4.44
30232.0,2.39,4.44
30232.0,2.39,4.44
30233.0,2.39,4.44
30233.0,2.39,4.44
30234.0,2.39,4.44
30235.0,2.39,4.44
30235.0,2.36,4.44
30236.0,2.36,4.44
30236.0,2.36,4.44
30237.0,2.36,4.44
30238.0,2.36,4.44
30238.0,2.35,4.44
30239.0,2.35,4.44
30239.0,2.35,4.44
30240.0,2.35,4.44
30240.0,2.35,4.44
30241.0,2.24,4.44
30242.0,2.24,4.44
30242.0,2.24,4.44
30243.0,2.24,4.44
30243.0,2.24,4.44
30244.0,2.24,4.44
30245.0,1.94,4.44
30245.0,1.95,4.44
30246.0,1.94,4.44
30246.0,1.95,4.44
30247.0,1.94,4.44
30248.0,2.05,4.44
30248.0,2.05,4.44
30249.0,2.05,4.44
30249.0,2.05,4.44
30250.0,2.05,4.44
30250.0,2.33,4.44
30251.0,2.34,4.44
30252.0,2.33,4.44
30252.0,2.34,4.44
30253.0,2.33,4.44
30253.0,2.34,4.44
30254.0,2.33,4.44
30255.0,2.34,4.44
30255.0,2.33,4.44
30256.0,2.34,4.44
30256.0,2.33,4.44
30257.0,2.38,4.44
30257.0,2.38,4.44
30258.0,2.38,4.44
30259.0,2.38,4.44
30259.0,2.38,4.44
30260.0,2.34,4.44
30260.0,2.34,4.44
30261.0,2.34,4.44
30262.0,2.34,4.44
30262.0,2.34,4.44
30263.0,2.34,4.44
30263.0,2.28,4.44
30264.0,2.29,4.44
30265.0,2.28,4.44
30265.0,2.29,4.44
30266.0,2.28,4.44
30266.0,2.07,4.44
30267.0,2.06,4.44
30267.0,2.07,4.44
30268.0,2.06,4.44
30269.0,2.07,4.44
30269.0,1.83,4.44
30270.0,1.83,4.44
30270.0,1.83,4.44
30271.0,1.83,4.44
30272.0,1.83,4.44
30272.0,1.83,4.44
30273.0,2.34,4.44
30273.0,2.34,4.44
30274.0,2.34,4.44
30275.0,2.34,4.44
30275.0,2.34,4.44
30276.0,2.48,4.44
30276.0,2.48,4.44
30277.0,2.48,4.44
30277.0,2.48,4.44
30278.0,2.48,4.44
30279.0,2.2,4.44
30279.0,2.2,4.44
30280.0,2.2,4.44
30280.0,2.2,4.44
30281.0,2.2,4.44
30282.0,2.08,4.44
30282.0,2.08,4.44
30283.0,2.08,4.44
30283.0,2.08,4.44
30284.0,2.08,4.44
30284.0,2.08,4.44
30285.0,2.16,4.44
30286.0,2.16,4.44
30286.0,2.16,4.44
30287.0,2.16,4.44
30287.0,2.16,4.44
30288.0,2.31,4.44
30289.0,2.32,4.44
30289.0,2.31,4.44
30290.0,2.32,4.44
30290.0,2.31,4.44
30291.0,2.42,4.44
30291.0,2.42,4.44
30292.0,2.42,4.44
30293.0,2.42,4.44
30293.0,2.42,4.44
30294.0,2.42,4.44
30294.0,2.61,4.44
30295.0,2.61,4.44
30296.0,2.61,4.44
30296.0,2.61,4.44
30297.0,2.61,4.44
30297.0,2.61,4.44
30298.0,2.61,4.44
30299.0,2.61,4.44
30299.0,2.61,4.44
30300.0,2.61,4.44
30300.0,2.32,4.44
30301.0,2.31,4.44
30301.0,2.32,4.44
30302.0,2.31,4.44
30303.0,2.32,4.44
30303.0,2.31,4.44
30304.0,2.14,4.44
30305.0,2.14,4.44
30305.0,2.14,4.44
30306.0,2.14,4.44
30306.0,2.14,4.44
30307.0,2.27,4.44
30307.0,2.27,4.44
30308.0,2.27,4.44
30309.0,2.27,4.44
30309.0,2.27,4.44
30310.0,2.27,4.44
30310.0,2.27,4.44
30311.0,2.27,4.44
30312.0,2.27,4.44
30312.0,2.27,4.44
30313.0,2.27,4.44
30313.0,2.29,4.44
30314.0,2.28,4.44
30314.0,2.29,4.44
30315.0,2.28,4.44
30316.0,2.29,4.44
30316.0,2.19,4.44
30317.0,2.19,4.44
30317.0,2.19,4.44
30318.0,2.19,4.44
30319.0,2.19,4.44
30319.0,1.98,4.44
30320.0,1.97,4.44
30320.0,1.98,4.44
30321.0,1.97,4.44
30322.0,1.98,4.44
30322.0,1.72,4.44
30323.0,1.73,4.44
30323.0,1.72,4.44
30324.0,1.73,4.44
30324.0,1.72,4.44
30325.0,1.73,4.44
30326.0,1.81,4.44
30326.0,1.82,4.44
30327.0,1.81,4.44
30327.0,1.82,4.44
30328.0,1.81,4.44
30329.0,2.3,4.44
30329.0,2.3,4.44
30330.0,2.3,4.44
30330.0,2.3,4.44
30331.0,2.3,4.44
30331.0,2.5,4.44
30332.0,2.5,4.44
30333.0,2.5,4.44
30333.0,2.5,4.44
30334.0,2.5,4.44
30334.0,2.5,4.44
30335.0,2.25,4.44
30336.0,2.26,4.44
30336.0,2.25,4.44
30337.0,2.26,4.44
30337.0,2.25,4.44
30338.0,2.21,4.44
30339.0,2.21,4.44
30339.0,2.21,4.44
30340.0,2.21,4.44
30340.0,2.21,4.44
30341.0,2.5,4.44
30341.0,2.5,4.44
30342.0,2.5,4.44
30343.0,2.5,4.44
30343.0,2.5,4.44
30344.0,2.5,4.44
30344.0,2.25,4.44
30345.0,2.26,4.44
30346.0,2.25,4.44
30346.0,2.26,4.44
30347.0,2.25,4.44
30347.0,2.35,4.44
30348.0,2.35,4.44
30348.0,2.35,4.44
30349.0,2.35,4.44
30350.0,2.35,4.44
30350.0,2.39,4.44
30351.0,2.39,4.44
30351.0,2.39,4.44
30352.0,2.39,4.44
30353.0,2.39,4.44
30353.0,2.39,4.44
30354.0,2.54,4.44
30354.0,2.54,4.44
30355.0,2.54,4.44
30356.0,2.54,4.44
30356.0,2.54,4.44
30357.0,2.42,4.44
30357.0,2.42,4.44
30358.0,2.42,4.44
30358.0,2.42,4.44
30359.0,2.42,4.44
30360.0,2.24,4.44
30360.0,2.24,4.44
30361.0,2.24,4.44
30361.0,2.24,4.44
30362.0,2.24,4.44
30363.0,2.24,4.44
30363.0,1.83,4.44
30364.0,1.83,4.44
30364.0,1.83,4.44
30365.0,1.83,4.44
30365.0,1.83,4.44
30366.0,1.79,4.44
30367.0,1.79,4.44
30367.0,1.79,4.44
30368.0,1.79,4.44
30368.0,1.79,4.44
30369.0,2.12,4.44
30370.0,2.12,4.44
30370.0,2.12,4.44
30371.0,2.12,4.44
30371.0,2.12,4.44
30372.0,2.12,4.44
30373.0,2.12,4.44
30373.0,2.12,4.44
30374.0,2.12,4.44
30374.0,2.12,4.44
30375.0,2.12,4.44
30375.0,2.29,4.44
30376.0,2.29,4.44
30377.0,2.29,4.44
30377.0,2.29,4.44
30378.0,2.29,4.44
30378.0,2.35,4.44
30379.0,2.35,4.44
30380.0,2.35,4.44
30380.0,2.35,4.44
30381.0,2.35,4.44
30381.0,2.35,4.44
30382.0,2.21,4.44
30383.0,2.21,4.44
30383.0,2.21,4.44
30384.0,2.21,4.44
30384.0,2.21,4.44
30385.0,2.12,4.44
30385.0,2.11,4.44
30386.0,2.12,4.44
30387.0,2.11,4.44
30387.0,2.12,4.44
30388.0,1.95,4.44
30388.0,1.95,4.44
30389.0,1.95,4.44
30390.0,1.95,4.44
30390.0,1.95,4.44
30391.0,1.95,4.44
30391.0,2.31,4.44
30392.0,2.32,4.44
30392.0,2.31,4.44
30393.0,2.32,4.44
30394.0,2.31,4.44
30394.0,2.53,4.44
30395.0,2.53,4.44
30395.0,2.53,4.44
30396.0,2.53,4.44
30397.0,2.53,4.44
30397.0,2.35,4.44
30398.0,2.35,4.44
30398.0,2.35,4.44
30399.0,2.35,4.44
30400.0,2.35,4.44
30400.0,2.06,4.44
30401.0,2.05,4.44
30401.0,2.06,4.44
30402.0,2.05,4.44
30402.0,2.06,4.44
30403.0,2.05,4.44
30404.0,2.14,4.44
30404.0,2.14,4.44
30405.0,2.14,4.44
30405.0,2.14,4.44
30406.0,2.14,4.44
30407.0,2.1,4.44
30407.0,2.1,4.44
30408.0,2.1,4.44
30408.0,2.1,4.44
30409.0,2.1,4.44
30410.0,2.24,4.44
30410.0,2.24,4.44
30411.0,2.24,4.44
30411.0,2.24,4.44
30412.0,2.24,4.44
30413.0,2.24,4.44
30413.0,2.34,4.44
30414.0,2.34,4.44
30414.0,2.34,4.44
30415.0,2.34,4.44
30415.0,2.34,4.44
30416.0,2.32,4.44
30417.0,2.32,4.44
30417.0,2.32,4.44
30418.0,2.32,4.44
30418.0,2.32,4.44
30419.0,2.27,4.44
30420.0,2.27,4.44
30420.0,2.27,4.44
30421.0,2.27,4.44
30421.0,2.27,4.44
30422.0,2.27,4.44
30422.0,2.02,4.44
30423.0,2.02,4.44
30424.0,2.02,4.44
30424.0,2.02,4.44
30425.0,2.02,4.44
30425.0,1.88,4.44
30426.0,1.88,4.44
30427.0,1.88,4.44
30427.0,1.88,4.44
30428.0,1.88,4.44
30428.0,2.32,4.44
30429.0,2.32,4.44
30430.0,2.32,4.44
30430.0,2.32,4.44
30431.0,2.32,4.44
30431.0,2.32,4.44
30432.0,2.56,4.44
30432.0,2.55,4.44
30433.0,2.56,4.44
30434.0,2.55,4.44
30434.0,2.56,4.44
30435.0,2.44,4.44
30435.0,2.44,4.44
30436.0,2.44,4.44
30437.0,2.44,4.44
30437.0,2.44,4.44
30438.0,2.31,4.44
30438.0,2.31,4.44
30439.0,2.31,4.44
30439.0,2.31,4.44
30440.0,2.31,4.44
30441.0,2.3,4.44
30441.0,2.31,4.44
30442.0,2.3,4.44
30442.0,2.31,4.44
30443.0,2.3,4.44
30444.0,2.31,4.44
30444.0,2.24,4.44
30445.0,2.24,4.44
30445.0,2.24,4.44
30446.0,2.24,4.44
30447.0,2.24,4.44
30447.0,2.19,4.44
30448.0,2.19,4.44
30448.0,2.19,4.44
30449.0,2.19,4.44
30449.0,2.19,4.44
30450.0,2.25,4.44
30451.0,2.25,4.44
30451.0,2.25,4.44
30452.0,2.25,4.44
30452.0,2.25,4.44
30453.0,2.25,4.44
30454.0,2.46,4.44
30454.0,2.46,4.44
30455.0,2.46,4.44
30455.0,2.46,4.44
30456.0,2.46,4.44
30457.0,2.36,4.44
30457.0,2.36,4.44
30458.0,2.36,4.44
30458.0,2.36,4.44
30459.0,2.36,4.44
30459.0,2.34,4.44
30460.0,2.35,4.44
30461.0,2.34,4.44
30461.0,2.35,4.44
30462.0,2.34,4.44
30462.0,2.35,4.44
30463.0,2.27,4.44
30464.0,2.28,4.44
30464.0,2.27,4.44
30465.0,2.28,4.44
30465.0,2.27,4.44
30466.0,2.12,4.44
30466.0,2.11,4.44
30467.0,2.12,4.44
30468.0,2.11,4.44
30468.0,2.12,4.44
30469.0,2.17,4.44
30469.0,2.17,4.44
30470.0,2.17,4.44
30471.0,2.17,4.44
30471.0,2.17,4.44
30472.0,2.17,4.44
30472.0,2.64,4.44
30473.0,2.64,4.44
30473.0,2.64,4.44
30474.0,2.64,4.44
30475.0,2.64,4.44
30475.0,2.61,4.44
30476.0,2.6,4.44
30476.0,2.61,4.44
30477.0,2.6,4.44
30478.0,2.61,4.44
30478.0,2.49,4.44
30479.0,2.49,4.44
30479.0,2.49,4.44
30480.0,2.49,4.44
30481.0,2.49,4.44
30481.0,2.49,4.44
30482.0,2.23,4.44
30482.0,2.23,4.44
30483.0,2.23,4.44
30483.0,2.23,4.44
30484.0,2.23,4.44
30485.0,2.03,4.44
30485.0,2.03,4.44
30486.0,2.03,4.44
30486.0,2.03,4.44
30487.0,2.03,4.44
30488.0,2.21,4.44
30488.0,2.21,4.44
30489.0,2.21,4.44
30489.0,2.21,4.44
30490.0,2.21,4.44
30491.0,2.21,4.44
30491.0,2.58,4.44
30492.0,2.59,4.44
30492.0,2.58,4.44
30493.0,2.59,4.44
30493.0,2.58,4.44
30494.0,2.4,4.44
30495.0,2.4,4.44
30495.0,2.4,4.44
30496.0,2.4,4.44
30496.0,2.4,4.44
30497.0,2.19,4.44
30498.0,2.19,4.44
30498.0,2.19,4.44
30499.0,2.19,4.44
30499.0,2.19,4.44
30500.0,2.19,4.44
30500.0,2.16,4.44
30501.0,2.16,4.44
30502.0,2.16,4.44
30502.0,2.16,4.44
30503.0,2.16,4.44
30503.0,1.93,4.44
30504.0,1.93,4.44
30505.0,1.93,4.44
30505.0,1.93,4.44
30506.0,1.93,4.44
30506.0,2.01,4.44
30507.0,2.02,4.44
30508.0,2.01,4.44
30508.0,2.02,4.44
30509.0,2.01,4.44
30509.0,2.05,4.44
30510.0,2.05,4.44
30511.0,2.05,4.44
30511.0,2.05,4.44
30512.0,2.05,4.44
30512.0,2.05,4.44
30513.0,2.15,4.44
30513.0,2.15,4.44
30514.0,2.15,4.44
30515.0,2.15,4.44
30515.0,2.15,4.44
30516.0,2.7,4.44
30516.0,2.7,4.44
30517.0,2.7,4.44
30518.0,2.7,4.44
30518.0,2.7,4.44
30519.0,2.42,4.44
30519.0,2.42,4.44
30520.0,2.42,4.44
30521.0,2.42,4.44
30521.0,2.42,4.44
30522.0,2.42,4.44
30522.0,1.92,4.44
30523.0,1.92,4.44
30523.0,1.92,4.44
30524.0,1.92,4.44
30525.0,1.92,4.44
30525.0,1.92,4.44
30526.0,1.92,4.44
30526.0,1.92,4.44
30527.0,1.92,4.44
30528.0,1.92,4.44
30528.0,2.33,4.44
30529.0,2.33,4.44
30529.0,2.33,4.44
30530.0,2.33,4.44
30530.0,2.33,4.44
30531.0,2.33,4.44
30532.0,2.49,4.44
30532.0,2.49,4.44
30533.0,2.49,4.44
30533.0,2.49,4.44
30534.0,2.49,4.44
30535.0,2.53,4.44
30535.0,2.53,4.44
30536.0,2.53,4.44
30536.0,2.53,4.44
30537.0,2.53,4.44
30538.0,2.29,4.44
30538.0,2.28,4.44
30539.0,2.29,4.44
30539.0,2.28,4.44
30540.0,2.29,4.44
30540.0,2.28,4.44
30541.0,2.2,4.44
30542.0,2.2,4.44
30542.0,2.2,4.44
30543.0,2.2,4.44
30543.0,2.2,4.44
30544.0,2.29,4.44
30545.0,2.3,4.44
30545.0,2.29,4.44
30546.0,2.3,4.44
30546.0,2.29,4.44
30547.0,2.13,4.44
30547.0,2.13,4.44
30548.0,2.13,4.44
30549.0,2.13,4.44
30549.0,2.13,4.44
30550.0,2.13,4.44
30550.0,2.34,4.44
30551.0,2.34,4.44
30552.0,2.34,4.44
30552.0,2.34,4.44
30553.0,2.34,4.44
30553.0,2.49,4.44
30554.0,2.49,4.44
30555.0,2.49,4.44
30555.0,2.49,4.44
30556.0,2.49,4.44
30556.0,2.39,4.44
30557.0,2.39,4.44
30557.0,2.39,4.44
30558.0,2.39,4.44
30559.0,2.39,4.44
30559.0,2.22,4.44
30560.0,2.22,4.44
30560.0,2.22,4.44
30561.0,2.22,4.44
30562.0,2.22,4.44
30562.0,2.22,4.44
30563.0,1.7,4.44
30563.0,1.7,4.44
30564.0,1.7,4.44
30565.0,1.7,4.44
30565.0,1.7,4.44
30566.0,1.93,4.44
30566.0,1.93,4.44
30567.0,1.93,4.44
30567.0,1.93,4.44
30568.0,1.93,4.44
30569.0,2.58,4.44
30569.0,2.58,4.44
30570.0,2.58,4.44
30570.0,2.58,4.44
30571.0,2.58,4.44
30572.0,2.58,4.44
30572.0,2.59,4.44
30573.0,2.59,4.44
30573.0,2.59,4.44
30574.0,2.59,4.44
30574.0,2.59,4.44
30575.0,2.42,4.44
30576.0,2.42,4.44
30576.0,2.42,4.44
30577.0,2.42,4.44
30577.0,2.42,4.44
30578.0,2.39,4.44
30579.0,2.39,4.44
30579.0,2.39,4.44
30580.0,2.39,4.44
30580.0,2.39,4.44
30581.0,2.39,4.44
30581.0,2.21,4.44
30582.0,2.21,4.44
30583.0,2.21,4.44
30583.0,2.21,4.44
30584.0,2.21,4.44
30584.0,2.16,4.44
30585.0,2.16,4.44
30586.0,2.16,4.44
30586.0,2.16,4.44
30587.0,2.16,4.44
30587.0,2.34,4.44
30588.0,2.35,4.44
30589.0,2.34,4.44
30589.0,2.35,4.44
30590.0,2.34,4.44
30590.0,2.35,4.44
30591.0,2.51,4.44
30591.0,2.51,4.44
30592.0,2.51,4.44
30593.0,2.51,4.44
30593.0,2.51,4.44
30594.0,2.65,4.44
30594.0,2.65,4.44
30595.0,2.65,4.44
30596.0,2.65,4.44
30596.0,2.65,4.44
30597.0,2.48,4.44
30597.0,2.48,4.44
30598.0,2.48,4.44
30599.0,2.48,4.44
30599.0,2.48,4.44
30600.0,2.48,4.44
30600.0,2.32,4.44
30601.0,2.32,4.44
30601.0,2.32,4.44
30602.0,2.32,4.44
30603.0,2.32,4.44
30603.0,1.97,4.44
30604.0,1.97,4.44
30604.0,1.97,4.44
30605.0,1.97,4.44
30606.0,1.97,4.44
30606.0,1.89,4.44
30607.0,1.89,4.44
30607.0,1.89,4.44
30608.0,1.89,4.44
30609.0,1.89,4.44
30609.0,2.33,4.44
30610.0,2.32,4.44
30610.0,2.33,4.44
30611.0,2.32,4.44
30612.0,2.33,4.44
30612.0,2.32,4.44
30613.0,2.46,4.44
30613.0,2.46,4.44
30614.0,2.46,4.44
30614.0,2.46,4.44
30615.0,2.46,4.44
30616.0,2.42,4.44
30616.0,2.42,4.44
30617.0,2.42,4.44
30617.0,2.42,4.44
30618.0,2.42,4.44
30619.0,2.15,4.44
30619.0,2.15,4.44
30620.0,2.15,4.44
30620.0,2.15,4.44
30621.0,2.15,4.44
30621.0,2.15,4.44
30622.0,2.24,4.44
30623.0,2.24,4.44
30623.0,2.24,4.44
30624.0,2.24,4.44
30624.0,2.24,4.44
30625.0,2.22,4.44
30626.0,2.22,4.44
30626.0,2.22,4.44
30627.0,2.22,4.44
30627.0,2.22,4.44
30628.0,2.07,4.44
30629.0,2.07,4.44
30629.0,2.07,4.44
30630.0,2.07,4.44
30630.0,2.07,4.44
30631.0,2.07,4.44
30631.0,2.24,4.44
30632.0,2.24,4.44
30633.0,2.24,4.44
30633.0,2.24,4.44
30634.0,2.24,4.44
30634.0,2.73,4.44
30635.0,2.73,4.44
30636.0,2.73,4.44
30636.0,2.73,4.44
30637.0,2.73,4.44
30637.0,2.72,4.44
30638.0,2.72,4.44
30638.0,2.72,4.44
30639.0,2.72,4.44
30640.0,2.72,4.44
30640.0,2.72,4.44
30641.0,2.09,4.44
30641.0,2.09,4.44
30642.0,2.09,4.44
30643.0,2.09,4.44
30643.0,2.09,4.44
30644.0,1.92,4.44
30644.0,1.92,4.44
30645.0,1.92,4.44
30646.0,1.92,4.44
30646.0,1.92,4.44
30647.0,2.12,4.44
30647.0,2.12,4.44
30648.0,2.12,4.44
30648.0,2.12,4.44
30649.0,2.12,4.44
30650.0,2.12,4.44
30650.0,2.35,4.44
30651.0,2.35,4.44
30651.0,2.35,4.44
30652.0,2.35,4.44
30653.0,2.35,4.44
30653.0,2.37,4.44
30654.0,2.37,4.44
30654.0,2.37,4.44
30655.0,2.37,4.44
30655.0,2.37,4.44
30656.0,2.42,4.44
30657.0,2.42,4.44
30657.0,2.42,4.44
30658.0,2.42,4.44
30658.0,2.42,4.44
30659.0,2.42,4.44
30660.0,2.28,4.44
30660.0,2.28,4.44
30661.0,2.28,4.44
30661.0,2.28,4.44
30662.0,2.28,4.44
30663.0,2.14,4.44
30663.0,2.14,4.44
30664.0,2.14,4.44
30664.0,2.14,4.44
30665.0,2.14,4.44
30665.0,2.07,4.44
30666.0,2.06,4.44
30667.0,2.07,4.44
30667.0,2.06,4.44
30668.0,2.07,4.44
30668.0,2.22,4.44
30669.0,2.22,4.44
30670.0,2.22,4.44
30670.0,2.22,4.44
30671.0,2.22,4.44
30671.0,2.22,4.44
30672.0,2.49,4.44
30673.0,2.49,4.44
30673.0,2.49,4.44
30674.0,2.49,4.44
30674.0,2.49,4.44
30675.0,2.63,4.44
30675.0,2.63,4.44
30676.0,2.63,4.44
30677.0,2.63,4.44
30677.0,2.63,4.44
30678.0,2.5,4.44
30678.0,2.5,4.44
30679.0,2.5,4.44
30680.0,2.5,4.44
30680.0,2.5,4.44
30681.0,2.5,4.44
30681.0,2.14,4.44
30682.0,2.14,4.44
30682.0,2.14,4.44
30683.0,2.14,4.44
30684.0,2.14,4.44
30684.0,1.87,4.44
30685.0,1.86,4.44
30685.0,1.87,4.44
30686.0,1.86,4.44
30687.0,1.87,4.44
30687.0,2.13,4.44
30688.0,2.13,4.44
30688.0,2.13,4.44
30689.0,2.13,4.44
30690.0,2.13,4.44
30690.0,2.13,4.44
30691.0,2.48,4.44
30691.0,2.48,4.44
30692.0,2.48,4.44
30692.0,2.48,4.44
30693.0,2.48,4.44
30694.0,2.49,4.44
30694.0,2.49,4.44
30695.0,2.49,4.44
30695.0,2.49,4.44
30696.0,2.49,4.44
30697.0,2.66,4.44
30697.0,2.66,4.44
30698.0,2.66,4.44
30698.0,2.66,4.44
30699.0,2.66,4.44
30699.0,2.66,4.44
30700.0,2.52,4.44
30701.0,2.52,4.44
30701.0,2.52,4.44
30702.0,2.52,4.44
30702.0,2.52,4.44
30703.0,2.19,4.44
30704.0,2.19,4.44
30704.0,2.19,4.44
30705.0,2.19,4.44
30705.0,2.19,4.44
30706.0,2.09,4.44
30707.0,2.09,4.44
30707.0,2.09,4.44
30708.0,2.09,4.44
30708.0,2.09,4.44
30709.0,2.05,4.44
30710.0,2.05,4.44
30710.0,2.05,4.44
30711.0,2.05,4.44
30711.0,2.05,4.44
30712.0,2.05,4.44
30712.0,2.37,4.44
30713.0,2.36,4.44
30714.0,2.37,4.44
30714.0,2.36,4.44
30715.0,2.37,4.44
30715.0,2.52,4.44
30716.0,2.52,4.44
30717.0,2.52,4.44
30717.0,2.52,4.44
30718.0,2.52,4.44
30718.0,2.37,4.44
30719.0,2.36,4.44
30720.0,2.37,4.44
30720.0,2.36,4.44
30721.0,2.37,4.44
30721.0,2.36,4.44
30722.0,2.12,4.44
30722.0,2.12,4.44
30723.0,2.12,4.44
30724.0,2.12,4.44
30724.0,2.12,4.44
30725.0,2.14,4.44
30725.0,2.14,4.44
30726.0,2.14,4.44
30727.0,2.14,4.44
30727.0,2.14,4.44
30728.0,2.16,4.44
30728.0,2.16,4.44
30729.0,2.16,4.44
30729.0,2.16,4.44
30730.0,2.16,4.44
30731.0,2.16,4.44
30731.0,2.43,4.44
30732.0,2.43,4.44
30732.0,2.43,4.44
30733.0,2.43,4.44
30734.0,2.43,4.44
30734.0,2.47,4.44
30735.0,2.47,4.44
30735.0,2.47,4.44
30736.0,2.47,4.44
30737.0,2.47,4.44
30737.0,2.36,4.44
30738.0,2.35,4.44
30738.0,2.36,4.44
30739.0,2.35,4.44
30739.0,2.36,4.44
30740.0,2.35,4.44
30741.0,2.27,4.44
30741.0,2.27,4.44
30742.0,2.27,4.44
30742.0,2.27,4.44
30743.0,2.27,4.44
30744.0,2.17,4.44
30744.0,2.17,4.44
30745.0,2.17,4.44
30745.0,2.17,4.44
30746.0,2.17,4.44
30747.0,2.08,4.44
30747.0,2.08,4.44
30748.0,2.08,4.44
30748.0,2.08,4.44
30749.0,2.08,4.44
30749.0,2.08,4.44
30750.0,2.2,4.44
30751.0,2.2,4.44
30751.0,2.2,4.44
30752.0,2.2,4.44
30752.0,2.2,4.44
30753.0,2.45,4.44
30754.0,2.45,4.44
30754.0,2.45,4.44
30755.0,2.45,4.44
30755.0,2.45,4.44
30756.0,2.44,4.44
30756.0,2.44,4.44
30757.0,2.44,4.44
30758.0,2.44,4.44
30758.0,2.44,4.44
30759.0,2.44,4.44
30759.0,2.47,4.44
30760.0,2.47,4.44
30761.0,2.47,4.44
30761.0,2.47,4.44
30762.0,2.47,4.44
30762.0,2.37,4.44
30763.0,2.37,4.44
30763.0,2.37,4.44
30764.0,2.37,4.44
30765.0,2.37,4.44
30765.0,2.19,4.44
30766.0,2.19,4.44
30766.0,2.19,4.44
30767.0,2.19,4.44
30768.0,2.19,4.44
30768.0,2.19,4.44
30769.0,2.04,4.44
30769.0,2.03,4.44
30770.0,2.04,4.44
30771.0,2.03,4.44
30771.0,2.04,4.44
30772.0,2.51,4.44
30772.0,2.51,4.44
30773.0,2.51,4.44
30773.0,2.51,4.44
30774.0,2.51,4.44
30775.0,2.32,4.44
30775.0,2.32,4.44
30776.0,2.32,4.44
30776.0,2.32,4.44
30777.0,2.32,4.44
30778.0,2.32,4.44
30778.0,2.39,4.44
30779.0,2.39,4.44
30779.0,2.39,4.44
30780.0,2.39,4.44
30781.0,2.39,4.44
30781.0,2.17,4.44
30782.0,2.17,4.44
30782.0,2.17,4.44
30783.0,2.17,4.44
30783.0,2.17,4.44
30784.0,2.14,4.44
30785.0,2.14,4.44
30785.0,2.14,4.44
30786.0,2.14,4.44
30786.0,2.14,4.44
30787.0,2.32,4.44
30788.0,2.32,4.44
30788.0,2.32,4.44
30789.0,2.32,4.44
30789.0,2.32,4.44
30790.0,2.32,4.44
30790.0,2.25,4.44
30791.0,2.26,4.44
30792.0,2.25,4.44
30792.0,2.26,4.44
30793.0,2.25,4.44
30793.0,2.38,4.44
30794.0,2.38,4.44
30795.0,2.38,4.44
30795.0,2.38,4.44
30796.0,2.38,4.44
30796.0,2.35,4.44
30797.0,2.35,4.44
30798.0,2.35,4.44
30798.0,2.35,4.44
30799.0,2.35,4.44
30799.0,2.35,4.44
30800.0,1.92,4.44
30800.0,1.92,4.44
30801.0,1.92,4.44
30802.0,1.92,4.44
30802.0,1.92,4.44
30803.0,1.86,4.44
30803.0,1.86,4.44
30804.0,1.86,4.44
30805.0,1.86,4.44
30805.0,1.86,4.44
30806.0,2.15,4.44
30806.0,2.15,4.44
30807.0,2.15,4.44
30807.0,2.15,4.44
30808.0,2.15,4.44
30809.0,2.15,4.44
30809.0,2.13,4.44
30810.0,2.13,4.44
30811.0,2.13,4.44
30811.0,2.13,4.44
30812.0,2.13,4.44
30812.0,2.0,4.44
30813.0,2.0,4.44
30813.0,2.0,4.44
30814.0,2.0,4.44
30815.0,2.0,4.44
30815.0,2.11,4.44
30816.0,2.12,4.44
30816.0,2.11,4.44
30817.0,2.12,4.44
30818.0,2.11,4.44
30818.0,2.36,4.44
30819.0,2.36,4.44
30819.0,2.36,4.44
30820.0,2.36,4.44
30820.0,2.36,4.44
30821.0,2.36,4.44
30822.0,2.45,4.44
30822.0,2.45,4.44
30823.0,2.45,4.44
30823.0,2.45,4.44
30824.0,2.45,4.44
30825.0,2.37,4.44
30825.0,2.37,4.44
30826.0,2.37,4.44
30826.0,2.37,4.44
30827.0,2.37,4.44
30828.0,2.32,4.44
30828.0,2.31,4.44
30829.0,2.32,4.44
30829.0,2.31,4.44
30830.0,2.32,4.44
30830.0,2.31,4.44
30831.0,2.48,4.44
30832.0,2.48,4.44
30832.0,2.48,4.44
30833.0,2.48,4.44
30833.0,2.48,4.44
30834.0,2.64,4.44
30835.0,2.64,4.44
30835.0,2.64,4.44
30836.0,2.64,4.44
30836.0,2.64,4.44
30837.0,2.46,4.44
30837.0,2.46,4.44
30838.0,2.46,4.44
30839.0,2.46,4.44
30839.0,2.46,4.44
30840.0,2.46,4.44
30840.0,2.09,4.44
30841.0,2.08,4.44
30842.0,2.09,4.44
30842.0,2.08,4.44
30843.0,2.09,4.44
30843.0,1.97,4.44
30844.0,1.97,4.44
30845.0,1.97,4.44
30845.0,1.97,4.44
30846.0,1.97,4.44
30846.0,2.04,4.44
30847.0,2.04,4.44
30847.0,2.04,4.44
30848.0,2.04,4.44
30849.0,2.04,4.44
30849.0,2.04,4.44
30850.0,2.24,4.44
30850.0,2.24,4.44
30851.0,2.24,4.44
30852.0,2.24,4.44
30852.0,2.24,4.44
30853.0,2.25,4.44
