Time,Forces,Platform Position
3485.0,-1.05,0.0
3486.0,-1.05,0.0
3486.0,-1.18,0.0
3487.0,-1.19,0.0
3487.0,-1.18,0.0
3488.0,-1.19,0.0
3489.0,-1.18,0.0
3489.0,-1.19,0.0
3490.0,-1.23,0.0
3490.0,-1.23,0.0
3491.0,-1.23,0.0
3491.0,-1.23,0.0
3492.0,-1.23,0.0
3493.0,-0.66,0.0
3493.0,-0.66,0.0
3494.0,-0.66,0.0
3495.0,-0.66,0.0
3495.0,-0.66,0.0
3496.0,-0.61,0.0
3496.0,-0.61,0.0
3497.0,-0.61,0.0
3497.0,-0.61,0.0
3498.0,-0.61,0.0
3499.0,-0.61,0.0
3499.0,-0.8,0.0
3500.0,-0.8,0.0
3500.0,-0.8,0.0
3501.0,-0.8,0.0
3502.0,-0.8,0.0
3502.0,-1.01,0.0
3503.0,-1.01,0.0
3503.0,-1.01,0.0
3504.0,-1.01,0.0
3505.0,-1.01,0.0
3505.0,-1.12,0.0
3506.0,-1.13,0.0
3506.0,-1.12,0.0
3507.0,-1.13,0.0
3507.0,-1.12,0.0
3508.0,-1.13,0.0
3509.0,-1.08,0.0
3509.0,-1.08,0.0
3510.0,-1.08,0.0
3510.0,-1.08,0.0
3511.0,-1.08,0.0
3512.0,-0.74,0.0
3512.0,-0.74,0.0
3513.0,-0.74,0.0
3513.0,-0.74,0.0
3514.0,-0.74,0.0
3514.0,-0.64,0.0
3515.0,-0.64,0.0
3516.0,-0.64,0.0
3516.0,-0.64,0.0
3517.0,-0.64,0.0
3517.0,-0.73,0.0
3518.0,-0.73,0.0
3519.0,-0.73,0.0
3519.0,-0.73,0.0
3520.0,-0.73,0.0
3520.0,-0.73,0.0
3521.0,-0.78,0.0
3521.0,-0.77,0.0
3522.0,-0.78,0.0
3523.0,-0.77,0.0
3523.0,-0.78,0.0
3524.0,-0.94,0.0
3524.0,-0.94,0.0
3525.0,-0.94,0.0
3526.0,-0.94,0.0
3526.0,-0.94,0.0
3527.0,-0.96,0.0
3527.0,-0.95,0.0
3528.0,-0.96,0.0
3529.0,-0.95,0.0
3529.0,-0.96,0.0
3530.0,-0.95,0.0
3530.0,-0.78,0.0
3531.0,-0.78,0.0
3531.0,-0.78,0.0
3532.0,-0.78,0.0
3533.0,-0.78,0.0
3533.0,-0.48,0.0
3534.0,-0.48,0.0
3534.0,-0.48,0.0
3535.0,-0.48,0.0
3536.0,-0.48,0.0
3536.0,-0.71,0.0
3537.0,-0.71,0.0
3537.0,-0.71,0.0
3538.0,-0.71,0.0
3539.0,-0.71,0.0
3539.0,-0.71,0.0
3540.0,-0.66,0.0
3540.0,-0.66,0.0
3541.0,-0.66,0.0
3541.0,-0.66,0.0
3542.0,-0.66,0.0
3543.0,-0.59,0.0
3543.0,-0.59,0.0
3544.0,-0.59,0.0
3544.0,-0.59,0.0
3545.0,-0.59,0.0
3546.0,-0.87,0.0
3546.0,-0.87,0.0
3547.0,-0.87,0.0
3547.0,-0.87,0.0
3548.0,-0.87,0.0
3548.0,-0.87,0.0
3549.0,-0.83,0.0
3550.0,-0.82,0.0
3550.0,-0.83,0.0
3551.0,-0.82,0.0
3551.0,-0.83,0.0
3552.0,-0.77,0.0
3553.0,-0.77,0.0
3553.0,-0.77,0.0
3554.0,-0.77,0.0
3554.0,-0.77,0.0
3555.0,-0.68,0.0
3556.0,-0.68,0.0
3556.0,-0.68,0.0
3557.0,-0.68,0.0
3557.0,-0.68,0.0
3558.0,-0.68,0.0
3558.0,-0.67,0.0
3559.0,-0.67,0.0
3560.0,-0.67,0.0
3560.0,-0.67,0.0
3561.0,-0.67,0.0
3561.0,-1.11,0.0
3562.0,-1.11,0.0
3563.0,-1.11,0.0
3563.0,-1.11,0.0
3564.0,-1.11,0.0
3564.0,-1.15,0.0
3565.0,-1.15,0.0
3565.0,-1.15,0.0
3566.0,-1.15,0.0
3567.0,-1.15,0.0
3567.0,-1.15,0.0
3568.0,-0.82,0.0
3568.0,-0.81,0.0
3569.0,-0.82,0.0
3570.0,-0.81,0.0
3570.0,-0.82,0.0
3571.0,-0.85,0.0
3571.0,-0.85,0.0
3572.0,-0.85,0.0
3573.0,-0.85,0.0
3573.0,-0.85,0.0
3574.0,-0.62,0.0
3574.0,-0.62,0.0
3575.0,-0.62,0.0
3575.0,-0.62,0.0
3576.0,-0.62,0.0
3577.0,-0.62,0.0
3577.0,-0.68,0.0
3578.0,-0.68,0.0
3578.0,-0.68,0.0
3579.0,-0.68,0.0
3580.0,-0.68,0.0
3580.0,-0.99,0.0
3581.0,-0.99,0.0
3581.0,-0.99,0.0
3582.0,-0.99,0.0
3582.0,-0.99,0.0
3583.0,-1.08,0.0
3584.0,-1.08,0.0
3584.0,-1.08,0.0
3585.0,-1.08,0.0
3585.0,-1.08,0.0
3586.0,-1.08,0.0
3587.0,-1.06,0.0
3587.0,-1.06,0.0
3588.0,-1.06,0.0
3588.0,-1.06,0.0
3589.0,-1.06,0.0
3590.0,-0.81,0.0
3590.0,-0.81,0.0
3591.0,-0.81,0.0
3591.0,-0.81,0.0
3592.0,-0.81,0.0
3592.0,-0.53,0.0
3593.0,-0.53,0.0
3594.0,-0.53,0.0
3594.0,-0.53,0.0
3595.0,-0.53,0.0
3595.0,-0.47,0.0
3596.0,-0.48,0.0
3597.0,-0.47,0.0
3597.0,-0.48,0.0
3598.0,-0.47,0.0
3598.0,-0.48,0.0
3599.0,-0.67,0.0
3600.0,-0.67,0.0
3600.0,-0.67,0.0
3601.0,-0.67,0.0
3601.0,-0.67,0.0
3602.0,-1.0,0.0
3603.0,-1.0,0.0
3603.0,-1.0,0.0
3604.0,-1.0,0.0
3604.0,-1.0,0.0
3605.0,-0.91,0.0
3605.0,-0.91,0.0
3606.0,-0.91,0.0
3607.0,-0.91,0.0
3607.0,-0.91,0.0
3608.0,-0.91,0.0
3608.0,-0.98,0.0
3609.0,-0.98,0.0
3610.0,-0.98,0.0
3610.0,-0.98,0.0
3611.0,-0.98,0.0
3611.0,-1.05,0.0
3612.0,-1.05,0.0
3613.0,-1.05,0.0
3613.0,-1.05,0.0
3614.0,-1.05,0.0
3614.0,-0.56,0.0
3615.0,-0.56,0.0
3615.0,-0.56,0.0
3616.0,-0.56,0.0
3617.0,-0.56,0.0
3617.0,-0.56,0.0
3618.0,-0.47,0.0
3618.0,-0.47,0.0
3619.0,-0.47,0.0
3620.0,-0.47,0.0
3620.0,-0.47,0.0
3621.0,-0.68,0.0
3621.0,-0.68,0.0
3622.0,-0.68,0.0
3622.0,-0.68,0.0
3623.0,-0.68,0.0
3624.0,-1.03,0.0
3624.0,-1.03,0.0
3625.0,-1.03,0.0
3625.0,-1.03,0.0
3626.0,-1.03,0.0
3627.0,-1.03,0.0
3627.0,-1.0,0.0
3628.0,-1.0,0.0
3628.0,-1.0,0.0
3629.0,-1.0,0.0
3629.0,-1.0,0.0
3630.0,-0.82,0.0
3631.0,-0.82,0.0
3631.0,-0.82,0.0
3632.0,-0.82,0.0
3632.0,-0.82,0.0
3633.0,-0.73,0.0
3634.0,-0.73,0.0
3634.0,-0.73,0.0
3635.0,-0.73,0.0
3635.0,-0.73,0.0
3636.0,-0.72,0.0
3637.0,-0.72,0.0
3637.0,-0.72,0.0
3638.0,-0.72,0.0
3638.0,-0.72,0.0
3639.0,-0.72,0.0
3639.0,-0.66,0.0
3640.0,-0.65,0.0
3641.0,-0.66,0.0
3641.0,-0.65,0.0
3642.0,-0.66,0.0
3642.0,-0.79,0.0
3643.0,-0.79,0.0
3644.0,-0.79,0.0
3644.0,-0.79,0.0
3645.0,-0.79,0.0
3645.0,-1.04,0.0
3646.0,-1.03,0.0
3647.0,-1.04,0.0
3647.0,-1.03,0.0
3648.0,-1.04,0.0
3648.0,-1.03,0.0
3649.0,-1.32,0.0
3649.0,-1.32,0.0
3650.0,-1.32,0.0
3651.0,-1.32,0.0
3651.0,-1.32,0.0
3652.0,-0.95,0.0
3652.0,-0.96,0.0
3653.0,-0.95,0.0
3654.0,-0.96,0.0
3654.0,-0.95,0.0
3655.0,-0.69,0.0
3655.0,-0.69,0.0
3656.0,-0.69,0.0
3656.0,-0.69,0.0
3657.0,-0.69,0.0
3658.0,-0.69,0.0
3658.0,-0.78,0.0
3659.0,-0.78,0.0
3659.0,-0.78,0.0
3660.0,-0.78,0.0
3661.0,-0.78,0.0
3661.0,-1.08,0.0
3662.0,-1.08,0.0
3662.0,-1.08,0.0
3663.0,-1.08,0.0
3664.0,-1.08,0.0
3664.0,-1.05,0.0
3665.0,-1.04,0.0
3665.0,-1.05,0.0
3666.0,-1.04,0.0
3666.0,-1.05,0.0
3667.0,-1.04,0.0
3668.0,-1.2,0.0
3668.0,-1.2,0.0
3669.0,-1.2,0.0
3669.0,-1.2,0.0
3670.0,-1.2,0.0
3671.0,-0.86,0.0
3671.0,-0.86,0.0
3672.0,-0.86,0.0
3672.0,-0.86,0.0
3673.0,-0.86,0.0
3673.0,-0.47,0.0
3674.0,-0.47,0.0
3675.0,-0.47,0.0
3675.0,-0.47,0.0
3676.0,-0.47,0.0
3676.0,-0.47,0.0
3677.0,-0.61,0.0
3678.0,-0.61,0.0
3678.0,-0.61,0.0
3679.0,-0.61,0.0
3679.0,-0.61,0.0
3680.0,-0.8,0.0
3681.0,-0.8,0.0
3681.0,-0.8,0.0
3682.0,-0.8,0.0
3682.0,-0.8,0.0
3683.0,-0.92,0.0
3683.0,-0.92,0.0
3684.0,-0.92,0.0
3685.0,-0.92,0.0
3685.0,-0.92,0.0
3686.0,-0.92,0.0
3686.0,-0.99,0.0
3687.0,-0.99,0.0
3688.0,-0.99,0.0
3688.0,-0.99,0.0
3689.0,-0.99,0.0
3689.0,-0.96,0.0
3690.0,-0.96,0.0
3690.0,-0.96,0.0
3691.0,-0.96,0.0
3692.0,-0.96,0.0
3692.0,-0.77,0.0
3693.0,-0.77,0.0
3693.0,-0.77,0.0
3694.0,-0.77,0.0
3695.0,-0.77,0.0
3695.0,-0.66,0.0
3696.0,-0.66,0.0
3696.0,-0.66,0.0
3697.0,-0.66,0.0
3698.0,-0.66,0.0
3698.0,-0.66,0.0
3699.0,-0.73,0.0
3699.0,-0.73,0.0
3700.0,-0.73,0.0
3701.0,-0.73,0.0
3701.0,-0.73,0.0
3702.0,-0.79,0.0
3702.0,-0.79,0.0
3703.0,-0.79,0.0
3703.0,-0.79,0.0
3704.0,-0.79,0.0
3705.0,-0.87,0.0
3705.0,-0.87,0.0
3706.0,-0.87,0.0
3706.0,-0.87,0.0
3707.0,-0.87,0.0
3708.0,-0.87,0.0
3708.0,-0.79,0.0
3709.0,-0.79,0.0
3709.0,-0.79,0.0
3710.0,-0.79,0.0
3711.0,-0.79,0.0
3711.0,-0.64,0.0
3712.0,-0.63,0.0
3712.0,-0.64,0.0
3713.0,-0.63,0.0
3713.0,-0.64,0.0
3714.0,-0.56,0.0
3715.0,-0.56,0.0
3715.0,-0.56,0.0
3716.0,-0.56,0.0
3716.0,-0.56,0.0
3717.0,-0.56,0.0
3718.0,-0.59,0.0
3718.0,-0.59,0.0
3719.0,-0.59,0.0
3719.0,-0.59,0.0
3720.0,-0.59,0.0
3721.0,-0.78,0.0
3721.0,-0.78,0.0
3722.0,-0.78,0.0
3722.0,-0.78,0.0
3723.0,-0.78,0.0
3723.0,-1.03,0.0
3724.0,-1.04,0.0
3725.0,-1.03,0.0
3725.0,-1.04,0.0
3726.0,-1.03,0.0
3726.0,-1.04,0.0
3727.0,-1.12,0.0
3728.0,-1.13,0.0
3728.0,-1.12,0.0
3729.0,-1.13,0.0
3729.0,-1.12,0.0
3730.0,-1.16,0.0
3730.0,-1.16,0.0
3731.0,-1.16,0.0
3732.0,-1.16,0.0
3732.0,-1.16,0.0
3733.0,-0.96,0.0
3733.0,-0.97,0.0
3734.0,-0.96,0.0
3735.0,-0.97,0.0
3735.0,-0.96,0.0
3736.0,-0.97,0.0
3736.0,-0.75,0.0
3737.0,-0.76,0.0
3737.0,-0.75,0.0
3738.0,-0.76,0.0
3739.0,-0.75,0.0
3739.0,-0.72,0.0
3740.0,-0.71,0.0
3740.0,-0.72,0.0
3741.0,-0.71,0.0
3742.0,-0.72,0.0
3742.0,-1.09,0.0
3743.0,-1.09,0.0
3743.0,-1.09,0.0
3744.0,-1.09,0.0
3745.0,-1.09,0.0
3745.0,-1.21,0.0
3746.0,-1.21,0.0
3746.0,-1.21,0.0
3747.0,-1.21,0.0
3747.0,-1.21,0.0
3748.0,-1.21,0.0
3749.0,-1.07,0.0
3749.0,-1.07,0.0
3750.0,-1.07,0.0
3750.0,-1.07,0.0
3751.0,-1.07,0.0
3752.0,-0.75,0.0
3752.0,-0.76,0.0
3753.0,-0.75,0.0
3753.0,-0.76,0.0
3754.0,-0.75,0.0
3755.0,-0.64,0.0
3755.0,-0.64,0.0
3756.0,-0.64,0.0
3756.0,-0.64,0.0
3757.0,-0.64,0.0
3757.0,-0.64,0.0
3758.0,-0.59,0.0
3759.0,-0.59,0.0
3759.0,-0.59,0.0
3760.0,-0.59,0.0
3760.0,-0.59,0.0
3761.0,-0.71,0.0
3762.0,-0.71,0.0
3762.0,-0.71,0.0
3763.0,-0.71,0.0
3763.0,-0.71,0.0
3764.0,-0.93,0.0
3764.0,-0.93,0.0
3765.0,-0.93,0.0
3766.0,-0.93,0.0
3766.0,-0.93,0.0
3767.0,-0.93,0.0
3767.0,-1.06,0.0
3768.0,-1.06,0.0
3769.0,-1.06,0.0
3769.0,-1.06,0.0
3770.0,-1.06,0.0
3770.0,-0.76,0.0
3771.0,-0.76,0.0
3772.0,-0.76,0.0
3772.0,-0.76,0.0
3773.0,-0.76,0.0
3773.0,-0.43,0.0
3774.0,-0.43,0.0
3774.0,-0.43,0.0
3775.0,-0.43,0.0
3776.0,-0.43,0.0
3776.0,-0.43,0.0
3777.0,-0.53,0.0
3777.0,-0.53,0.0
3778.0,-0.53,0.0
3779.0,-0.53,0.0
3779.0,-0.53,0.0
3780.0,-0.53,0.0
3780.0,-0.53,0.0
3781.0,-0.53,0.0
3781.0,-0.53,0.0
3782.0,-0.53,0.0
3783.0,-0.64,0.0
3783.0,-0.63,0.0
3784.0,-0.64,0.0
3784.0,-0.63,0.0
3785.0,-0.64,0.0
3786.0,-0.63,0.0
3786.0,-1.04,0.0
3787.0,-1.03,0.0
3787.0,-1.04,0.0
3788.0,-1.03,0.0
3789.0,-1.04,0.0
3789.0,-0.9,0.0
3790.0,-0.9,0.0
3790.0,-0.9,0.0
3791.0,-0.9,0.0
3791.0,-0.9,0.0
3792.0,-0.62,0.0
3793.0,-0.62,0.0
3793.0,-0.62,0.0
3794.0,-0.62,0.0
3794.0,-0.62,0.0
3795.0,-0.62,0.0
3796.0,-0.66,0.0
3796.0,-0.65,0.0
3797.0,-0.66,0.0
3797.0,-0.65,0.0
3798.0,-0.66,0.0
3799.0,-0.68,0.0
3799.0,-0.68,0.0
3800.0,-0.68,0.0
3800.0,-0.68,0.0
3801.0,-0.68,0.0
3802.0,-0.72,0.0
3802.0,-0.72,0.0
3803.0,-0.72,0.0
3803.0,-0.72,0.0
3804.0,-0.72,0.0
3804.0,-1.22,0.0
3805.0,-1.22,0.0
3806.0,-1.22,0.0
3806.0,-1.22,0.0
3807.0,-1.22,0.0
3807.0,-1.22,0.0
3808.0,-1.17,0.0
3809.0,-1.18,0.0
3809.0,-1.17,0.0
3810.0,-1.18,0.0
3810.0,-1.17,0.0
3811.0,-0.87,0.0
3811.0,-0.87,0.0
3812.0,-0.87,0.0
3813.0,-0.87,0.0
3813.0,-0.87,0.0
3814.0,-0.61,0.0
3814.0,-0.61,0.0
3815.0,-0.61,0.0
3816.0,-0.61,0.0
3816.0,-0.61,0.0
3817.0,-0.61,0.0
3817.0,-0.69,0.0
3818.0,-0.69,0.0
3819.0,-0.69,0.0
3819.0,-0.69,0.0
3820.0,-0.69,0.0
3820.0,-1.0,0.0
3821.0,-1.0,0.0
3821.0,-1.0,0.0
3822.0,-1.0,0.0
3823.0,-1.0,0.0
3823.0,-1.14,0.0
3824.0,-1.14,0.0
3824.0,-1.14,0.0
3825.0,-1.14,0.0
3826.0,-1.14,0.0
3826.0,-1.14,0.0
3827.0,-1.08,0.0
3827.0,-1.08,0.0
3828.0,-1.08,0.0
3829.0,-1.08,0.0
3829.0,-1.08,0.0
3830.0,-0.98,0.0
3830.0,-0.98,0.0
3831.0,-0.98,0.0
3831.0,-0.98,0.0
3832.0,-0.98,0.0
3833.0,-0.68,0.0
3833.0,-0.68,0.0
3834.0,-0.68,0.0
3834.0,-0.68,0.0
3835.0,-0.68,0.0
3836.0,-0.68,0.0
3836.0,-0.56,0.0
3837.0,-0.56,0.0
3837.0,-0.56,0.0
3838.0,-0.56,0.0
3838.0,-0.56,0.0
3839.0,-0.7,0.0
3840.0,-0.7,0.0
3840.0,-0.7,0.0
3841.0,-0.7,0.0
3841.0,-0.7,0.0
3842.0,-0.74,0.0
3843.0,-0.74,0.0
3843.0,-0.74,0.0
3844.0,-0.74,0.0
3844.0,-0.74,0.0
3845.0,-0.74,0.0
3845.0,-0.89,0.0
3846.0,-0.89,0.0
3847.0,-0.89,0.0
3847.0,-0.89,0.0
3848.0,-0.89,0.0
3848.0,-0.95,0.0
3849.0,-0.95,0.0
3850.0,-0.95,0.0
3850.0,-0.95,0.0
3851.0,-0.95,0.0
3851.0,-0.64,0.0
3852.0,-0.64,0.0
3853.0,-0.64,0.0
3853.0,-0.64,0.0
3854.0,-0.64,0.0
3854.0,-0.64,0.0
3855.0,-0.32,0.0
3855.0,-0.33,0.0
3856.0,-0.32,0.0
3857.0,-0.33,0.0
3857.0,-0.32,0.0
3858.0,-0.54,0.0
3858.0,-0.54,0.0
3859.0,-0.54,0.0
3860.0,-0.54,0.0
3860.0,-0.54,0.0
3861.0,-0.78,0.0
3861.0,-0.78,0.0
3862.0,-0.78,0.0
3863.0,-0.78,0.0
3863.0,-0.78,0.0
3864.0,-1.0,0.0
3864.0,-1.0,0.0
3865.0,-1.0,0.0
3865.0,-1.0,0.0
3866.0,-1.0,0.0
3867.0,-1.0,0.0
3867.0,-0.95,0.0
3868.0,-0.95,0.0
3868.0,-0.95,0.0
3869.0,-0.95,0.0
3870.0,-0.95,0.0
3870.0,-0.83,0.0
3871.0,-0.83,0.0
3871.0,-0.83,0.0
3872.0,-0.83,0.0
3872.0,-0.83,0.0
3873.0,-0.59,0.0
3874.0,-0.59,0.0
3874.0,-0.59,0.0
3875.0,-0.59,0.0
3875.0,-0.59,0.0
3876.0,-0.59,0.0
3877.0,-0.53,0.0
3877.0,-0.53,0.0
3878.0,-0.53,0.0
3878.0,-0.53,0.0
3879.0,-0.53,0.0
3880.0,-0.56,0.0
3880.0,-0.56,0.0
3881.0,-0.56,0.0
3881.0,-0.56,0.0
3882.0,-0.56,0.0
3882.0,-0.69,0.0
3883.0,-0.69,0.0
3884.0,-0.69,0.0
3884.0,-0.69,0.0
3885.0,-0.69,0.0
3885.0,-0.69,0.0
3886.0,-1.17,0.0
3887.0,-1.17,0.0
3887.0,-1.17,0.0
3888.0,-1.17,0.0
3888.0,-1.17,0.0
3889.0,-1.03,0.0
3889.0,-1.03,0.0
3890.0,-1.03,0.0
3891.0,-1.03,0.0
3891.0,-1.03,0.0
3892.0,-0.82,0.0
3892.0,-0.82,0.0
3893.0,-0.82,0.0
3894.0,-0.82,0.0
3894.0,-0.82,0.0
3895.0,-0.82,0.0
3895.0,-0.84,0.0
3896.0,-0.83,0.0
3897.0,-0.84,0.0
3897.0,-0.83,0.0
3898.0,-0.84,0.0
3898.0,-0.85,0.0
3899.0,-0.85,0.0
3900.0,-0.85,0.0
3900.0,-0.85,0.0
3901.0,-0.85,0.0
3901.0,-0.83,0.0
3902.0,-0.83,0.0
3902.0,-0.83,0.0
3903.0,-0.83,0.0
3904.0,-0.83,0.0
3904.0,-1.26,0.0
3905.0,-1.27,0.0
3905.0,-1.26,0.0
3906.0,-1.27,0.0
3907.0,-1.26,0.0
3907.0,-1.27,0.0
3908.0,-1.14,0.0
3908.0,-1.15,0.0
3909.0,-1.14,0.0
3910.0,-1.15,0.0
3910.0,-1.14,0.0
3911.0,-0.86,0.0
3911.0,-0.86,0.0
3912.0,-0.86,0.0
3912.0,-0.86,0.0
3913.0,-0.86,0.0
3914.0,-0.65,0.0
3914.0,-0.65,0.0
3915.0,-0.65,0.0
3915.0,-0.65,0.0
3916.0,-0.65,0.0
3917.0,-0.65,0.0
3917.0,-0.57,0.0
3918.0,-0.57,0.0
3918.0,-0.57,0.0
3919.0,-0.57,0.0
3919.0,-0.57,0.0
3920.0,-0.65,0.0
3921.0,-0.64,0.0
3921.0,-0.65,0.0
3922.0,-0.64,0.0
3922.0,-0.65,0.0
3923.0,-0.68,0.0
3924.0,-0.68,0.0
3924.0,-0.68,0.0
3925.0,-0.68,0.0
3925.0,-0.68,0.0
3926.0,-0.68,0.0
3927.0,-0.8,0.0
3927.0,-0.8,0.0
3928.0,-0.8,0.0
3928.0,-0.8,0.0
3929.0,-0.8,0.0
3929.0,-1.0,0.0
3930.0,-1.0,0.0
3931.0,-1.0,0.0
3931.0,-1.0,0.0
3932.0,-1.0,0.0
3932.0,-0.98,0.0
3933.0,-0.98,0.0
3934.0,-0.98,0.0
3934.0,-0.98,0.0
3935.0,-0.98,0.0
3935.0,-0.98,0.0
3936.0,-0.75,0.0
3937.0,-0.76,0.0
3937.0,-0.75,0.0
3938.0,-0.76,0.0
3938.0,-0.75,0.0
3939.0,-0.81,0.0
3939.0,-0.81,0.0
3940.0,-0.81,0.0
3941.0,-0.81,0.0
3941.0,-0.81,0.0
3942.0,-0.95,0.0
3942.0,-0.96,0.0
3943.0,-0.95,0.0
3944.0,-0.96,0.0
3944.0,-0.95,0.0
3945.0,-0.96,0.0
3945.0,-1.09,0.0
3946.0,-1.09,0.0
3946.0,-1.09,0.0
3947.0,-1.09,0.0
3948.0,-1.09,0.0
3948.0,-1.01,0.0
3949.0,-1.01,0.0
3949.0,-1.01,0.0
3950.0,-1.01,0.0
3951.0,-1.01,0.0
3951.0,-0.84,0.0
3952.0,-0.84,0.0
3952.0,-0.84,0.0
3953.0,-0.84,0.0
3953.0,-0.84,0.0
3954.0,-0.84,0.0
3955.0,-0.72,0.0
3955.0,-0.72,0.0
3956.0,-0.72,0.0
3956.0,-0.72,0.0
3957.0,-0.72,0.0
3958.0,-0.77,0.0
3958.0,-0.76,0.0
3959.0,-0.77,0.0
3959.0,-0.76,0.0
3960.0,-0.77,0.0
3961.0,-0.82,0.0
3961.0,-0.82,0.0
3962.0,-0.82,0.0
3962.0,-0.82,0.0
3963.0,-0.82,0.0
3963.0,-0.82,0.0
3964.0,-1.26,0.0
3965.0,-1.27,0.0
3965.0,-1.26,0.0
3966.0,-1.27,0.0
3966.0,-1.26,0.0
3967.0,-1.14,0.0
3968.0,-1.14,0.0
3968.0,-1.14,0.0
3969.0,-1.14,0.0
3969.0,-1.14,0.0
3970.0,-0.96,0.0
3971.0,-0.96,0.0
3971.0,-0.96,0.0
3972.0,-0.96,0.0
3972.0,-0.96,0.0
3973.0,-0.86,0.0
3973.0,-0.86,0.0
3974.0,-0.86,0.0
3975.0,-0.86,0.0
3975.0,-0.86,0.0
3976.0,-0.86,0.0
3976.0,-0.73,0.0
3977.0,-0.73,0.0
3978.0,-0.73,0.0
3978.0,-0.73,0.0
3979.0,-0.73,0.0
3979.0,-0.87,0.0
3980.0,-0.87,0.0
3980.0,-0.87,0.0
3981.0,-0.87,0.0
3982.0,-0.87,0.0
3982.0,-1.0,0.0
3983.0,-1.0,0.0
3983.0,-1.0,0.0
3984.0,-1.0,0.0
3985.0,-1.0,0.0
3985.0,-1.0,0.0
3986.0,-1.07,0.0
3986.0,-1.07,0.0
3987.0,-1.07,0.0
3988.0,-1.07,0.0
3988.0,-1.07,0.0
3989.0,-1.09,0.0
3989.0,-1.09,0.0
3990.0,-1.09,0.0
3990.0,-1.09,0.0
3991.0,-1.09,0.0
3992.0,-0.93,0.0
3992.0,-0.93,0.0
3993.0,-0.93,0.0
3993.0,-0.93,0.0
3994.0,-0.93,0.0
3995.0,-0.93,0.0
3995.0,-0.6,0.0
3996.0,-0.6,0.0
3996.0,-0.6,0.0
3997.0,-0.6,0.0
3997.0,-0.6,0.0
3998.0,-0.55,0.0
3999.0,-0.55,0.0
3999.0,-0.55,0.0
4000.0,-0.55,0.0
4001.0,-0.55,0.0
4001.0,-0.83,0.0
4002.0,-0.83,0.0
4002.0,-0.83,0.0
4003.0,-0.83,0.0
4003.0,-0.83,0.0
4004.0,-0.83,0.0
4005.0,-1.0,0.0
4005.0,-1.0,0.0
4006.0,-1.0,0.0
4006.0,-1.0,0.0
4007.0,-1.0,0.0
4008.0,-0.76,0.0
4008.0,-0.77,0.0
4009.0,-0.76,0.0
4009.0,-0.77,0.0
4010.0,-0.76,0.0
4010.0,-0.72,0.0
4011.0,-0.71,0.0
4012.0,-0.72,0.0
4012.0,-0.71,0.0
4013.0,-0.72,0.0
4013.0,-0.43,0.0
4014.0,-0.43,0.0
4015.0,-0.43,0.0
4015.0,-0.43,0.0
4016.0,-0.43,0.0
4016.0,-0.43,0.0
4017.0,-0.3,0.0
4018.0,-0.3,0.0
4018.0,-0.3,0.0
4019.0,-0.3,0.0
4019.0,-0.3,0.0
4020.0,-0.71,0.0
4020.0,-0.71,0.0
4021.0,-0.71,0.0
4022.0,-0.71,0.0
4022.0,-0.71,0.0
4023.0,-0.98,0.0
4023.0,-0.98,0.0
4024.0,-0.98,0.0
4025.0,-0.98,0.0
4025.0,-0.98,0.0
4026.0,-0.98,0.0
4026.0,-1.08,0.0
4027.0,-1.08,0.0
4027.0,-1.08,0.0
4028.0,-1.08,0.0
4029.0,-1.08,0.0
4029.0,-1.0,0.0
4030.0,-1.0,0.0
4030.0,-1.0,0.0
4031.0,-1.0,0.0
4032.0,-1.0,0.0
4032.0,-0.63,0.0
4033.0,-0.64,0.0
4033.0,-0.63,0.0
4034.0,-0.64,0.0
4035.0,-0.63,0.0
4035.0,-0.64,0.0
4036.0,-0.52,0.0
4036.0,-0.52,0.0
4037.0,-0.52,0.0
4037.0,-0.52,0.0
4038.0,-0.52,0.0
4039.0,-0.68,0.0
4039.0,-0.68,0.0
4040.0,-0.68,0.0
4040.0,-0.68,0.0
4041.0,-0.68,0.0
4042.0,-0.91,0.0
4042.0,-0.91,0.0
4043.0,-0.91,0.0
4043.0,-0.91,0.0
4044.0,-0.91,0.0
4045.0,-0.91,0.0
4045.0,-1.2,0.0
4046.0,-1.2,0.0
4046.0,-1.2,0.0
4047.0,-1.2,0.0
4047.0,-1.2,0.0
4048.0,-1.16,0.0
4049.0,-1.16,0.0
4049.0,-1.16,0.0
4050.0,-1.16,0.0
4050.0,-1.16,0.0
4051.0,-1.02,0.0
4052.0,-1.03,0.0
4052.0,-1.02,0.0
4053.0,-1.03,0.0
4053.0,-1.02,0.0
4054.0,-1.03,0.0
4054.0,-0.72,0.0
4055.0,-0.72,0.0
4056.0,-0.72,0.0
4056.0,-0.72,0.0
4057.0,-0.72,0.0
4057.0,-0.79,0.0
4058.0,-0.79,0.0
4059.0,-0.79,0.0
4059.0,-0.79,0.0
4060.0,-0.79,0.0
4060.0,-0.71,0.0
4061.0,-0.71,0.0
4061.0,-0.71,0.0
4062.0,-0.71,0.0
4063.0,-0.71,0.0
4063.0,-0.71,0.0
4064.0,-1.15,0.0
4064.0,-1.16,0.0
4065.0,-1.15,0.0
4066.0,-1.16,0.0
4066.0,-1.15,0.0
4067.0,-1.27,0.0
4067.0,-1.26,0.0
4068.0,-1.27,0.0
4069.0,-1.26,0.0
4069.0,-1.27,0.0
4070.0,-0.99,0.0
4070.0,-0.99,0.0
4071.0,-0.99,0.0
4071.0,-0.99,0.0
4072.0,-0.99,0.0
4073.0,-0.99,0.0
4073.0,-0.64,0.0
4074.0,-0.65,0.0
4074.0,-0.64,0.0
4075.0,-0.65,0.0
4076.0,-0.64,0.0
4076.0,-0.6,0.0
4077.0,-0.6,0.0
4077.0,-0.6,0.0
4078.0,-0.6,0.0
4079.0,-0.6,0.0
4079.0,-0.8,0.0
4080.0,-0.8,0.0
4080.0,-0.8,0.0
4081.0,-0.8,0.0
4081.0,-0.8,0.0
4082.0,-1.0,0.0
4083.0,-1.0,0.0
4083.0,-1.0,0.0
4084.0,-1.0,0.0
4084.0,-1.0,0.0
4085.0,-1.0,0.0
4086.0,-1.04,0.0
4086.0,-1.04,0.0
4087.0,-1.04,0.0
4087.0,-1.04,0.0
4088.0,-1.04,0.0
4088.0,-0.97,0.0
4089.0,-0.97,0.0
4090.0,-0.97,0.0
4090.0,-0.97,0.0
4091.0,-0.97,0.0
4091.0,-0.85,0.0
4092.0,-0.85,0.0
4093.0,-0.85,0.0
4093.0,-0.85,0.0
4094.0,-0.85,0.0
4094.0,-0.85,0.0
4095.0,-0.65,0.0
4096.0,-0.64,0.0
4096.0,-0.65,0.0
4097.0,-0.64,0.0
4097.0,-0.65,0.0
4098.0,-0.58,0.0
4098.0,-0.59,0.0
4099.0,-0.58,0.0
4100.0,-0.59,0.0
4100.0,-0.58,0.0
4101.0,-0.89,0.0
4101.0,-0.89,0.0
4102.0,-0.89,0.0
4103.0,-0.89,0.0
4103.0,-0.89,0.0
4104.0,-0.89,0.0
4104.0,-0.98,0.0
4105.0,-0.98,0.0
4106.0,-0.98,0.0
4106.0,-0.98,0.0
4107.0,-0.98,0.0
4107.0,-1.11,0.0
4108.0,-1.11,0.0
4109.0,-1.11,0.0
4109.0,-1.11,0.0
4110.0,-1.11,0.0
4110.0,-1.02,0.0
4111.0,-1.01,0.0
4111.0,-1.02,0.0
4112.0,-1.01,0.0
4113.0,-1.02,0.0
4113.0,-1.01,0.0
4114.0,-0.55,0.0
4114.0,-0.55,0.0
4115.0,-0.55,0.0
4116.0,-0.55,0.0
4116.0,-0.55,0.0
4117.0,-0.4,0.0
4117.0,-0.4,0.0
4118.0,-0.4,0.0
4118.0,-0.4,0.0
4119.0,-0.4,0.0
4120.0,-0.74,0.0
4120.0,-0.74,0.0
4121.0,-0.74,0.0
4121.0,-0.74,0.0
4122.0,-0.74,0.0
4123.0,-1.05,0.0
4123.0,-1.05,0.0
4124.0,-1.05,0.0
4124.0,-1.05,0.0
4125.0,-1.05,0.0
4126.0,-1.05,0.0
4126.0,-1.21,0.0
4127.0,-1.21,0.0
4127.0,-1.21,0.0
4128.0,-1.21,0.0
4128.0,-1.21,0.0
4129.0,-0.94,0.0
4130.0,-0.94,0.0
4130.0,-0.94,0.0
4131.0,-0.94,0.0
4131.0,-0.94,0.0
4132.0,-0.68,0.0
4133.0,-0.68,0.0
4133.0,-0.68,0.0
4134.0,-0.68,0.0
4134.0,-0.68,0.0
4135.0,-0.68,0.0
4135.0,-0.57,0.0
4136.0,-0.58,0.0
4137.0,-0.57,0.0
4137.0,-0.58,0.0
4138.0,-0.57,0.0
4138.0,-0.7,0.0
4139.0,-0.7,0.0
4140.0,-0.7,0.0
4140.0,-0.7,0.0
4141.0,-0.7,0.0
4141.0,-0.95,0.0
4142.0,-0.95,0.0
4143.0,-0.95,0.0
4143.0,-0.95,0.0
4144.0,-0.95,0.0
4144.0,-0.95,0.0
4145.0,-1.16,0.0
4145.0,-1.16,0.0
4146.0,-1.16,0.0
4147.0,-1.16,0.0
4147.0,-1.16,0.0
4148.0,-1.16,0.0
4148.0,-1.16,0.0
4149.0,-1.16,0.0
4150.0,-1.16,0.0
4150.0,-1.16,0.0
4151.0,-0.94,0.0
4151.0,-0.94,0.0
4152.0,-0.94,0.0
4153.0,-0.94,0.0
4153.0,-0.94,0.0
4154.0,-0.94,0.0
4154.0,-0.68,0.0
4155.0,-0.68,0.0
4155.0,-0.68,0.0
4156.0,-0.68,0.0
4157.0,-0.68,0.0
4157.0,-0.66,0.0
4158.0,-0.65,0.0
4158.0,-0.66,0.0
4159.0,-0.65,0.0
4160.0,-0.66,0.0
4160.0,-0.69,0.0
4161.0,-0.69,0.0
4161.0,-0.69,0.0
4162.0,-0.69,0.0
4162.0,-0.69,0.0
4163.0,-0.69,0.0
4164.0,-1.0,0.0
4164.0,-1.0,0.0
4165.0,-1.0,0.0
4165.0,-1.0,0.0
4166.0,-1.0,0.0
4167.0,-0.86,0.0
4167.0,-0.86,0.0
4168.0,-0.86,0.0
4168.0,-0.86,0.0
4169.0,-0.86,0.0
4169.0,-0.84,0.0
4170.0,-0.84,0.0
4171.0,-0.84,0.0
4171.0,-0.84,0.0
4172.0,-0.84,0.0
4172.0,-0.84,0.0
4173.0,-0.68,0.0
4174.0,-0.68,0.0
4174.0,-0.68,0.0
4175.0,-0.68,0.0
4175.0,-0.68,0.0
4176.0,-0.46,0.0
4177.0,-0.46,0.0
4177.0,-0.46,0.0
4178.0,-0.46,0.0
4178.0,-0.46,0.0
4179.0,-0.27,0.0
4179.0,-0.27,0.0
4180.0,-0.27,0.0
4181.0,-0.27,0.0
4181.0,-0.27,0.0
4182.0,-0.27,0.0
4182.0,-0.81,0.0
4183.0,-0.81,0.0
4184.0,-0.81,0.0
4184.0,-0.81,0.0
4185.0,-0.81,0.0
4185.0,-1.12,0.0
4186.0,-1.12,0.0
4187.0,-1.12,0.0
4187.0,-1.12,0.0
4188.0,-1.12,0.0
4188.0,-1.13,0.0
4189.0,-1.13,0.0
4189.0,-1.13,0.0
4190.0,-1.13,0.0
4191.0,-1.13,0.0
4191.0,-0.84,0.0
4192.0,-0.84,0.0
4192.0,-0.84,0.0
4193.0,-0.84,0.0
4194.0,-0.84,0.0
4194.0,-0.84,0.0
4195.0,-0.64,0.0
4195.0,-0.63,0.0
4196.0,-0.64,0.0
4196.0,-0.63,0.0
4197.0,-0.64,0.0
4198.0,-0.78,0.0
4198.0,-0.78,0.0
4199.0,-0.78,0.0
4199.0,-0.78,0.0
4200.0,-0.78,0.0
4201.0,-0.94,0.0
4201.0,-0.94,0.0
4202.0,-0.94,0.0
4202.0,-0.94,0.0
4203.0,-0.94,0.0
4204.0,-0.94,0.0
4204.0,-0.9,0.0
4205.0,-0.89,0.0
4205.0,-0.9,0.0
4206.0,-0.89,0.0
4207.0,-0.9,0.0
4207.0,-0.99,0.0
4208.0,-0.99,0.0
4208.0,-0.99,0.0
4209.0,-0.99,0.0
4209.0,-0.99,0.0
4210.0,-0.9,0.0
4211.0,-0.9,0.0
4211.0,-0.9,0.0
4212.0,-0.9,0.0
4212.0,-0.9,0.0
4213.0,-0.9,0.0
4214.0,-0.42,0.0
4214.0,-0.41,0.0
4215.0,-0.42,0.0
4215.0,-0.41,0.0
4216.0,-0.42,0.0
4217.0,-0.7,0.0
4217.0,-0.7,0.0
4218.0,-0.7,0.0
4218.0,-0.7,0.0
4219.0,-0.7,0.0
4219.0,-0.95,0.0
4220.0,-0.95,0.0
4221.0,-0.95,0.0
4221.0,-0.95,0.0
4222.0,-0.95,0.0
4222.0,-0.95,0.0
4223.0,-1.01,0.0
4224.0,-1.01,0.0
4224.0,-1.01,0.0
4225.0,-1.01,0.0
4225.0,-1.01,0.0
4226.0,-1.0,0.0
4226.0,-1.0,0.0
4227.0,-1.0,0.0
4228.0,-1.0,0.0
4228.0,-1.0,0.0
4229.0,-0.92,0.0
4229.0,-0.92,0.0
4230.0,-0.92,0.0
4231.0,-0.92,0.0
4231.0,-0.92,0.0
4232.0,-0.75,0.0
4232.0,-0.75,0.0
4233.0,-0.75,0.0
4234.0,-0.75,0.0
4234.0,-0.75,0.0
4235.0,-0.75,0.0
4235.0,-0.57,0.0
4236.0,-0.57,0.0
4236.0,-0.57,0.0
4237.0,-0.57,0.0
4238.0,-0.57,0.0
4238.0,-0.63,0.0
4239.0,-0.62,0.0
4239.0,-0.63,0.0
4240.0,-0.62,0.0
4241.0,-0.63,0.0
4241.0,-0.89,0.0
4242.0,-0.89,0.0
4242.0,-0.89,0.0
4243.0,-0.89,0.0
4243.0,-0.89,0.0
4244.0,-0.89,0.0
4245.0,-1.08,0.0
4245.0,-1.08,0.0
4246.0,-1.08,0.0
4246.0,-1.08,0.0
4247.0,-1.08,0.0
4248.0,-1.05,0.0
4248.0,-1.05,0.0
4249.0,-1.05,0.0
4249.0,-1.05,0.0
4250.0,-1.05,0.0
4251.0,-0.85,0.0
4251.0,-0.85,0.0
4252.0,-0.85,0.0
4252.0,-0.85,0.0
4253.0,-0.85,0.0
4253.0,-0.85,0.0
4254.0,-0.53,0.0
4255.0,-0.53,0.0
4255.0,-0.53,0.0
4256.0,-0.53,0.0
4256.0,-0.53,0.0
4257.0,-0.57,0.0
4258.0,-0.57,0.0
4258.0,-0.57,0.0
4259.0,-0.57,0.0
4259.0,-0.57,0.0
4260.0,-0.67,0.0
4261.0,-0.67,0.0
4261.0,-0.67,0.0
4262.0,-0.67,0.0
4262.0,-0.67,0.0
4263.0,-0.67,0.0
4263.0,-0.78,0.0
4264.0,-0.78,0.0
4265.0,-0.78,0.0
4265.0,-0.78,0.0
4266.0,-0.78,0.0
4266.0,-0.93,0.0
4267.0,-0.93,0.0
4268.0,-0.93,0.0
4268.0,-0.93,0.0
4269.0,-0.93,0.0
4269.0,-0.96,0.0
4270.0,-0.96,0.0
4270.0,-0.96,0.0
4271.0,-0.96,0.0
4272.0,-0.96,0.0
4272.0,-0.96,0.0
4273.0,-0.73,0.0
4273.0,-0.73,0.0
4274.0,-0.73,0.0
4275.0,-0.73,0.0
4275.0,-0.73,0.0
4276.0,-0.67,0.0
4276.0,-0.67,0.0
4277.0,-0.67,0.0
4277.0,-0.67,0.0
4278.0,-0.67,0.0
4279.0,-0.91,0.0
4279.0,-0.91,0.0
4280.0,-0.91,0.0
4280.0,-0.91,0.0
4281.0,-0.91,0.0
4282.0,-0.91,0.0
4282.0,-0.99,0.0
4283.0,-0.99,0.0
4283.0,-0.99,0.0
4284.0,-0.99,0.0
4285.0,-0.99,0.0
4285.0,-1.04,0.0
4286.0,-1.03,0.0
4286.0,-1.04,0.0
4287.0,-1.03,0.0
4287.0,-1.04,0.0
4288.0,-1.11,0.0
4289.0,-1.11,0.0
4289.0,-1.11,0.0
4290.0,-1.11,0.0
4290.0,-1.11,0.0
4291.0,-1.11,0.0
4292.0,-1.09,0.0
4292.0,-1.09,0.0
4293.0,-1.09,0.0
4293.0,-1.09,0.0
4294.0,-1.09,0.0
4295.0,-0.83,0.0
4295.0,-0.83,0.0
4296.0,-0.83,0.0
4296.0,-0.83,0.0
4297.0,-0.83,0.0
4297.0,-0.91,0.0
4298.0,-0.91,0.0
4299.0,-0.91,0.0
4299.0,-0.91,0.0
4300.0,-0.91,0.0
4300.0,-0.91,0.0
4301.0,-1.06,0.0
4302.0,-1.06,0.0
4302.0,-1.06,0.0
4303.0,-1.06,0.0
4303.0,-1.06,0.0
4304.0,-1.19,0.0
4305.0,-1.19,0.0
4305.0,-1.19,0.0
4306.0,-1.19,0.0
4306.0,-1.19,0.0
4307.0,-1.21,0.0
4308.0,-1.21,0.0
4308.0,-1.21,0.0
4309.0,-1.21,0.0
4309.0,-1.21,0.0
4310.0,-0.99,0.0
4310.0,-0.99,0.0
4311.0,-0.99,0.0
4312.0,-0.99,0.0
4312.0,-0.99,0.0
4313.0,-0.99,0.0
4313.0,-0.75,0.0
4314.0,-0.75,0.0
4315.0,-0.75,0.0
4315.0,-0.75,0.0
4316.0,-0.75,0.0
4316.0,-0.68,0.0
4317.0,-0.68,0.0
4317.0,-0.68,0.0
4318.0,-0.68,0.0
4319.0,-0.68,0.0
4319.0,-0.6,0.0
4320.0,-0.6,0.0
4320.0,-0.6,0.0
4321.0,-0.6,0.0
4322.0,-0.6,0.0
4322.0,-0.6,0.0
4323.0,-0.74,0.0
4323.0,-0.74,0.0
4324.0,-0.74,0.0
4325.0,-0.74,0.0
4325.0,-0.74,0.0
4326.0,-0.99,0.0
4326.0,-0.99,0.0
4327.0,-0.99,0.0
4327.0,-0.99,0.0
4328.0,-0.99,0.0
4329.0,-0.96,0.0
4329.0,-0.96,0.0
4330.0,-0.96,0.0
4330.0,-0.96,0.0
4331.0,-0.96,0.0
4332.0,-0.96,0.0
4332.0,-0.76,0.0
4333.0,-0.76,0.0
4333.0,-0.76,0.0
4334.0,-0.76,0.0
4334.0,-0.76,0.0
4335.0,-0.46,0.0
4336.0,-0.46,0.0
4336.0,-0.46,0.0
4337.0,-0.46,0.0
4337.0,-0.46,0.0
4338.0,-0.9,0.0
4339.0,-0.9,0.0
4339.0,-0.9,0.0
4340.0,-0.9,0.0
4340.0,-0.9,0.0
4341.0,-0.9,0.0
4342.0,-1.07,0.0
4342.0,-1.07,0.0
4343.0,-1.07,0.0
4343.0,-1.07,0.0
4344.0,-1.07,0.0
4344.0,-0.97,0.0
4345.0,-0.97,0.0
4346.0,-0.97,0.0
4346.0,-0.97,0.0
4347.0,-0.97,0.0
4347.0,-1.23,0.0
4348.0,-1.23,0.0
4349.0,-1.23,0.0
4349.0,-1.23,0.0
4350.0,-1.23,0.0
4350.0,-1.11,0.0
4351.0,-1.11,0.0
4351.0,-1.11,0.0
4352.0,-1.11,0.0
4353.0,-1.11,0.0
4353.0,-1.11,0.0
4354.0,-0.67,0.0
4354.0,-0.67,0.0
4355.0,-0.67,0.0
4356.0,-0.67,0.0
4356.0,-0.67,0.0
4357.0,-0.6,0.0
4357.0,-0.6,0.0
4358.0,-0.6,0.0
4359.0,-0.6,0.0
4359.0,-0.6,0.0
4360.0,-0.96,0.0
4360.0,-0.97,0.0
4361.0,-0.96,0.0
4361.0,-0.97,0.0
4362.0,-0.96,0.0
4363.0,-0.97,0.0
4363.0,-1.15,0.0
4364.0,-1.15,0.0
4364.0,-1.15,0.0
4365.0,-1.15,0.0
4366.0,-1.15,0.0
4366.0,-1.05,0.0
4367.0,-1.04,0.0
4367.0,-1.05,0.0
4368.0,-1.04,0.0
4369.0,-1.05,0.0
4369.0,-0.91,0.0
4370.0,-0.91,0.0
4370.0,-0.91,0.0
4371.0,-0.91,0.0
4371.0,-0.91,0.0
4372.0,-0.91,0.0
4373.0,-0.87,0.0
4373.0,-0.87,0.0
4374.0,-0.87,0.0
4374.0,-0.87,0.0
4375.0,-0.87,0.0
4376.0,-1.12,0.0
4376.0,-1.12,0.0
4377.0,-1.12,0.0
4377.0,-1.12,0.0
4378.0,-1.12,0.0
4378.0,-0.99,0.0
4379.0,-0.99,0.0
4380.0,-0.99,0.0
4380.0,-0.99,0.0
4381.0,-0.99,0.0
4381.0,-0.99,0.0
4382.0,-1.01,0.0
4383.0,-1.02,0.0
4383.0,-1.01,0.0
4384.0,-1.02,0.0
4384.0,-1.01,0.0
4385.0,-0.91,0.0
4385.0,-0.9,0.0
4386.0,-0.91,0.0
4387.0,-0.9,0.0
4387.0,-0.91,0.0
4388.0,-1.0,0.0
4388.0,-1.0,0.0
4389.0,-1.0,0.0
4390.0,-1.0,0.0
4390.0,-1.0,0.0
4391.0,-1.0,0.0
4391.0,-0.99,0.0
4392.0,-0.99,0.0
4393.0,-0.99,0.0
4393.0,-0.99,0.0
4394.0,-0.99,0.0
4394.0,-0.67,0.0
4395.0,-0.67,0.0
4395.0,-0.67,0.0
4396.0,-0.67,0.0
4397.0,-0.67,0.0
4397.0,-0.72,0.0
4398.0,-0.72,0.0
4398.0,-0.72,0.0
4399.0,-0.72,0.0
4400.0,-0.72,0.0
4400.0,-0.72,0.0
4401.0,-0.83,0.0
4401.0,-0.83,0.0
4402.0,-0.83,0.0
4403.0,-0.83,0.0
4403.0,-0.83,0.0
4404.0,-1.13,0.0
4404.0,-1.13,0.0
4405.0,-1.13,0.0
4406.0,-1.13,0.0
4406.0,-1.13,0.0
4407.0,-1.15,0.0
4407.0,-1.15,0.0
4408.0,-1.15,0.0
4408.0,-1.15,0.0
4409.0,-1.15,0.0
4410.0,-1.12,0.0
4410.0,-1.12,0.0
4411.0,-1.12,0.0
4411.0,-1.12,0.0
4412.0,-1.12,0.0
4413.0,-1.12,0.0
4413.0,-0.75,0.0
4414.0,-0.75,0.0
4414.0,-0.75,0.0
4415.0,-0.75,0.0
4416.0,-0.75,0.0
4416.0,-0.62,0.0
4417.0,-0.62,0.0
4417.0,-0.62,0.0
4418.0,-0.62,0.0
4418.0,-0.62,0.0
4419.0,-0.59,0.0
4420.0,-0.59,0.0
4420.0,-0.59,0.0
4421.0,-0.59,0.0
4421.0,-0.59,0.0
4422.0,-0.59,0.0
4423.0,-1.0,0.0
4423.0,-1.0,0.0
4424.0,-1.0,0.0
4424.0,-1.0,0.0
4425.0,-1.0,0.0
4425.0,-0.88,0.0
4426.0,-0.88,0.0
4427.0,-0.88,0.0
4427.0,-0.88,0.0
4428.0,-0.88,0.0
4428.0,-0.78,0.0
4429.0,-0.78,0.0
4430.0,-0.78,0.0
4430.0,-0.78,0.0
4431.0,-0.78,0.0
4431.0,-0.78,0.0
4432.0,-0.78,0.0
4433.0,-0.78,0.0
4433.0,-0.78,0.0
4434.0,-0.78,0.0
4434.0,-0.78,0.0
4435.0,-0.64,0.0
4435.0,-0.64,0.0
4436.0,-0.64,0.0
4437.0,-0.64,0.0
4437.0,-0.64,0.0
4438.0,-0.56,0.0
4438.0,-0.56,0.0
4439.0,-0.56,0.0
4440.0,-0.56,0.0
4440.0,-0.56,0.0
4441.0,-0.56,0.0
4441.0,-0.86,0.0
4442.0,-0.86,0.0
4442.0,-0.86,0.0
4443.0,-0.86,0.0
4444.0,-0.86,0.0
4444.0,-1.13,0.0
4445.0,-1.14,0.0
4445.0,-1.13,0.0
4446.0,-1.14,0.0
4447.0,-1.13,0.0
4447.0,-1.05,0.0
4448.0,-1.05,0.0
4448.0,-1.05,0.0
4449.0,-1.05,0.0
4450.0,-1.05,0.0
4450.0,-1.05,0.0
4451.0,-0.73,0.0
4451.0,-0.73,0.0
4452.0,-0.73,0.0
4452.0,-0.73,0.0
4453.0,-0.73,0.0
4454.0,-0.41,0.0
4454.0,-0.42,0.0
4455.0,-0.41,0.0
4455.0,-0.42,0.0
4456.0,-0.41,0.0
4457.0,-0.75,0.0
4457.0,-0.75,0.0
4458.0,-0.75,0.0
4458.0,-0.75,0.0
4459.0,-0.75,0.0
4459.0,-0.97,0.0
4460.0,-0.97,0.0
4461.0,-0.97,0.0
4461.0,-0.97,0.0
4462.0,-0.97,0.0
4462.0,-0.97,0.0
4463.0,-0.8,0.0
4464.0,-0.8,0.0
4464.0,-0.8,0.0
4465.0,-0.8,0.0
4465.0,-0.8,0.0
4466.0,-0.96,0.0
4467.0,-0.95,0.0
4467.0,-0.96,0.0
4468.0,-0.95,0.0
4468.0,-0.96,0.0
4469.0,-1.15,0.0
4469.0,-1.15,0.0
4470.0,-1.15,0.0
4471.0,-1.15,0.0
4471.0,-1.15,0.0
4472.0,-1.15,0.0
4472.0,-0.77,0.0
4473.0,-0.78,0.0
4474.0,-0.77,0.0
4474.0,-0.78,0.0
4475.0,-0.77,0.0
4475.0,-0.39,0.0
4476.0,-0.38,0.0
4477.0,-0.39,0.0
4477.0,-0.38,0.0
4478.0,-0.39,0.0
4478.0,-0.5,0.0
4479.0,-0.5,0.0
4479.0,-0.5,0.0
4480.0,-0.5,0.0
4481.0,-0.5,0.0
4481.0,-0.5,0.0
4482.0,-0.73,0.0
4482.0,-0.73,0.0
4483.0,-0.73,0.0
4484.0,-0.73,0.0
4484.0,-0.73,0.0
4485.0,-0.98,0.0
4485.0,-0.98,0.0
4486.0,-0.98,0.0
4486.0,-0.98,0.0
4487.0,-0.98,0.0
4488.0,-1.01,0.0
4488.0,-1.02,0.0
4489.0,-1.01,0.0
4489.0,-1.02,0.0
4490.0,-1.01,0.0
4491.0,-1.02,0.0
4491.0,-0.59,0.0
4492.0,-0.59,0.0
4492.0,-0.59,0.0
4493.0,-0.59,0.0
4493.0,-0.59,0.0
4494.0,-0.37,0.0
4495.0,-0.37,0.0
4495.0,-0.37,0.0
4496.0,-0.37,0.0
4496.0,-0.37,0.0
4497.0,-0.54,0.0
4498.0,-0.54,0.0
4498.0,-0.54,0.0
4499.0,-0.54,0.0
4499.0,-0.54,0.0
4500.0,-0.54,0.0
4501.0,-0.61,0.0
4501.0,-0.61,0.0
4502.0,-0.61,0.0
4502.0,-0.61,0.0
4503.0,-0.61,0.0
4503.0,-0.84,0.0
4504.0,-0.84,0.0
4505.0,-0.84,0.0
4505.0,-0.84,0.0
4506.0,-0.84,0.0
4507.0,-1.26,0.0
4507.0,-1.26,0.0
4508.0,-1.26,0.0
4508.0,-1.26,0.0
4509.0,-1.26,0.0
4509.0,-1.15,0.0
4510.0,-1.15,0.0
4511.0,-1.15,0.0
4511.0,-1.15,0.0
4512.0,-1.15,0.0
4512.0,-1.15,0.0
4513.0,-0.82,0.0
4514.0,-0.82,0.0
4514.0,-0.82,0.0
4515.0,-0.82,0.0
4515.0,-0.82,0.0
4516.0,-0.65,0.0
4516.0,-0.65,0.0
4517.0,-0.65,0.0
4518.0,-0.65,0.0
4518.0,-0.65,0.0
4519.0,-0.94,0.0
4519.0,-0.94,0.0
4520.0,-0.94,0.0
4521.0,-0.94,0.0
4521.0,-0.94,0.0
4522.0,-0.94,0.0
4522.0,-0.97,0.0
4523.0,-0.96,0.0
4524.0,-0.97,0.0
4524.0,-0.96,0.0
4525.0,-0.97,0.0
4525.0,-1.0,0.0
4526.0,-1.0,0.0
4526.0,-1.0,0.0
4527.0,-1.0,0.0
4528.0,-1.0,0.0
4528.0,-1.02,0.0
4529.0,-1.02,0.0
4529.0,-1.02,0.0
4530.0,-1.02,0.0
4531.0,-1.02,0.0
4531.0,-1.02,0.0
4532.0,-0.91,0.0
4532.0,-0.91,0.0
4533.0,-0.91,0.0
4533.0,-0.91,0.0
4534.0,-0.91,0.0
4535.0,-0.64,0.0
4535.0,-0.64,0.0
4536.0,-0.64,0.0
4536.0,-0.64,0.0
4537.0,-0.64,0.0
4538.0,-0.42,0.0
4538.0,-0.41,0.0
4539.0,-0.42,0.0
4539.0,-0.41,0.0
4540.0,-0.42,0.0
4541.0,-0.41,0.0
4541.0,-0.83,0.0
4542.0,-0.83,0.0
4542.0,-0.83,0.0
4543.0,-0.83,0.0
4543.0,-0.83,0.0
4544.0,-1.17,0.0
4545.0,-1.17,0.0
4545.0,-1.17,0.0
4546.0,-1.17,0.0
4546.0,-1.17,0.0
4547.0,-0.85,0.0
4548.0,-0.85,0.0
4548.0,-0.85,0.0
4549.0,-0.85,0.0
4549.0,-0.85,0.0
4550.0,-0.85,0.0
4550.0,-0.85,0.0
4551.0,-0.85,0.0
4552.0,-0.85,0.0
4552.0,-0.85,0.0
4553.0,-0.85,0.0
4553.0,-0.79,0.0
4554.0,-0.79,0.0
4555.0,-0.79,0.0
4555.0,-0.79,0.0
4556.0,-0.79,0.0
4556.0,-0.67,0.0
4557.0,-0.67,0.0
4558.0,-0.67,0.0
4558.0,-0.67,0.0
4559.0,-0.67,0.0
4559.0,-0.67,0.0
4560.0,-0.79,0.0
4560.0,-0.79,0.0
4561.0,-0.79,0.0
4562.0,-0.79,0.0
4562.0,-0.79,0.0
4563.0,-0.94,0.0
4563.0,-0.94,0.0
4564.0,-0.94,0.0
4565.0,-0.94,0.0
4565.0,-0.94,0.0
4566.0,-1.13,0.0
4566.0,-1.12,0.0
4567.0,-1.13,0.0
4567.0,-1.12,0.0
4568.0,-1.13,0.0
4569.0,-1.12,0.0
4569.0,-1.02,0.0
4570.0,-1.01,0.0
4570.0,-1.02,0.0
4571.0,-1.01,0.0
4572.0,-1.02,0.0
4572.0,-0.56,0.0
4573.0,-0.56,0.0
4573.0,-0.56,0.0
4574.0,-0.56,0.0
4575.0,-0.56,0.0
4575.0,-0.19,0.0
4576.0,-0.19,0.0
4576.0,-0.19,0.0
4577.0,-0.19,0.0
4577.0,-0.19,0.0
4578.0,-0.63,0.0
4579.0,-0.63,0.0
4579.0,-0.63,0.0
4580.0,-0.63,0.0
4580.0,-0.63,0.0
4581.0,-0.63,0.0
4582.0,-1.08,0.0
4582.0,-1.08,0.0
4583.0,-1.08,0.0
4583.0,-1.08,0.0
4584.0,-1.08,0.0
4585.0,-1.18,0.0
4585.0,-1.18,0.0
4586.0,-1.18,0.0
4586.0,-1.18,0.0
4587.0,-1.18,0.0
4587.0,-1.16,0.0
4588.0,-1.16,0.0
4589.0,-1.16,0.0
4589.0,-1.16,0.0
4590.0,-1.16,0.0
4590.0,-1.16,0.0
4591.0,-0.92,0.0
4592.0,-0.92,0.0
4592.0,-0.92,0.0
4593.0,-0.92,0.0
4593.0,-0.92,0.0
4594.0,-0.71,0.0
4594.0,-0.71,0.0
4595.0,-0.71,0.0
4596.0,-0.71,0.0
4596.0,-0.71,0.0
4597.0,-0.82,0.0
4597.0,-0.83,0.0
4598.0,-0.82,0.0
4599.0,-0.83,0.0
4599.0,-0.82,0.0
4600.0,-0.83,0.0
4600.0,-0.98,0.0
4601.0,-0.98,0.0
4602.0,-0.98,0.0
4602.0,-0.98,0.0
4603.0,-0.98,0.0
4603.0,-1.09,0.0
4604.0,-1.09,0.0
4604.0,-1.09,0.0
4605.0,-1.09,0.0
4606.0,-1.09,0.0
4606.0,-1.25,0.0
4607.0,-1.25,0.0
4607.0,-1.25,0.0
4608.0,-1.25,0.0
4609.0,-1.25,0.0
4609.0,-1.11,0.0
4610.0,-1.11,0.0
4610.0,-1.11,0.0
4611.0,-1.11,0.0
4612.0,-1.11,0.0
4612.0,-1.11,0.0
4613.0,-0.9,0.0
4613.0,-0.9,0.0
4614.0,-0.9,0.0
4615.0,-0.9,0.0
4615.0,-0.9,0.0
4616.0,-0.9,0.0
4616.0,-0.91,0.0
4617.0,-0.9,0.0
4617.0,-0.91,0.0
4618.0,-0.9,0.0
4619.0,-0.7,0.0
4619.0,-0.7,0.0
4620.0,-0.7,0.0
4620.0,-0.7,0.0
4621.0,-0.7,0.0
4622.0,-0.7,0.0
4622.0,-0.77,0.0
4623.0,-0.77,0.0
4623.0,-0.77,0.0
4624.0,-0.77,0.0
4624.0,-0.77,0.0
4625.0,-1.29,0.0
4626.0,-1.3,0.0
4626.0,-1.29,0.0
4627.0,-1.3,0.0
4627.0,-1.29,0.0
4628.0,-1.35,0.0
4629.0,-1.35,0.0
4629.0,-1.35,0.0
4630.0,-1.35,0.0
4630.0,-1.35,0.0
4631.0,-1.35,0.0
4632.0,-0.85,0.0
4632.0,-0.85,0.0
4633.0,-0.85,0.0
4633.0,-0.85,0.0
4634.0,-0.85,0.0
4634.0,-0.55,0.0
4635.0,-0.55,0.0
4636.0,-0.55,0.0
4636.0,-0.55,0.0
4637.0,-0.55,0.0
4637.0,-0.8,0.0
4638.0,-0.8,0.0
4639.0,-0.8,0.0
4639.0,-0.8,0.0
4640.0,-0.8,0.0
4640.0,-0.8,0.0
4641.0,-0.76,0.0
4641.0,-0.76,0.0
4642.0,-0.76,0.0
4643.0,-0.76,0.0
4643.0,-0.76,0.0
4644.0,-1.05,0.0
4644.0,-1.05,0.0
4645.0,-1.05,0.0
4646.0,-1.05,0.0
4646.0,-1.05,0.0
4647.0,-0.96,0.0
4647.0,-0.96,0.0
4648.0,-0.96,0.0
4649.0,-0.96,0.0
4649.0,-0.96,0.0
4650.0,-0.96,0.0
4650.0,-0.81,0.0
4651.0,-0.81,0.0
4651.0,-0.81,0.0
4652.0,-0.81,0.0
4653.0,-0.81,0.0
4653.0,-0.76,0.0
4654.0,-0.77,0.0
4654.0,-0.76,0.0
4655.0,-0.77,0.0
4656.0,-0.76,0.0
4656.0,-0.78,0.0
4657.0,-0.78,0.0
4657.0,-0.78,0.0
4658.0,-0.78,0.0
4658.0,-0.78,0.0
4659.0,-0.78,0.0
4660.0,-0.67,0.0
4660.0,-0.67,0.0
4661.0,-0.67,0.0
4661.0,-0.67,0.0
4662.0,-0.67,0.0
4663.0,-0.69,0.0
4663.0,-0.7,0.0
4664.0,-0.69,0.0
4664.0,-0.7,0.0
4665.0,-0.69,0.0
4666.0,-0.83,0.0
4666.0,-0.82,0.0
4667.0,-0.83,0.0
4667.0,-0.82,0.0
4668.0,-0.83,0.0
4668.0,-0.82,0.0
4669.0,-0.8,0.0
4670.0,-0.8,0.0
4670.0,-0.8,0.0
4671.0,-0.8,0.0
4671.0,-0.8,0.0
4672.0,-0.7,0.0
4673.0,-0.7,0.0
4673.0,-0.7,0.0
4674.0,-0.7,0.0
4674.0,-0.7,0.0
4675.0,-0.67,0.0
4675.0,-0.67,0.0
4676.0,-0.67,0.0
4677.0,-0.67,0.0
4677.0,-0.67,0.0
4678.0,-0.67,0.0
4678.0,-0.77,0.0
4679.0,-0.76,0.0
4680.0,-0.77,0.0
4680.0,-0.76,0.0
4681.0,-0.77,0.0
4681.0,-1.04,0.0
4682.0,-1.04,0.0
4683.0,-1.04,0.0
4683.0,-1.04,0.0
4684.0,-1.04,0.0
4684.0,-1.2,0.0
4685.0,-1.2,0.0
4685.0,-1.2,0.0
4686.0,-1.2,0.0
4687.0,-1.2,0.0
4687.0,-1.2,0.0
4688.0,-1.08,0.0
4688.0,-1.08,0.0
4689.0,-1.08,0.0
4690.0,-1.08,0.0
4690.0,-1.08,0.0
4691.0,-1.0,0.0
4691.0,-1.0,0.0
4692.0,-1.0,0.0
4693.0,-1.0,0.0
4693.0,-1.0,0.0
4694.0,-0.75,0.0
4694.0,-0.75,0.0
4695.0,-0.75,0.0
4695.0,-0.75,0.0
4696.0,-0.75,0.0
4697.0,-0.56,0.0
4697.0,-0.56,0.0
4698.0,-0.56,0.0
4698.0,-0.56,0.0
4699.0,-0.56,0.0
4700.0,-0.56,0.0
4700.0,-0.77,0.0
4701.0,-0.78,0.0
4701.0,-0.77,0.0
4702.0,-0.78,0.0
4702.0,-0.77,0.0
4703.0,-1.13,0.0
4704.0,-1.12,0.0
4704.0,-1.13,0.0
4705.0,-1.12,0.0
4705.0,-1.13,0.0
4706.0,-1.11,0.0
4707.0,-1.11,0.0
4707.0,-1.11,0.0
4708.0,-1.11,0.0
4708.0,-1.11,0.0
4709.0,-1.11,0.0
4710.0,-1.02,0.0
4710.0,-1.02,0.0
4711.0,-1.02,0.0
4711.0,-1.02,0.0
4712.0,-1.02,0.0
4713.0,-0.94,0.0
4713.0,-0.94,0.0
4714.0,-0.94,0.0
4714.0,-0.94,0.0
4715.0,-0.94,0.0
4715.0,-0.71,0.0
4716.0,-0.72,0.0
4717.0,-0.71,0.0
4717.0,-0.72,0.0
4718.0,-0.71,0.0
4718.0,-0.72,0.0
4719.0,-0.82,0.0
4720.0,-0.82,0.0
4720.0,-0.82,0.0
4721.0,-0.82,0.0
4721.0,-0.82,0.0
4722.0,-0.98,0.0
4723.0,-0.98,0.0
4723.0,-0.98,0.0
4724.0,-0.98,0.0
4724.0,-0.98,0.0
4725.0,-1.07,0.0
4725.0,-1.07,0.0
4726.0,-1.07,0.0
4727.0,-1.07,0.0
4727.0,-1.07,0.0
4728.0,-1.07,0.0
4728.0,-1.07,0.0
4729.0,-1.07,0.0
4730.0,-1.07,0.0
4730.0,-1.07,0.0
4731.0,-1.07,0.0
4731.0,-0.9,0.0
4732.0,-0.9,0.0
4732.0,-0.9,0.0
4733.0,-0.9,0.0
4734.0,-0.9,0.0
4734.0,-0.61,0.0
4735.0,-0.61,0.0
4735.0,-0.61,0.0
4736.0,-0.61,0.0
4737.0,-0.61,0.0
4737.0,-0.56,0.0
4738.0,-0.56,0.0
4738.0,-0.56,0.0
4739.0,-0.56,0.0
4740.0,-0.56,0.0
4740.0,-0.56,0.0
4741.0,-0.68,0.0
4741.0,-0.68,0.0
4742.0,-0.68,0.0
4742.0,-0.68,0.0
4743.0,-0.68,0.0
4744.0,-0.92,0.0
4744.0,-0.92,0.0
4745.0,-0.92,0.0
4745.0,-0.92,0.0
4746.0,-0.92,0.0
4747.0,-1.01,0.0
4747.0,-1.01,0.0
4748.0,-1.01,0.0
4748.0,-1.01,0.0
4749.0,-1.01,0.0
4749.0,-1.01,0.0
4750.0,-0.97,0.0
4751.0,-0.97,0.0
4751.0,-0.97,0.0
4752.0,-0.97,0.0
4752.0,-0.97,0.0
4753.0,-0.71,0.0
4754.0,-0.72,0.0
4754.0,-0.71,0.0
4755.0,-0.72,0.0
4755.0,-0.71,0.0
4756.0,-0.59,0.0
4757.0,-0.59,0.0
4757.0,-0.59,0.0
4758.0,-0.59,0.0
4758.0,-0.59,0.0
4759.0,-0.59,0.0
4759.0,-0.64,0.0
4760.0,-0.64,0.0
4761.0,-0.64,0.0
4761.0,-0.64,0.0
4762.0,-0.64,0.0
4762.0,-0.94,0.0
4763.0,-0.95,0.0
4764.0,-0.94,0.0
4764.0,-0.95,0.0
4765.0,-0.94,0.0
4765.0,-1.13,0.0
4766.0,-1.12,0.0
4766.0,-1.13,0.0
4767.0,-1.12,0.0
4768.0,-1.13,0.0
4768.0,-1.12,0.0
4769.0,-0.94,0.0
4769.0,-0.94,0.0
4770.0,-0.94,0.0
4771.0,-0.94,0.0
4771.0,-0.94,0.0
4772.0,-0.75,0.0
4772.0,-0.75,0.0
4773.0,-0.75,0.0
4774.0,-0.75,0.0
4774.0,-0.75,0.0
4775.0,-0.69,0.0
4775.0,-0.69,0.0
4776.0,-0.69,0.0
4776.0,-0.69,0.0
4777.0,-0.69,0.0
4778.0,-0.69,0.0
4778.0,-0.91,0.0
4779.0,-0.91,0.0
4779.0,-0.91,0.0
4780.0,-0.91,0.0
4781.0,-0.91,0.0
4781.0,-1.14,0.0
4782.0,-1.14,0.0
4782.0,-1.14,0.0
4783.0,-1.14,0.0
4783.0,-1.14,0.0
4784.0,-1.35,0.0
4785.0,-1.35,0.0
4785.0,-1.35,0.0
4786.0,-1.35,0.0
4786.0,-1.35,0.0
4787.0,-1.35,0.0
4788.0,-1.29,0.0
4788.0,-1.29,0.0
4789.0,-1.29,0.0
4789.0,-1.29,0.0
4790.0,-1.29,0.0
4791.0,-0.96,0.0
4791.0,-0.96,0.0
4792.0,-0.96,0.0
4792.0,-0.96,0.0
4793.0,-0.96,0.0
4793.0,-0.51,0.0
4794.0,-0.5,0.0
4795.0,-0.51,0.0
4795.0,-0.5,0.0
4796.0,-0.51,0.0
4796.0,-0.5,0.0
4797.0,-0.43,0.0
4798.0,-0.43,0.0
4798.0,-0.43,0.0
4799.0,-0.43,0.0
4799.0,-0.43,0.0
4800.0,-0.6,0.0
4801.0,-0.6,0.0
4801.0,-0.6,0.0
4802.0,-0.6,0.0
4802.0,-0.6,0.0
4803.0,-0.8,0.0
4803.0,-0.8,0.0
4804.0,-0.8,0.0
4805.0,-0.8,0.0
4805.0,-0.8,0.0
4806.0,-0.8,0.0
4806.0,-0.97,0.0
4807.0,-0.96,0.0
4808.0,-0.97,0.0
4808.0,-0.96,0.0
4809.0,-0.97,0.0
4809.0,-0.85,0.0
4810.0,-0.85,0.0
4811.0,-0.85,0.0
4811.0,-0.85,0.0
4812.0,-0.85,0.0
4812.0,-0.73,0.0
4813.0,-0.73,0.0
4814.0,-0.73,0.0
4814.0,-0.73,0.0
4815.0,-0.73,0.0
4815.0,-0.54,0.0
4816.0,-0.54,0.0
4816.0,-0.54,0.0
4817.0,-0.54,0.0
4818.0,-0.54,0.0
4818.0,-0.54,0.0
4819.0,-0.42,0.0
4819.0,-0.42,0.0
4820.0,-0.42,0.0
4821.0,-0.42,0.0
4821.0,-0.42,0.0
4822.0,-0.78,0.0
4822.0,-0.77,0.0
4823.0,-0.78,0.0
4823.0,-0.77,0.0
4824.0,-0.78,0.0
4825.0,-0.71,0.0
4825.0,-0.71,0.0
4826.0,-0.71,0.0
4826.0,-0.71,0.0
4827.0,-0.71,0.0
4828.0,-0.71,0.0
4828.0,-0.62,0.0
4829.0,-0.62,0.0
4829.0,-0.62,0.0
4830.0,-0.62,0.0
4831.0,-0.62,0.0
4831.0,-0.78,0.0
4832.0,-0.78,0.0
4832.0,-0.78,0.0
4833.0,-0.78,0.0
4833.0,-0.78,0.0
4834.0,-0.73,0.0
4835.0,-0.73,0.0
4835.0,-0.73,0.0
4836.0,-0.73,0.0
4836.0,-0.73,0.0
4837.0,-0.73,0.0
4838.0,-0.53,0.0
4838.0,-0.53,0.0
4839.0,-0.53,0.0
4839.0,-0.53,0.0
4840.0,-0.53,0.0
4840.0,-0.69,0.0
4841.0,-0.69,0.0
4842.0,-0.69,0.0
4842.0,-0.69,0.0
4843.0,-0.69,0.0
4843.0,-1.03,0.0
4844.0,-1.03,0.0
4845.0,-1.03,0.0
4845.0,-1.03,0.0
4846.0,-1.03,0.0
4846.0,-1.03,0.0
4847.0,-1.03,0.0
4848.0,-1.03,0.0
4848.0,-1.03,0.0
4849.0,-1.03,0.0
4849.0,-1.03,0.0
4850.0,-0.88,0.0
4850.0,-0.88,0.0
4851.0,-0.88,0.0
4852.0,-0.88,0.0
4852.0,-0.88,0.0
4853.0,-0.69,0.0
4853.0,-0.69,0.0
4854.0,-0.69,0.0
4855.0,-0.69,0.0
4855.0,-0.69,0.0
4856.0,-0.73,0.0
4856.0,-0.73,0.0
4857.0,-0.73,0.0
4857.0,-0.73,0.0
4858.0,-0.73,0.0
4859.0,-0.73,0.0
4859.0,-0.89,0.0
4860.0,-0.89,0.0
4860.0,-0.89,0.0
4861.0,-0.89,0.0
4862.0,-0.89,0.0
4862.0,-1.01,0.0
4863.0,-1.02,0.0
4863.0,-1.01,0.0
4864.0,-1.02,0.0
4865.0,-1.01,0.0
4865.0,-1.4,0.0
4866.0,-1.39,0.0
4866.0,-1.4,0.0
4867.0,-1.39,0.0
4867.0,-1.4,0.0
4868.0,-1.39,0.0
4869.0,-1.36,0.0
4869.0,-1.36,0.0
4870.0,-1.36,0.0
4870.0,-1.36,0.0
4871.0,-1.36,0.0
4872.0,-0.87,0.0
4872.0,-0.87,0.0
4873.0,-0.87,0.0
4873.0,-0.87,0.0
4874.0,-0.87,0.0
4874.0,-0.76,0.0
4875.0,-0.76,0.0
4876.0,-0.76,0.0
4876.0,-0.76,0.0
4877.0,-0.76,0.0
4877.0,-0.76,0.0
4878.0,-1.14,0.0
4879.0,-1.14,0.0
4879.0,-1.14,0.0
4880.0,-1.14,0.0
4880.0,-1.14,0.0
4881.0,-1.16,0.0
4882.0,-1.16,0.0
4882.0,-1.16,0.0
4883.0,-1.16,0.0
4883.0,-1.16,0.0
4884.0,-1.08,0.0
4884.0,-1.08,0.0
4885.0,-1.08,0.0
4886.0,-1.08,0.0
4886.0,-1.08,0.0
4887.0,-1.08,0.0
4887.0,-0.88,0.0
4888.0,-0.88,0.0
4889.0,-0.88,0.0
4889.0,-0.88,0.0
4890.0,-0.88,0.0
4890.0,-0.75,0.0
4891.0,-0.75,0.0
4891.0,-0.75,0.0
4892.0,-0.75,0.0
4893.0,-0.75,0.0
4893.0,-0.78,0.0
4894.0,-0.78,0.0
4894.0,-0.78,0.0
4895.0,-0.78,0.0
4896.0,-0.78,0.0
4896.0,-0.78,0.0
4897.0,-0.91,0.0
4897.0,-0.9,0.0
4898.0,-0.91,0.0
4899.0,-0.9,0.0
4899.0,-0.91,0.0
4900.0,-0.95,0.0
4900.0,-0.96,0.0
4901.0,-0.95,0.0
4901.0,-0.96,0.0
4902.0,-0.95,0.0
4903.0,-1.16,0.0
4903.0,-1.15,0.0
4904.0,-1.16,0.0
4904.0,-1.15,0.0
4905.0,-1.16,0.0
4906.0,-1.15,0.0
4906.0,-1.32,0.0
4907.0,-1.32,0.0
4907.0,-1.32,0.0
4908.0,-1.32,0.0
4909.0,-1.32,0.0
4909.0,-0.95,0.0
4910.0,-0.95,0.0
4910.0,-0.95,0.0
4911.0,-0.95,0.0
4912.0,-0.95,0.0
4912.0,-0.56,0.0
4913.0,-0.56,0.0
4913.0,-0.56,0.0
4914.0,-0.56,0.0
4914.0,-0.56,0.0
4915.0,-0.65,0.0
4916.0,-0.65,0.0
4916.0,-0.65,0.0
4917.0,-0.65,0.0
4917.0,-0.65,0.0
4918.0,-0.65,0.0
4919.0,-0.82,0.0
4919.0,-0.82,0.0
4920.0,-0.82,0.0
4920.0,-0.82,0.0
4921.0,-0.82,0.0
4922.0,-0.93,0.0
4922.0,-0.93,0.0
4923.0,-0.93,0.0
4923.0,-0.93,0.0
4924.0,-0.93,0.0
4924.0,-0.99,0.0
4925.0,-0.99,0.0
4926.0,-0.99,0.0
4926.0,-0.99,0.0
4927.0,-0.99,0.0
4927.0,-0.99,0.0
4928.0,-0.95,0.0
4929.0,-0.96,0.0
4929.0,-0.95,0.0
4930.0,-0.96,0.0
4930.0,-0.95,0.0
4931.0,-0.96,0.0
4931.0,-0.96,0.0
4932.0,-0.96,0.0
4933.0,-0.96,0.0
4933.0,-0.96,0.0
4934.0,-0.76,0.0
4934.0,-0.76,0.0
4935.0,-0.76,0.0
4936.0,-0.76,0.0
4936.0,-0.76,0.0
4937.0,-0.76,0.0
4937.0,-0.57,0.0
4938.0,-0.58,0.0
4939.0,-0.57,0.0
4939.0,-0.58,0.0
4940.0,-0.57,0.0
4940.0,-0.79,0.0
4941.0,-0.79,0.0
4941.0,-0.79,0.0
4942.0,-0.79,0.0
4943.0,-0.79,0.0
4943.0,-1.27,0.0
4944.0,-1.28,0.0
4944.0,-1.27,0.0
4945.0,-1.28,0.0
4946.0,-1.27,0.0
4946.0,-1.28,0.0
4947.0,-1.15,0.0
4947.0,-1.16,0.0
4948.0,-1.15,0.0
4948.0,-1.16,0.0
4949.0,-1.15,0.0
4950.0,-0.85,0.0
4950.0,-0.85,0.0
4951.0,-0.85,0.0
4951.0,-0.85,0.0
4952.0,-0.85,0.0
4953.0,-0.68,0.0
4953.0,-0.68,0.0
4954.0,-0.68,0.0
4954.0,-0.68,0.0
4955.0,-0.68,0.0
4956.0,-0.71,0.0
4956.0,-0.7,0.0
4957.0,-0.71,0.0
4957.0,-0.7,0.0
4958.0,-0.71,0.0
4958.0,-0.7,0.0
4959.0,-0.68,0.0
4960.0,-0.68,0.0
4960.0,-0.68,0.0
4961.0,-0.68,0.0
4961.0,-0.68,0.0
4962.0,-0.92,0.0
4963.0,-0.92,0.0
4963.0,-0.92,0.0
4964.0,-0.92,0.0
4964.0,-0.92,0.0
4965.0,-1.22,0.0
4965.0,-1.22,0.0
4966.0,-1.22,0.0
4967.0,-1.22,0.0
4967.0,-1.22,0.0
4968.0,-1.22,0.0
4968.0,-0.86,0.0
4969.0,-0.86,0.0
4970.0,-0.86,0.0
4970.0,-0.86,0.0
4971.0,-0.86,0.0
4971.0,-0.68,0.0
4972.0,-0.68,0.0
4973.0,-0.68,0.0
4973.0,-0.68,0.0
4974.0,-0.68,0.0
4974.0,-0.63,0.0
4975.0,-0.62,0.0
4975.0,-0.63,0.0
4976.0,-0.62,0.0
4977.0,-0.63,0.0
4977.0,-0.62,0.0
4978.0,-0.54,0.0
4978.0,-0.54,0.0
4979.0,-0.54,0.0
4980.0,-0.54,0.0
4980.0,-0.54,0.0
4981.0,-0.97,0.0
4981.0,-0.97,0.0
4982.0,-0.97,0.0
4982.0,-0.97,0.0
4983.0,-0.97,0.0
4984.0,-1.24,0.0
4984.0,-1.24,0.0
4985.0,-1.24,0.0
4985.0,-1.24,0.0
4986.0,-1.24,0.0
4987.0,-1.24,0.0
4987.0,-0.91,0.0
4988.0,-0.91,0.0
4988.0,-0.91,0.0
4989.0,-0.91,0.0
4990.0,-0.91,0.0
4990.0,-0.87,0.0
4991.0,-0.87,0.0
4991.0,-0.87,0.0
4992.0,-0.87,0.0
4992.0,-0.87,0.0
4993.0,-0.83,0.0
4994.0,-0.83,0.0
4994.0,-0.83,0.0
4995.0,-0.83,0.0
4995.0,-0.83,0.0
4996.0,-0.83,0.0
4997.0,-0.85,0.0
4997.0,-0.85,0.0
4998.0,-0.85,0.0
4998.0,-0.85,0.0
4999.0,-0.85,0.0
4999.0,-0.98,0.0
5000.0,-0.98,0.0
5001.0,-0.98,0.0
5001.0,-0.98,0.0
5002.0,-0.98,0.0
5002.0,-1.08,0.0
5003.0,-1.08,0.0
5004.0,-1.08,0.0
5004.0,-1.08,0.0
5005.0,-1.08,0.0
5005.0,-1.08,0.0
5006.0,-1.2,0.0
5007.0,-1.2,0.0
5007.0,-1.2,0.0
5008.0,-1.2,0.0
5008.0,-1.2,0.0
5009.0,-1.01,0.0
5009.0,-1.01,0.0
5010.0,-1.01,0.0
5011.0,-1.01,0.0
5011.0,-1.01,0.0
5012.0,-0.73,0.0
5012.0,-0.73,0.0
5013.0,-0.73,0.0
5014.0,-0.73,0.0
5014.0,-0.73,0.0
5015.0,-0.67,0.0
5015.0,-0.67,0.0
5016.0,-0.67,0.0
5017.0,-0.67,0.0
5017.0,-0.67,0.0
5018.0,-0.67,0.0
5018.0,-0.8,0.0
5019.0,-0.8,0.0
5020.0,-0.8,0.0
5020.0,-0.8,0.0
5021.0,-0.8,0.0
5021.0,-1.1,0.0
5022.0,-1.1,0.0
5022.0,-1.1,0.0
5023.0,-1.1,0.0
5024.0,-1.1,0.0
5024.0,-1.31,0.0
5025.0,-1.31,0.0
5025.0,-1.31,0.0
5026.0,-1.31,0.0
5027.0,-1.31,0.0
5027.0,-1.31,0.0
5028.0,-1.25,0.0
5028.0,-1.26,0.0
5029.0,-1.25,0.0
5030.0,-1.26,0.0
5030.0,-1.25,0.0
5031.0,-0.95,0.0
5031.0,-0.95,0.0
5032.0,-0.95,0.0
5032.0,-0.95,0.0
5033.0,-0.95,0.0
5034.0,-0.88,0.0
5034.0,-0.88,0.0
5035.0,-0.88,0.0
5035.0,-0.88,0.0
5036.0,-0.88,0.0
5037.0,-0.88,0.0
5037.0,-0.63,0.0
5038.0,-0.63,0.0
5038.0,-0.63,0.0
5039.0,-0.63,0.0
5039.0,-0.63,0.0
5040.0,-0.79,0.0
5041.0,-0.79,0.0
5041.0,-0.79,0.0
5042.0,-0.79,0.0
5042.0,-0.79,0.0
5043.0,-0.97,0.0
5044.0,-0.97,0.0
5044.0,-0.97,0.0
5045.0,-0.97,0.0
5045.0,-0.97,0.0
5046.0,-0.97,0.0
5047.0,-0.87,0.0
5047.0,-0.87,0.0
5048.0,-0.87,0.0
5048.0,-0.87,0.0
5049.0,-0.87,0.0
5049.0,-0.89,0.0
5050.0,-0.89,0.0
5051.0,-0.89,0.0
5051.0,-0.89,0.0
5052.0,-0.89,0.0
5052.0,-0.68,0.0
5053.0,-0.68,0.0
5054.0,-0.68,0.0
5054.0,-0.68,0.0
5055.0,-0.68,0.0
5055.0,-0.68,0.0
5056.0,-0.4,0.0
5056.0,-0.4,0.0
5057.0,-0.4,0.0
5058.0,-0.4,0.0
5058.0,-0.4,0.0
5059.0,-0.63,0.0
5059.0,-0.63,0.0
5060.0,-0.63,0.0
5061.0,-0.63,0.0
5061.0,-0.63,0.0
5062.0,-0.77,0.0
5062.0,-0.77,0.0
5063.0,-0.77,0.0
5064.0,-0.77,0.0
5064.0,-0.77,0.0
5065.0,-0.77,0.0
5065.0,-0.78,0.0
5066.0,-0.78,0.0
5066.0,-0.78,0.0
5067.0,-0.78,0.0
5068.0,-0.78,0.0
5068.0,-1.01,0.0
5069.0,-1.01,0.0
5069.0,-1.01,0.0
5070.0,-1.01,0.0
5071.0,-1.01,0.0
5071.0,-0.79,0.0
5072.0,-0.79,0.0
5072.0,-0.79,0.0
5073.0,-0.79,0.0
5073.0,-0.79,0.0
5074.0,-0.79,0.0
5075.0,-0.44,0.0
5075.0,-0.44,0.0
5076.0,-0.44,0.0
5076.0,-0.44,0.0
5077.0,-0.44,0.0
5078.0,-0.61,0.0
5078.0,-0.61,0.0
5079.0,-0.61,0.0
5079.0,-0.61,0.0
5080.0,-0.61,0.0
5081.0,-0.87,0.0
5081.0,-0.87,0.0
5082.0,-0.87,0.0
5082.0,-0.87,0.0
5083.0,-0.87,0.0
5083.0,-0.94,0.0
5084.0,-0.94,0.0
5085.0,-0.94,0.0
5085.0,-0.94,0.0
5086.0,-0.94,0.0
5086.0,-0.94,0.0
5087.0,-1.06,0.0
5088.0,-1.05,0.0
5088.0,-1.06,0.0
5089.0,-1.05,0.0
5089.0,-1.06,0.0
5090.0,-0.88,0.0
5090.0,-0.88,0.0
5091.0,-0.88,0.0
5092.0,-0.88,0.0
5092.0,-0.88,0.0
5093.0,-0.85,0.0
5093.0,-0.85,0.0
5094.0,-0.85,0.0
5095.0,-0.85,0.0
5095.0,-0.85,0.0
5096.0,-0.85,0.0
5096.0,-0.92,0.0
5097.0,-0.92,0.0
5098.0,-0.92,0.0
5098.0,-0.92,0.0
5099.0,-0.92,0.0
5099.0,-0.79,0.0
5100.0,-0.79,0.0
5100.0,-0.79,0.0
5101.0,-0.79,0.0
5102.0,-0.79,0.0
5102.0,-0.99,0.0
5103.0,-0.99,0.0
5103.0,-0.99,0.0
5104.0,-0.99,0.0
5105.0,-0.99,0.0
5105.0,-0.99,0.0
5106.0,-1.28,0.0
5106.0,-1.27,0.0
5107.0,-1.28,0.0
5107.0,-1.27,0.0
5108.0,-1.28,0.0
5109.0,-1.18,0.0
5109.0,-1.19,0.0
5110.0,-1.18,0.0
5110.0,-1.19,0.0
5111.0,-1.18,0.0
5112.0,-0.63,0.0
5112.0,-0.62,0.0
5113.0,-0.63,0.0
5113.0,-0.62,0.0
5114.0,-0.63,0.0
5115.0,-0.62,0.0
5115.0,-0.58,0.0
5116.0,-0.58,0.0
5116.0,-0.58,0.0
5117.0,-0.58,0.0
5118.0,-0.58,0.0
5118.0,-0.69,0.0
5119.0,-0.7,0.0
5119.0,-0.69,0.0
5120.0,-0.7,0.0
5120.0,-0.69,0.0
5121.0,-0.99,0.0
5122.0,-0.99,0.0
5122.0,-0.99,0.0
5123.0,-0.99,0.0
5123.0,-0.99,0.0
5124.0,-1.19,0.0
5125.0,-1.19,0.0
5125.0,-1.19,0.0
5126.0,-1.19,0.0
5126.0,-1.19,0.0
5127.0,-1.19,0.0
5128.0,-0.96,0.0
5128.0,-0.97,0.0
5129.0,-0.96,0.0
5129.0,-0.97,0.0
5130.0,-0.96,0.0
5130.0,-0.81,0.0
5131.0,-0.81,0.0
5132.0,-0.81,0.0
5132.0,-0.81,0.0
5133.0,-0.81,0.0
5133.0,-0.68,0.0
5134.0,-0.68,0.0
5135.0,-0.68,0.0
5135.0,-0.68,0.0
5136.0,-0.68,0.0
5136.0,-0.68,0.0
5137.0,-0.51,0.0
5138.0,-0.51,0.0
5138.0,-0.51,0.0
5139.0,-0.51,0.0
5139.0,-0.51,0.0
5140.0,-0.8,0.0
5140.0,-0.8,0.0
5141.0,-0.8,0.0
5142.0,-0.8,0.0
5142.0,-0.8,0.0
5143.0,-0.97,0.0
5143.0,-0.97,0.0
5144.0,-0.97,0.0
5145.0,-0.97,0.0
5145.0,-0.97,0.0
5146.0,-0.97,0.0
5146.0,-0.97,0.0
5147.0,-0.97,0.0
5147.0,-0.97,0.0
5148.0,-0.97,0.0
5149.0,-0.97,0.0
5149.0,-0.74,0.0
5150.0,-0.74,0.0
5150.0,-0.74,0.0
5151.0,-0.74,0.0
5152.0,-0.74,0.0
5152.0,-0.74,0.0
5153.0,-0.74,0.0
5153.0,-0.74,0.0
5154.0,-0.74,0.0
5155.0,-0.74,0.0
5155.0,-0.74,0.0
5156.0,-0.76,0.0
5156.0,-0.77,0.0
5157.0,-0.76,0.0
5157.0,-0.77,0.0
5158.0,-0.76,0.0
5159.0,-0.7,0.0
5159.0,-0.7,0.0
5160.0,-0.7,0.0
5160.0,-0.7,0.0
5161.0,-0.7,0.0
5162.0,-0.97,0.0
5162.0,-0.97,0.0
5163.0,-0.97,0.0
5163.0,-0.97,0.0
5164.0,-0.97,0.0
5164.0,-0.97,0.0
5165.0,-1.13,0.0
5166.0,-1.13,0.0
5166.0,-1.13,0.0
5167.0,-1.13,0.0
5167.0,-1.13,0.0
5168.0,-1.07,0.0
5169.0,-1.07,0.0
5169.0,-1.07,0.0
5170.0,-1.07,0.0
5170.0,-1.07,0.0
5171.0,-0.93,0.0
5172.0,-0.93,0.0
5172.0,-0.93,0.0
5173.0,-0.93,0.0
5173.0,-0.93,0.0
5174.0,-0.93,0.0
5174.0,-0.8,0.0
5175.0,-0.8,0.0
5176.0,-0.8,0.0
5176.0,-0.8,0.0
5177.0,-0.8,0.0
5177.0,-0.81,0.0
5178.0,-0.81,0.0
5179.0,-0.81,0.0
5179.0,-0.81,0.0
5180.0,-0.81,0.0
5180.0,-1.04,0.0
5181.0,-1.04,0.0
5181.0,-1.04,0.0
5182.0,-1.04,0.0
5183.0,-1.04,0.0
5183.0,-1.04,0.0
5184.0,-1.26,0.0
5184.0,-1.27,0.0
5185.0,-1.26,0.0
5186.0,-1.27,0.0
5186.0,-1.26,0.0
5187.0,-1.29,0.0
5187.0,-1.29,0.0
5188.0,-1.29,0.0
5189.0,-1.29,0.0
5189.0,-1.29,0.0
5190.0,-1.03,0.0
5190.0,-1.03,0.0
5191.0,-1.03,0.0
5191.0,-1.03,0.0
5192.0,-1.03,0.0
5193.0,-1.03,0.0
5193.0,-0.98,0.0
5194.0,-0.98,0.0
5194.0,-0.98,0.0
5195.0,-0.98,0.0
5196.0,-0.98,0.0
5196.0,-0.72,0.0
5197.0,-0.72,0.0
5197.0,-0.72,0.0
5198.0,-0.72,0.0
5198.0,-0.72,0.0
5199.0,-0.64,0.0
5200.0,-0.64,0.0
5200.0,-0.64,0.0
5201.0,-0.64,0.0
5201.0,-0.64,0.0
5202.0,-1.01,0.0
5203.0,-1.01,0.0
5203.0,-1.01,0.0
5204.0,-1.01,0.0
5204.0,-1.01,0.0
5205.0,-1.01,0.0
5206.0,-1.09,0.0
5206.0,-1.09,0.0
5207.0,-1.09,0.0
5207.0,-1.09,0.0
5208.0,-1.09,0.0
5208.0,-0.9,0.0
5209.0,-0.91,0.0
5210.0,-0.9,0.0
5210.0,-0.91,0.0
5211.0,-0.9,0.0
5211.0,-0.73,0.0
5212.0,-0.73,0.0
5213.0,-0.73,0.0
5213.0,-0.73,0.0
5214.0,-0.73,0.0
5214.0,-0.73,0.0
5215.0,-0.56,0.0
5216.0,-0.56,0.0
5216.0,-0.56,0.0
5217.0,-0.56,0.0
5217.0,-0.56,0.0
5218.0,-0.76,0.0
5219.0,-0.76,0.0
5219.0,-0.76,0.0
5220.0,-0.76,0.0
5220.0,-0.76,0.0
5221.0,-0.88,0.0
5221.0,-0.88,0.0
5222.0,-0.88,0.0
5223.0,-0.88,0.0
5223.0,-0.88,0.0
5224.0,-0.88,0.0
5224.0,-0.96,0.0
5225.0,-0.95,0.0
5226.0,-0.96,0.0
5226.0,-0.95,0.0
5227.0,-0.96,0.0
5227.0,-0.99,0.0
5228.0,-0.99,0.0
5228.0,-0.99,0.0
5229.0,-0.99,0.0
5230.0,-0.99,0.0
5230.0,-1.1,0.0
5231.0,-1.1,0.0
5231.0,-1.1,0.0
5232.0,-1.1,0.0
5233.0,-1.1,0.0
5233.0,-1.1,0.0
5234.0,-0.77,0.0
5234.0,-0.76,0.0
5235.0,-0.77,0.0
5236.0,-0.76,0.0
5236.0,-0.77,0.0
5237.0,-0.43,0.0
5237.0,-0.43,0.0
5238.0,-0.43,0.0
5238.0,-0.43,0.0
5239.0,-0.43,0.0
5240.0,-0.87,0.0
5240.0,-0.87,0.0
5241.0,-0.87,0.0
5241.0,-0.87,0.0
5242.0,-0.87,0.0
5243.0,-1.1,0.0
5243.0,-1.1,0.0
5244.0,-1.1,0.0
5244.0,-1.1,0.0
5245.0,-1.1,0.0
5246.0,-1.1,0.0
5246.0,-1.0,0.0
5247.0,-1.0,0.0
5247.0,-1.0,0.0
5248.0,-1.0,0.0
5248.0,-1.0,0.0
5249.0,-0.88,0.0
5250.0,-0.88,0.0
5250.0,-0.88,0.0
5251.0,-0.88,0.0
5251.0,-0.88,0.0
5252.0,-0.85,0.0
5253.0,-0.85,0.0
5253.0,-0.85,0.0
5254.0,-0.85,0.0
5254.0,-0.85,0.0
5255.0,-0.85,0.0
5255.0,-0.66,0.0
5256.0,-0.66,0.0
5257.0,-0.66,0.0
5257.0,-0.66,0.0
5258.0,-0.66,0.0
5258.0,-0.73,0.0
5259.0,-0.73,0.0
5260.0,-0.73,0.0
5260.0,-0.73,0.0
5261.0,-0.73,0.0
5261.0,-0.95,0.0
5262.0,-0.95,0.0
5263.0,-0.95,0.0
5263.0,-0.95,0.0
5264.0,-0.95,0.0
5264.0,-0.95,0.0
5265.0,-1.09,0.0
5265.0,-1.09,0.0
5266.0,-1.09,0.0
5267.0,-1.09,0.0
5267.0,-1.09,0.0
5268.0,-1.05,0.0
5268.0,-1.04,0.0
5269.0,-1.05,0.0
5270.0,-1.04,0.0
5270.0,-1.05,0.0
5271.0,-1.03,0.0
5271.0,-1.04,0.0
5272.0,-1.03,0.0
5272.0,-1.04,0.0
5273.0,-1.03,0.0
5274.0,-1.04,0.0
5274.0,-0.79,0.0
5275.0,-0.79,0.0
5275.0,-0.79,0.0
5276.0,-0.79,0.0
5277.0,-0.79,0.0
5277.0,-0.8,0.0
5278.0,-0.8,0.0
5278.0,-0.8,0.0
5279.0,-0.8,0.0
5280.0,-0.8,0.0
5280.0,-1.12,0.0
5281.0,-1.12,0.0
5281.0,-1.12,0.0
5282.0,-1.12,0.0
5282.0,-1.12,0.0
5283.0,-1.12,0.0
5284.0,-1.24,0.0
5284.0,-1.24,0.0
5285.0,-1.24,0.0
5285.0,-1.24,0.0
5286.0,-1.24,0.0
5287.0,-1.1,0.0
5287.0,-1.1,0.0
5288.0,-1.1,0.0
5288.0,-1.1,0.0
5289.0,-1.1,0.0
5289.0,-0.81,0.0
5290.0,-0.81,0.0
5291.0,-0.81,0.0
5291.0,-0.81,0.0
5292.0,-0.81,0.0
5292.0,-0.81,0.0
5293.0,-0.6,0.0
5294.0,-0.6,0.0
5294.0,-0.6,0.0
5295.0,-0.6,0.0
5295.0,-0.6,0.0
5296.0,-0.82,0.0
5297.0,-0.82,0.0
5297.0,-0.82,0.0
5298.0,-0.82,0.0
5298.0,-0.82,0.0
5299.0,-0.81,0.0
5299.0,-0.81,0.0
5300.0,-0.81,0.0
5301.0,-0.81,0.0
5301.0,-0.81,0.0
5302.0,-0.81,0.0
5302.0,-0.99,0.0
5303.0,-0.99,0.0
5304.0,-0.99,0.0
5304.0,-0.99,0.0
5305.0,-0.99,0.0
5305.0,-0.91,0.0
5306.0,-0.91,0.0
5306.0,-0.91,0.0
5307.0,-0.91,0.0
5308.0,-0.91,0.0
5308.0,-0.94,0.0
5309.0,-0.95,0.0
5309.0,-0.94,0.0
5310.0,-0.95,0.0
5311.0,-0.94,0.0
5311.0,-0.95,0.0
5312.0,-0.86,0.0
5312.0,-0.86,0.0
5313.0,-0.86,0.0
5314.0,-0.86,0.0
5314.0,-0.86,0.0
5315.0,-0.6,0.0
5315.0,-0.6,0.0
5316.0,-0.6,0.0
5317.0,-0.6,0.0
5317.0,-0.6,0.0
5318.0,-0.73,0.0
5318.0,-0.73,0.0
5319.0,-0.73,0.0
5320.0,-0.73,0.0
5320.0,-0.73,0.0
5321.0,-0.99,0.0
5321.0,-0.99,0.0
5322.0,-0.99,0.0
5322.0,-0.99,0.0
5323.0,-0.99,0.0
5324.0,-0.99,0.0
5324.0,-1.32,0.0
5325.0,-1.32,0.0
5325.0,-1.32,0.0
5326.0,-1.32,0.0
5327.0,-1.32,0.0
5327.0,-1.17,0.0
5328.0,-1.17,0.0
5328.0,-1.17,0.0
5329.0,-1.17,0.0
5329.0,-1.17,0.0
5330.0,-0.62,0.0
5331.0,-0.62,0.0
5331.0,-0.62,0.0
5332.0,-0.62,0.0
5332.0,-0.62,0.0
5333.0,-0.62,0.0
5334.0,-0.51,0.0
5334.0,-0.51,0.0
5335.0,-0.51,0.0
5335.0,-0.51,0.0
5336.0,-0.51,0.0
5337.0,-0.73,0.0
5337.0,-0.73,0.0
5338.0,-0.73,0.0
5338.0,-0.73,0.0
5339.0,-0.73,0.0
5339.0,-0.62,0.0
5340.0,-0.62,0.0
5341.0,-0.62,0.0
5341.0,-0.62,0.0
5342.0,-0.62,0.0
5342.0,-0.62,0.0
5343.0,-1.14,0.0
5344.0,-1.14,0.0
5344.0,-1.14,0.0
5345.0,-1.14,0.0
5345.0,-1.14,0.0
5346.0,-1.41,0.0
5346.0,-1.41,0.0
5347.0,-1.41,0.0
5348.0,-1.41,0.0
5348.0,-1.41,0.0
5349.0,-0.97,0.0
5349.0,-0.96,0.0
5350.0,-0.97,0.0
5351.0,-0.96,0.0
5351.0,-0.97,0.0
5352.0,-0.96,0.0
5352.0,-0.95,0.0
5353.0,-0.95,0.0
5354.0,-0.95,0.0
5354.0,-0.95,0.0
5355.0,-0.95,0.0
5355.0,-1.14,0.0
5356.0,-1.14,0.0
5356.0,-1.14,0.0
5357.0,-1.14,0.0
5358.0,-1.14,0.0
5358.0,-0.96,0.0
5359.0,-0.96,0.0
5359.0,-0.96,0.0
5360.0,-0.96,0.0
5361.0,-0.96,0.0
5361.0,-1.05,0.0
5362.0,-1.05,0.0
5362.0,-1.05,0.0
5363.0,-1.05,0.0
5363.0,-1.05,0.0
5364.0,-1.05,0.0
5365.0,-1.26,0.0
5365.0,-1.26,0.0
5366.0,-1.26,0.0
5366.0,-1.26,0.0
5367.0,-1.26,0.0
5368.0,-1.05,0.0
5368.0,-1.04,0.0
5369.0,-1.05,0.0
5369.0,-1.04,0.0
5370.0,-1.05,0.0
5371.0,-0.75,0.0
5371.0,-0.75,0.0
5372.0,-0.75,0.0
5372.0,-0.75,0.0
5373.0,-0.75,0.0
5373.0,-0.75,0.0
5374.0,-0.4,0.0
5375.0,-0.4,0.0
5375.0,-0.4,0.0
5376.0,-0.4,0.0
5376.0,-0.4,0.0
5377.0,-0.42,0.0
5378.0,-0.41,0.0
5378.0,-0.42,0.0
5379.0,-0.41,0.0
5379.0,-0.42,0.0
5380.0,-0.73,0.0
5380.0,-0.73,0.0
5381.0,-0.73,0.0
5382.0,-0.73,0.0
5382.0,-0.73,0.0
5383.0,-0.73,0.0
5383.0,-0.92,0.0
5384.0,-0.92,0.0
5385.0,-0.92,0.0
5385.0,-0.92,0.0
5386.0,-0.92,0.0
5386.0,-0.88,0.0
5387.0,-0.88,0.0
5388.0,-0.88,0.0
5388.0,-0.88,0.0
5389.0,-0.88,0.0
5389.0,-0.8,0.0
5390.0,-0.8,0.0
5390.0,-0.8,0.0
5391.0,-0.8,0.0
5392.0,-0.8,0.0
5392.0,-0.8,0.0
5393.0,-0.74,0.0
5393.0,-0.74,0.0
5394.0,-0.74,0.0
5395.0,-0.74,0.0
5395.0,-0.74,0.0
5396.0,-0.78,0.0
5396.0,-0.78,0.0
5397.0,-0.78,0.0
5397.0,-0.78,0.0
5398.0,-0.78,0.0
5399.0,-0.67,0.0
5399.0,-0.67,0.0
5400.0,-0.67,0.0
5400.0,-0.67,0.0
5401.0,-0.67,0.0
5402.0,-0.67,0.0
5402.0,-0.88,0.0
5403.0,-0.88,0.0
5403.0,-0.88,0.0
5404.0,-0.88,0.0
5405.0,-0.88,0.0
5405.0,-1.09,0.0
5406.0,-1.09,0.0
5406.0,-1.09,0.0
5407.0,-1.09,0.0
5407.0,-1.09,0.0
5408.0,-0.68,0.0
5409.0,-0.68,0.0
5409.0,-0.68,0.0
5410.0,-0.68,0.0
5410.0,-0.68,0.0
5411.0,-0.68,0.0
5412.0,-0.47,0.0
5412.0,-0.47,0.0
5413.0,-0.47,0.0
5413.0,-0.47,0.0
5414.0,-0.47,0.0
5415.0,-0.41,0.0
5415.0,-0.41,0.0
5416.0,-0.41,0.0
5416.0,-0.41,0.0
5417.0,-0.41,0.0
5418.0,-0.67,0.0
5418.0,-0.67,0.0
5419.0,-0.67,0.0
5419.0,-0.67,0.0
5420.0,-0.67,0.0
5420.0,-1.11,0.0
5421.0,-1.11,0.0
5422.0,-1.11,0.0
5422.0,-1.11,0.0
5423.0,-1.11,0.0
5423.0,-1.11,0.0
5424.0,-1.07,0.0
5425.0,-1.07,0.0
5425.0,-1.07,0.0
5426.0,-1.07,0.0
5426.0,-1.07,0.0
5427.0,-1.08,0.0
5428.0,-1.08,0.0
5428.0,-1.08,0.0
5429.0,-1.08,0.0
5429.0,-1.08,0.0
5430.0,-1.25,0.0
5430.0,-1.25,0.0
5431.0,-1.25,0.0
5432.0,-1.25,0.0
5432.0,-1.25,0.0
5433.0,-1.25,0.0
5433.0,-0.99,0.0
5434.0,-0.99,0.0
5435.0,-0.99,0.0
5435.0,-0.99,0.0
5436.0,-0.99,0.0
5436.0,-0.54,0.0
5437.0,-0.54,0.0
5437.0,-0.54,0.0
5438.0,-0.54,0.0
5439.0,-0.54,0.0
5439.0,-0.72,0.0
5440.0,-0.71,0.0
5440.0,-0.72,0.0
5441.0,-0.71,0.0
5442.0,-0.72,0.0
5442.0,-0.71,0.0
5443.0,-1.11,0.0
5443.0,-1.11,0.0
5444.0,-1.11,0.0
5445.0,-1.11,0.0
5445.0,-1.11,0.0
5446.0,-1.18,0.0
5446.0,-1.18,0.0
5447.0,-1.18,0.0
5447.0,-1.18,0.0
5448.0,-1.18,0.0
5449.0,-0.93,0.0
5449.0,-0.93,0.0
5450.0,-0.93,0.0
5450.0,-0.93,0.0
5451.0,-0.93,0.0
5452.0,-0.93,0.0
5452.0,-0.88,0.0
5453.0,-0.88,0.0
5453.0,-0.88,0.0
5454.0,-0.88,0.0
5454.0,-0.88,0.0
5455.0,-0.79,0.0
5456.0,-0.79,0.0
5456.0,-0.79,0.0
5457.0,-0.79,0.0
5457.0,-0.79,0.0
5458.0,-0.77,0.0
5459.0,-0.77,0.0
5459.0,-0.77,0.0
5460.0,-0.77,0.0
5460.0,-0.77,0.0
5461.0,-0.77,0.0
5462.0,-0.96,0.0
5462.0,-0.96,0.0
5463.0,-0.96,0.0
5463.0,-0.96,0.0
5464.0,-0.96,0.0
5464.0,-1.13,0.0
5465.0,-1.13,0.0
5466.0,-1.13,0.0
5466.0,-1.13,0.0
5467.0,-1.13,0.0
5467.0,-1.0,0.0
5468.0,-1.0,0.0
5469.0,-1.0,0.0
5469.0,-1.0,0.0
5470.0,-1.0,0.0
5470.0,-1.0,0.0
5471.0,-0.42,0.0
5471.0,-0.42,0.0
5472.0,-0.42,0.0
5473.0,-0.42,0.0
5473.0,-0.42,0.0
5474.0,-0.28,0.0
5474.0,-0.28,0.0
5475.0,-0.28,0.0
5476.0,-0.28,0.0
5476.0,-0.28,0.0
5477.0,-0.56,0.0
5477.0,-0.56,0.0
5478.0,-0.56,0.0
5479.0,-0.56,0.0
5479.0,-0.56,0.0
5480.0,-0.82,0.0
5480.0,-0.82,0.0
5481.0,-0.82,0.0
5481.0,-0.82,0.0
5482.0,-0.82,0.0
5483.0,-0.82,0.0
5483.0,-0.88,0.0
5484.0,-0.88,0.0
5484.0,-0.88,0.0
5485.0,-0.88,0.0
5486.0,-0.88,0.0
5486.0,-0.89,0.0
5487.0,-0.89,0.0
5487.0,-0.89,0.0
5488.0,-0.89,0.0
5488.0,-0.89,0.0
5489.0,-0.88,0.0
5490.0,-0.89,0.0
5490.0,-0.88,0.0
5491.0,-0.89,0.0
5491.0,-0.88,0.0
5492.0,-0.89,0.0
5493.0,-0.68,0.0
5493.0,-0.68,0.0
5494.0,-0.68,0.0
5494.0,-0.68,0.0
5495.0,-0.68,0.0
5496.0,-0.68,0.0
5496.0,-0.68,0.0
5497.0,-0.68,0.0
5497.0,-0.68,0.0
5498.0,-0.68,0.0
5498.0,-0.7,0.0
5499.0,-0.7,0.0
5500.0,-0.7,0.0
5500.0,-0.7,0.0
5501.0,-0.7,0.0
5501.0,-0.7,0.0
5502.0,-0.86,0.0
5503.0,-0.86,0.0
5503.0,-0.86,0.0
5504.0,-0.86,0.0
5504.0,-0.86,0.0
5505.0,-1.38,0.0
5505.0,-1.38,0.0
5506.0,-1.38,0.0
5507.0,-1.38,0.0
5507.0,-1.38,0.0
5508.0,-1.18,0.0
5508.0,-1.19,0.0
5509.0,-1.18,0.0
5510.0,-1.19,0.0
5510.0,-1.18,0.0
5511.0,-1.19,0.0
5511.0,-0.98,0.0
5512.0,-0.98,0.0
5513.0,-0.98,0.0
5513.0,-0.98,0.0
5514.0,-0.98,0.0
5514.0,-0.88,0.0
5515.0,-0.88,0.0
5515.0,-0.88,0.0
5516.0,-0.88,0.0
5517.0,-0.88,0.0
5517.0,-0.8,0.0
5518.0,-0.8,0.0
5518.0,-0.8,0.0
5519.0,-0.8,0.0
5520.0,-0.8,0.0
5520.0,-1.1,0.0
5521.0,-1.1,0.0
5521.0,-1.1,0.0
5522.0,-1.1,0.0
5523.0,-1.1,0.0
5523.0,-1.1,0.0
5524.0,-1.11,0.0
5524.0,-1.11,0.0
5525.0,-1.11,0.0
5526.0,-1.11,0.0
5526.0,-1.11,0.0
5527.0,-1.02,0.0
5527.0,-1.02,0.0
5528.0,-1.02,0.0
5528.0,-1.02,0.0
5529.0,-1.02,0.0
5530.0,-0.86,0.0
5530.0,-0.86,0.0
5531.0,-0.86,0.0
5531.0,-0.86,0.0
5532.0,-0.86,0.0
5533.0,-0.86,0.0
5533.0,-0.51,0.0
5534.0,-0.51,0.0
5534.0,-0.51,0.0
5535.0,-0.51,0.0
5536.0,-0.51,0.0
5536.0,-0.5,0.0
5537.0,-0.5,0.0
5537.0,-0.5,0.0
5538.0,-0.5,0.0
5538.0,-0.5,0.0
5539.0,-0.88,0.0
5540.0,-0.88,0.0
5540.0,-0.88,0.0
5541.0,-0.88,0.0
5541.0,-0.88,0.0
5542.0,-0.88,0.0
5543.0,-1.08,0.0
5543.0,-1.08,0.0
5544.0,-1.08,0.0
5544.0,-1.08,0.0
5545.0,-1.08,0.0
5545.0,-1.1,0.0
5546.0,-1.1,0.0
5547.0,-1.1,0.0
5547.0,-1.1,0.0
5548.0,-1.1,0.0
5548.0,-0.97,0.0
5549.0,-0.96,0.0
5550.0,-0.97,0.0
5550.0,-0.96,0.0
5551.0,-0.97,0.0
5551.0,-0.96,0.0
5552.0,-0.64,0.0
5553.0,-0.64,0.0
5553.0,-0.64,0.0
5554.0,-0.64,0.0
5554.0,-0.64,0.0
5555.0,-0.7,0.0
5555.0,-0.7,0.0
5556.0,-0.7,0.0
5557.0,-0.7,0.0
5557.0,-0.7,0.0
5558.0,-0.75,0.0
5558.0,-0.75,0.0
5559.0,-0.75,0.0
5560.0,-0.75,0.0
5560.0,-0.75,0.0
5561.0,-0.75,0.0
5561.0,-1.16,0.0
5562.0,-1.15,0.0
5562.0,-1.16,0.0
5563.0,-1.15,0.0
5564.0,-1.16,0.0
5564.0,-1.28,0.0
5565.0,-1.29,0.0
5565.0,-1.28,0.0
5566.0,-1.29,0.0
5567.0,-1.28,0.0
5567.0,-1.16,0.0
5568.0,-1.16,0.0
5568.0,-1.16,0.0
5569.0,-1.16,0.0
5570.0,-1.16,0.0
5570.0,-1.16,0.0
5571.0,-0.8,0.0
5571.0,-0.8,0.0
5572.0,-0.8,0.0
5572.0,-0.8,0.0
5573.0,-0.8,0.0
5574.0,-0.56,0.0
5574.0,-0.56,0.0
5575.0,-0.56,0.0
5575.0,-0.56,0.0
5576.0,-0.56,0.0
5577.0,-0.65,0.0
5577.0,-0.64,0.0
5578.0,-0.65,0.0
5578.0,-0.64,0.0
5579.0,-0.65,0.0
5579.0,-0.64,0.0
5580.0,-0.83,0.0
5581.0,-0.83,0.0
5581.0,-0.83,0.0
5582.0,-0.83,0.0
5582.0,-0.83,0.0
5583.0,-1.13,0.0
5584.0,-1.14,0.0
5584.0,-1.13,0.0
5585.0,-1.14,0.0
5585.0,-1.13,0.0
5586.0,-1.29,0.0
5587.0,-1.28,0.0
5587.0,-1.29,0.0
5588.0,-1.28,0.0
5588.0,-1.29,0.0
5589.0,-1.28,0.0
5589.0,-0.98,0.0
5590.0,-0.98,0.0
5591.0,-0.98,0.0
5591.0,-0.98,0.0
5592.0,-0.98,0.0
5592.0,-0.88,0.0
5593.0,-0.88,0.0
5594.0,-0.88,0.0
5594.0,-0.88,0.0
5595.0,-0.88,0.0
5595.0,-0.61,0.0
5596.0,-0.61,0.0
5596.0,-0.61,0.0
5597.0,-0.61,0.0
5598.0,-0.61,0.0
5598.0,-0.68,0.0
5599.0,-0.68,0.0
5599.0,-0.68,0.0
5600.0,-0.68,0.0
5601.0,-0.68,0.0
5601.0,-0.68,0.0
5602.0,-1.02,0.0
5602.0,-1.02,0.0
5603.0,-1.02,0.0
5604.0,-1.02,0.0
5604.0,-1.02,0.0
5605.0,-1.11,0.0
5605.0,-1.11,0.0
5606.0,-1.11,0.0
5606.0,-1.11,0.0
5607.0,-1.11,0.0
5608.0,-0.94,0.0
5608.0,-0.94,0.0
5609.0,-0.94,0.0
5609.0,-0.94,0.0
5610.0,-0.94,0.0
5611.0,-0.94,0.0
5611.0,-0.73,0.0
5612.0,-0.73,0.0
5612.0,-0.73,0.0
5613.0,-0.73,0.0
5613.0,-0.73,0.0
5614.0,-0.63,0.0
5615.0,-0.63,0.0
5615.0,-0.63,0.0
5616.0,-0.63,0.0
5616.0,-0.63,0.0
5617.0,-0.61,0.0
5618.0,-0.61,0.0
5618.0,-0.61,0.0
5619.0,-0.61,0.0
5619.0,-0.61,0.0
5620.0,-0.61,0.0
5621.0,-0.69,0.0
5621.0,-0.7,0.0
5622.0,-0.69,0.0
5622.0,-0.7,0.0
5623.0,-0.69,0.0
5624.0,-1.1,0.0
5624.0,-1.1,0.0
5625.0,-1.1,0.0
5625.0,-1.1,0.0
5626.0,-1.1,0.0
5626.0,-1.27,0.0
5627.0,-1.27,0.0
5628.0,-1.27,0.0
5628.0,-1.27,0.0
5629.0,-1.27,0.0
5629.0,-0.9,0.0
5630.0,-0.9,0.0
5631.0,-0.9,0.0
5631.0,-0.9,0.0
5632.0,-0.9,0.0
5632.0,-0.9,0.0
5633.0,-0.67,0.0
5634.0,-0.67,0.0
5634.0,-0.67,0.0
5635.0,-0.67,0.0
5635.0,-0.67,0.0
5636.0,-0.66,0.0
5636.0,-0.66,0.0
5637.0,-0.66,0.0
5638.0,-0.66,0.0
5638.0,-0.66,0.0
5639.0,-1.01,0.0
5639.0,-1.0,0.0
5640.0,-1.01,0.0
5641.0,-1.0,0.0
5641.0,-1.01,0.0
5642.0,-1.0,0.0
5642.0,-0.82,0.0
5643.0,-0.82,0.0
5644.0,-0.82,0.0
5644.0,-0.82,0.0
5645.0,-0.82,0.0
5645.0,-0.82,0.0
5646.0,-0.82,0.0
5646.0,-0.82,0.0
5647.0,-0.82,0.0
5648.0,-0.82,0.0
5648.0,-0.97,0.0
5649.0,-0.96,0.0
5649.0,-0.97,0.0
5650.0,-0.96,0.0
5651.0,-0.97,0.0
5651.0,-0.96,0.0
5652.0,-0.58,0.0
5652.0,-0.58,0.0
5653.0,-0.58,0.0
5653.0,-0.58,0.0
5654.0,-0.58,0.0
5655.0,-0.56,0.0
5655.0,-0.56,0.0
5656.0,-0.56,0.0
5656.0,-0.56,0.0
5657.0,-0.56,0.0
5658.0,-0.9,0.0
5658.0,-0.89,0.0
5659.0,-0.9,0.0
5659.0,-0.89,0.0
5660.0,-0.9,0.0
5661.0,-0.89,0.0
5661.0,-0.99,0.0
5662.0,-0.99,0.0
5662.0,-0.99,0.0
5663.0,-0.99,0.0
5663.0,-0.99,0.0
5664.0,-0.99,0.0
5665.0,-0.99,0.0
5665.0,-0.99,0.0
5666.0,-0.99,0.0
5666.0,-0.99,0.0
5667.0,-0.93,0.0
5668.0,-0.93,0.0
5668.0,-0.93,0.0
5669.0,-0.93,0.0
5669.0,-0.93,0.0
5670.0,-0.93,0.0
5670.0,-0.73,0.0
5671.0,-0.73,0.0
5672.0,-0.73,0.0
5672.0,-0.73,0.0
5673.0,-0.73,0.0
5673.0,-0.91,0.0
5674.0,-0.91,0.0
5675.0,-0.91,0.0
5675.0,-0.91,0.0
5676.0,-0.91,0.0
5676.0,-0.93,0.0
5677.0,-0.93,0.0
5678.0,-0.93,0.0
5678.0,-0.93,0.0
5679.0,-0.93,0.0
5679.0,-0.93,0.0
5680.0,-1.07,0.0
5680.0,-1.07,0.0
5681.0,-1.07,0.0
5682.0,-1.07,0.0
5682.0,-1.07,0.0
5683.0,-1.23,0.0
5683.0,-1.23,0.0
5684.0,-1.23,0.0
5685.0,-1.23,0.0
5685.0,-1.23,0.0
5686.0,-1.19,0.0
5686.0,-1.18,0.0
5687.0,-1.19,0.0
5687.0,-1.18,0.0
5688.0,-1.19,0.0
5689.0,-1.18,0.0
5689.0,-1.23,0.0
5690.0,-1.23,0.0
5690.0,-1.23,0.0
5691.0,-1.23,0.0
5692.0,-1.23,0.0
5692.0,-0.85,0.0
5693.0,-0.85,0.0
5693.0,-0.85,0.0
5694.0,-0.85,0.0
5695.0,-0.85,0.0
5695.0,-0.56,0.0
5696.0,-0.56,0.0
5696.0,-0.56,0.0
5697.0,-0.56,0.0
5697.0,-0.56,0.0
5698.0,-0.56,0.0
5699.0,-0.62,0.0
5699.0,-0.62,0.0
5700.0,-0.62,0.0
5700.0,-0.62,0.0
5701.0,-0.62,0.0
5702.0,-0.62,0.0
5702.0,-0.62,0.0
5703.0,-0.62,0.0
5703.0,-0.62,0.0
5704.0,-0.62,0.0
5704.0,-0.92,0.0
5705.0,-0.92,0.0
5706.0,-0.92,0.0
5706.0,-0.92,0.0
5707.0,-0.92,0.0
5707.0,-0.92,0.0
5708.0,-0.75,0.0
5709.0,-0.75,0.0
5709.0,-0.75,0.0
5710.0,-0.75,0.0
5710.0,-0.75,0.0
5711.0,-0.41,0.0
5712.0,-0.41,0.0
5712.0,-0.41,0.0
5713.0,-0.41,0.0
5713.0,-0.41,0.0
5714.0,-0.48,0.0
5714.0,-0.48,0.0
5715.0,-0.48,0.0
5716.0,-0.48,0.0
5716.0,-0.48,0.0
5717.0,-0.73,0.0
5717.0,-0.73,0.0
5718.0,-0.73,0.0
5719.0,-0.73,0.0
5719.0,-0.73,0.0
5720.0,-0.73,0.0
5720.0,-0.8,0.0
5721.0,-0.8,0.0
5722.0,-0.8,0.0
5722.0,-0.8,0.0
5723.0,-0.8,0.0
5723.0,-0.9,0.0
5724.0,-0.9,0.0
5725.0,-0.9,0.0
5725.0,-0.9,0.0
5726.0,-0.9,0.0
5726.0,-1.09,0.0
5727.0,-1.09,0.0
5727.0,-1.09,0.0
5728.0,-1.09,0.0
5729.0,-1.09,0.0
5729.0,-1.09,0.0
5730.0,-0.98,0.0
5730.0,-0.98,0.0
5731.0,-0.98,0.0
5732.0,-0.98,0.0
5732.0,-0.98,0.0
5733.0,-0.47,0.0
5733.0,-0.47,0.0
5734.0,-0.47,0.0
5734.0,-0.47,0.0
5735.0,-0.47,0.0
5736.0,-0.59,0.0
5736.0,-0.59,0.0
5737.0,-0.59,0.0
5737.0,-0.59,0.0
5738.0,-0.59,0.0
5739.0,-0.59,0.0
5739.0,-0.9,0.0
5740.0,-0.9,0.0
5740.0,-0.9,0.0
5741.0,-0.9,0.0
5742.0,-0.9,0.0
5742.0,-1.23,0.0
5743.0,-1.23,0.0
5743.0,-1.23,0.0
5744.0,-1.23,0.0
5744.0,-1.23,0.0
5745.0,-1.36,0.0
5746.0,-1.36,0.0
5746.0,-1.36,0.0
5747.0,-1.36,0.0
5747.0,-1.36,0.0
5748.0,-0.92,0.0
5749.0,-0.92,0.0
5749.0,-0.92,0.0
5750.0,-0.92,0.0
5750.0,-0.92,0.0
5751.0,-0.92,0.0
5752.0,-0.81,0.0
5752.0,-0.81,0.0
5753.0,-0.81,0.0
5753.0,-0.81,0.0
5754.0,-0.81,0.0
5754.0,-0.85,0.0
5755.0,-0.85,0.0
5756.0,-0.85,0.0
5756.0,-0.85,0.0
5757.0,-0.85,0.0
5757.0,-0.75,0.0
5758.0,-0.75,0.0
5759.0,-0.75,0.0
5759.0,-0.75,0.0
5760.0,-0.75,0.0
5760.0,-0.75,0.0
5761.0,-1.0,0.0
5761.0,-1.0,0.0
5762.0,-1.0,0.0
5763.0,-1.0,0.0
5763.0,-1.0,0.0
5764.0,-1.24,0.0
5764.0,-1.24,0.0
5765.0,-1.24,0.0
5766.0,-1.24,0.0
5766.0,-1.24,0.0
5767.0,-1.3,0.0
5767.0,-1.29,0.0
5768.0,-1.3,0.0
5769.0,-1.29,0.0
5769.0,-1.3,0.0
5770.0,-1.29,0.0
5770.0,-1.17,0.0
5771.0,-1.17,0.0
5771.0,-1.17,0.0
5772.0,-1.17,0.0
5773.0,-1.17,0.0
5773.0,-0.74,0.0
5774.0,-0.74,0.0
5774.0,-0.74,0.0
5775.0,-0.74,0.0
5776.0,-0.74,0.0
5776.0,-0.6,0.0
5777.0,-0.6,0.0
5777.0,-0.6,0.0
5778.0,-0.6,0.0
5778.0,-0.6,0.0
5779.0,-0.6,0.0
5780.0,-0.83,0.0
5780.0,-0.83,0.0
5781.0,-0.83,0.0
5781.0,-0.83,0.0
5782.0,-0.83,0.0
5783.0,-1.13,0.0
5783.0,-1.13,0.0
5784.0,-1.13,0.0
5784.0,-1.13,0.0
5785.0,-1.13,0.0
5786.0,-1.16,0.0
5786.0,-1.16,0.0
5787.0,-1.16,0.0
5787.0,-1.16,0.0
5788.0,-1.16,0.0
5788.0,-1.16,0.0
5789.0,-0.98,0.0
5790.0,-0.98,0.0
5790.0,-0.98,0.0
5791.0,-0.98,0.0
5791.0,-0.98,0.0
5792.0,-0.85,0.0
5793.0,-0.85,0.0
5793.0,-0.85,0.0
5794.0,-0.85,0.0
5794.0,-0.85,0.0
5795.0,-0.39,0.0
5795.0,-0.38,0.0
5796.0,-0.39,0.0
5797.0,-0.38,0.0
5797.0,-0.39,0.0
5798.0,-0.38,0.0
5798.0,-0.6,0.0
5799.0,-0.6,0.0
5800.0,-0.6,0.0
5800.0,-0.6,0.0
5801.0,-0.6,0.0
5801.0,-1.05,0.0
5802.0,-1.05,0.0
5803.0,-1.05,0.0
5803.0,-1.05,0.0
5804.0,-1.05,0.0
5804.0,-1.13,0.0
5805.0,-1.12,0.0
5805.0,-1.13,0.0
5806.0,-1.12,0.0
5807.0,-1.13,0.0
5807.0,-1.12,0.0
5808.0,-0.9,0.0
5808.0,-0.9,0.0
5809.0,-0.9,0.0
5810.0,-0.9,0.0
5810.0,-0.9,0.0
5811.0,-0.86,0.0
5811.0,-0.86,0.0
5812.0,-0.86,0.0
5812.0,-0.86,0.0
5813.0,-0.86,0.0
5814.0,-0.67,0.0
5814.0,-0.67,0.0
5815.0,-0.67,0.0
5815.0,-0.67,0.0
5816.0,-0.67,0.0
5817.0,-0.67,0.0
5817.0,-0.42,0.0
5818.0,-0.42,0.0
5818.0,-0.42,0.0
5819.0,-0.42,0.0
5820.0,-0.42,0.0
5820.0,-0.81,0.0
5821.0,-0.81,0.0
5821.0,-0.81,0.0
5822.0,-0.81,0.0
5823.0,-0.81,0.0
5823.0,-1.22,0.0
5824.0,-1.22,0.0
5824.0,-1.22,0.0
5825.0,-1.22,0.0
5826.0,-1.22,0.0
5826.0,-0.94,0.0
5827.0,-0.94,0.0
5827.0,-0.94,0.0
5828.0,-0.94,0.0
5828.0,-0.94,0.0
5829.0,-0.94,0.0
5830.0,-0.82,0.0
5830.0,-0.83,0.0
5831.0,-0.82,0.0
5831.0,-0.83,0.0
5832.0,-0.82,0.0
5833.0,-0.77,0.0
5833.0,-0.76,0.0
5834.0,-0.77,0.0
5834.0,-0.76,0.0
5835.0,-0.77,0.0
5835.0,-0.69,0.0
5836.0,-0.69,0.0
5837.0,-0.69,0.0
5837.0,-0.69,0.0
5838.0,-0.69,0.0
5838.0,-0.69,0.0
5839.0,-0.94,0.0
5840.0,-0.94,0.0
5840.0,-0.94,0.0
5841.0,-0.94,0.0
5841.0,-0.94,0.0
5842.0,-0.98,0.0
5842.0,-0.98,0.0
5843.0,-0.98,0.0
5844.0,-0.98,0.0
5844.0,-0.98,0.0
5845.0,-1.13,0.0
5845.0,-1.13,0.0
5846.0,-1.13,0.0
5847.0,-1.13,0.0
5847.0,-1.13,0.0
5848.0,-1.13,0.0
5848.0,-1.02,0.0
5849.0,-1.02,0.0
5850.0,-1.02,0.0
5850.0,-1.02,0.0
5851.0,-1.02,0.0
5851.0,-0.75,0.0
5852.0,-0.75,0.0
5852.0,-0.75,0.0
5853.0,-0.75,0.0
5854.0,-0.75,0.0
5854.0,-0.58,0.0
5855.0,-0.58,0.0
5855.0,-0.58,0.0
5856.0,-0.58,0.0
5857.0,-0.58,0.0
5857.0,-0.58,0.0
5858.0,-0.84,0.0
5858.0,-0.84,0.0
5859.0,-0.84,0.0
5860.0,-0.84,0.0
5860.0,-0.84,0.0
5861.0,-0.96,0.0
5861.0,-0.95,0.0
5862.0,-0.96,0.0
5862.0,-0.95,0.0
5863.0,-0.96,0.0
5864.0,-1.1,0.0
5864.0,-1.1,0.0
5865.0,-1.1,0.0
5865.0,-1.1,0.0
5866.0,-1.1,0.0
5867.0,-1.1,0.0
5867.0,-1.1,0.0
5868.0,-1.1,0.0
5868.0,-1.1,0.0
5869.0,-1.1,0.0
5869.0,-1.1,0.0
5870.0,-0.66,0.0
5871.0,-0.66,0.0
5871.0,-0.66,0.0
5872.0,-0.66,0.0
5872.0,-0.66,0.0
5873.0,-0.52,0.0
5874.0,-0.53,0.0
5874.0,-0.52,0.0
5875.0,-0.53,0.0
5875.0,-0.52,0.0
5876.0,-0.64,0.0
5877.0,-0.63,0.0
5877.0,-0.64,0.0
5878.0,-0.63,0.0
5878.0,-0.64,0.0
5879.0,-0.63,0.0
5879.0,-0.74,0.0
5880.0,-0.74,0.0
5881.0,-0.74,0.0
5881.0,-0.74,0.0
5882.0,-0.74,0.0
5882.0,-0.97,0.0
5883.0,-0.97,0.0
5884.0,-0.97,0.0
5884.0,-0.97,0.0
5885.0,-0.97,0.0
5885.0,-1.06,0.0
5886.0,-1.06,0.0
5886.0,-1.06,0.0
5887.0,-1.06,0.0
5888.0,-1.06,0.0
5888.0,-1.06,0.0
5889.0,-0.96,0.0
5889.0,-0.96,0.0
5890.0,-0.96,0.0
5891.0,-0.96,0.0
5891.0,-0.96,0.0
5892.0,-0.6,0.0
5892.0,-0.6,0.0
5893.0,-0.6,0.0
5894.0,-0.6,0.0
5894.0,-0.6,0.0
5895.0,-0.56,0.0
5895.0,-0.56,0.0
5896.0,-0.56,0.0
5896.0,-0.56,0.0
5897.0,-0.56,0.0
5898.0,-0.56,0.0
5898.0,-0.89,0.0
5899.0,-0.89,0.0
5899.0,-0.89,0.0
5900.0,-0.89,0.0
5901.0,-0.89,0.0
5901.0,-0.94,0.0
5902.0,-0.94,0.0
5902.0,-0.94,0.0
5903.0,-0.94,0.0
5903.0,-0.94,0.0
5904.0,-1.18,0.0
5905.0,-1.17,0.0
5905.0,-1.18,0.0
5906.0,-1.17,0.0
5906.0,-1.18,0.0
5907.0,-1.17,0.0
5908.0,-1.26,0.0
5908.0,-1.26,0.0
5909.0,-1.26,0.0
5909.0,-1.26,0.0
5910.0,-1.26,0.0
5911.0,-0.77,0.0
5911.0,-0.78,0.0
5912.0,-0.77,0.0
5912.0,-0.78,0.0
5913.0,-0.77,0.0
5913.0,-0.55,0.0
5914.0,-0.55,0.0
5915.0,-0.55,0.0
5915.0,-0.55,0.0
5916.0,-0.55,0.0
5916.0,-0.55,0.0
5917.0,-0.95,0.0
5918.0,-0.94,0.0
5918.0,-0.95,0.0
5919.0,-0.94,0.0
5919.0,-0.95,0.0
5920.0,-1.0,0.0
5920.0,-1.0,0.0
5921.0,-1.0,0.0
5922.0,-1.0,0.0
5922.0,-1.0,0.0
5923.0,-1.26,0.0
5924.0,-1.26,0.0
5924.0,-1.26,0.0
5925.0,-1.26,0.0
5925.0,-1.26,0.0
5926.0,-1.2,0.0
5926.0,-1.2,0.0
5927.0,-1.2,0.0
5928.0,-1.2,0.0
5928.0,-1.2,0.0
5929.0,-1.2,0.0
5929.0,-1.03,0.0
5930.0,-1.03,0.0
5931.0,-1.03,0.0
5931.0,-1.03,0.0
5932.0,-1.03,0.0
5932.0,-0.84,0.0
5933.0,-0.84,0.0
5934.0,-0.84,0.0
5934.0,-0.84,0.0
5935.0,-0.84,0.0
5935.0,-0.7,0.0
5936.0,-0.7,0.0
5936.0,-0.7,0.0
5937.0,-0.7,0.0
5938.0,-0.7,0.0
5938.0,-0.7,0.0
5939.0,-0.94,0.0
5939.0,-0.94,0.0
5940.0,-0.94,0.0
5941.0,-0.94,0.0
5941.0,-0.94,0.0
5942.0,-1.03,0.0
5942.0,-1.02,0.0
5943.0,-1.03,0.0
5943.0,-1.02,0.0
5944.0,-1.03,0.0
5945.0,-1.24,0.0
5945.0,-1.24,0.0
5946.0,-1.24,0.0
5946.0,-1.24,0.0
5947.0,-1.24,0.0
5948.0,-1.24,0.0
5948.0,-0.95,0.0
5949.0,-0.95,0.0
5949.0,-0.95,0.0
5950.0,-0.95,0.0
5950.0,-0.95,0.0
5951.0,-0.68,0.0
5952.0,-0.68,0.0
5952.0,-0.68,0.0
5953.0,-0.68,0.0
5953.0,-0.68,0.0
5954.0,-0.57,0.0
5955.0,-0.58,0.0
5955.0,-0.57,0.0
5956.0,-0.58,0.0
5956.0,-0.57,0.0
5957.0,-0.58,0.0
5958.0,-0.49,0.0
5958.0,-0.49,0.0
5959.0,-0.49,0.0
5959.0,-0.49,0.0
5960.0,-0.49,0.0
5960.0,-0.74,0.0
5961.0,-0.74,0.0
5962.0,-0.74,0.0
5962.0,-0.74,0.0
5963.0,-0.74,0.0
5963.0,-1.13,0.0
5964.0,-1.13,0.0
5965.0,-1.13,0.0
5965.0,-1.13,0.0
5966.0,-1.13,0.0
5966.0,-1.13,0.0
5967.0,-1.2,0.0
5968.0,-1.2,0.0
5968.0,-1.2,0.0
5969.0,-1.2,0.0
5969.0,-1.2,0.0
5970.0,-0.84,0.0
5970.0,-0.84,0.0
5971.0,-0.84,0.0
5972.0,-0.84,0.0
5972.0,-0.84,0.0
5973.0,-0.66,0.0
5973.0,-0.66,0.0
5974.0,-0.66,0.0
5975.0,-0.66,0.0
5975.0,-0.66,0.0
5976.0,-0.66,0.0
5976.0,-0.82,0.0
5977.0,-0.82,0.0
5977.0,-0.82,0.0
5978.0,-0.82,0.0
5979.0,-0.82,0.0
5979.0,-0.91,0.0
5980.0,-0.91,0.0
5980.0,-0.91,0.0
5981.0,-0.91,0.0
5982.0,-0.91,0.0
5982.0,-0.82,0.0
5983.0,-0.82,0.0
5983.0,-0.82,0.0
5984.0,-0.82,0.0
5985.0,-0.82,0.0
5985.0,-0.94,0.0
5986.0,-0.94,0.0
5986.0,-0.94,0.0
5987.0,-0.94,0.0
5987.0,-0.94,0.0
5988.0,-0.94,0.0
5989.0,-0.89,0.0
5989.0,-0.89,0.0
5990.0,-0.89,0.0
5990.0,-0.89,0.0
5991.0,-0.89,0.0
5992.0,-0.83,0.0
5992.0,-0.83,0.0
5993.0,-0.83,0.0
5993.0,-0.83,0.0
5994.0,-0.83,0.0
5994.0,-0.72,0.0
5995.0,-0.72,0.0
5996.0,-0.72,0.0
5996.0,-0.72,0.0
5997.0,-0.72,0.0
5997.0,-0.72,0.0
5998.0,-0.48,0.0
5999.0,-0.48,0.0
5999.0,-0.48,0.0
6000.0,-0.48,0.0
6000.0,-0.48,0.0
6001.0,-0.94,0.0
6002.0,-0.94,0.0
6002.0,-0.94,0.0
6003.0,-0.94,0.0
6003.0,-0.94,0.0
6004.0,-1.3,0.0
6004.0,-1.29,0.0
6005.0,-1.3,0.0
6006.0,-1.29,0.0
6006.0,-1.3,0.0
6007.0,-1.29,0.0
6007.0,-1.15,0.0
6008.0,-1.15,0.0
6009.0,-1.15,0.0
6009.0,-1.15,0.0
6010.0,-1.15,0.0
6010.0,-1.04,0.0
6011.0,-1.04,0.0
6011.0,-1.04,0.0
6012.0,-1.04,0.0
6013.0,-1.04,0.0
6013.0,-0.79,0.0
6014.0,-0.79,0.0
6014.0,-0.79,0.0
6015.0,-0.79,0.0
6016.0,-0.79,0.0
6016.0,-0.79,0.0
6017.0,-0.66,0.0
6017.0,-0.66,0.0
6018.0,-0.66,0.0
6019.0,-0.66,0.0
6019.0,-0.66,0.0
6020.0,-0.85,0.0
6020.0,-0.85,0.0
6021.0,-0.85,0.0
6021.0,-0.85,0.0
6022.0,-0.85,0.0
6023.0,-1.05,0.0
6023.0,-1.05,0.0
6024.0,-1.05,0.0
6024.0,-1.05,0.0
6025.0,-1.05,0.0
6026.0,-1.21,0.0
6026.0,-1.21,0.0
6027.0,-1.21,0.0
6027.0,-1.21,0.0
6028.0,-1.21,0.0
6029.0,-1.21,0.0
6029.0,-1.1,0.0
6030.0,-1.1,0.0
6030.0,-1.1,0.0
6031.0,-1.1,0.0
6032.0,-1.1,0.0
6032.0,-0.67,0.0
6033.0,-0.67,0.0
6033.0,-0.67,0.0
6034.0,-0.67,0.0
6034.0,-0.67,0.0
6035.0,-0.51,0.0
6036.0,-0.51,0.0
6036.0,-0.51,0.0
6037.0,-0.51,0.0
6037.0,-0.51,0.0
6038.0,-0.51,0.0
6039.0,-0.72,0.0
6039.0,-0.72,0.0
6040.0,-0.72,0.0
6040.0,-0.72,0.0
6041.0,-0.72,0.0
6042.0,-0.98,0.0
6042.0,-0.98,0.0
6043.0,-0.98,0.0
6043.0,-0.98,0.0
6044.0,-0.98,0.0
6044.0,-0.88,0.0
6045.0,-0.88,0.0
6046.0,-0.88,0.0
6046.0,-0.88,0.0
6047.0,-0.88,0.0
6047.0,-0.88,0.0
6048.0,-0.71,0.0
6049.0,-0.72,0.0
6049.0,-0.71,0.0
6050.0,-0.72,0.0
6050.0,-0.71,0.0
6051.0,-0.7,0.0
6051.0,-0.7,0.0
6052.0,-0.7,0.0
6053.0,-0.7,0.0
6053.0,-0.7,0.0
6054.0,-0.56,0.0
6054.0,-0.56,0.0
6055.0,-0.56,0.0
6056.0,-0.56,0.0
6056.0,-0.56,0.0
6057.0,-0.56,0.0
6057.0,-0.7,0.0
6058.0,-0.7,0.0
6059.0,-0.7,0.0
6059.0,-0.7,0.0
6060.0,-0.7,0.0
6060.0,-1.07,0.0
6061.0,-1.07,0.0
6061.0,-1.07,0.0
6062.0,-1.07,0.0
6063.0,-1.07,0.0
6063.0,-1.13,0.0
6064.0,-1.13,0.0
6064.0,-1.13,0.0
6065.0,-1.13,0.0
6066.0,-1.13,0.0
6066.0,-1.13,0.0
6067.0,-0.99,0.0
6067.0,-0.99,0.0
6068.0,-0.99,0.0
6068.0,-0.99,0.0
6069.0,-0.99,0.0
6070.0,-1.13,0.0
6070.0,-1.13,0.0
6071.0,-1.13,0.0
6071.0,-1.13,0.0
6072.0,-1.13,0.0
6073.0,-0.75,0.0
6073.0,-0.75,0.0
6074.0,-0.75,0.0
6074.0,-0.75,0.0
6075.0,-0.75,0.0
6076.0,-0.75,0.0
6076.0,-0.67,0.0
6077.0,-0.67,0.0
6077.0,-0.67,0.0
6078.0,-0.67,0.0
6078.0,-0.67,0.0
6079.0,-1.1,0.0
6080.0,-1.1,0.0
6080.0,-1.1,0.0
6081.0,-1.1,0.0
6081.0,-1.1,0.0
6082.0,-1.21,0.0
6083.0,-1.21,0.0
6083.0,-1.21,0.0
6084.0,-1.21,0.0
6084.0,-1.21,0.0
6085.0,-1.21,0.0
6085.0,-0.9,0.0
6086.0,-0.91,0.0
6087.0,-0.9,0.0
6087.0,-0.91,0.0
6088.0,-0.9,0.0
6088.0,-0.87,0.0
6089.0,-0.87,0.0
6090.0,-0.87,0.0
6090.0,-0.87,0.0
6091.0,-0.87,0.0
6091.0,-0.8,0.0
6092.0,-0.8,0.0
6093.0,-0.8,0.0
6093.0,-0.8,0.0
6094.0,-0.8,0.0
6094.0,-0.8,0.0
6095.0,-0.43,0.0
6095.0,-0.43,0.0
6096.0,-0.43,0.0
6097.0,-0.43,0.0
6097.0,-0.43,0.0
6098.0,-0.67,0.0
6098.0,-0.67,0.0
6099.0,-0.67,0.0
6100.0,-0.67,0.0
6100.0,-0.67,0.0
6101.0,-0.86,0.0
6101.0,-0.86,0.0
6102.0,-0.86,0.0
6102.0,-0.86,0.0
6103.0,-0.86,0.0
6104.0,-1.13,0.0
6104.0,-1.13,0.0
6105.0,-1.13,0.0
6105.0,-1.13,0.0
6106.0,-1.13,0.0
6107.0,-1.13,0.0
6107.0,-1.17,0.0
6108.0,-1.17,0.0
6108.0,-1.17,0.0
6109.0,-1.17,0.0
6110.0,-1.17,0.0
6110.0,-0.88,0.0
6111.0,-0.88,0.0
6111.0,-0.88,0.0
6112.0,-0.88,0.0
6112.0,-0.88,0.0
6113.0,-0.5,0.0
6114.0,-0.5,0.0
6114.0,-0.5,0.0
6115.0,-0.5,0.0
6115.0,-0.5,0.0
6116.0,-0.5,0.0
6117.0,-0.7,0.0
6117.0,-0.7,0.0
6118.0,-0.7,0.0
6118.0,-0.7,0.0
6119.0,-0.7,0.0
6119.0,-1.03,0.0
6120.0,-1.03,0.0
6121.0,-1.03,0.0
6121.0,-1.03,0.0
6122.0,-1.03,0.0
6122.0,-0.87,0.0
6123.0,-0.87,0.0
6124.0,-0.87,0.0
6124.0,-0.87,0.0
6125.0,-0.87,0.0
6125.0,-0.87,0.0
6126.0,-1.16,0.0
6127.0,-1.16,0.0
6127.0,-1.16,0.0
6128.0,-1.16,0.0
6128.0,-1.16,0.0
6129.0,-0.98,0.0
6130.0,-0.98,0.0
6130.0,-0.98,0.0
6131.0,-0.98,0.0
6131.0,-0.98,0.0
6132.0,-0.51,0.0
6132.0,-0.51,0.0
6133.0,-0.51,0.0
6134.0,-0.51,0.0
6134.0,-0.51,0.0
6135.0,-0.51,0.0
6135.0,-0.55,0.0
6136.0,-0.55,0.0
6137.0,-0.55,0.0
6137.0,-0.55,0.0
6138.0,-0.55,0.0
6138.0,-0.94,0.0
6139.0,-0.94,0.0
6140.0,-0.94,0.0
6140.0,-0.94,0.0
6141.0,-0.94,0.0
6141.0,-1.0,0.0
6142.0,-1.0,0.0
6142.0,-1.0,0.0
6143.0,-1.0,0.0
6144.0,-1.0,0.0
6144.0,-0.95,0.0
6145.0,-0.96,0.0
6145.0,-0.95,0.0
6146.0,-0.96,0.0
6147.0,-0.95,0.0
6147.0,-0.96,0.0
6148.0,-0.82,0.0
6148.0,-0.83,0.0
6149.0,-0.82,0.0
6150.0,-0.83,0.0
6150.0,-0.82,0.0
6151.0,-0.59,0.0
6151.0,-0.59,0.0
6152.0,-0.59,0.0
6152.0,-0.59,0.0
6153.0,-0.59,0.0
6154.0,-0.44,0.0
6154.0,-0.44,0.0
6155.0,-0.44,0.0
6155.0,-0.44,0.0
6156.0,-0.44,0.0
6157.0,-0.44,0.0
6157.0,-0.66,0.0
6158.0,-0.66,0.0
6158.0,-0.66,0.0
6159.0,-0.66,0.0
6159.0,-0.66,0.0
6160.0,-1.05,0.0
6161.0,-1.04,0.0
6161.0,-1.05,0.0
6162.0,-1.04,0.0
6162.0,-1.05,0.0
6163.0,-1.18,0.0
6164.0,-1.18,0.0
6164.0,-1.18,0.0
6165.0,-1.18,0.0
6165.0,-1.18,0.0
6166.0,-1.18,0.0
6167.0,-1.03,0.0
6167.0,-1.03,0.0
6168.0,-1.03,0.0
6168.0,-1.03,0.0
6169.0,-1.03,0.0
6169.0,-0.88,0.0
6170.0,-0.88,0.0
6171.0,-0.88,0.0
6171.0,-0.88,0.0
6172.0,-0.88,0.0
6172.0,-0.85,0.0
6173.0,-0.85,0.0
6174.0,-0.85,0.0
6174.0,-0.85,0.0
6175.0,-0.85,0.0
6175.0,-0.85,0.0
6176.0,-0.72,0.0
6176.0,-0.72,0.0
6177.0,-0.72,0.0
6178.0,-0.72,0.0
6178.0,-0.72,0.0
6179.0,-0.73,0.0
6179.0,-0.73,0.0
6180.0,-0.73,0.0
6181.0,-0.73,0.0
6181.0,-0.73,0.0
6182.0,-0.74,0.0
6182.0,-0.74,0.0
6183.0,-0.74,0.0
6184.0,-0.74,0.0
6184.0,-0.74,0.0
6185.0,-0.74,0.0
6185.0,-0.9,0.0
6186.0,-0.9,0.0
6186.0,-0.9,0.0
6187.0,-0.9,0.0
6188.0,-0.9,0.0
6188.0,-0.78,0.0
6189.0,-0.78,0.0
6189.0,-0.78,0.0
6190.0,-0.78,0.0
6191.0,-0.78,0.0
6191.0,-0.73,0.0
6192.0,-0.73,0.0
6192.0,-0.73,0.0
6193.0,-0.73,0.0
6193.0,-0.73,0.0
6194.0,-0.73,0.0
6195.0,-0.52,0.0
6195.0,-0.53,0.0
6196.0,-0.52,0.0
6196.0,-0.53,0.0
6197.0,-0.52,0.0
6198.0,-0.64,0.0
6198.0,-0.64,0.0
6199.0,-0.64,0.0
6199.0,-0.64,0.0
6200.0,-0.64,0.0
6201.0,-0.99,0.0
6201.0,-0.99,0.0
6202.0,-0.99,0.0
6202.0,-0.99,0.0
6203.0,-0.99,0.0
6203.0,-0.99,0.0
6204.0,-1.3,0.0
6205.0,-1.3,0.0
6205.0,-1.3,0.0
6206.0,-1.3,0.0
6206.0,-1.3,0.0
6207.0,-0.98,0.0
6208.0,-0.98,0.0
6208.0,-0.98,0.0
6209.0,-0.98,0.0
6209.0,-0.98,0.0
6210.0,-0.62,0.0
6210.0,-0.62,0.0
6211.0,-0.62,0.0
6212.0,-0.62,0.0
6212.0,-0.62,0.0
6213.0,-0.62,0.0
6213.0,-0.56,0.0
6214.0,-0.56,0.0
6215.0,-0.56,0.0
6215.0,-0.56,0.0
6216.0,-0.56,0.0
6216.0,-0.67,0.0
6217.0,-0.67,0.0
6218.0,-0.67,0.0
6218.0,-0.67,0.0
6219.0,-0.67,0.0
6219.0,-0.94,0.0
6220.0,-0.94,0.0
6220.0,-0.94,0.0
6221.0,-0.94,0.0
6222.0,-0.94,0.0
6222.0,-1.19,0.0
6223.0,-1.18,0.0
6223.0,-1.19,0.0
6224.0,-1.18,0.0
6225.0,-1.19,0.0
6225.0,-1.18,0.0
6226.0,-0.97,0.0
6226.0,-0.96,0.0
6227.0,-0.97,0.0
6228.0,-0.96,0.0
6228.0,-0.97,0.0
6229.0,-0.82,0.0
6229.0,-0.83,0.0
6230.0,-0.82,0.0
6231.0,-0.83,0.0
6231.0,-0.82,0.0
6232.0,-0.72,0.0
6232.0,-0.71,0.0
6233.0,-0.72,0.0
6233.0,-0.71,0.0
6234.0,-0.72,0.0
6235.0,-0.71,0.0
6235.0,-0.63,0.0
6236.0,-0.63,0.0
6236.0,-0.63,0.0
6237.0,-0.63,0.0
6238.0,-0.63,0.0
6238.0,-0.9,0.0
6239.0,-0.9,0.0
6239.0,-0.9,0.0
6240.0,-0.9,0.0
6240.0,-0.9,0.0
6241.0,-1.23,0.0
6242.0,-1.23,0.0
6242.0,-1.23,0.0
6243.0,-1.23,0.0
6243.0,-1.23,0.0
6244.0,-1.23,0.0
6245.0,-1.3,0.0
6245.0,-1.3,0.0
6246.0,-1.3,0.0
6246.0,-1.3,0.0
6247.0,-1.3,0.0
6248.0,-1.14,0.0
6248.0,-1.14,0.0
6249.0,-1.14,0.0
6249.0,-1.14,0.0
6250.0,-1.14,0.0
6250.0,-1.03,0.0
6251.0,-1.03,0.0
6252.0,-1.03,0.0
6252.0,-1.03,0.0
6253.0,-1.03,0.0
6253.0,-1.03,0.0
6254.0,-0.52,0.0
6255.0,-0.52,0.0
6255.0,-0.52,0.0
6256.0,-0.52,0.0
6256.0,-0.52,0.0
6257.0,-0.75,0.0
6258.0,-0.75,0.0
6258.0,-0.75,0.0
6259.0,-0.75,0.0
6259.0,-0.75,0.0
6260.0,-1.04,0.0
6260.0,-1.03,0.0
6261.0,-1.04,0.0
6262.0,-1.03,0.0
6262.0,-1.04,0.0
6263.0,-1.16,0.0
6263.0,-1.16,0.0
6264.0,-1.16,0.0
6265.0,-1.16,0.0
6265.0,-1.16,0.0
6266.0,-1.16,0.0
6266.0,-1.01,0.0
6267.0,-1.02,0.0
6267.0,-1.01,0.0
6268.0,-1.02,0.0
6269.0,-1.01,0.0
6269.0,-0.75,0.0
6270.0,-0.75,0.0
6270.0,-0.75,0.0
6271.0,-0.75,0.0
6272.0,-0.75,0.0
6272.0,-0.59,0.0
6273.0,-0.59,0.0
6273.0,-0.59,0.0
6274.0,-0.59,0.0
6275.0,-0.59,0.0
6275.0,-0.59,0.0
6276.0,-0.71,0.0
6276.0,-0.71,0.0
6277.0,-0.71,0.0
6277.0,-0.71,0.0
6278.0,-0.71,0.0
6279.0,-1.01,0.0
6279.0,-1.01,0.0
6280.0,-1.01,0.0
6280.0,-1.01,0.0
6281.0,-1.01,0.0
6282.0,-1.03,0.0
6282.0,-1.03,0.0
6283.0,-1.03,0.0
6283.0,-1.03,0.0
6284.0,-1.03,0.0
6284.0,-1.03,0.0
6285.0,-0.9,0.0
6286.0,-0.9,0.0
6286.0,-0.9,0.0
6287.0,-0.9,0.0
6287.0,-0.9,0.0
6288.0,-0.85,0.0
6289.0,-0.85,0.0
6289.0,-0.85,0.0
6290.0,-0.85,0.0
6290.0,-0.85,0.0
6291.0,-0.52,0.0
6292.0,-0.52,0.0
6292.0,-0.52,0.0
6293.0,-0.52,0.0
6293.0,-0.52,0.0
6294.0,-0.52,0.0
6294.0,-0.38,0.0
6295.0,-0.38,0.0
6296.0,-0.38,0.0
6296.0,-0.38,0.0
6297.0,-0.38,0.0
6297.0,-0.6,0.0
6298.0,-0.6,0.0
6299.0,-0.6,0.0
6299.0,-0.6,0.0
6300.0,-0.6,0.0
6300.0,-0.81,0.0
6301.0,-0.81,0.0
6301.0,-0.81,0.0
6302.0,-0.81,0.0
6303.0,-0.81,0.0
6303.0,-0.81,0.0
6304.0,-0.94,0.0
6304.0,-0.94,0.0
6305.0,-0.94,0.0
6306.0,-0.94,0.0
6306.0,-0.94,0.0
6307.0,-0.99,0.0
6307.0,-0.99,0.0
6308.0,-0.99,0.0
6309.0,-0.99,0.0
6309.0,-0.99,0.0
6310.0,-0.76,0.0
6310.0,-0.77,0.0
6311.0,-0.76,0.0
6311.0,-0.77,0.0
6312.0,-0.76,0.0
6313.0,-0.77,0.0
6313.0,-0.61,0.0
6314.0,-0.61,0.0
6314.0,-0.61,0.0
6315.0,-0.61,0.0
6316.0,-0.61,0.0
6316.0,-0.6,0.0
6317.0,-0.6,0.0
6317.0,-0.6,0.0
6318.0,-0.6,0.0
6318.0,-0.6,0.0
6319.0,-0.8,0.0
6320.0,-0.8,0.0
6320.0,-0.8,0.0
6321.0,-0.8,0.0
6321.0,-0.8,0.0
6322.0,-0.8,0.0
6323.0,-1.19,0.0
6323.0,-1.19,0.0
6324.0,-1.19,0.0
6324.0,-1.19,0.0
6325.0,-1.19,0.0
6326.0,-1.28,0.0
6326.0,-1.28,0.0
6327.0,-1.28,0.0
6327.0,-1.28,0.0
6328.0,-1.28,0.0
6329.0,-0.92,0.0
6329.0,-0.92,0.0
6330.0,-0.92,0.0
6330.0,-0.92,0.0
6331.0,-0.92,0.0
6332.0,-0.73,0.0
6332.0,-0.73,0.0
6333.0,-0.73,0.0
6333.0,-0.73,0.0
6334.0,-0.73,0.0
6334.0,-0.73,0.0
6335.0,-0.88,0.0
6336.0,-0.88,0.0
6336.0,-0.88,0.0
6337.0,-0.88,0.0
6337.0,-0.88,0.0
6338.0,-0.87,0.0
6339.0,-0.87,0.0
6339.0,-0.87,0.0
6340.0,-0.87,0.0
6340.0,-0.87,0.0
6341.0,-1.15,0.0
6341.0,-1.15,0.0
6342.0,-1.15,0.0
6343.0,-1.15,0.0
6343.0,-1.15,0.0
6344.0,-1.15,0.0
6344.0,-1.18,0.0
6345.0,-1.18,0.0
6346.0,-1.18,0.0
6346.0,-1.18,0.0
6347.0,-1.18,0.0
6347.0,-1.12,0.0
6348.0,-1.12,0.0
6348.0,-1.12,0.0
6349.0,-1.12,0.0
6350.0,-1.12,0.0
6350.0,-0.94,0.0
6351.0,-0.94,0.0
6351.0,-0.94,0.0
6352.0,-0.94,0.0
6353.0,-0.94,0.0
6353.0,-0.94,0.0
6354.0,-0.62,0.0
6354.0,-0.62,0.0
6355.0,-0.62,0.0
6356.0,-0.62,0.0
6356.0,-0.62,0.0
6357.0,-0.7,0.0
6357.0,-0.7,0.0
6358.0,-0.7,0.0
6358.0,-0.7,0.0
6359.0,-0.7,0.0
6360.0,-1.12,0.0
6360.0,-1.12,0.0
6361.0,-1.12,0.0
6361.0,-1.12,0.0
6362.0,-1.12,0.0
6363.0,-1.12,0.0
6363.0,-1.15,0.0
6364.0,-1.15,0.0
6364.0,-1.15,0.0
6365.0,-1.15,0.0
6366.0,-1.15,0.0
6366.0,-0.91,0.0
6367.0,-0.91,0.0
6367.0,-0.91,0.0
6368.0,-0.91,0.0
6368.0,-0.91,0.0
6369.0,-0.97,0.0
6370.0,-0.96,0.0
6370.0,-0.97,0.0
6371.0,-0.96,0.0
6371.0,-0.97,0.0
6372.0,-0.96,0.0
6373.0,-0.56,0.0
6373.0,-0.56,0.0
6374.0,-0.56,0.0
6374.0,-0.56,0.0
6375.0,-0.56,0.0
6375.0,-0.67,0.0
6376.0,-0.67,0.0
6377.0,-0.67,0.0
6377.0,-0.67,0.0
6378.0,-0.67,0.0
6378.0,-0.81,0.0
6379.0,-0.81,0.0
6380.0,-0.81,0.0
6380.0,-0.81,0.0
6381.0,-0.81,0.0
6381.0,-0.89,0.0
6382.0,-0.89,0.0
6383.0,-0.89,0.0
6383.0,-0.89,0.0
6384.0,-0.89,0.0
6384.0,-0.89,0.0
6385.0,-1.07,0.0
6385.0,-1.07,0.0
6386.0,-1.07,0.0
6387.0,-1.07,0.0
6387.0,-1.07,0.0
6388.0,-0.87,0.0
6388.0,-0.87,0.0
6389.0,-0.87,0.0
6390.0,-0.87,0.0
6390.0,-0.87,0.0
6391.0,-0.75,0.0
6391.0,-0.75,0.0
6392.0,-0.75,0.0
6392.0,-0.75,0.0
6393.0,-0.75,0.0
6394.0,-0.75,0.0
6394.0,-0.92,0.0
6395.0,-0.92,0.0
6395.0,-0.92,0.0
6396.0,-0.92,0.0
6397.0,-0.92,0.0
6397.0,-0.95,0.0
6398.0,-0.95,0.0
6398.0,-0.95,0.0
6399.0,-0.95,0.0
6400.0,-0.95,0.0
6400.0,-0.89,0.0
6401.0,-0.9,0.0
6401.0,-0.89,0.0
6402.0,-0.9,0.0
6402.0,-0.89,0.0
6403.0,-0.9,0.0
6404.0,-0.94,0.0
6404.0,-0.94,0.0
6405.0,-0.94,0.0
6405.0,-0.94,0.0
6406.0,-0.94,0.0
6407.0,-1.3,0.0
6407.0,-1.3,0.0
6408.0,-1.3,0.0
6408.0,-1.3,0.0
6409.0,-1.3,0.0
6409.0,-1.09,0.0
6410.0,-1.09,0.0
6411.0,-1.09,0.0
6411.0,-1.09,0.0
6412.0,-1.09,0.0
6412.0,-1.09,0.0
6413.0,-0.64,0.0
6414.0,-0.64,0.0
6414.0,-0.64,0.0
6415.0,-0.64,0.0
6415.0,-0.64,0.0
6416.0,-0.56,0.0
6417.0,-0.56,0.0
6417.0,-0.56,0.0
6418.0,-0.56,0.0
6418.0,-0.56,0.0
6419.0,-0.62,0.0
6419.0,-0.62,0.0
6420.0,-0.62,0.0
6421.0,-0.62,0.0
6421.0,-0.62,0.0
6422.0,-0.62,0.0
6422.0,-0.86,0.0
6423.0,-0.86,0.0
6424.0,-0.86,0.0
6424.0,-0.86,0.0
6425.0,-0.86,0.0
6425.0,-0.86,0.0
6426.0,-0.86,0.0
6426.0,-0.86,0.0
6427.0,-0.86,0.0
6428.0,-0.86,0.0
6428.0,-0.77,0.0
6429.0,-0.78,0.0
6430.0,-0.77,0.0
6430.0,-0.78,0.0
6431.0,-0.77,0.0
6431.0,-0.76,0.0
6432.0,-0.75,0.0
6432.0,-0.76,0.0
6433.0,-0.75,0.0
6434.0,-0.76,0.0
6434.0,-0.75,0.0
6435.0,-0.55,0.0
6435.0,-0.55,0.0
6436.0,-0.55,0.0
6437.0,-0.55,0.0
6437.0,-0.55,0.0
6438.0,-0.48,0.0
6438.0,-0.48,0.0
6439.0,-0.48,0.0
6440.0,-0.48,0.0
6440.0,-0.48,0.0
6441.0,-0.8,0.0
6441.0,-0.8,0.0
6442.0,-0.8,0.0
6442.0,-0.8,0.0
6443.0,-0.8,0.0
6444.0,-0.8,0.0
6444.0,-1.11,0.0
6445.0,-1.11,0.0
6445.0,-1.11,0.0
6446.0,-1.11,0.0
6447.0,-1.11,0.0
6447.0,-1.1,0.0
6448.0,-1.1,0.0
6448.0,-1.1,0.0
6449.0,-1.1,0.0
6449.0,-1.1,0.0
6450.0,-0.63,0.0
6451.0,-0.63,0.0
6451.0,-0.63,0.0
6452.0,-0.63,0.0
6452.0,-0.63,0.0
6453.0,-0.63,0.0
6454.0,-0.45,0.0
6454.0,-0.45,0.0
6455.0,-0.45,0.0
6455.0,-0.45,0.0
6456.0,-0.45,0.0
6456.0,-0.6,0.0
6457.0,-0.6,0.0
6458.0,-0.6,0.0
6458.0,-0.6,0.0
6459.0,-0.6,0.0
6459.0,-0.81,0.0
6460.0,-0.81,0.0
6461.0,-0.81,0.0
6461.0,-0.81,0.0
6462.0,-0.81,0.0
6462.0,-0.81,0.0
6463.0,-0.97,0.0
6464.0,-0.96,0.0
6464.0,-0.97,0.0
6465.0,-0.96,0.0
6465.0,-0.97,0.0
6466.0,-0.93,0.0
6466.0,-0.93,0.0
6467.0,-0.93,0.0
6468.0,-0.93,0.0
6468.0,-0.93,0.0
6469.0,-0.77,0.0
6469.0,-0.77,0.0
6470.0,-0.77,0.0
6471.0,-0.77,0.0
6471.0,-0.77,0.0
6472.0,-0.77,0.0
6472.0,-0.7,0.0
6473.0,-0.7,0.0
6474.0,-0.7,0.0
6474.0,-0.7,0.0
6475.0,-0.7,0.0
6475.0,-0.63,0.0
6476.0,-0.64,0.0
6476.0,-0.63,0.0
6477.0,-0.64,0.0
6478.0,-0.63,0.0
6478.0,-0.95,0.0
6479.0,-0.94,0.0
6479.0,-0.95,0.0
6480.0,-0.94,0.0
6481.0,-0.95,0.0
6481.0,-0.94,0.0
6482.0,-1.38,0.0
6482.0,-1.38,0.0
6483.0,-1.38,0.0
6483.0,-1.38,0.0
6484.0,-1.38,0.0
6485.0,-1.47,0.0
6485.0,-1.47,0.0
6486.0,-1.47,0.0
6486.0,-1.47,0.0
6487.0,-1.47,0.0
6488.0,-1.01,0.0
6488.0,-1.01,0.0
6489.0,-1.01,0.0
6489.0,-1.01,0.0
6490.0,-1.01,0.0
6491.0,-1.01,0.0
6491.0,-0.85,0.0
6492.0,-0.85,0.0
6492.0,-0.85,0.0
6493.0,-0.85,0.0
6493.0,-0.85,0.0
6494.0,-0.74,0.0
6495.0,-0.74,0.0
6495.0,-0.74,0.0
6496.0,-0.74,0.0
6496.0,-0.74,0.0
6497.0,-0.84,0.0
6498.0,-0.83,0.0
6498.0,-0.84,0.0
6499.0,-0.83,0.0
6499.0,-0.84,0.0
6500.0,-1.14,0.0
6500.0,-1.15,0.0
6501.0,-1.14,0.0
6502.0,-1.15,0.0
6502.0,-1.14,0.0
6503.0,-1.15,0.0
6503.0,-1.25,0.0
6504.0,-1.26,0.0
6505.0,-1.25,0.0
6505.0,-1.26,0.0
6506.0,-1.25,0.0
6506.0,-1.02,0.0
6507.0,-1.02,0.0
6508.0,-1.02,0.0
6508.0,-1.02,0.0
6509.0,-1.02,0.0
6509.0,-0.79,0.0
6510.0,-0.79,0.0
6510.0,-0.79,0.0
6511.0,-0.79,0.0
6512.0,-0.79,0.0
6512.0,-0.79,0.0
6513.0,-0.44,0.0
6513.0,-0.44,0.0
6514.0,-0.44,0.0
6515.0,-0.44,0.0
6515.0,-0.44,0.0
6516.0,-0.53,0.0
6516.0,-0.53,0.0
6517.0,-0.53,0.0
6517.0,-0.53,0.0
6518.0,-0.53,0.0
6519.0,-0.98,0.0
6519.0,-0.98,0.0
6520.0,-0.98,0.0
6520.0,-0.98,0.0
6521.0,-0.98,0.0
6522.0,-0.98,0.0
6522.0,-0.93,0.0
6523.0,-0.93,0.0
6523.0,-0.93,0.0
6524.0,-0.93,0.0
6525.0,-0.93,0.0
6525.0,-0.77,0.0
6526.0,-0.76,0.0
6526.0,-0.77,0.0
6527.0,-0.76,0.0
6527.0,-0.77,0.0
6528.0,-0.87,0.0
6529.0,-0.87,0.0
6529.0,-0.87,0.0
6530.0,-0.87,0.0
6530.0,-0.87,0.0
6531.0,-0.64,0.0
6532.0,-0.64,0.0
6532.0,-0.64,0.0
6533.0,-0.64,0.0
6533.0,-0.64,0.0
6534.0,-0.64,0.0
6535.0,-0.49,0.0
6535.0,-0.49,0.0
6536.0,-0.49,0.0
6536.0,-0.49,0.0
6537.0,-0.49,0.0
6538.0,-0.66,0.0
6538.0,-0.66,0.0
6539.0,-0.66,0.0
6539.0,-0.66,0.0
6540.0,-0.66,0.0
6540.0,-0.96,0.0
6541.0,-0.95,0.0
6542.0,-0.96,0.0
6542.0,-0.95,0.0
6543.0,-0.96,0.0
6543.0,-0.95,0.0
6544.0,-1.31,0.0
6545.0,-1.31,0.0
6545.0,-1.31,0.0
6546.0,-1.31,0.0
6546.0,-1.31,0.0
6547.0,-1.45,0.0
6548.0,-1.45,0.0
6548.0,-1.45,0.0
6549.0,-1.45,0.0
6549.0,-1.45,0.0
6550.0,-1.16,0.0
6550.0,-1.16,0.0
6551.0,-1.16,0.0
6552.0,-1.16,0.0
6552.0,-1.16,0.0
6553.0,-1.16,0.0
6553.0,-0.98,0.0
6554.0,-0.98,0.0
6555.0,-0.98,0.0
6555.0,-0.98,0.0
6556.0,-0.98,0.0
6556.0,-0.91,0.0
6557.0,-0.91,0.0
6557.0,-0.91,0.0
6558.0,-0.91,0.0
6559.0,-0.91,0.0
6559.0,-0.91,0.0
6560.0,-0.9,0.0
6560.0,-0.91,0.0
6561.0,-0.9,0.0
6562.0,-0.91,0.0
6562.0,-0.9,0.0
6563.0,-1.22,0.0
6563.0,-1.22,0.0
6564.0,-1.22,0.0
6564.0,-1.22,0.0
6565.0,-1.22,0.0
6566.0,-1.64,0.0
6566.0,-1.64,0.0
6567.0,-1.64,0.0
6567.0,-1.64,0.0
6568.0,-1.64,0.0
6569.0,-1.2,0.0
6569.0,-1.2,0.0
6570.0,-1.2,0.0
6570.0,-1.2,0.0
6571.0,-1.2,0.0
6572.0,-1.2,0.0
6572.0,-0.7,0.0
6573.0,-0.69,0.0
6573.0,-0.7,0.0
6574.0,-0.69,0.0
6574.0,-0.7,0.0
6575.0,-0.75,0.0
6576.0,-0.75,0.0
6576.0,-0.75,0.0
6577.0,-0.75,0.0
6577.0,-0.75,0.0
6578.0,-0.96,0.0
6579.0,-0.95,0.0
6579.0,-0.96,0.0
6580.0,-0.95,0.0
6580.0,-0.96,0.0
6581.0,-0.95,0.0
6582.0,-1.26,0.0
6582.0,-1.26,0.0
6583.0,-1.26,0.0
6583.0,-1.26,0.0
6584.0,-1.26,0.0
6584.0,-1.37,0.0
6585.0,-1.37,0.0
6586.0,-1.37,0.0
6586.0,-1.37,0.0
6587.0,-1.37,0.0
6587.0,-1.1,0.0
6588.0,-1.1,0.0
6589.0,-1.1,0.0
6589.0,-1.1,0.0
6590.0,-1.1,0.0
6590.0,-1.1,0.0
6591.0,-0.64,0.0
6591.0,-0.64,0.0
6592.0,-0.64,0.0
6593.0,-0.64,0.0
6593.0,-0.64,0.0
6594.0,-0.39,0.0
6594.0,-0.39,0.0
6595.0,-0.39,0.0
6596.0,-0.39,0.0
6596.0,-0.39,0.0
6597.0,-0.23,0.0
6597.0,-0.22,0.0
6598.0,-0.23,0.0
6599.0,-0.22,0.0
6599.0,-0.23,0.0
6600.0,-0.22,0.0
6600.0,-0.61,0.0
6601.0,-0.61,0.0
6601.0,-0.61,0.0
6602.0,-0.61,0.0
6603.0,-0.61,0.0
6603.0,-1.11,0.0
6604.0,-1.11,0.0
6604.0,-1.11,0.0
6605.0,-1.11,0.0
6606.0,-1.11,0.0
6606.0,-0.92,0.0
6607.0,-0.92,0.0
6607.0,-0.92,0.0
6608.0,-0.92,0.0
6608.0,-0.92,0.0
6609.0,-0.56,0.0
6610.0,-0.56,0.0
6610.0,-0.56,0.0
6611.0,-0.56,0.0
6611.0,-0.56,0.0
6612.0,-0.56,0.0
6613.0,-0.54,0.0
6613.0,-0.54,0.0
6614.0,-0.54,0.0
6614.0,-0.54,0.0
6615.0,-0.54,0.0
6616.0,-0.58,0.0
6616.0,-0.58,0.0
6617.0,-0.58,0.0
6617.0,-0.58,0.0
6618.0,-0.58,0.0
6618.0,-0.75,0.0
6619.0,-0.75,0.0
6620.0,-0.75,0.0
6620.0,-0.75,0.0
6621.0,-0.75,0.0
6621.0,-0.75,0.0
6622.0,-1.07,0.0
6623.0,-1.07,0.0
6623.0,-1.07,0.0
6624.0,-1.07,0.0
6624.0,-1.07,0.0
6625.0,-1.13,0.0
6625.0,-1.12,0.0
6626.0,-1.13,0.0
6627.0,-1.12,0.0
6627.0,-1.13,0.0
6628.0,-1.12,0.0
6628.0,-1.12,0.0
6629.0,-1.12,0.0
6630.0,-1.12,0.0
6630.0,-1.12,0.0
6631.0,-1.12,0.0
6631.0,-0.87,0.0
6632.0,-0.87,0.0
6633.0,-0.87,0.0
6633.0,-0.87,0.0
6634.0,-0.87,0.0
6634.0,-0.65,0.0
6635.0,-0.65,0.0
6636.0,-0.65,0.0
6636.0,-0.65,0.0
6637.0,-0.65,0.0
6637.0,-1.0,0.0
6638.0,-1.0,0.0
6638.0,-1.0,0.0
6639.0,-1.0,0.0
6640.0,-1.0,0.0
6640.0,-1.15,0.0
6641.0,-1.15,0.0
6641.0,-1.15,0.0
6642.0,-1.15,0.0
6643.0,-1.15,0.0
6643.0,-1.15,0.0
6644.0,-1.14,0.0
6644.0,-1.13,0.0
6645.0,-1.14,0.0
6646.0,-1.13,0.0
6646.0,-1.14,0.0
6647.0,-1.15,0.0
6647.0,-1.15,0.0
6648.0,-1.15,0.0
6648.0,-1.15,0.0
6649.0,-1.15,0.0
6650.0,-0.99,0.0
6650.0,-0.99,0.0
6651.0,-0.99,0.0
6651.0,-0.99,0.0
6652.0,-0.99,0.0
6653.0,-0.99,0.0
6653.0,-0.53,0.0
6654.0,-0.52,0.0
6654.0,-0.53,0.0
6655.0,-0.52,0.0
6656.0,-0.53,0.0
6656.0,-0.45,0.0
6657.0,-0.45,0.0
6657.0,-0.45,0.0
6658.0,-0.45,0.0
6658.0,-0.45,0.0
6659.0,-1.01,0.0
6660.0,-1.0,0.0
6660.0,-1.01,0.0
6661.0,-1.0,0.0
6661.0,-1.01,0.0
6662.0,-1.0,0.0
6663.0,-1.43,0.0
6663.0,-1.42,0.0
6664.0,-1.43,0.0
6664.0,-1.42,0.0
6665.0,-1.43,0.0
6665.0,-1.35,0.0
6666.0,-1.35,0.0
6667.0,-1.35,0.0
6667.0,-1.35,0.0
6668.0,-1.35,0.0
6668.0,-0.87,0.0
6669.0,-0.87,0.0
6670.0,-0.87,0.0
6670.0,-0.87,0.0
6671.0,-0.87,0.0
6671.0,-0.87,0.0
6672.0,-0.55,0.0
6673.0,-0.55,0.0
6673.0,-0.55,0.0
6674.0,-0.55,0.0
6674.0,-0.55,0.0
6675.0,-0.5,0.0
6675.0,-0.5,0.0
6676.0,-0.5,0.0
6677.0,-0.5,0.0
6677.0,-0.5,0.0
6678.0,-0.56,0.0
6678.0,-0.56,0.0
6679.0,-0.56,0.0
6680.0,-0.56,0.0
6680.0,-0.56,0.0
6681.0,-0.56,0.0
6681.0,-0.7,0.0
6682.0,-0.7,0.0
6682.0,-0.7,0.0
6683.0,-0.7,0.0
6684.0,-0.7,0.0
6684.0,-1.12,0.0
6685.0,-1.12,0.0
6685.0,-1.12,0.0
6686.0,-1.12,0.0
6687.0,-1.12,0.0
6687.0,-1.15,0.0
6688.0,-1.15,0.0
6688.0,-1.15,0.0
6689.0,-1.15,0.0
6690.0,-1.15,0.0
6690.0,-1.15,0.0
6691.0,-0.82,0.0
6691.0,-0.82,0.0
6692.0,-0.82,0.0
6692.0,-0.82,0.0
6693.0,-0.82,0.0
6694.0,-0.61,0.0
6694.0,-0.61,0.0
6695.0,-0.61,0.0
6695.0,-0.61,0.0
6696.0,-0.61,0.0
6697.0,-0.8,0.0
6697.0,-0.8,0.0
6698.0,-0.8,0.0
6698.0,-0.8,0.0
6699.0,-0.8,0.0
6699.0,-0.8,0.0
6700.0,-1.16,0.0
6701.0,-1.16,0.0
6701.0,-1.16,0.0
6702.0,-1.16,0.0
6702.0,-1.16,0.0
6703.0,-1.08,0.0
6704.0,-1.08,0.0
6704.0,-1.08,0.0
6705.0,-1.08,0.0
6705.0,-1.08,0.0
6706.0,-1.07,0.0
6707.0,-1.07,0.0
6707.0,-1.07,0.0
6708.0,-1.07,0.0
6708.0,-1.07,0.0
6709.0,-1.07,0.0
6709.0,-0.74,0.0
6710.0,-0.74,0.0
6711.0,-0.74,0.0
6711.0,-0.74,0.0
6712.0,-0.74,0.0
6712.0,-0.62,0.0
6713.0,-0.62,0.0
6714.0,-0.62,0.0
6714.0,-0.62,0.0
6715.0,-0.62,0.0
6715.0,-0.71,0.0
6716.0,-0.71,0.0
6716.0,-0.71,0.0
6717.0,-0.71,0.0
6718.0,-0.71,0.0
6718.0,-0.71,0.0
6719.0,-0.71,0.0
6719.0,-0.71,0.0
6720.0,-0.71,0.0
6721.0,-0.71,0.0
6721.0,-0.71,0.0
6722.0,-0.8,0.0
6722.0,-0.8,0.0
6723.0,-0.8,0.0
6724.0,-0.8,0.0
6724.0,-0.8,0.0
6725.0,-1.02,0.0
6725.0,-1.02,0.0
6726.0,-1.02,0.0
6726.0,-1.02,0.0
6727.0,-1.02,0.0
6728.0,-1.22,0.0
6728.0,-1.22,0.0
6729.0,-1.22,0.0
6729.0,-1.22,0.0
6730.0,-1.22,0.0
6731.0,-1.22,0.0
6731.0,-0.75,0.0
6732.0,-0.75,0.0
6732.0,-0.75,0.0
6733.0,-0.75,0.0
6734.0,-0.75,0.0
6734.0,-0.74,0.0
6735.0,-0.74,0.0
6735.0,-0.74,0.0
6736.0,-0.74,0.0
6737.0,-0.74,0.0
6737.0,-0.76,0.0
6738.0,-0.76,0.0
6738.0,-0.76,0.0
6739.0,-0.76,0.0
6739.0,-0.76,0.0
6740.0,-0.76,0.0
6741.0,-1.07,0.0
6741.0,-1.07,0.0
6742.0,-1.07,0.0
6742.0,-1.07,0.0
6743.0,-1.07,0.0
6744.0,-1.16,0.0
6744.0,-1.16,0.0
6745.0,-1.16,0.0
6745.0,-1.16,0.0
6746.0,-1.16,0.0
6746.0,-1.25,0.0
6747.0,-1.26,0.0
6748.0,-1.25,0.0
6748.0,-1.26,0.0
6749.0,-1.25,0.0
6749.0,-1.26,0.0
6750.0,-1.07,0.0
6751.0,-1.07,0.0
6751.0,-1.07,0.0
6752.0,-1.07,0.0
6752.0,-1.07,0.0
6753.0,-0.74,0.0
6754.0,-0.74,0.0
6754.0,-0.74,0.0
6755.0,-0.74,0.0
6755.0,-0.74,0.0
6756.0,-0.53,0.0
6756.0,-0.53,0.0
6757.0,-0.53,0.0
6758.0,-0.53,0.0
6758.0,-0.53,0.0
6759.0,-0.74,0.0
6759.0,-0.74,0.0
6760.0,-0.74,0.0
6761.0,-0.74,0.0
6761.0,-0.74,0.0
6762.0,-0.74,0.0
6762.0,-1.15,0.0
6763.0,-1.15,0.0
6764.0,-1.15,0.0
6764.0,-1.15,0.0
6765.0,-1.15,0.0
6765.0,-1.22,0.0
6766.0,-1.22,0.0
6766.0,-1.22,0.0
6767.0,-1.22,0.0
6768.0,-1.22,0.0
6768.0,-0.79,0.0
6769.0,-0.79,0.0
6769.0,-0.79,0.0
6770.0,-0.79,0.0
6771.0,-0.79,0.0
6771.0,-0.79,0.0
6772.0,-0.77,0.0
6772.0,-0.77,0.0
6773.0,-0.77,0.0
6773.0,-0.77,0.0
6774.0,-0.77,0.0
6775.0,-0.72,0.0
6775.0,-0.72,0.0
6776.0,-0.72,0.0
6776.0,-0.72,0.0
6777.0,-0.72,0.0
6778.0,-0.63,0.0
6778.0,-0.62,0.0
6779.0,-0.63,0.0
6779.0,-0.62,0.0
6780.0,-0.63,0.0
6781.0,-0.62,0.0
6781.0,-1.07,0.0
6782.0,-1.07,0.0
6782.0,-1.07,0.0
6783.0,-1.07,0.0
6783.0,-1.07,0.0
6784.0,-1.24,0.0
6785.0,-1.24,0.0
6785.0,-1.24,0.0
6786.0,-1.24,0.0
6786.0,-1.24,0.0
6787.0,-1.24,0.0
6788.0,-1.24,0.0
6788.0,-1.24,0.0
6789.0,-1.24,0.0
6789.0,-1.24,0.0
6790.0,-1.24,0.0
6790.0,-1.02,0.0
6791.0,-1.02,0.0
6792.0,-1.02,0.0
6792.0,-1.02,0.0
6793.0,-1.02,0.0
6793.0,-0.74,0.0
6794.0,-0.74,0.0
6795.0,-0.74,0.0
6795.0,-0.74,0.0
6796.0,-0.74,0.0
6796.0,-0.86,0.0
6797.0,-0.86,0.0
6798.0,-0.86,0.0
6798.0,-0.86,0.0
6799.0,-0.86,0.0
6799.0,-0.86,0.0
6800.0,-1.16,0.0
6800.0,-1.15,0.0
6801.0,-1.16,0.0
6802.0,-1.15,0.0
6802.0,-1.16,0.0
6803.0,-1.3,0.0
6803.0,-1.31,0.0
6804.0,-1.3,0.0
6805.0,-1.31,0.0
6805.0,-1.3,0.0
6806.0,-1.12,0.0
6806.0,-1.12,0.0
6807.0,-1.12,0.0
6807.0,-1.12,0.0
6808.0,-1.12,0.0
6809.0,-1.12,0.0
6809.0,-1.27,0.0
6810.0,-1.27,0.0
6810.0,-1.27,0.0
6811.0,-1.27,0.0
6812.0,-1.27,0.0
6812.0,-1.21,0.0
6813.0,-1.21,0.0
6813.0,-1.21,0.0
6814.0,-1.21,0.0
6815.0,-1.21,0.0
6815.0,-0.85,0.0
6816.0,-0.85,0.0
6816.0,-0.85,0.0
6817.0,-0.85,0.0
6817.0,-0.85,0.0
6818.0,-0.85,0.0
6819.0,-0.89,0.0
6819.0,-0.89,0.0
6820.0,-0.89,0.0
6820.0,-0.89,0.0
6821.0,-0.89,0.0
6822.0,-0.99,0.0
6822.0,-0.99,0.0
6823.0,-0.99,0.0
6823.0,-0.99,0.0
6824.0,-0.99,0.0
6824.0,-0.99,0.0
6825.0,-0.99,0.0
6826.0,-0.99,0.0
6826.0,-0.99,0.0
6827.0,-0.99,0.0
6827.0,-0.99,0.0
6828.0,-1.01,0.0
6829.0,-1.01,0.0
6829.0,-1.01,0.0
6830.0,-1.01,0.0
6830.0,-1.01,0.0
6831.0,-0.9,0.0
6832.0,-0.9,0.0
6832.0,-0.9,0.0
6833.0,-0.9,0.0
6833.0,-0.9,0.0
6834.0,-0.83,0.0
6835.0,-0.83,0.0
6835.0,-0.83,0.0
6836.0,-0.83,0.0
6836.0,-0.83,0.0
6837.0,-0.76,0.0
6838.0,-0.77,0.0
6838.0,-0.76,0.0
6839.0,-0.77,0.0
6839.0,-0.76,0.0
6840.0,-0.77,0.0
6840.0,-0.96,0.0
6841.0,-0.96,0.0
6842.0,-0.96,0.0
6842.0,-0.96,0.0
6843.0,-0.96,0.0
6843.0,-1.08,0.0
6844.0,-1.08,0.0
6845.0,-1.08,0.0
6845.0,-1.08,0.0
6846.0,-1.08,0.0
6846.0,-1.29,0.0
6847.0,-1.29,0.0
6847.0,-1.29,0.0
6848.0,-1.29,0.0
6849.0,-1.29,0.0
6849.0,-1.29,0.0
6850.0,-0.89,0.0
6850.0,-0.9,0.0
6851.0,-0.89,0.0
6852.0,-0.9,0.0
6852.0,-0.89,0.0
6853.0,-0.52,0.0
6853.0,-0.52,0.0
6854.0,-0.52,0.0
6855.0,-0.52,0.0
6855.0,-0.52,0.0
6856.0,-0.49,0.0
6856.0,-0.49,0.0
6857.0,-0.49,0.0
6857.0,-0.49,0.0
6858.0,-0.49,0.0
6859.0,-0.49,0.0
6859.0,-0.82,0.0
6860.0,-0.82,0.0
6860.0,-0.82,0.0
6861.0,-0.82,0.0
6862.0,-0.82,0.0
6862.0,-0.98,0.0
6863.0,-0.98,0.0
6863.0,-0.98,0.0
6864.0,-0.98,0.0
6864.0,-0.98,0.0
6865.0,-1.2,0.0
6866.0,-1.2,0.0
6866.0,-1.2,0.0
6867.0,-1.2,0.0
6867.0,-1.2,0.0
6868.0,-1.2,0.0
6869.0,-0.96,0.0
6869.0,-0.97,0.0
6870.0,-0.96,0.0
6870.0,-0.97,0.0
6871.0,-0.96,0.0
6872.0,-0.72,0.0
6872.0,-0.72,0.0
6873.0,-0.72,0.0
6873.0,-0.72,0.0
6874.0,-0.72,0.0
6874.0,-0.68,0.0
6875.0,-0.68,0.0
6876.0,-0.68,0.0
6876.0,-0.68,0.0
6877.0,-0.68,0.0
6877.0,-0.7,0.0
6878.0,-0.7,0.0
6879.0,-0.7,0.0
6879.0,-0.7,0.0
6880.0,-0.7,0.0
6880.0,-0.7,0.0
6881.0,-1.0,0.0
6881.0,-1.0,0.0
6882.0,-1.0,0.0
6883.0,-1.0,0.0
6883.0,-1.0,0.0
6884.0,-1.22,0.0
6884.0,-1.22,0.0
6885.0,-1.22,0.0
6886.0,-1.22,0.0
6886.0,-1.22,0.0
6887.0,-1.16,0.0
6887.0,-1.16,0.0
6888.0,-1.16,0.0
6889.0,-1.16,0.0
6889.0,-1.16,0.0
6890.0,-1.16,0.0
6890.0,-0.97,0.0
6891.0,-0.96,0.0
6891.0,-0.97,0.0
6892.0,-0.96,0.0
6893.0,-0.97,0.0
6893.0,-0.66,0.0
6894.0,-0.66,0.0
6894.0,-0.66,0.0
6895.0,-0.66,0.0
6896.0,-0.66,0.0
6896.0,-0.93,0.0
6897.0,-0.93,0.0
6897.0,-0.93,0.0
6898.0,-0.93,0.0
6898.0,-0.93,0.0
6899.0,-0.93,0.0
6900.0,-1.21,0.0
6900.0,-1.21,0.0
6901.0,-1.21,0.0
6901.0,-1.21,0.0
6902.0,-1.21,0.0
6903.0,-1.29,0.0
6903.0,-1.29,0.0
6904.0,-1.29,0.0
6904.0,-1.29,0.0
6905.0,-1.29,0.0
6906.0,-1.38,0.0
6906.0,-1.37,0.0
6907.0,-1.38,0.0
6907.0,-1.37,0.0
6908.0,-1.38,0.0
6908.0,-1.37,0.0
6909.0,-1.05,0.0
6910.0,-1.05,0.0
6910.0,-1.05,0.0
6911.0,-1.05,0.0
6911.0,-1.05,0.0
6912.0,-0.62,0.0
6913.0,-0.63,0.0
6913.0,-0.62,0.0
6914.0,-0.63,0.0
6914.0,-0.62,0.0
6915.0,-0.57,0.0
6915.0,-0.57,0.0
6916.0,-0.57,0.0
6917.0,-0.57,0.0
6917.0,-0.57,0.0
6918.0,-0.57,0.0
6918.0,-0.87,0.0
6919.0,-0.87,0.0
6920.0,-0.87,0.0
6920.0,-0.87,0.0
6921.0,-0.87,0.0
6921.0,-1.01,0.0
6922.0,-1.01,0.0
6923.0,-1.01,0.0
6923.0,-1.01,0.0
6924.0,-1.01,0.0
6924.0,-1.15,0.0
6925.0,-1.14,0.0
6925.0,-1.15,0.0
6926.0,-1.14,0.0
6927.0,-1.15,0.0
6927.0,-1.14,0.0
6928.0,-0.99,0.0
6928.0,-0.99,0.0
6929.0,-0.99,0.0
6930.0,-0.99,0.0
6930.0,-0.99,0.0
6931.0,-0.65,0.0
6931.0,-0.66,0.0
6932.0,-0.65,0.0
6933.0,-0.66,0.0
6933.0,-0.65,0.0
6934.0,-0.81,0.0
6934.0,-0.81,0.0
6935.0,-0.81,0.0
6936.0,-0.81,0.0
6936.0,-0.81,0.0
6937.0,-0.92,0.0
6937.0,-0.92,0.0
6938.0,-0.92,0.0
6938.0,-0.92,0.0
6939.0,-0.92,0.0
6940.0,-0.92,0.0
6940.0,-0.75,0.0
6941.0,-0.75,0.0
6941.0,-0.75,0.0
6942.0,-0.75,0.0
6943.0,-0.75,0.0
6943.0,-0.97,0.0
6944.0,-0.97,0.0
6944.0,-0.97,0.0
6945.0,-0.97,0.0
6946.0,-0.97,0.0
6946.0,-1.08,0.0
6947.0,-1.08,0.0
6947.0,-1.08,0.0
6948.0,-1.08,0.0
6948.0,-1.08,0.0
6949.0,-1.08,0.0
6950.0,-0.73,0.0
6950.0,-0.73,0.0
6951.0,-0.73,0.0
6951.0,-0.73,0.0
6952.0,-0.73,0.0
6953.0,-0.52,0.0
6953.0,-0.52,0.0
6954.0,-0.52,0.0
6954.0,-0.52,0.0
6955.0,-0.52,0.0
6955.0,-0.56,0.0
6956.0,-0.56,0.0
6957.0,-0.56,0.0
6957.0,-0.56,0.0
6958.0,-0.56,0.0
6958.0,-0.56,0.0
6959.0,-0.81,0.0
6960.0,-0.81,0.0
6960.0,-0.81,0.0
6961.0,-0.81,0.0
6961.0,-0.81,0.0
6962.0,-1.01,0.0
6963.0,-1.01,0.0
6963.0,-1.01,0.0
6964.0,-1.01,0.0
6964.0,-1.01,0.0
6965.0,-0.93,0.0
6965.0,-0.93,0.0
6966.0,-0.93,0.0
6967.0,-0.93,0.0
6967.0,-0.93,0.0
6968.0,-0.93,0.0
6968.0,-1.03,0.0
6969.0,-1.03,0.0
6970.0,-1.03,0.0
6970.0,-1.03,0.0
6971.0,-1.03,0.0
6971.0,-0.86,0.0
6972.0,-0.86,0.0
6972.0,-0.86,0.0
6973.0,-0.86,0.0
6974.0,-0.86,0.0
6974.0,-0.81,0.0
6975.0,-0.81,0.0
6975.0,-0.81,0.0
6976.0,-0.81,0.0
6977.0,-0.81,0.0
6977.0,-0.81,0.0
6978.0,-0.93,0.0
6978.0,-0.93,0.0
6979.0,-0.93,0.0
6980.0,-0.93,0.0
6980.0,-0.93,0.0
6981.0,-1.03,0.0
6981.0,-1.03,0.0
6982.0,-1.03,0.0
6982.0,-1.03,0.0
6983.0,-1.03,0.0
6984.0,-1.4,0.0
6984.0,-1.41,0.0
6985.0,-1.4,0.0
6985.0,-1.41,0.0
6986.0,-1.4,0.0
6987.0,-1.41,0.0
6987.0,-1.37,0.0
6988.0,-1.37,0.0
6988.0,-1.37,0.0
6989.0,-1.37,0.0
6989.0,-1.37,0.0
6990.0,-0.98,0.0
6991.0,-0.98,0.0
6991.0,-0.98,0.0
6992.0,-0.98,0.0
6992.0,-0.98,0.0
6993.0,-0.62,0.0
6994.0,-0.62,0.0
6994.0,-0.62,0.0
6995.0,-0.62,0.0
6995.0,-0.62,0.0
6996.0,-0.62,0.0
6997.0,-0.62,0.0
6997.0,-0.62,0.0
6998.0,-0.62,0.0
6998.0,-0.62,0.0
6999.0,-0.62,0.0
6999.0,-0.79,0.0
7000.0,-0.79,0.0
7001.0,-0.79,0.0
7001.0,-0.79,0.0
7002.0,-0.79,0.0
7002.0,-0.98,0.0
7003.0,-0.98,0.0
7004.0,-0.98,0.0
7004.0,-0.98,0.0
7005.0,-0.98,0.0
7005.0,-1.13,0.0
7006.0,-1.13,0.0
7006.0,-1.13,0.0
7007.0,-1.13,0.0
7008.0,-1.13,0.0
7008.0,-1.13,0.0
7009.0,-0.93,0.0
7009.0,-0.93,0.0
7010.0,-0.93,0.0
7011.0,-0.93,0.0
7011.0,-0.93,0.0
7012.0,-0.76,0.0
7012.0,-0.76,0.0
7013.0,-0.76,0.0
7014.0,-0.76,0.0
7014.0,-0.76,0.0
7015.0,-0.81,0.0
7015.0,-0.81,0.0
7016.0,-0.81,0.0
7016.0,-0.81,0.0
7017.0,-0.81,0.0
7018.0,-0.81,0.0
7018.0,-0.65,0.0
7019.0,-0.64,0.0
7019.0,-0.65,0.0
7020.0,-0.64,0.0
7021.0,-0.65,0.0
7021.0,-0.77,0.0
7022.0,-0.78,0.0
7022.0,-0.77,0.0
7023.0,-0.78,0.0
7023.0,-0.77,0.0
7024.0,-1.04,0.0
7025.0,-1.03,0.0
7025.0,-1.04,0.0
7026.0,-1.03,0.0
7026.0,-1.04,0.0
7027.0,-1.03,0.0
7028.0,-0.94,0.0
7028.0,-0.94,0.0
7029.0,-0.94,0.0
7029.0,-0.94,0.0
7030.0,-0.94,0.0
7031.0,-0.81,0.0
7031.0,-0.81,0.0
7032.0,-0.81,0.0
7032.0,-0.81,0.0
7033.0,-0.81,0.0
7033.0,-0.63,0.0
7034.0,-0.63,0.0
7035.0,-0.63,0.0
7035.0,-0.63,0.0
7036.0,-0.63,0.0
7036.0,-0.63,0.0
7037.0,-0.87,0.0
7038.0,-0.87,0.0
7038.0,-0.87,0.0
7039.0,-0.87,0.0
7039.0,-0.87,0.0
7040.0,-1.1,0.0
7041.0,-1.1,0.0
7041.0,-1.1,0.0
7042.0,-1.1,0.0
7042.0,-1.1,0.0
7043.0,-1.06,0.0
7044.0,-1.06,0.0
7044.0,-1.06,0.0
7045.0,-1.06,0.0
7045.0,-1.06,0.0
7046.0,-0.94,0.0
7046.0,-0.94,0.0
7047.0,-0.94,0.0
7048.0,-0.94,0.0
7048.0,-0.94,0.0
7049.0,-0.94,0.0
7049.0,-1.1,0.0
7050.0,-1.1,0.0
7051.0,-1.1,0.0
7051.0,-1.1,0.0
7052.0,-1.1,0.0
7052.0,-0.72,0.0
7053.0,-0.72,0.0
7054.0,-0.72,0.0
7054.0,-0.72,0.0
7055.0,-0.72,0.0
7055.0,-0.46,0.0
7056.0,-0.46,0.0
7056.0,-0.46,0.0
7057.0,-0.46,0.0
7058.0,-0.46,0.0
7058.0,-0.46,0.0
7059.0,-0.91,0.0
7059.0,-0.91,0.0
7060.0,-0.91,0.0
7061.0,-0.91,0.0
7061.0,-0.91,0.0
7062.0,-1.22,0.0
7062.0,-1.22,0.0
7063.0,-1.22,0.0
7063.0,-1.22,0.0
7064.0,-1.22,0.0
7065.0,-1.26,0.0
7065.0,-1.26,0.0
7066.0,-1.26,0.0
7066.0,-1.26,0.0
7067.0,-1.26,0.0
7068.0,-1.26,0.0
7068.0,-1.16,0.0
7069.0,-1.16,0.0
7069.0,-1.16,0.0
7070.0,-1.16,0.0
7071.0,-1.16,0.0
7071.0,-0.94,0.0
7072.0,-0.94,0.0
7072.0,-0.94,0.0
7073.0,-0.94,0.0
7073.0,-0.94,0.0
7074.0,-0.61,0.0
7075.0,-0.61,0.0
7075.0,-0.61,0.0
7076.0,-0.61,0.0
7076.0,-0.61,0.0
7077.0,-0.61,0.0
7078.0,-0.85,0.0
7078.0,-0.85,0.0
7079.0,-0.85,0.0
7079.0,-0.85,0.0
7080.0,-0.85,0.0
7080.0,-1.14,0.0
7081.0,-1.13,0.0
7082.0,-1.14,0.0
7082.0,-1.13,0.0
7083.0,-1.14,0.0
7083.0,-1.11,0.0
7084.0,-1.11,0.0
7085.0,-1.11,0.0
7085.0,-1.11,0.0
7086.0,-1.11,0.0
7086.0,-1.11,0.0
7087.0,-1.04,0.0
7088.0,-1.05,0.0
7088.0,-1.04,0.0
7089.0,-1.05,0.0
7089.0,-1.04,0.0
7090.0,-0.74,0.0
7090.0,-0.74,0.0
7091.0,-0.74,0.0
7092.0,-0.74,0.0
7092.0,-0.74,0.0
7093.0,-0.36,0.0
7093.0,-0.36,0.0
7094.0,-0.36,0.0
7095.0,-0.36,0.0
7095.0,-0.36,0.0
7096.0,-0.36,0.0
7096.0,-0.34,0.0
7097.0,-0.34,0.0
7097.0,-0.34,0.0
7098.0,-0.34,0.0
7099.0,-0.34,0.0
7099.0,-0.73,0.0
7100.0,-0.73,0.0
7100.0,-0.73,0.0
7101.0,-0.73,0.0
7102.0,-0.73,0.0
7102.0,-0.9,0.0
7103.0,-0.9,0.0
7103.0,-0.9,0.0
7104.0,-0.9,0.0
7105.0,-0.9,0.0
7105.0,-0.9,0.0
7106.0,-0.9,0.0
7106.0,-0.9,0.0
7107.0,-0.9,0.0
7107.0,-0.9,0.0
7108.0,-0.9,0.0
7109.0,-0.78,0.0
7109.0,-0.78,0.0
7110.0,-0.78,0.0
7110.0,-0.78,0.0
7111.0,-0.78,0.0
7112.0,-0.69,0.0
7112.0,-0.69,0.0
7113.0,-0.69,0.0
7113.0,-0.69,0.0
7114.0,-0.69,0.0
7114.0,-0.69,0.0
7115.0,-0.6,0.0
7116.0,-0.6,0.0
7116.0,-0.6,0.0
7117.0,-0.6,0.0
7117.0,-0.6,0.0
7118.0,-0.6,0.0
7119.0,-0.6,0.0
7119.0,-0.6,0.0
7120.0,-0.6,0.0
7120.0,-0.6,0.0
7121.0,-0.9,0.0
7122.0,-0.9,0.0
7122.0,-0.9,0.0
7123.0,-0.9,0.0
7123.0,-0.9,0.0
7124.0,-1.22,0.0
7124.0,-1.22,0.0
7125.0,-1.22,0.0
7126.0,-1.22,0.0
7126.0,-1.22,0.0
7127.0,-1.22,0.0
7127.0,-1.18,0.0
7128.0,-1.17,0.0
7129.0,-1.18,0.0
7129.0,-1.17,0.0
7130.0,-1.18,0.0
7130.0,-0.63,0.0
7131.0,-0.63,0.0
7131.0,-0.63,0.0
7132.0,-0.63,0.0
7133.0,-0.63,0.0
7133.0,-0.57,0.0
7134.0,-0.57,0.0
7134.0,-0.57,0.0
7135.0,-0.57,0.0
7136.0,-0.57,0.0
7136.0,-0.57,0.0
7137.0,-0.94,0.0
7137.0,-0.94,0.0
7138.0,-0.94,0.0
7139.0,-0.94,0.0
7139.0,-0.94,0.0
7140.0,-1.17,0.0
7140.0,-1.18,0.0
7141.0,-1.17,0.0
7142.0,-1.18,0.0
7142.0,-1.17,0.0
7143.0,-1.14,0.0
7143.0,-1.14,0.0
7144.0,-1.14,0.0
7144.0,-1.14,0.0
7145.0,-1.14,0.0
7146.0,-1.14,0.0
7146.0,-1.19,0.0
7147.0,-1.19,0.0
7147.0,-1.19,0.0
7148.0,-1.19,0.0
7149.0,-1.19,0.0
7149.0,-0.94,0.0
7150.0,-0.95,0.0
7150.0,-0.94,0.0
7151.0,-0.95,0.0
7152.0,-0.94,0.0
7152.0,-0.55,0.0
7153.0,-0.55,0.0
7153.0,-0.55,0.0
7154.0,-0.55,0.0
7154.0,-0.55,0.0
7155.0,-0.55,0.0
7156.0,-0.68,0.0
7156.0,-0.68,0.0
7157.0,-0.68,0.0
7157.0,-0.68,0.0
7158.0,-0.68,0.0
7159.0,-0.75,0.0
7159.0,-0.75,0.0
7160.0,-0.75,0.0
7160.0,-0.75,0.0
7161.0,-0.75,0.0
7162.0,-0.92,0.0
7162.0,-0.92,0.0
7163.0,-0.92,0.0
7163.0,-0.92,0.0
7164.0,-0.92,0.0
7164.0,-0.94,0.0
7165.0,-0.94,0.0
7166.0,-0.94,0.0
7166.0,-0.94,0.0
7167.0,-0.94,0.0
7167.0,-0.94,0.0
7168.0,-0.82,0.0
7169.0,-0.82,0.0
7169.0,-0.82,0.0
7170.0,-0.82,0.0
7170.0,-0.82,0.0
7171.0,-0.56,0.0
7171.0,-0.56,0.0
7172.0,-0.56,0.0
7173.0,-0.56,0.0
7173.0,-0.56,0.0
7174.0,-0.61,0.0
7174.0,-0.61,0.0
7175.0,-0.61,0.0
7176.0,-0.61,0.0
7176.0,-0.61,0.0
7177.0,-0.61,0.0
7177.0,-0.9,0.0
7178.0,-0.91,0.0
7179.0,-0.9,0.0
7179.0,-0.91,0.0
7180.0,-0.9,0.0
7180.0,-1.09,0.0
7181.0,-1.09,0.0
7181.0,-1.09,0.0
7182.0,-1.09,0.0
7183.0,-1.09,0.0
7183.0,-1.1,0.0
7184.0,-1.1,0.0
7184.0,-1.1,0.0
7185.0,-1.1,0.0
7186.0,-1.1,0.0
7186.0,-1.1,0.0
7187.0,-1.13,0.0
7187.0,-1.14,0.0
7188.0,-1.13,0.0
7188.0,-1.14,0.0
7189.0,-1.13,0.0
7190.0,-0.97,0.0
7190.0,-0.97,0.0
7191.0,-0.97,0.0
7191.0,-0.97,0.0
7192.0,-0.97,0.0
7193.0,-0.76,0.0
7193.0,-0.76,0.0
7194.0,-0.76,0.0
7194.0,-0.76,0.0
7195.0,-0.76,0.0
7196.0,-0.76,0.0
7196.0,-0.67,0.0
7197.0,-0.67,0.0
7197.0,-0.67,0.0
7198.0,-0.67,0.0
7198.0,-0.67,0.0
7199.0,-0.85,0.0
7200.0,-0.85,0.0
7200.0,-0.85,0.0
7201.0,-0.85,0.0
7201.0,-0.85,0.0
7202.0,-1.13,0.0
7203.0,-1.13,0.0
7203.0,-1.13,0.0
7204.0,-1.13,0.0
7204.0,-1.13,0.0
7205.0,-1.13,0.0
7205.0,-1.13,0.0
7206.0,-1.13,0.0
7207.0,-1.13,0.0
7207.0,-1.13,0.0
7208.0,-1.13,0.0
7208.0,-0.92,0.0
7209.0,-0.92,0.0
7210.0,-0.92,0.0
7210.0,-0.92,0.0
7211.0,-0.92,0.0
7211.0,-0.65,0.0
7212.0,-0.66,0.0
7213.0,-0.65,0.0
7213.0,-0.66,0.0
7214.0,-0.65,0.0
7214.0,-0.66,0.0
7215.0,-0.86,0.0
7215.0,-0.86,0.0
7216.0,-0.86,0.0
7217.0,-0.86,0.0
7217.0,-0.86,0.0
7218.0,-0.93,0.0
7218.0,-0.93,0.0
7219.0,-0.93,0.0
7220.0,-0.93,0.0
7220.0,-0.93,0.0
7221.0,-1.11,0.0
7221.0,-1.11,0.0
7222.0,-1.11,0.0
7222.0,-1.11,0.0
7223.0,-1.11,0.0
7224.0,-1.11,0.0
7224.0,-1.21,0.0
7225.0,-1.21,0.0
7225.0,-1.21,0.0
7226.0,-1.21,0.0
7227.0,-1.21,0.0
7227.0,-1.2,0.0
7228.0,-1.2,0.0
7228.0,-1.2,0.0
7229.0,-1.2,0.0
7230.0,-1.2,0.0
7230.0,-0.83,0.0
7231.0,-0.83,0.0
7231.0,-0.83,0.0
7232.0,-0.83,0.0
7232.0,-0.83,0.0
7233.0,-0.83,0.0
7234.0,-0.7,0.0
7234.0,-0.7,0.0
7235.0,-0.7,0.0
7235.0,-0.7,0.0
7236.0,-0.7,0.0
7237.0,-0.66,0.0
7237.0,-0.66,0.0
7238.0,-0.66,0.0
7238.0,-0.66,0.0
7239.0,-0.66,0.0
7240.0,-0.88,0.0
7240.0,-0.88,0.0
7241.0,-0.88,0.0
7241.0,-0.88,0.0
7242.0,-0.88,0.0
7243.0,-1.03,0.0
7243.0,-1.03,0.0
7244.0,-1.03,0.0
7244.0,-1.03,0.0
7245.0,-1.03,0.0
7245.0,-1.03,0.0
7246.0,-1.02,0.0
7247.0,-1.02,0.0
7247.0,-1.02,0.0
7248.0,-1.02,0.0
7248.0,-1.02,0.0
7249.0,-0.77,0.0
7250.0,-0.78,0.0
7250.0,-0.77,0.0
7251.0,-0.78,0.0
7251.0,-0.77,0.0
7252.0,-0.67,0.0
7252.0,-0.67,0.0
7253.0,-0.67,0.0
7254.0,-0.67,0.0
7254.0,-0.67,0.0
7255.0,-0.67,0.0
7255.0,-0.57,0.0
7256.0,-0.57,0.0
7257.0,-0.57,0.0
7257.0,-0.57,0.0
7258.0,-0.57,0.0
7258.0,-0.62,0.0
7259.0,-0.63,0.0
7260.0,-0.62,0.0
7260.0,-0.63,0.0
7261.0,-0.62,0.0
7261.0,-0.97,0.0
7262.0,-0.97,0.0
7262.0,-0.97,0.0
7263.0,-0.97,0.0
7264.0,-0.97,0.0
7264.0,-0.97,0.0
7265.0,-0.89,0.0
7265.0,-0.89,0.0
7266.0,-0.89,0.0
7267.0,-0.89,0.0
7267.0,-0.89,0.0
7268.0,-0.89,0.0
7268.0,-0.9,0.0
7269.0,-0.89,0.0
7270.0,-0.9,0.0
7270.0,-0.89,0.0
7271.0,-0.73,0.0
7271.0,-0.73,0.0
7272.0,-0.73,0.0
7272.0,-0.73,0.0
7273.0,-0.73,0.0
7274.0,-0.73,0.0
7274.0,-0.65,0.0
7275.0,-0.65,0.0
7275.0,-0.65,0.0
7276.0,-0.65,0.0
7277.0,-0.65,0.0
7277.0,-0.76,0.0
7278.0,-0.76,0.0
7278.0,-0.76,0.0
7279.0,-0.76,0.0
7279.0,-0.76,0.0
7280.0,-0.9,0.0
7281.0,-0.9,0.0
7281.0,-0.9,0.0
7282.0,-0.9,0.0
7282.0,-0.9,0.0
7283.0,-1.21,0.0
7284.0,-1.21,0.0
7284.0,-1.21,0.0
7285.0,-1.21,0.0
7285.0,-1.21,0.0
7286.0,-1.21,0.0
7287.0,-1.07,0.0
7287.0,-1.07,0.0
7288.0,-1.07,0.0
7288.0,-1.07,0.0
7289.0,-1.07,0.0
7289.0,-0.76,0.0
7290.0,-0.76,0.0
7291.0,-0.76,0.0
7291.0,-0.76,0.0
7292.0,-0.76,0.0
7292.0,-0.46,0.0
7293.0,-0.46,0.0
7294.0,-0.46,0.0
7294.0,-0.46,0.0
7295.0,-0.46,0.0
7295.0,-0.46,0.0
7296.0,-0.62,0.0
7296.0,-0.63,0.0
7297.0,-0.62,0.0
7298.0,-0.63,0.0
7298.0,-0.62,0.0
7299.0,-1.05,0.0
7299.0,-1.05,0.0
7300.0,-1.05,0.0
7301.0,-1.05,0.0
7301.0,-1.05,0.0
7302.0,-0.93,0.0
7302.0,-0.93,0.0
7303.0,-0.93,0.0
7304.0,-0.93,0.0
7304.0,-0.93,0.0
7305.0,-0.93,0.0
7305.0,-0.87,0.0
7306.0,-0.87,0.0
7306.0,-0.87,0.0
7307.0,-0.87,0.0
7308.0,-0.87,0.0
7308.0,-1.03,0.0
7309.0,-1.02,0.0
7309.0,-1.03,0.0
7310.0,-1.02,0.0
7311.0,-1.03,0.0
7311.0,-0.87,0.0
7312.0,-0.87,0.0
7312.0,-0.87,0.0
7313.0,-0.87,0.0
7313.0,-0.87,0.0
7314.0,-0.87,0.0
7315.0,-0.51,0.0
7315.0,-0.52,0.0
7316.0,-0.51,0.0
7316.0,-0.52,0.0
7317.0,-0.51,0.0
7318.0,-0.72,0.0
7318.0,-0.72,0.0
7319.0,-0.72,0.0
7319.0,-0.72,0.0
7320.0,-0.72,0.0
7321.0,-0.98,0.0
7321.0,-0.98,0.0
7322.0,-0.98,0.0
7322.0,-0.98,0.0
7323.0,-0.98,0.0
7323.0,-0.98,0.0
7324.0,-1.09,0.0
7325.0,-1.09,0.0
7325.0,-1.09,0.0
7326.0,-1.09,0.0
7326.0,-1.09,0.0
7327.0,-0.99,0.0
7328.0,-0.99,0.0
7328.0,-0.99,0.0
7329.0,-0.99,0.0
7329.0,-0.99,0.0
7330.0,-0.66,0.0
7330.0,-0.66,0.0
7331.0,-0.66,0.0
7332.0,-0.66,0.0
7332.0,-0.66,0.0
7333.0,-0.66,0.0
7333.0,-0.7,0.0
7334.0,-0.7,0.0
7335.0,-0.7,0.0
7335.0,-0.7,0.0
7336.0,-0.7,0.0
7336.0,-0.81,0.0
7337.0,-0.81,0.0
7338.0,-0.81,0.0
7338.0,-0.81,0.0
7339.0,-0.81,0.0
7339.0,-0.57,0.0
7340.0,-0.57,0.0
7341.0,-0.57,0.0
7341.0,-0.57,0.0
7342.0,-0.57,0.0
7342.0,-0.72,0.0
7343.0,-0.72,0.0
7344.0,-0.72,0.0
7344.0,-0.72,0.0
7345.0,-0.72,0.0
7345.0,-0.72,0.0
7346.0,-1.07,0.0
7346.0,-1.07,0.0
7347.0,-1.07,0.0
7348.0,-1.07,0.0
7348.0,-1.07,0.0
7349.0,-0.94,0.0
7349.0,-0.95,0.0
7350.0,-0.94,0.0
7351.0,-0.95,0.0
7351.0,-0.94,0.0
7352.0,-0.63,0.0
7352.0,-0.62,0.0
7353.0,-0.63,0.0
7353.0,-0.62,0.0
7354.0,-0.63,0.0
7355.0,-0.62,0.0
7355.0,-0.67,0.0
7356.0,-0.67,0.0
7356.0,-0.67,0.0
7357.0,-0.67,0.0
7358.0,-0.67,0.0
7358.0,-0.8,0.0
7359.0,-0.8,0.0
7359.0,-0.8,0.0
7360.0,-0.8,0.0
7360.0,-0.8,0.0
7361.0,-0.93,0.0
7362.0,-0.93,0.0
7362.0,-0.93,0.0
7363.0,-0.93,0.0
7363.0,-0.93,0.0
7364.0,-0.93,0.0
7365.0,-1.18,0.0
7365.0,-1.18,0.0
7366.0,-1.18,0.0
7366.0,-1.18,0.0
7367.0,-1.18,0.0
7368.0,-1.01,0.0
7368.0,-1.01,0.0
7369.0,-1.01,0.0
7369.0,-1.01,0.0
7370.0,-1.01,0.0
7370.0,-0.67,0.0
7371.0,-0.67,0.0
7372.0,-0.67,0.0
7372.0,-0.67,0.0
7373.0,-0.67,0.0
7373.0,-0.67,0.0
7374.0,-0.68,0.0
7375.0,-0.68,0.0
7375.0,-0.68,0.0
7376.0,-0.68,0.0
7376.0,-0.68,0.0
7377.0,-0.87,0.0
7378.0,-0.87,0.0
7378.0,-0.87,0.0
7379.0,-0.87,0.0
7379.0,-0.87,0.0
7380.0,-1.23,0.0
7380.0,-1.23,0.0
7381.0,-1.23,0.0
7382.0,-1.23,0.0
7382.0,-1.23,0.0
7383.0,-1.23,0.0
7383.0,-1.26,0.0
7384.0,-1.26,0.0
7385.0,-1.26,0.0
7385.0,-1.26,0.0
7386.0,-1.26,0.0
7386.0,-1.22,0.0
7387.0,-1.22,0.0
7387.0,-1.22,0.0
7388.0,-1.22,0.0
7389.0,-1.22,0.0
7389.0,-0.91,0.0
7390.0,-0.9,0.0
7390.0,-0.91,0.0
7391.0,-0.9,0.0
7392.0,-0.91,0.0
7392.0,-0.9,0.0
7393.0,-0.54,0.0
7393.0,-0.54,0.0
7394.0,-0.54,0.0
7395.0,-0.54,0.0
7395.0,-0.54,0.0
7396.0,-0.65,0.0
7396.0,-0.65,0.0
7397.0,-0.65,0.0
7397.0,-0.65,0.0
7398.0,-0.65,0.0
7399.0,-0.87,0.0
7399.0,-0.87,0.0
7400.0,-0.87,0.0
7400.0,-0.87,0.0
7401.0,-0.87,0.0
7402.0,-1.0,0.0
7402.0,-1.0,0.0
7403.0,-1.0,0.0
7403.0,-1.0,0.0
7404.0,-1.0,0.0
7404.0,-1.0,0.0
7405.0,-0.95,0.0
7406.0,-0.95,0.0
7406.0,-0.95,0.0
7407.0,-0.95,0.0
7407.0,-0.95,0.0
7408.0,-1.01,0.0
7409.0,-1.01,0.0
7409.0,-1.01,0.0
7410.0,-1.01,0.0
7410.0,-1.01,0.0
7411.0,-0.68,0.0
7412.0,-0.68,0.0
7412.0,-0.68,0.0
7413.0,-0.68,0.0
7413.0,-0.68,0.0
7414.0,-0.68,0.0
7414.0,-0.31,0.0
7415.0,-0.31,0.0
7416.0,-0.31,0.0
7416.0,-0.31,0.0
7417.0,-0.31,0.0
7417.0,-0.51,0.0
7418.0,-0.51,0.0
7419.0,-0.51,0.0
7419.0,-0.51,0.0
7420.0,-0.51,0.0
7420.0,-0.79,0.0
7421.0,-0.79,0.0
7421.0,-0.79,0.0
7422.0,-0.79,0.0
7423.0,-0.79,0.0
7423.0,-0.79,0.0
7424.0,-1.02,0.0
7424.0,-1.03,0.0
7425.0,-1.02,0.0
7426.0,-1.03,0.0
7426.0,-1.02,0.0
7427.0,-0.99,0.0
7427.0,-0.99,0.0
7428.0,-0.99,0.0
7429.0,-0.99,0.0
7429.0,-0.99,0.0
7430.0,-0.79,0.0
7430.0,-0.79,0.0
7431.0,-0.79,0.0
7431.0,-0.79,0.0
7432.0,-0.79,0.0
7433.0,-0.79,0.0
7433.0,-0.51,0.0
7434.0,-0.51,0.0
7434.0,-0.51,0.0
7435.0,-0.51,0.0
7436.0,-0.51,0.0
7436.0,-0.63,0.0
7437.0,-0.63,0.0
7437.0,-0.63,0.0
7438.0,-0.63,0.0
7439.0,-0.63,0.0
7439.0,-0.8,0.0
7440.0,-0.8,0.0
7440.0,-0.8,0.0
7441.0,-0.8,0.0
7442.0,-0.8,0.0
7442.0,-0.97,0.0
7443.0,-0.97,0.0
7443.0,-0.97,0.0
7444.0,-0.97,0.0
7444.0,-0.97,0.0
7445.0,-0.97,0.0
7446.0,-1.05,0.0
7446.0,-1.05,0.0
7447.0,-1.05,0.0
7447.0,-1.05,0.0
7448.0,-1.05,0.0
7449.0,-0.92,0.0
7449.0,-0.92,0.0
7450.0,-0.92,0.0
7450.0,-0.92,0.0
7451.0,-0.92,0.0
7452.0,-0.68,0.0
7452.0,-0.68,0.0
7453.0,-0.68,0.0
7453.0,-0.68,0.0
7454.0,-0.68,0.0
7454.0,-0.68,0.0
7455.0,-0.71,0.0
7456.0,-0.7,0.0
7456.0,-0.71,0.0
7457.0,-0.7,0.0
7457.0,-0.71,0.0
7458.0,-0.8,0.0
7459.0,-0.8,0.0
7459.0,-0.8,0.0
7460.0,-0.8,0.0
7460.0,-0.8,0.0
7461.0,-1.05,0.0
7461.0,-1.05,0.0
7462.0,-1.05,0.0
7463.0,-1.05,0.0
7463.0,-1.05,0.0
7464.0,-1.05,0.0
7464.0,-1.33,0.0
7465.0,-1.33,0.0
7466.0,-1.33,0.0
7466.0,-1.33,0.0
7467.0,-1.33,0.0
7467.0,-1.37,0.0
7468.0,-1.37,0.0
7469.0,-1.37,0.0
7469.0,-1.37,0.0
7470.0,-1.37,0.0
7470.0,-0.87,0.0
7471.0,-0.87,0.0
7471.0,-0.87,0.0
7472.0,-0.87,0.0
7473.0,-0.87,0.0
7473.0,-0.87,0.0
7474.0,-0.6,0.0
7474.0,-0.6,0.0
7475.0,-0.6,0.0
7476.0,-0.6,0.0
7476.0,-0.6,0.0
7477.0,-0.74,0.0
7477.0,-0.74,0.0
7478.0,-0.74,0.0
7478.0,-0.74,0.0
7479.0,-0.74,0.0
7480.0,-0.82,0.0
7480.0,-0.82,0.0
7481.0,-0.82,0.0
7481.0,-0.82,0.0
7482.0,-0.82,0.0
7483.0,-0.82,0.0
7483.0,-1.03,0.0
7484.0,-1.03,0.0
7484.0,-1.03,0.0
7485.0,-1.03,0.0
7486.0,-1.03,0.0
7486.0,-1.07,0.0
7487.0,-1.07,0.0
7487.0,-1.07,0.0
7488.0,-1.07,0.0
7488.0,-1.07,0.0
7489.0,-0.93,0.0
7490.0,-0.93,0.0
7490.0,-0.93,0.0
7491.0,-0.93,0.0
7491.0,-0.93,0.0
7492.0,-0.93,0.0
7493.0,-0.75,0.0
7493.0,-0.75,0.0
7494.0,-0.75,0.0
7494.0,-0.75,0.0
7495.0,-0.75,0.0
7495.0,-0.7,0.0
7496.0,-0.7,0.0
7497.0,-0.7,0.0
7497.0,-0.7,0.0
7498.0,-0.7,0.0
7498.0,-0.83,0.0
7499.0,-0.83,0.0
7500.0,-0.83,0.0
7500.0,-0.83,0.0
7501.0,-0.83,0.0
7501.0,-0.83,0.0
7502.0,-1.15,0.0
7503.0,-1.14,0.0
7503.0,-1.15,0.0
7504.0,-1.14,0.0
7504.0,-1.15,0.0
7505.0,-1.12,0.0
7505.0,-1.12,0.0
7506.0,-1.12,0.0
7507.0,-1.12,0.0
7507.0,-1.12,0.0
7508.0,-0.78,0.0
7508.0,-0.78,0.0
7509.0,-0.78,0.0
7510.0,-0.78,0.0
7510.0,-0.78,0.0
7511.0,-0.66,0.0
7511.0,-0.66,0.0
7512.0,-0.66,0.0
7512.0,-0.66,0.0
7513.0,-0.66,0.0
7514.0,-0.66,0.0
7514.0,-0.63,0.0
7515.0,-0.64,0.0
7515.0,-0.63,0.0
7516.0,-0.64,0.0
7517.0,-0.63,0.0
7517.0,-0.75,0.0
7518.0,-0.75,0.0
7518.0,-0.75,0.0
7519.0,-0.75,0.0
7520.0,-0.75,0.0
7520.0,-1.14,0.0
7521.0,-1.15,0.0
7521.0,-1.14,0.0
7522.0,-1.15,0.0
7522.0,-1.14,0.0
7523.0,-1.15,0.0
7524.0,-1.17,0.0
7524.0,-1.18,0.0
7525.0,-1.17,0.0
7525.0,-1.18,0.0
7526.0,-1.17,0.0
7527.0,-1.04,0.0
7527.0,-1.03,0.0
7528.0,-1.04,0.0
7528.0,-1.03,0.0
7529.0,-1.04,0.0
7529.0,-0.78,0.0
7530.0,-0.78,0.0
7531.0,-0.78,0.0
7531.0,-0.78,0.0
7532.0,-0.78,0.0
7532.0,-0.78,0.0
7533.0,-0.55,0.0
7534.0,-0.55,0.0
7534.0,-0.55,0.0
7535.0,-0.55,0.0
7535.0,-0.55,0.0
7536.0,-0.69,0.0
7537.0,-0.69,0.0
7537.0,-0.69,0.0
7538.0,-0.69,0.0
7538.0,-0.69,0.0
7539.0,-0.94,0.0
7539.0,-0.95,0.0
7540.0,-0.94,0.0
7541.0,-0.95,0.0
7541.0,-0.94,0.0
7542.0,-1.27,0.0
7542.0,-1.27,0.0
7543.0,-1.27,0.0
7544.0,-1.27,0.0
7544.0,-1.27,0.0
7545.0,-1.27,0.0
7545.0,-1.21,0.0
7546.0,-1.21,0.0
7547.0,-1.21,0.0
7547.0,-1.21,0.0
7548.0,-1.21,0.0
7548.0,-0.86,0.0
7549.0,-0.86,0.0
7550.0,-0.86,0.0
7550.0,-0.86,0.0
7551.0,-0.86,0.0
7551.0,-0.55,0.0
7552.0,-0.55,0.0
7552.0,-0.55,0.0
7553.0,-0.55,0.0
7554.0,-0.55,0.0
7554.0,-0.55,0.0
7555.0,-0.66,0.0
7555.0,-0.66,0.0
7556.0,-0.66,0.0
7557.0,-0.66,0.0
7557.0,-0.66,0.0
7558.0,-1.16,0.0
7558.0,-1.16,0.0
7559.0,-1.16,0.0
7560.0,-1.16,0.0
7560.0,-1.16,0.0
7561.0,-1.12,0.0
7561.0,-1.12,0.0
7562.0,-1.12,0.0
7562.0,-1.12,0.0
7563.0,-1.12,0.0
7564.0,-1.12,0.0
7564.0,-1.09,0.0
7565.0,-1.09,0.0
7565.0,-1.09,0.0
7566.0,-1.09,0.0
7567.0,-1.09,0.0
7567.0,-0.99,0.0
7568.0,-0.99,0.0
7568.0,-0.99,0.0
7569.0,-0.99,0.0
7569.0,-0.99,0.0
7570.0,-0.7,0.0
7571.0,-0.7,0.0
7571.0,-0.7,0.0
7572.0,-0.7,0.0
7572.0,-0.7,0.0
7573.0,-0.7,0.0
7574.0,-0.72,0.0
7574.0,-0.71,0.0
7575.0,-0.72,0.0
7575.0,-0.71,0.0
7576.0,-0.72,0.0
7577.0,-0.95,0.0
7577.0,-0.96,0.0
7578.0,-0.95,0.0
7578.0,-0.96,0.0
7579.0,-0.95,0.0
7579.0,-1.04,0.0
7580.0,-1.03,0.0
7581.0,-1.04,0.0
7581.0,-1.03,0.0
7582.0,-1.04,0.0
7582.0,-1.03,0.0
7583.0,-1.15,0.0
7584.0,-1.14,0.0
7584.0,-1.15,0.0
7585.0,-1.14,0.0
7585.0,-1.15,0.0
7586.0,-1.23,0.0
7586.0,-1.23,0.0
7587.0,-1.23,0.0
7588.0,-1.23,0.0
7588.0,-1.23,0.0
7589.0,-0.87,0.0
7589.0,-0.87,0.0
7590.0,-0.87,0.0
7591.0,-0.87,0.0
7591.0,-0.87,0.0
7592.0,-0.87,0.0
7592.0,-0.56,0.0
7593.0,-0.56,0.0
7594.0,-0.56,0.0
7594.0,-0.56,0.0
7595.0,-0.56,0.0
7595.0,-0.67,0.0
7596.0,-0.67,0.0
7596.0,-0.67,0.0
7597.0,-0.67,0.0
7598.0,-0.67,0.0
7598.0,-0.88,0.0
7599.0,-0.88,0.0
7599.0,-0.88,0.0
7600.0,-0.88,0.0
7601.0,-0.88,0.0
7601.0,-0.88,0.0
7602.0,-1.0,0.0
7602.0,-1.0,0.0
7603.0,-1.0,0.0
7603.0,-1.0,0.0
7604.0,-1.0,0.0
7605.0,-1.11,0.0
7605.0,-1.11,0.0
7606.0,-1.11,0.0
7606.0,-1.11,0.0
7607.0,-1.11,0.0
7608.0,-1.05,0.0
7608.0,-1.04,0.0
7609.0,-1.05,0.0
7609.0,-1.04,0.0
7610.0,-1.05,0.0
7611.0,-1.04,0.0
7611.0,-0.69,0.0
7612.0,-0.69,0.0
7612.0,-0.69,0.0
7613.0,-0.69,0.0
7613.0,-0.69,0.0
7614.0,-0.65,0.0
7615.0,-0.65,0.0
7615.0,-0.65,0.0
7616.0,-0.65,0.0
7616.0,-0.65,0.0
7617.0,-0.78,0.0
7618.0,-0.78,0.0
7618.0,-0.78,0.0
7619.0,-0.78,0.0
7619.0,-0.78,0.0
7620.0,-0.78,0.0
7620.0,-1.1,0.0
7621.0,-1.1,0.0
7622.0,-1.1,0.0
7622.0,-1.1,0.0
7623.0,-1.1,0.0
7623.0,-1.33,0.0
7624.0,-1.33,0.0
7625.0,-1.33,0.0
7625.0,-1.33,0.0
7626.0,-1.33,0.0
7626.0,-1.12,0.0
7627.0,-1.12,0.0
7628.0,-1.12,0.0
7628.0,-1.12,0.0
7629.0,-1.12,0.0
7629.0,-0.69,0.0
7630.0,-0.69,0.0
7630.0,-0.69,0.0
7631.0,-0.69,0.0
7632.0,-0.69,0.0
7632.0,-0.69,0.0
7633.0,-0.67,0.0
7633.0,-0.67,0.0
7634.0,-0.67,0.0
7635.0,-0.67,0.0
7635.0,-0.67,0.0
7636.0,-0.58,0.0
7636.0,-0.58,0.0
7637.0,-0.58,0.0
7637.0,-0.58,0.0
7638.0,-0.58,0.0
7639.0,-0.7,0.0
7639.0,-0.7,0.0
7640.0,-0.7,0.0
7640.0,-0.7,0.0
7641.0,-0.7,0.0
7642.0,-0.7,0.0
7642.0,-0.92,0.0
7643.0,-0.92,0.0
7643.0,-0.92,0.0
7644.0,-0.92,0.0
7645.0,-0.92,0.0
7645.0,-1.07,0.0
7646.0,-1.07,0.0
7646.0,-1.07,0.0
7647.0,-1.07,0.0
7648.0,-1.07,0.0
7648.0,-1.03,0.0
7649.0,-1.03,0.0
7649.0,-1.03,0.0
7650.0,-1.03,0.0
7650.0,-1.03,0.0
7651.0,-1.03,0.0
7652.0,-0.75,0.0
7652.0,-0.75,0.0
7653.0,-0.75,0.0
7653.0,-0.75,0.0
7654.0,-0.75,0.0
7655.0,-0.64,0.0
7655.0,-0.64,0.0
7656.0,-0.64,0.0
7656.0,-0.64,0.0
7657.0,-0.64,0.0
7658.0,-0.59,0.0
7658.0,-0.59,0.0
7659.0,-0.59,0.0
7659.0,-0.59,0.0
7660.0,-0.59,0.0
7660.0,-0.75,0.0
7661.0,-0.75,0.0
7662.0,-0.75,0.0
7662.0,-0.75,0.0
7663.0,-0.75,0.0
7663.0,-0.75,0.0
7664.0,-0.86,0.0
7665.0,-0.86,0.0
7665.0,-0.86,0.0
7666.0,-0.86,0.0
7666.0,-0.86,0.0
7667.0,-0.99,0.0
7668.0,-0.99,0.0
7668.0,-0.99,0.0
7669.0,-0.99,0.0
7669.0,-0.99,0.0
7670.0,-1.02,0.0
7670.0,-1.02,0.0
7671.0,-1.02,0.0
7672.0,-1.02,0.0
7672.0,-1.02,0.0
7673.0,-1.02,0.0
7673.0,-0.64,0.0
7674.0,-0.63,0.0
7675.0,-0.64,0.0
7675.0,-0.63,0.0
7676.0,-0.64,0.0
7676.0,-0.76,0.0
7677.0,-0.77,0.0
7677.0,-0.76,0.0
7678.0,-0.77,0.0
7679.0,-0.76,0.0
7679.0,-1.17,0.0
7680.0,-1.17,0.0
7680.0,-1.17,0.0
7681.0,-1.17,0.0
7682.0,-1.17,0.0
7682.0,-1.17,0.0
7683.0,-1.26,0.0
7683.0,-1.26,0.0
7684.0,-1.26,0.0
7685.0,-1.26,0.0
7685.0,-1.26,0.0
7686.0,-1.18,0.0
7686.0,-1.18,0.0
7687.0,-1.18,0.0
7687.0,-1.18,0.0
7688.0,-1.18,0.0
7689.0,-0.87,0.0
7689.0,-0.87,0.0
7690.0,-0.87,0.0
7690.0,-0.87,0.0
7691.0,-0.87,0.0
7692.0,-0.87,0.0
7692.0,-0.63,0.0
7693.0,-0.62,0.0
7693.0,-0.63,0.0
7694.0,-0.62,0.0
7694.0,-0.63,0.0
7695.0,-0.61,0.0
7696.0,-0.61,0.0
7696.0,-0.61,0.0
7697.0,-0.61,0.0
7697.0,-0.61,0.0
7698.0,-0.58,0.0
7699.0,-0.57,0.0
7699.0,-0.58,0.0
7700.0,-0.57,0.0
7700.0,-0.58,0.0
7701.0,-0.57,0.0
7702.0,-0.88,0.0
7702.0,-0.88,0.0
7703.0,-0.88,0.0
7703.0,-0.88,0.0
7704.0,-0.88,0.0
7704.0,-1.39,0.0
7705.0,-1.39,0.0
7706.0,-1.39,0.0
7706.0,-1.39,0.0
7707.0,-1.39,0.0
7707.0,-1.15,0.0
7708.0,-1.14,0.0
7709.0,-1.15,0.0
7709.0,-1.14,0.0
7710.0,-1.15,0.0
7710.0,-1.14,0.0
7711.0,-0.53,0.0
7711.0,-0.52,0.0
7712.0,-0.53,0.0
7713.0,-0.52,0.0
7713.0,-0.53,0.0
7714.0,-0.56,0.0
7714.0,-0.57,0.0
7715.0,-0.56,0.0
7716.0,-0.57,0.0
7716.0,-0.56,0.0
7717.0,-0.72,0.0
7717.0,-0.72,0.0
7718.0,-0.72,0.0
7719.0,-0.72,0.0
7719.0,-0.72,0.0
7720.0,-0.72,0.0
7720.0,-0.9,0.0
7721.0,-0.9,0.0
7721.0,-0.9,0.0
7722.0,-0.9,0.0
7723.0,-0.9,0.0
7723.0,-0.97,0.0
7724.0,-0.97,0.0
7724.0,-0.97,0.0
7725.0,-0.97,0.0
7726.0,-0.97,0.0
7726.0,-0.96,0.0
7727.0,-0.96,0.0
7727.0,-0.96,0.0
7728.0,-0.96,0.0
7728.0,-0.96,0.0
7729.0,-0.96,0.0
7730.0,-0.85,0.0
7730.0,-0.85,0.0
7731.0,-0.85,0.0
7731.0,-0.85,0.0
7732.0,-0.85,0.0
7733.0,-0.64,0.0
7733.0,-0.64,0.0
7734.0,-0.64,0.0
7734.0,-0.64,0.0
7735.0,-0.64,0.0
7736.0,-0.41,0.0
7736.0,-0.41,0.0
7737.0,-0.41,0.0
7737.0,-0.41,0.0
7738.0,-0.41,0.0
7738.0,-0.71,0.0
7739.0,-0.71,0.0
7740.0,-0.71,0.0
7740.0,-0.71,0.0
7741.0,-0.71,0.0
7741.0,-0.71,0.0
7742.0,-1.08,0.0
7743.0,-1.08,0.0
7743.0,-1.08,0.0
7744.0,-1.08,0.0
7744.0,-1.08,0.0
7745.0,-1.15,0.0
7746.0,-1.14,0.0
7746.0,-1.15,0.0
7747.0,-1.14,0.0
7747.0,-1.15,0.0
7748.0,-0.66,0.0
7749.0,-0.66,0.0
7749.0,-0.66,0.0
7750.0,-0.66,0.0
7750.0,-0.66,0.0
7751.0,-0.66,0.0
7751.0,-0.61,0.0
7752.0,-0.61,0.0
7753.0,-0.61,0.0
7753.0,-0.61,0.0
7754.0,-0.61,0.0
7754.0,-0.67,0.0
7755.0,-0.67,0.0
7756.0,-0.67,0.0
7756.0,-0.67,0.0
7757.0,-0.67,0.0
7757.0,-0.69,0.0
7758.0,-0.69,0.0
7758.0,-0.69,0.0
7759.0,-0.69,0.0
7760.0,-0.69,0.0
7760.0,-0.69,0.0
7761.0,-0.92,0.0
7761.0,-0.92,0.0
7762.0,-0.92,0.0
7763.0,-0.92,0.0
7763.0,-0.92,0.0
7764.0,-1.02,0.0
7764.0,-1.01,0.0
7765.0,-1.02,0.0
7766.0,-1.01,0.0
7766.0,-1.02,0.0
7767.0,-0.99,0.0
7767.0,-0.99,0.0
7768.0,-0.99,0.0
7768.0,-0.99,0.0
7769.0,-0.99,0.0
7770.0,-0.74,0.0
7770.0,-0.74,0.0
7771.0,-0.74,0.0
7771.0,-0.74,0.0
7772.0,-0.74,0.0
7773.0,-0.74,0.0
7773.0,-0.54,0.0
7774.0,-0.54,0.0
7774.0,-0.54,0.0
7775.0,-0.54,0.0
7776.0,-0.54,0.0
7776.0,-0.7,0.0
7777.0,-0.7,0.0
7777.0,-0.7,0.0
7778.0,-0.7,0.0
7778.0,-0.7,0.0
7779.0,-1.16,0.0
7780.0,-1.16,0.0
7780.0,-1.16,0.0
7781.0,-1.16,0.0
7781.0,-1.16,0.0
7782.0,-1.16,0.0
7783.0,-1.12,0.0
7783.0,-1.12,0.0
7784.0,-1.12,0.0
7784.0,-1.12,0.0
7785.0,-1.12,0.0
7785.0,-0.99,0.0
7786.0,-0.99,0.0
7787.0,-0.99,0.0
7787.0,-0.99,0.0
7788.0,-0.99,0.0
7788.0,-0.98,0.0
7789.0,-0.98,0.0
7790.0,-0.98,0.0
7790.0,-0.98,0.0
7791.0,-0.98,0.0
7791.0,-0.98,0.0
7792.0,-0.59,0.0
7793.0,-0.59,0.0
7793.0,-0.59,0.0
7794.0,-0.59,0.0
7794.0,-0.59,0.0
7795.0,-0.51,0.0
7795.0,-0.52,0.0
7796.0,-0.51,0.0
7797.0,-0.52,0.0
7797.0,-0.51,0.0
7798.0,-0.94,0.0
7798.0,-0.94,0.0
7799.0,-0.94,0.0
7800.0,-0.94,0.0
7800.0,-0.94,0.0
7801.0,-0.94,0.0
7801.0,-1.09,0.0
7802.0,-1.09,0.0
7802.0,-1.09,0.0
7803.0,-1.09,0.0
7804.0,-1.09,0.0
7804.0,-1.08,0.0
7805.0,-1.08,0.0
7805.0,-1.08,0.0
7806.0,-1.08,0.0
7807.0,-1.08,0.0
7807.0,-0.87,0.0
7808.0,-0.87,0.0
7808.0,-0.87,0.0
7809.0,-0.87,0.0
7810.0,-0.87,0.0
7810.0,-0.87,0.0
7811.0,-0.6,0.0
7811.0,-0.6,0.0
7812.0,-0.6,0.0
7812.0,-0.6,0.0
7813.0,-0.6,0.0
7814.0,-0.46,0.0
7814.0,-0.46,0.0
7815.0,-0.46,0.0
7815.0,-0.46,0.0
7816.0,-0.46,0.0
7817.0,-0.81,0.0
7817.0,-0.81,0.0
7818.0,-0.81,0.0
7818.0,-0.81,0.0
7819.0,-0.81,0.0
7819.0,-0.81,0.0
7820.0,-0.89,0.0
7821.0,-0.89,0.0
7821.0,-0.89,0.0
7822.0,-0.89,0.0
7822.0,-0.89,0.0
7823.0,-0.74,0.0
7824.0,-0.74,0.0
7824.0,-0.74,0.0
7825.0,-0.74,0.0
7825.0,-0.74,0.0
7826.0,-0.86,0.0
7827.0,-0.86,0.0
7827.0,-0.86,0.0
7828.0,-0.86,0.0
7828.0,-0.86,0.0
7829.0,-0.86,0.0
7829.0,-0.89,0.0
7830.0,-0.89,0.0
7831.0,-0.89,0.0
7831.0,-0.89,0.0
7832.0,-0.89,0.0
7832.0,-0.73,0.0
7833.0,-0.73,0.0
7834.0,-0.73,0.0
7834.0,-0.73,0.0
7835.0,-0.73,0.0
7835.0,-0.66,0.0
7836.0,-0.66,0.0
7836.0,-0.66,0.0
7837.0,-0.66,0.0
7838.0,-0.66,0.0
7838.0,-0.66,0.0
7839.0,-0.83,0.0
7839.0,-0.83,0.0
7840.0,-0.83,0.0
7841.0,-0.83,0.0
7841.0,-0.83,0.0
7842.0,-1.08,0.0
7842.0,-1.08,0.0
7843.0,-1.08,0.0
7844.0,-1.08,0.0
7844.0,-1.08,0.0
7845.0,-1.21,0.0
7845.0,-1.21,0.0
7846.0,-1.21,0.0
7847.0,-1.21,0.0
7847.0,-1.21,0.0
7848.0,-1.18,0.0
7848.0,-1.18,0.0
7849.0,-1.18,0.0
7850.0,-1.18,0.0
7850.0,-1.18,0.0
7851.0,-1.18,0.0
7851.0,-0.81,0.0
7852.0,-0.81,0.0
7852.0,-0.81,0.0
7853.0,-0.81,0.0
7854.0,-0.81,0.0
7854.0,-0.5,0.0
7855.0,-0.5,0.0
7855.0,-0.5,0.0
7856.0,-0.5,0.0
7857.0,-0.5,0.0
7857.0,-0.57,0.0
7858.0,-0.57,0.0
7858.0,-0.57,0.0
7859.0,-0.57,0.0
7859.0,-0.57,0.0
7860.0,-0.57,0.0
7861.0,-1.01,0.0
7861.0,-1.01,0.0
7862.0,-1.01,0.0
7862.0,-1.01,0.0
7863.0,-1.01,0.0
7864.0,-1.25,0.0
7864.0,-1.25,0.0
7865.0,-1.25,0.0
7865.0,-1.25,0.0
7866.0,-1.25,0.0
7866.0,-1.19,0.0
7867.0,-1.19,0.0
7868.0,-1.19,0.0
7868.0,-1.19,0.0
7869.0,-1.19,0.0
7869.0,-1.19,0.0
7870.0,-0.95,0.0
7871.0,-0.96,0.0
7871.0,-0.95,0.0
7872.0,-0.96,0.0
7872.0,-0.95,0.0
7873.0,-0.82,0.0
7874.0,-0.81,0.0
7874.0,-0.82,0.0
7875.0,-0.81,0.0
7875.0,-0.82,0.0
7876.0,-0.96,0.0
7876.0,-0.96,0.0
7877.0,-0.96,0.0
7878.0,-0.96,0.0
7878.0,-0.96,0.0
7879.0,-0.96,0.0
7879.0,-0.92,0.0
7880.0,-0.92,0.0
7881.0,-0.92,0.0
7881.0,-0.92,0.0
7882.0,-0.92,0.0
7882.0,-0.87,0.0
7883.0,-0.87,0.0
7884.0,-0.87,0.0
7884.0,-0.87,0.0
7885.0,-0.87,0.0
7885.0,-1.02,0.0
7886.0,-1.02,0.0
7886.0,-1.02,0.0
7887.0,-1.02,0.0
7888.0,-1.02,0.0
7888.0,-0.92,0.0
7889.0,-0.92,0.0
7889.0,-0.92,0.0
7890.0,-0.92,0.0
7891.0,-0.92,0.0
7891.0,-0.92,0.0
7892.0,-0.64,0.0
7892.0,-0.64,0.0
7893.0,-0.64,0.0
7893.0,-0.64,0.0
7894.0,-0.64,0.0
7895.0,-0.62,0.0
7895.0,-0.62,0.0
7896.0,-0.62,0.0
7896.0,-0.62,0.0
7897.0,-0.62,0.0
7898.0,-0.83,0.0
7898.0,-0.82,0.0
7899.0,-0.83,0.0
7899.0,-0.82,0.0
7900.0,-0.83,0.0
7901.0,-0.82,0.0
7901.0,-1.1,0.0
7902.0,-1.1,0.0
7902.0,-1.1,0.0
7903.0,-1.1,0.0
7903.0,-1.1,0.0
7904.0,-0.92,0.0
7905.0,-0.92,0.0
7905.0,-0.92,0.0
7906.0,-0.92,0.0
7906.0,-0.92,0.0
7907.0,-0.64,0.0
7908.0,-0.63,0.0
7908.0,-0.64,0.0
7909.0,-0.63,0.0
7909.0,-0.64,0.0
7910.0,-0.63,0.0
7910.0,-0.72,0.0
7911.0,-0.71,0.0
7912.0,-0.72,0.0
7912.0,-0.71,0.0
7913.0,-0.72,0.0
7913.0,-0.79,0.0
7914.0,-0.79,0.0
7915.0,-0.79,0.0
7915.0,-0.79,0.0
7916.0,-0.79,0.0
7916.0,-0.96,0.0
7917.0,-0.95,0.0
7918.0,-0.96,0.0
7918.0,-0.95,0.0
7919.0,-0.96,0.0
7919.0,-0.95,0.0
7920.0,-0.92,0.0
7920.0,-0.92,0.0
7921.0,-0.92,0.0
7922.0,-0.92,0.0
7922.0,-0.92,0.0
7923.0,-1.06,0.0
7923.0,-1.06,0.0
7924.0,-1.06,0.0
7925.0,-1.06,0.0
7925.0,-1.06,0.0
7926.0,-1.03,0.0
7926.0,-1.03,0.0
7927.0,-1.03,0.0
7927.0,-1.03,0.0
7928.0,-1.03,0.0
7929.0,-1.03,0.0
7929.0,-0.93,0.0
7930.0,-0.93,0.0
7930.0,-0.93,0.0
7931.0,-0.93,0.0
7932.0,-0.93,0.0
7932.0,-0.58,0.0
7933.0,-0.58,0.0
7933.0,-0.58,0.0
7934.0,-0.58,0.0
7935.0,-0.58,0.0
7935.0,-0.68,0.0
7936.0,-0.68,0.0
7936.0,-0.68,0.0
7937.0,-0.68,0.0
7937.0,-0.68,0.0
7938.0,-0.68,0.0
7939.0,-0.85,0.0
7939.0,-0.85,0.0
7940.0,-0.85,0.0
7940.0,-0.85,0.0
7941.0,-0.85,0.0
7942.0,-1.03,0.0
7942.0,-1.04,0.0
7943.0,-1.03,0.0
7943.0,-1.04,0.0
7944.0,-1.03,0.0
7944.0,-1.21,0.0
7945.0,-1.21,0.0
7946.0,-1.21,0.0
7946.0,-1.21,0.0
7947.0,-1.21,0.0
7948.0,-1.16,0.0
7948.0,-1.17,0.0
7949.0,-1.16,0.0
7949.0,-1.17,0.0
7950.0,-1.16,0.0
7950.0,-1.17,0.0
7951.0,-0.72,0.0
7952.0,-0.72,0.0
7952.0,-0.72,0.0
7953.0,-0.72,0.0
7953.0,-0.72,0.0
7954.0,-0.73,0.0
7955.0,-0.73,0.0
7955.0,-0.73,0.0
7956.0,-0.73,0.0
7956.0,-0.73,0.0
7957.0,-0.99,0.0
7958.0,-0.99,0.0
7958.0,-0.99,0.0
7959.0,-0.99,0.0
7959.0,-0.99,0.0
7960.0,-0.99,0.0
7960.0,-1.13,0.0
7961.0,-1.13,0.0
7962.0,-1.13,0.0
7962.0,-1.13,0.0
7963.0,-1.13,0.0
7963.0,-1.1,0.0
7964.0,-1.1,0.0
7965.0,-1.1,0.0
7965.0,-1.1,0.0
7966.0,-1.1,0.0
7966.0,-1.14,0.0
7967.0,-1.14,0.0
7967.0,-1.14,0.0
7968.0,-1.14,0.0
7969.0,-1.14,0.0
7969.0,-1.14,0.0
7970.0,-0.93,0.0
7970.0,-0.93,0.0
7971.0,-0.93,0.0
7972.0,-0.93,0.0
7972.0,-0.93,0.0
7973.0,-0.53,0.0
7973.0,-0.52,0.0
7974.0,-0.53,0.0
7975.0,-0.52,0.0
7975.0,-0.53,0.0
7976.0,-0.43,0.0
7976.0,-0.43,0.0
7977.0,-0.43,0.0
7977.0,-0.43,0.0
7978.0,-0.43,0.0
7979.0,-0.43,0.0
7979.0,-0.82,0.0
7980.0,-0.82,0.0
7980.0,-0.82,0.0
7981.0,-0.82,0.0
7982.0,-0.82,0.0
7982.0,-1.03,0.0
7983.0,-1.02,0.0
7983.0,-1.03,0.0
7984.0,-1.02,0.0
7984.0,-1.03,0.0
7985.0,-0.9,0.0
7986.0,-0.9,0.0
7986.0,-0.9,0.0
7987.0,-0.9,0.0
7987.0,-0.9,0.0
7988.0,-0.9,0.0
7989.0,-0.79,0.0
7989.0,-0.79,0.0
7990.0,-0.79,0.0
7990.0,-0.79,0.0
7991.0,-0.79,0.0
7992.0,-0.85,0.0
7992.0,-0.85,0.0
7993.0,-0.85,0.0
7993.0,-0.85,0.0
7994.0,-0.85,0.0
7994.0,-0.59,0.0
7995.0,-0.59,0.0
7996.0,-0.59,0.0
7996.0,-0.59,0.0
7997.0,-0.59,0.0
7997.0,-0.82,0.0
7998.0,-0.81,0.0
7999.0,-0.82,0.0
7999.0,-0.81,0.0
8000.0,-0.82,0.0
8000.0,-0.81,0.0
8001.0,-1.05,0.0
8001.0,-1.05,0.0
8002.0,-1.05,0.0
8003.0,-1.05,0.0
8003.0,-1.05,0.0
8004.0,-1.08,0.0
8004.0,-1.08,0.0
8005.0,-1.08,0.0
8006.0,-1.08,0.0
8006.0,-1.08,0.0
8007.0,-1.23,0.0
8007.0,-1.23,0.0
8008.0,-1.23,0.0
8009.0,-1.23,0.0
8009.0,-1.23,0.0
8010.0,-1.23,0.0
8010.0,-1.16,0.0
8011.0,-1.15,0.0
8011.0,-1.16,0.0
8012.0,-1.15,0.0
8013.0,-1.16,0.0
8013.0,-0.72,0.0
8014.0,-0.72,0.0
8014.0,-0.72,0.0
8015.0,-0.72,0.0
8016.0,-0.72,0.0
8016.0,-0.72,0.0
8017.0,-0.71,0.0
8017.0,-0.72,0.0
8018.0,-0.71,0.0
8018.0,-0.72,0.0
8019.0,-0.71,0.0
8020.0,-1.0,0.0
8020.0,-1.0,0.0
8021.0,-1.0,0.0
8021.0,-1.0,0.0
8022.0,-1.0,0.0
8023.0,-1.32,0.0
8023.0,-1.32,0.0
8024.0,-1.32,0.0
8024.0,-1.32,0.0
8025.0,-1.32,0.0
8026.0,-1.37,0.0
8026.0,-1.37,0.0
8027.0,-1.37,0.0
8027.0,-1.37,0.0
8028.0,-1.37,0.0
8028.0,-1.37,0.0
8029.0,-1.17,0.0
8030.0,-1.16,0.0
8030.0,-1.17,0.0
8031.0,-1.16,0.0
8031.0,-1.17,0.0
8032.0,-0.76,0.0
8033.0,-0.77,0.0
8033.0,-0.76,0.0
8034.0,-0.77,0.0
8034.0,-0.76,0.0
8035.0,-0.89,0.0
8035.0,-0.89,0.0
8036.0,-0.89,0.0
8037.0,-0.89,0.0
8037.0,-0.89,0.0
8038.0,-0.89,0.0
8038.0,-1.04,0.0
8039.0,-1.03,0.0
8040.0,-1.04,0.0
8040.0,-1.03,0.0
8041.0,-1.04,0.0
8041.0,-1.04,0.0
8042.0,-1.04,0.0
8043.0,-1.04,0.0
8043.0,-1.04,0.0
8044.0,-1.04,0.0
8044.0,-1.18,0.0
8045.0,-1.18,0.0
8045.0,-1.18,0.0
8046.0,-1.18,0.0
8047.0,-1.18,0.0
8047.0,-0.96,0.0
8048.0,-0.96,0.0
8048.0,-0.96,0.0
8049.0,-0.96,0.0
8050.0,-0.96,0.0
8050.0,-0.96,0.0
8051.0,-0.69,0.0
8051.0,-0.69,0.0
8052.0,-0.69,0.0
8053.0,-0.69,0.0
8053.0,-0.69,0.0
8054.0,-0.7,0.0
8054.0,-0.7,0.0
8055.0,-0.7,0.0
8056.0,-0.7,0.0
8056.0,-0.7,0.0
8057.0,-0.79,0.0
8057.0,-0.79,0.0
8058.0,-0.79,0.0
8058.0,-0.79,0.0
8059.0,-0.79,0.0
8060.0,-0.79,0.0
8060.0,-1.01,0.0
8061.0,-1.01,0.0
8061.0,-1.01,0.0
8062.0,-1.01,0.0
8063.0,-1.01,0.0
8063.0,-1.04,0.0
8064.0,-1.04,0.0
8064.0,-1.04,0.0
8065.0,-1.04,0.0
8066.0,-1.04,0.0
8066.0,-0.83,0.0
8067.0,-0.83,0.0
8067.0,-0.83,0.0
8068.0,-0.83,0.0
8068.0,-0.83,0.0
8069.0,-0.83,0.0
8070.0,-0.96,0.0
8070.0,-0.96,0.0
8071.0,-0.96,0.0
8071.0,-0.96,0.0
8072.0,-0.96,0.0
8073.0,-0.6,0.0
8073.0,-0.6,0.0
8074.0,-0.6,0.0
8074.0,-0.6,0.0
8075.0,-0.6,0.0
8075.0,-0.42,0.0
8076.0,-0.42,0.0
8077.0,-0.42,0.0
8077.0,-0.42,0.0
8078.0,-0.42,0.0
8078.0,-0.42,0.0
8079.0,-0.88,0.0
8080.0,-0.88,0.0
8080.0,-0.88,0.0
8081.0,-0.88,0.0
8081.0,-0.88,0.0
8082.0,-1.14,0.0
8083.0,-1.14,0.0
8083.0,-1.14,0.0
8084.0,-1.14,0.0
8084.0,-1.14,0.0
8085.0,-1.12,0.0
8085.0,-1.12,0.0
8086.0,-1.12,0.0
8087.0,-1.12,0.0
8087.0,-1.12,0.0
8088.0,-1.12,0.0
8088.0,-0.93,0.0
8089.0,-0.93,0.0
8090.0,-0.93,0.0
8090.0,-0.93,0.0
8091.0,-0.93,0.0
8091.0,-0.66,0.0
8092.0,-0.65,0.0
8092.0,-0.66,0.0
8093.0,-0.65,0.0
8094.0,-0.66,0.0
8094.0,-0.67,0.0
8095.0,-0.67,0.0
8095.0,-0.67,0.0
8096.0,-0.67,0.0
8097.0,-0.67,0.0
8097.0,-0.67,0.0
8098.0,-0.73,0.0
8098.0,-0.73,0.0
8099.0,-0.73,0.0
8100.0,-0.73,0.0
8100.0,-0.73,0.0
8101.0,-0.98,0.0
8101.0,-0.98,0.0
8102.0,-0.98,0.0
8102.0,-0.98,0.0
8103.0,-0.98,0.0
8104.0,-1.29,0.0
8104.0,-1.29,0.0
8105.0,-1.29,0.0
8105.0,-1.29,0.0
8106.0,-1.29,0.0
8107.0,-1.29,0.0
8107.0,-1.16,0.0
8108.0,-1.16,0.0
8108.0,-1.16,0.0
8109.0,-1.16,0.0
8109.0,-1.16,0.0
8110.0,-0.88,0.0
8111.0,-0.88,0.0
8111.0,-0.88,0.0
8112.0,-0.88,0.0
8112.0,-0.88,0.0
8113.0,-0.52,0.0
8114.0,-0.53,0.0
8114.0,-0.52,0.0
8115.0,-0.53,0.0
8115.0,-0.52,0.0
8116.0,-0.89,0.0
8117.0,-0.89,0.0
8117.0,-0.89,0.0
8118.0,-0.89,0.0
8118.0,-0.89,0.0
8119.0,-0.89,0.0
8119.0,-1.05,0.0
8120.0,-1.05,0.0
8121.0,-1.05,0.0
8121.0,-1.05,0.0
8122.0,-1.05,0.0
8122.0,-0.88,0.0
8123.0,-0.88,0.0
8124.0,-0.88,0.0
8124.0,-0.88,0.0
8125.0,-0.88,0.0
8125.0,-0.97,0.0
8126.0,-0.97,0.0
8126.0,-0.97,0.0
8127.0,-0.97,0.0
8128.0,-0.97,0.0
8128.0,-0.97,0.0
8129.0,-0.69,0.0
8129.0,-0.69,0.0
8130.0,-0.69,0.0
8131.0,-0.69,0.0
8131.0,-0.69,0.0
8132.0,-0.63,0.0
8132.0,-0.63,0.0
8133.0,-0.63,0.0
8134.0,-0.63,0.0
8134.0,-0.63,0.0
8135.0,-0.67,0.0
8135.0,-0.67,0.0
8136.0,-0.67,0.0
8136.0,-0.67,0.0
8137.0,-0.67,0.0
8138.0,-0.67,0.0
8138.0,-0.73,0.0
8139.0,-0.73,0.0
8139.0,-0.73,0.0
8140.0,-0.73,0.0
8141.0,-0.73,0.0
8141.0,-0.93,0.0
8142.0,-0.93,0.0
8142.0,-0.93,0.0
8143.0,-0.93,0.0
8143.0,-0.93,0.0
8144.0,-1.16,0.0
8145.0,-1.15,0.0
8145.0,-1.16,0.0
8146.0,-1.15,0.0
8146.0,-1.16,0.0
8147.0,-1.15,0.0
8148.0,-0.77,0.0
8148.0,-0.76,0.0
8149.0,-0.77,0.0
8149.0,-0.76,0.0
8150.0,-0.77,0.0
8151.0,-0.47,0.0
8151.0,-0.47,0.0
8152.0,-0.47,0.0
8152.0,-0.47,0.0
8153.0,-0.47,0.0
8154.0,-0.7,0.0
8154.0,-0.7,0.0
8155.0,-0.7,0.0
8155.0,-0.7,0.0
8156.0,-0.7,0.0
8156.0,-0.95,0.0
8157.0,-0.96,0.0
8158.0,-0.95,0.0
8158.0,-0.96,0.0
8159.0,-0.95,0.0
8159.0,-0.96,0.0
8160.0,-1.21,0.0
8161.0,-1.21,0.0
8161.0,-1.21,0.0
8162.0,-1.21,0.0
8162.0,-1.21,0.0
8163.0,-1.2,0.0
8164.0,-1.2,0.0
8164.0,-1.2,0.0
8165.0,-1.2,0.0
8165.0,-1.2,0.0
8166.0,-0.95,0.0
8166.0,-0.95,0.0
8167.0,-0.95,0.0
8168.0,-0.95,0.0
8168.0,-0.95,0.0
8169.0,-0.95,0.0
8169.0,-0.65,0.0
8170.0,-0.66,0.0
8171.0,-0.65,0.0
8171.0,-0.66,0.0
8172.0,-0.65,0.0
8172.0,-0.57,0.0
8173.0,-0.57,0.0
8174.0,-0.57,0.0
8174.0,-0.57,0.0
8175.0,-0.57,0.0
8175.0,-0.78,0.0
8176.0,-0.78,0.0
8176.0,-0.78,0.0
8177.0,-0.78,0.0
8178.0,-0.78,0.0
8178.0,-0.78,0.0
8179.0,-1.05,0.0
8179.0,-1.05,0.0
8180.0,-1.05,0.0
8181.0,-1.05,0.0
8181.0,-1.05,0.0
8182.0,-1.28,0.0
8182.0,-1.28,0.0
8183.0,-1.28,0.0
8183.0,-1.28,0.0
8184.0,-1.28,0.0
8185.0,-1.29,0.0
8185.0,-1.29,0.0
8186.0,-1.29,0.0
8186.0,-1.29,0.0
8187.0,-1.29,0.0
8188.0,-1.29,0.0
8188.0,-1.08,0.0
8189.0,-1.08,0.0
8189.0,-1.08,0.0
8190.0,-1.08,0.0
8191.0,-1.08,0.0
8191.0,-0.89,0.0
8192.0,-0.88,0.0
8192.0,-0.89,0.0
8193.0,-0.88,0.0
8193.0,-0.89,0.0
8194.0,-0.75,0.0
8195.0,-0.76,0.0
8195.0,-0.75,0.0
8196.0,-0.76,0.0
8196.0,-0.75,0.0
8197.0,-0.76,0.0
8198.0,-1.17,0.0
8198.0,-1.17,0.0
8199.0,-1.17,0.0
8199.0,-1.17,0.0
8200.0,-1.17,0.0
8200.0,-1.19,0.0
8201.0,-1.18,0.0
8202.0,-1.19,0.0
8202.0,-1.18,0.0
8203.0,-1.19,0.0
8203.0,-1.04,0.0
8204.0,-1.05,0.0
8205.0,-1.04,0.0
8205.0,-1.05,0.0
8206.0,-1.04,0.0
8206.0,-1.05,0.0
8207.0,-1.14,0.0
8208.0,-1.14,0.0
8208.0,-1.14,0.0
8209.0,-1.14,0.0
8209.0,-1.14,0.0
8210.0,-0.83,0.0
8210.0,-0.82,0.0
8211.0,-0.83,0.0
8212.0,-0.82,0.0
8212.0,-0.83,0.0
8213.0,-0.47,0.0
8213.0,-0.47,0.0
8214.0,-0.47,0.0
8215.0,-0.47,0.0
8215.0,-0.47,0.0
8216.0,-0.47,0.0
8216.0,-0.54,0.0
8217.0,-0.54,0.0
8217.0,-0.54,0.0
8218.0,-0.54,0.0
8219.0,-0.54,0.0
8219.0,-0.78,0.0
8220.0,-0.77,0.0
8220.0,-0.78,0.0
8221.0,-0.77,0.0
8222.0,-0.78,0.0
8222.0,-1.17,0.0
8223.0,-1.17,0.0
8223.0,-1.17,0.0
8224.0,-1.17,0.0
8225.0,-1.17,0.0
8225.0,-1.02,0.0
8226.0,-1.02,0.0
8226.0,-1.02,0.0
8227.0,-1.02,0.0
8227.0,-1.02,0.0
8228.0,-1.02,0.0
8229.0,-0.73,0.0
8229.0,-0.73,0.0
8230.0,-0.73,0.0
8230.0,-0.73,0.0
8231.0,-0.73,0.0
8232.0,-0.56,0.0
8232.0,-0.56,0.0
8233.0,-0.56,0.0
8233.0,-0.56,0.0
8234.0,-0.56,0.0
8234.0,-0.55,0.0
8235.0,-0.55,0.0
8236.0,-0.55,0.0
8236.0,-0.55,0.0
8237.0,-0.55,0.0
8237.0,-0.55,0.0
8238.0,-0.58,0.0
8239.0,-0.58,0.0
8239.0,-0.58,0.0
8240.0,-0.58,0.0
8240.0,-0.58,0.0
8241.0,-1.13,0.0
8242.0,-1.14,0.0
8242.0,-1.13,0.0
8243.0,-1.14,0.0
8243.0,-1.13,0.0
8244.0,-1.2,0.0
8244.0,-1.2,0.0
8245.0,-1.2,0.0
8246.0,-1.2,0.0
8246.0,-1.2,0.0
8247.0,-1.2,0.0
8247.0,-0.94,0.0
8248.0,-0.94,0.0
8249.0,-0.94,0.0
8249.0,-0.94,0.0
8250.0,-0.94,0.0
8250.0,-0.89,0.0
8251.0,-0.89,0.0
8252.0,-0.89,0.0
8252.0,-0.89,0.0
8253.0,-0.89,0.0
8253.0,-0.61,0.0
8254.0,-0.61,0.0
8255.0,-0.61,0.0
8255.0,-0.61,0.0
8256.0,-0.61,0.0
8256.0,-0.61,0.0
8257.0,-0.75,0.0
8257.0,-0.75,0.0
8258.0,-0.75,0.0
8259.0,-0.75,0.0
8259.0,-0.75,0.0
8260.0,-1.0,0.0
8260.0,-1.01,0.0
8261.0,-1.0,0.0
8262.0,-1.01,0.0
8262.0,-1.0,0.0
8263.0,-1.05,0.0
8263.0,-1.04,0.0
8264.0,-1.05,0.0
8264.0,-1.04,0.0
8265.0,-1.05,0.0
8266.0,-1.09,0.0
8266.0,-1.09,0.0
8267.0,-1.09,0.0
8267.0,-1.09,0.0
8268.0,-1.09,0.0
8269.0,-1.09,0.0
8269.0,-1.01,0.0
8270.0,-1.02,0.0
8270.0,-1.01,0.0
8271.0,-1.02,0.0
8272.0,-1.01,0.0
8272.0,-0.62,0.0
8273.0,-0.62,0.0
8273.0,-0.62,0.0
8274.0,-0.62,0.0
8274.0,-0.62,0.0
8275.0,-0.82,0.0
8276.0,-0.83,0.0
8276.0,-0.82,0.0
8277.0,-0.83,0.0
8277.0,-0.82,0.0
8278.0,-0.83,0.0
8279.0,-1.14,0.0
8279.0,-1.14,0.0
8280.0,-1.14,0.0
8280.0,-1.14,0.0
8281.0,-1.14,0.0
8282.0,-1.16,0.0
8282.0,-1.16,0.0
8283.0,-1.16,0.0
8283.0,-1.16,0.0
8284.0,-1.16,0.0
8284.0,-0.96,0.0
8285.0,-0.96,0.0
8286.0,-0.96,0.0
8286.0,-0.96,0.0
8287.0,-0.96,0.0
8287.0,-0.96,0.0
8288.0,-1.03,0.0
8289.0,-1.04,0.0
8289.0,-1.03,0.0
8290.0,-1.04,0.0
8290.0,-1.03,0.0
8291.0,-0.82,0.0
8291.0,-0.82,0.0
8292.0,-0.82,0.0
8293.0,-0.82,0.0
8293.0,-0.82,0.0
8294.0,-0.6,0.0
8294.0,-0.6,0.0
8295.0,-0.6,0.0
8296.0,-0.6,0.0
8296.0,-0.6,0.0
8297.0,-0.6,0.0
8297.0,-0.65,0.0
8298.0,-0.65,0.0
8299.0,-0.65,0.0
8299.0,-0.65,0.0
8300.0,-0.65,0.0
8300.0,-0.81,0.0
8301.0,-0.81,0.0
8301.0,-0.81,0.0
8302.0,-0.81,0.0
8303.0,-0.81,0.0
8303.0,-1.09,0.0
8304.0,-1.09,0.0
8304.0,-1.09,0.0
8305.0,-1.09,0.0
8306.0,-1.09,0.0
8306.0,-1.09,0.0
8307.0,-1.21,0.0
8307.0,-1.21,0.0
8308.0,-1.21,0.0
8308.0,-1.21,0.0
8309.0,-1.21,0.0
8310.0,-0.88,0.0
8310.0,-0.88,0.0
8311.0,-0.88,0.0
8311.0,-0.88,0.0
8312.0,-0.88,0.0
8313.0,-0.57,0.0
8313.0,-0.57,0.0
8314.0,-0.57,0.0
8314.0,-0.57,0.0
8315.0,-0.57,0.0
8316.0,-0.57,0.0
8316.0,-0.65,0.0
8317.0,-0.66,0.0
8317.0,-0.65,0.0
8318.0,-0.66,0.0
8318.0,-0.65,0.0
8319.0,-0.87,0.0
8320.0,-0.87,0.0
8320.0,-0.87,0.0
8321.0,-0.87,0.0
8321.0,-0.87,0.0
8322.0,-0.88,0.0
8323.0,-0.89,0.0
8323.0,-0.88,0.0
8324.0,-0.89,0.0
8324.0,-0.88,0.0
8325.0,-0.89,0.0
8325.0,-0.96,0.0
8326.0,-0.96,0.0
8327.0,-0.96,0.0
8327.0,-0.96,0.0
8328.0,-0.96,0.0
8328.0,-0.79,0.0
8329.0,-0.79,0.0
8330.0,-0.79,0.0
8330.0,-0.79,0.0
8331.0,-0.79,0.0
8331.0,-0.67,0.0
8332.0,-0.67,0.0
8333.0,-0.67,0.0
8333.0,-0.67,0.0
8334.0,-0.67,0.0
8334.0,-0.73,0.0
8335.0,-0.73,0.0
8335.0,-0.73,0.0
8336.0,-0.73,0.0
8337.0,-0.73,0.0
8337.0,-0.73,0.0
8338.0,-0.95,0.0
8338.0,-0.94,0.0
8339.0,-0.95,0.0
8340.0,-0.94,0.0
8340.0,-0.95,0.0
8341.0,-1.07,0.0
8341.0,-1.07,0.0
8342.0,-1.07,0.0
8342.0,-1.07,0.0
8343.0,-1.07,0.0
8344.0,-1.01,0.0
8344.0,-1.01,0.0
8345.0,-1.01,0.0
8345.0,-1.01,0.0
8346.0,-1.01,0.0
8347.0,-1.01,0.0
8347.0,-1.0,0.0
8348.0,-1.0,0.0
8348.0,-1.0,0.0
8349.0,-1.0,0.0
8350.0,-1.0,0.0
8350.0,-1.05,0.0
8351.0,-1.05,0.0
8351.0,-1.05,0.0
8352.0,-1.05,0.0
8353.0,-1.05,0.0
8353.0,-1.03,0.0
8354.0,-1.03,0.0
8354.0,-1.03,0.0
8355.0,-1.03,0.0
8356.0,-1.03,0.0
8356.0,-1.03,0.0
8357.0,-0.7,0.0
8357.0,-0.7,0.0
8358.0,-0.7,0.0
8358.0,-0.7,0.0
8359.0,-0.7,0.0
8360.0,-1.07,0.0
8360.0,-1.07,0.0
8361.0,-1.07,0.0
8361.0,-1.07,0.0
8362.0,-1.07,0.0
8363.0,-1.16,0.0
8363.0,-1.16,0.0
8364.0,-1.16,0.0
8364.0,-1.16,0.0
8365.0,-1.16,0.0
8365.0,-1.16,0.0
8366.0,-1.13,0.0
8367.0,-1.12,0.0
8367.0,-1.13,0.0
8368.0,-1.12,0.0
8368.0,-1.13,0.0
8369.0,-0.82,0.0
8370.0,-0.82,0.0
8370.0,-0.82,0.0
8371.0,-0.82,0.0
8371.0,-0.82,0.0
8372.0,-0.7,0.0
8372.0,-0.69,0.0
8373.0,-0.7,0.0
8374.0,-0.69,0.0
8374.0,-0.7,0.0
8375.0,-0.66,0.0
8375.0,-0.66,0.0
8376.0,-0.66,0.0
8377.0,-0.66,0.0
8377.0,-0.66,0.0
8378.0,-0.66,0.0
8378.0,-0.68,0.0
8379.0,-0.68,0.0
8380.0,-0.68,0.0
8380.0,-0.68,0.0
8381.0,-0.68,0.0
8381.0,-1.05,0.0
8382.0,-1.04,0.0
8382.0,-1.05,0.0
8383.0,-1.04,0.0
8384.0,-1.05,0.0
8384.0,-1.17,0.0
8385.0,-1.17,0.0
8385.0,-1.17,0.0
8386.0,-1.17,0.0
8387.0,-1.17,0.0
8387.0,-1.17,0.0
8388.0,-0.88,0.0
8388.0,-0.88,0.0
8389.0,-0.88,0.0
8390.0,-0.88,0.0
8390.0,-0.88,0.0
8391.0,-0.59,0.0
8391.0,-0.59,0.0
8392.0,-0.59,0.0
8392.0,-0.59,0.0
8393.0,-0.59,0.0
8394.0,-0.81,0.0
8394.0,-0.81,0.0
8395.0,-0.81,0.0
8395.0,-0.81,0.0
8396.0,-0.81,0.0
8397.0,-0.81,0.0
8397.0,-0.75,0.0
8398.0,-0.75,0.0
8398.0,-0.75,0.0
8399.0,-0.75,0.0
8399.0,-0.75,0.0
8400.0,-0.7,0.0
8401.0,-0.7,0.0
8401.0,-0.7,0.0
8402.0,-0.7,0.0
8402.0,-0.7,0.0
8403.0,-0.79,0.0
8404.0,-0.79,0.0
8404.0,-0.79,0.0
8405.0,-0.79,0.0
8405.0,-0.79,0.0
8406.0,-0.79,0.0
8407.0,-0.97,0.0
8407.0,-0.97,0.0
8408.0,-0.97,0.0
8408.0,-0.97,0.0
8409.0,-0.97,0.0
8409.0,-0.7,0.0
8410.0,-0.7,0.0
8411.0,-0.7,0.0
8411.0,-0.7,0.0
8412.0,-0.7,0.0
8412.0,-0.57,0.0
8413.0,-0.57,0.0
8414.0,-0.57,0.0
8414.0,-0.57,0.0
8415.0,-0.57,0.0
8415.0,-0.57,0.0
8416.0,-0.81,0.0
8416.0,-0.81,0.0
8417.0,-0.81,0.0
8418.0,-0.81,0.0
8418.0,-0.81,0.0
8419.0,-0.87,0.0
8419.0,-0.87,0.0
8420.0,-0.87,0.0
8421.0,-0.87,0.0
8421.0,-0.87,0.0
8422.0,-1.08,0.0
8422.0,-1.08,0.0
8423.0,-1.08,0.0
8424.0,-1.08,0.0
8424.0,-1.08,0.0
8425.0,-1.08,0.0
8425.0,-1.21,0.0
8426.0,-1.21,0.0
8426.0,-1.21,0.0
8427.0,-1.21,0.0
8428.0,-1.21,0.0
8428.0,-0.8,0.0
8429.0,-0.8,0.0
8429.0,-0.8,0.0
8430.0,-0.8,0.0
8431.0,-0.8,0.0
8431.0,-0.76,0.0
8432.0,-0.77,0.0
8432.0,-0.76,0.0
8433.0,-0.77,0.0
8433.0,-0.76,0.0
8434.0,-0.77,0.0
8435.0,-0.79,0.0
8435.0,-0.79,0.0
8436.0,-0.79,0.0
8436.0,-0.79,0.0
8437.0,-0.79,0.0
8438.0,-0.85,0.0
8438.0,-0.85,0.0
8439.0,-0.85,0.0
8439.0,-0.85,0.0
8440.0,-0.85,0.0
8441.0,-1.22,0.0
8441.0,-1.22,0.0
8442.0,-1.22,0.0
8442.0,-1.22,0.0
8443.0,-1.22,0.0
8443.0,-1.27,0.0
8444.0,-1.27,0.0
8445.0,-1.27,0.0
8445.0,-1.27,0.0
8446.0,-1.27,0.0
8446.0,-1.27,0.0
8447.0,-1.02,0.0
8448.0,-1.02,0.0
8448.0,-1.02,0.0
8449.0,-1.02,0.0
8449.0,-1.02,0.0
8450.0,-0.85,0.0
8450.0,-0.85,0.0
8451.0,-0.85,0.0
8452.0,-0.85,0.0
8452.0,-0.85,0.0
8453.0,-0.67,0.0
8454.0,-0.67,0.0
8454.0,-0.67,0.0
8455.0,-0.67,0.0
8455.0,-0.67,0.0
8456.0,-0.67,0.0
8456.0,-0.59,0.0
8457.0,-0.59,0.0
8458.0,-0.59,0.0
8458.0,-0.59,0.0
8459.0,-0.59,0.0
8459.0,-0.85,0.0
8460.0,-0.85,0.0
8461.0,-0.85,0.0
8461.0,-0.85,0.0
8462.0,-0.85,0.0
8462.0,-0.91,0.0
8463.0,-0.9,0.0
8464.0,-0.91,0.0
8464.0,-0.9,0.0
8465.0,-0.91,0.0
8465.0,-0.9,0.0
8466.0,-0.89,0.0
8466.0,-0.88,0.0
8467.0,-0.89,0.0
8468.0,-0.88,0.0
8468.0,-0.89,0.0
8469.0,-0.81,0.0
8469.0,-0.82,0.0
8470.0,-0.81,0.0
8471.0,-0.82,0.0
8471.0,-0.81,0.0
8472.0,-0.72,0.0
8472.0,-0.72,0.0
8473.0,-0.72,0.0
8473.0,-0.72,0.0
8474.0,-0.72,0.0
8475.0,-0.72,0.0
8475.0,-0.52,0.0
8476.0,-0.52,0.0
8476.0,-0.52,0.0
8477.0,-0.52,0.0
8478.0,-0.52,0.0
8478.0,-0.72,0.0
8479.0,-0.72,0.0
8479.0,-0.72,0.0
8480.0,-0.72,0.0
8480.0,-0.72,0.0
8481.0,-0.59,0.0
8482.0,-0.59,0.0
8482.0,-0.59,0.0
8483.0,-0.59,0.0
8483.0,-0.59,0.0
8484.0,-0.73,0.0
8485.0,-0.73,0.0
8485.0,-0.73,0.0
8486.0,-0.73,0.0
8486.0,-0.73,0.0
8487.0,-0.73,0.0
8488.0,-0.79,0.0
8488.0,-0.79,0.0
8489.0,-0.79,0.0
8489.0,-0.79,0.0
8490.0,-0.79,0.0
8490.0,-0.68,0.0
8491.0,-0.68,0.0
8492.0,-0.68,0.0
8492.0,-0.68,0.0
8493.0,-0.68,0.0
8493.0,-0.7,0.0
8494.0,-0.7,0.0
8495.0,-0.7,0.0
8495.0,-0.7,0.0
8496.0,-0.7,0.0
8496.0,-0.7,0.0
8497.0,-0.84,0.0
8498.0,-0.84,0.0
8498.0,-0.84,0.0
8499.0,-0.84,0.0
8499.0,-0.84,0.0
8500.0,-0.9,0.0
8500.0,-0.89,0.0
8501.0,-0.9,0.0
8502.0,-0.89,0.0
8502.0,-0.9,0.0
8503.0,-1.05,0.0
8503.0,-1.06,0.0
8504.0,-1.05,0.0
8505.0,-1.06,0.0
8505.0,-1.05,0.0
8506.0,-1.06,0.0
8506.0,-1.24,0.0
8507.0,-1.24,0.0
8507.0,-1.24,0.0
8508.0,-1.24,0.0
8509.0,-1.24,0.0
8509.0,-0.77,0.0
8510.0,-0.76,0.0
8510.0,-0.77,0.0
8511.0,-0.76,0.0
8512.0,-0.77,0.0
8512.0,-0.35,0.0
8513.0,-0.35,0.0
8513.0,-0.35,0.0
8514.0,-0.35,0.0
8515.0,-0.35,0.0
8515.0,-0.35,0.0
8516.0,-0.52,0.0
8516.0,-0.52,0.0
8517.0,-0.52,0.0
8517.0,-0.52,0.0
8518.0,-0.52,0.0
8519.0,-0.64,0.0
8519.0,-0.64,0.0
8520.0,-0.64,0.0
8520.0,-0.64,0.0
8521.0,-0.64,0.0
8522.0,-1.19,0.0
8522.0,-1.19,0.0
8523.0,-1.19,0.0
8523.0,-1.19,0.0
8524.0,-1.19,0.0
8524.0,-1.19,0.0
8525.0,-1.22,0.0
8526.0,-1.22,0.0
8526.0,-1.22,0.0
8527.0,-1.22,0.0
8527.0,-1.22,0.0
8528.0,-1.01,0.0
8529.0,-1.01,0.0
8529.0,-1.01,0.0
8530.0,-1.01,0.0
8530.0,-1.01,0.0
8531.0,-0.81,0.0
8532.0,-0.81,0.0
8532.0,-0.81,0.0
8533.0,-0.81,0.0
8533.0,-0.81,0.0
8534.0,-0.81,0.0
8534.0,-0.72,0.0
8535.0,-0.72,0.0
8536.0,-0.72,0.0
8536.0,-0.72,0.0
8537.0,-0.72,0.0
8537.0,-1.02,0.0
8538.0,-1.01,0.0
8539.0,-1.02,0.0
8539.0,-1.01,0.0
8540.0,-1.02,0.0
8540.0,-1.14,0.0
8541.0,-1.14,0.0
8541.0,-1.14,0.0
8542.0,-1.14,0.0
8543.0,-1.14,0.0
8543.0,-1.14,0.0
8544.0,-1.0,0.0
8544.0,-1.0,0.0
8545.0,-1.0,0.0
8546.0,-1.0,0.0
8546.0,-1.0,0.0
8547.0,-0.97,0.0
8547.0,-0.96,0.0
8548.0,-0.97,0.0
8549.0,-0.96,0.0
8549.0,-0.97,0.0
8550.0,-0.93,0.0
8550.0,-0.93,0.0
8551.0,-0.93,0.0
8551.0,-0.93,0.0
8552.0,-0.93,0.0
8553.0,-0.93,0.0
8553.0,-0.69,0.0
8554.0,-0.69,0.0
8554.0,-0.69,0.0
8555.0,-0.69,0.0
8556.0,-0.69,0.0
8556.0,-0.53,0.0
8557.0,-0.53,0.0
8557.0,-0.53,0.0
8558.0,-0.53,0.0
8559.0,-0.53,0.0
8559.0,-0.93,0.0
8560.0,-0.93,0.0
8560.0,-0.93,0.0
8561.0,-0.93,0.0
8562.0,-0.93,0.0
8562.0,-1.26,0.0
8563.0,-1.26,0.0
8563.0,-1.26,0.0
8564.0,-1.26,0.0
8564.0,-1.26,0.0
8565.0,-1.26,0.0
8566.0,-1.11,0.0
8566.0,-1.11,0.0
8567.0,-1.11,0.0
8567.0,-1.11,0.0
8568.0,-1.11,0.0
8569.0,-0.88,0.0
8569.0,-0.88,0.0
8570.0,-0.88,0.0
8570.0,-0.88,0.0
8571.0,-0.88,0.0
8572.0,-0.71,0.0
8572.0,-0.7,0.0
8573.0,-0.71,0.0
8573.0,-0.7,0.0
8574.0,-0.71,0.0
8574.0,-0.7,0.0
8575.0,-0.6,0.0
8576.0,-0.6,0.0
8576.0,-0.6,0.0
8577.0,-0.6,0.0
8577.0,-0.6,0.0
8578.0,-0.9,0.0
8579.0,-0.9,0.0
8579.0,-0.9,0.0
8580.0,-0.9,0.0
8580.0,-0.9,0.0
8581.0,-1.18,0.0
8581.0,-1.17,0.0
8582.0,-1.18,0.0
8583.0,-1.17,0.0
8583.0,-1.18,0.0
8584.0,-1.17,0.0
8584.0,-1.26,0.0
8585.0,-1.25,0.0
8586.0,-1.26,0.0
8586.0,-1.25,0.0
8587.0,-1.26,0.0
8587.0,-0.98,0.0
8588.0,-0.98,0.0
8589.0,-0.98,0.0
8589.0,-0.98,0.0
8590.0,-0.98,0.0
8590.0,-0.88,0.0
8591.0,-0.88,0.0
8591.0,-0.88,0.0
8592.0,-0.88,0.0
8593.0,-0.88,0.0
8593.0,-0.88,0.0
8594.0,-0.9,0.0
8594.0,-0.9,0.0
8595.0,-0.9,0.0
8596.0,-0.9,0.0
8596.0,-0.9,0.0
8597.0,-1.0,0.0
8597.0,-1.0,0.0
8598.0,-1.0,0.0
8598.0,-1.0,0.0
8599.0,-1.0,0.0
8600.0,-1.01,0.0
8600.0,-1.0,0.0
8601.0,-1.01,0.0
8601.0,-1.0,0.0
8602.0,-1.01,0.0
8603.0,-1.25,0.0
8603.0,-1.25,0.0
8604.0,-1.25,0.0
8604.0,-1.25,0.0
8605.0,-1.25,0.0
8606.0,-1.25,0.0
8606.0,-1.35,0.0
8607.0,-1.35,0.0
8607.0,-1.35,0.0
8608.0,-1.35,0.0
8608.0,-1.35,0.0
8609.0,-0.91,0.0
8610.0,-0.91,0.0
8610.0,-0.91,0.0
8611.0,-0.91,0.0
8611.0,-0.91,0.0
8612.0,-0.61,0.0
8613.0,-0.61,0.0
8613.0,-0.61,0.0
8614.0,-0.61,0.0
8614.0,-0.61,0.0
8615.0,-0.61,0.0
8615.0,-0.71,0.0
8616.0,-0.72,0.0
8617.0,-0.71,0.0
8617.0,-0.72,0.0
8618.0,-0.71,0.0
8618.0,-1.06,0.0
8619.0,-1.06,0.0
8620.0,-1.06,0.0
8620.0,-1.06,0.0
8621.0,-1.06,0.0
8621.0,-1.27,0.0
8622.0,-1.27,0.0
8623.0,-1.27,0.0
8623.0,-1.27,0.0
8624.0,-1.27,0.0
8624.0,-1.27,0.0
8625.0,-1.09,0.0
8625.0,-1.09,0.0
8626.0,-1.09,0.0
8627.0,-1.09,0.0
8627.0,-1.09,0.0
8628.0,-0.99,0.0
8628.0,-0.99,0.0
8629.0,-0.99,0.0
8630.0,-0.99,0.0
8630.0,-0.99,0.0
8631.0,-0.7,0.0
8631.0,-0.71,0.0
8632.0,-0.7,0.0
8632.0,-0.71,0.0
8633.0,-0.7,0.0
8634.0,-0.71,0.0
8634.0,-0.35,0.0
8635.0,-0.36,0.0
8635.0,-0.35,0.0
8636.0,-0.36,0.0
8637.0,-0.35,0.0
8637.0,-0.81,0.0
8638.0,-0.81,0.0
8638.0,-0.81,0.0
8639.0,-0.81,0.0
8640.0,-0.81,0.0
8640.0,-1.09,0.0
8641.0,-1.09,0.0
8641.0,-1.09,0.0
8642.0,-1.09,0.0
8642.0,-1.09,0.0
8643.0,-1.09,0.0
8644.0,-0.95,0.0
8644.0,-0.96,0.0
8645.0,-0.95,0.0
8645.0,-0.96,0.0
8646.0,-0.95,0.0
8647.0,-0.63,0.0
8647.0,-0.63,0.0
8648.0,-0.63,0.0
8648.0,-0.63,0.0
8649.0,-0.63,0.0
8649.0,-0.64,0.0
8650.0,-0.64,0.0
8651.0,-0.64,0.0
8651.0,-0.64,0.0
8652.0,-0.64,0.0
8652.0,-0.64,0.0
8653.0,-0.55,0.0
8654.0,-0.55,0.0
8654.0,-0.55,0.0
8655.0,-0.55,0.0
8655.0,-0.55,0.0
8656.0,-0.57,0.0
8657.0,-0.57,0.0
8657.0,-0.57,0.0
8658.0,-0.57,0.0
8658.0,-0.57,0.0
8659.0,-0.96,0.0
8660.0,-0.96,0.0
8660.0,-0.96,0.0
8661.0,-0.96,0.0
8661.0,-0.96,0.0
8662.0,-0.98,0.0
8662.0,-0.98,0.0
8663.0,-0.98,0.0
8664.0,-0.98,0.0
8664.0,-0.98,0.0
8665.0,-0.98,0.0
8665.0,-1.14,0.0
8666.0,-1.13,0.0
8667.0,-1.14,0.0
8667.0,-1.13,0.0
8668.0,-1.14,0.0
8668.0,-0.92,0.0
8669.0,-0.92,0.0
8670.0,-0.92,0.0
8670.0,-0.92,0.0
8671.0,-0.92,0.0
8671.0,-0.77,0.0
8672.0,-0.76,0.0
8672.0,-0.77,0.0
8673.0,-0.76,0.0
8674.0,-0.77,0.0
8674.0,-0.76,0.0
8675.0,-0.69,0.0
8675.0,-0.69,0.0
8676.0,-0.69,0.0
8677.0,-0.69,0.0
8677.0,-0.69,0.0
8678.0,-0.75,0.0
8678.0,-0.75,0.0
8679.0,-0.75,0.0
8680.0,-0.75,0.0
8680.0,-0.75,0.0
8681.0,-0.89,0.0
8681.0,-0.89,0.0
8682.0,-0.89,0.0
8682.0,-0.89,0.0
8683.0,-0.89,0.0
8684.0,-0.89,0.0
8684.0,-1.05,0.0
8685.0,-1.05,0.0
8685.0,-1.05,0.0
8686.0,-1.05,0.0
8687.0,-1.05,0.0
8687.0,-0.9,0.0
8688.0,-0.9,0.0
8688.0,-0.9,0.0
8689.0,-0.9,0.0
8689.0,-0.9,0.0
8690.0,-0.64,0.0
8691.0,-0.64,0.0
8691.0,-0.64,0.0
8692.0,-0.64,0.0
8692.0,-0.64,0.0
8693.0,-0.64,0.0
8694.0,-0.69,0.0
8694.0,-0.69,0.0
8695.0,-0.69,0.0
8695.0,-0.69,0.0
8696.0,-0.69,0.0
8697.0,-0.8,0.0
8697.0,-0.8,0.0
8698.0,-0.8,0.0
8698.0,-0.8,0.0
8699.0,-0.8,0.0
8699.0,-1.02,0.0
8700.0,-1.02,0.0
8701.0,-1.02,0.0
8701.0,-1.02,0.0
8702.0,-1.02,0.0
8702.0,-1.02,0.0
8703.0,-1.21,0.0
8704.0,-1.21,0.0
8704.0,-1.21,0.0
8705.0,-1.21,0.0
8705.0,-1.21,0.0
8706.0,-1.22,0.0
8706.0,-1.22,0.0
8707.0,-1.22,0.0
8708.0,-1.22,0.0
8708.0,-1.22,0.0
8709.0,-1.28,0.0
8709.0,-1.28,0.0
8710.0,-1.28,0.0
8711.0,-1.28,0.0
8711.0,-1.28,0.0
8712.0,-0.87,0.0
8712.0,-0.87,0.0
8713.0,-0.87,0.0
8714.0,-0.87,0.0
8714.0,-0.87,0.0
8715.0,-0.87,0.0
8715.0,-0.52,0.0
8716.0,-0.52,0.0
8716.0,-0.52,0.0
8717.0,-0.52,0.0
8718.0,-0.52,0.0
8718.0,-0.71,0.0
8719.0,-0.71,0.0
8719.0,-0.71,0.0
8720.0,-0.71,0.0
8721.0,-0.71,0.0
8721.0,-0.77,0.0
8722.0,-0.78,0.0
8722.0,-0.77,0.0
8723.0,-0.78,0.0
8724.0,-0.77,0.0
8724.0,-0.78,0.0
8725.0,-1.1,0.0
8725.0,-1.1,0.0
8726.0,-1.1,0.0
8726.0,-1.1,0.0
8727.0,-1.1,0.0
8728.0,-1.0,0.0
8728.0,-1.0,0.0
8729.0,-1.0,0.0
8729.0,-1.0,0.0
8730.0,-1.0,0.0
8731.0,-0.7,0.0
8731.0,-0.71,0.0
8732.0,-0.7,0.0
8732.0,-0.71,0.0
8733.0,-0.7,0.0
8733.0,-0.71,0.0
8734.0,-0.51,0.0
8735.0,-0.51,0.0
8735.0,-0.51,0.0
8736.0,-0.51,0.0
8736.0,-0.51,0.0
8737.0,-0.83,0.0
8738.0,-0.82,0.0
8738.0,-0.83,0.0
8739.0,-0.82,0.0
8739.0,-0.83,0.0
8740.0,-1.09,0.0
8741.0,-1.09,0.0
8741.0,-1.09,0.0
8742.0,-1.09,0.0
8742.0,-1.09,0.0
8743.0,-1.09,0.0
8743.0,-1.18,0.0
8744.0,-1.19,0.0
8745.0,-1.18,0.0
8745.0,-1.19,0.0
8746.0,-1.18,0.0
8746.0,-1.25,0.0
8747.0,-1.25,0.0
8748.0,-1.25,0.0
8748.0,-1.25,0.0
8749.0,-1.25,0.0
8749.0,-0.97,0.0
8750.0,-0.97,0.0
8750.0,-0.97,0.0
8751.0,-0.97,0.0
8752.0,-0.97,0.0
8752.0,-0.97,0.0
8753.0,-0.77,0.0
8753.0,-0.78,0.0
8754.0,-0.77,0.0
8755.0,-0.78,0.0
8755.0,-0.77,0.0
8756.0,-0.92,0.0
8756.0,-0.92,0.0
8757.0,-0.92,0.0
8758.0,-0.92,0.0
8758.0,-0.92,0.0
8759.0,-0.79,0.0
8759.0,-0.79,0.0
8760.0,-0.79,0.0
8761.0,-0.79,0.0
8761.0,-0.79,0.0
8762.0,-1.19,0.0
8762.0,-1.19,0.0
8763.0,-1.19,0.0
8763.0,-1.19,0.0
8764.0,-1.19,0.0
8765.0,-1.19,0.0
8765.0,-1.17,0.0
8766.0,-1.17,0.0
8766.0,-1.17,0.0
8767.0,-1.17,0.0
8768.0,-1.17,0.0
8768.0,-0.9,0.0
8769.0,-0.9,0.0
8769.0,-0.9,0.0
8770.0,-0.9,0.0
8771.0,-0.9,0.0
8771.0,-0.81,0.0
8772.0,-0.81,0.0
8772.0,-0.81,0.0
8773.0,-0.81,0.0
8773.0,-0.81,0.0
8774.0,-0.81,0.0
8775.0,-0.7,0.0
8775.0,-0.7,0.0
8776.0,-0.7,0.0
8776.0,-0.7,0.0
8777.0,-0.7,0.0
8778.0,-1.0,0.0
8778.0,-1.0,0.0
8779.0,-1.0,0.0
8779.0,-1.0,0.0
8780.0,-1.0,0.0
8781.0,-1.18,0.0
8781.0,-1.18,0.0
8782.0,-1.18,0.0
8782.0,-1.18,0.0
8783.0,-1.18,0.0
8783.0,-1.18,0.0
8784.0,-1.14,0.0
8785.0,-1.13,0.0
8785.0,-1.14,0.0
8786.0,-1.13,0.0
8786.0,-1.14,0.0
8787.0,-1.01,0.0
8788.0,-1.01,0.0
8788.0,-1.01,0.0
8789.0,-1.01,0.0
8789.0,-1.01,0.0
8790.0,-0.88,0.0
8790.0,-0.88,0.0
8791.0,-0.88,0.0
8792.0,-0.88,0.0
8792.0,-0.88,0.0
8793.0,-0.88,0.0
8793.0,-0.53,0.0
8794.0,-0.53,0.0
8795.0,-0.53,0.0
8795.0,-0.53,0.0
8796.0,-0.53,0.0
8796.0,-0.51,0.0
8797.0,-0.51,0.0
8797.0,-0.51,0.0
8798.0,-0.51,0.0
8799.0,-0.51,0.0
8799.0,-0.8,0.0
8800.0,-0.8,0.0
8800.0,-0.8,0.0
8801.0,-0.8,0.0
8802.0,-0.8,0.0
8802.0,-0.8,0.0
8803.0,-1.07,0.0
8803.0,-1.07,0.0
8804.0,-1.07,0.0
8805.0,-1.07,0.0
8805.0,-1.07,0.0
8806.0,-0.92,0.0
8806.0,-0.92,0.0
8807.0,-0.92,0.0
8807.0,-0.92,0.0
8808.0,-0.92,0.0
8809.0,-0.78,0.0
8809.0,-0.78,0.0
8810.0,-0.78,0.0
8810.0,-0.78,0.0
8811.0,-0.78,0.0
8812.0,-0.66,0.0
8812.0,-0.66,0.0
8813.0,-0.66,0.0
8813.0,-0.66,0.0
8814.0,-0.66,0.0
8815.0,-0.66,0.0
8815.0,-0.7,0.0
8816.0,-0.71,0.0
8816.0,-0.7,0.0
8817.0,-0.71,0.0
8817.0,-0.7,0.0
8818.0,-0.78,0.0
8819.0,-0.78,0.0
8819.0,-0.78,0.0
8820.0,-0.78,0.0
8820.0,-0.78,0.0
8821.0,-0.97,0.0
8822.0,-0.97,0.0
8822.0,-0.97,0.0
8823.0,-0.97,0.0
8823.0,-0.97,0.0
8824.0,-0.97,0.0
8824.0,-1.15,0.0
8825.0,-1.15,0.0
8826.0,-1.15,0.0
8826.0,-1.15,0.0
8827.0,-1.15,0.0
8827.0,-1.07,0.0
8828.0,-1.07,0.0
8829.0,-1.07,0.0
8829.0,-1.07,0.0
8830.0,-1.07,0.0
8830.0,-0.75,0.0
8831.0,-0.75,0.0
8832.0,-0.75,0.0
8832.0,-0.75,0.0
8833.0,-0.75,0.0
8833.0,-0.75,0.0
8834.0,-0.85,0.0
8834.0,-0.85,0.0
8835.0,-0.85,0.0
8836.0,-0.85,0.0
8836.0,-0.85,0.0
8837.0,-1.11,0.0
8837.0,-1.11,0.0
8838.0,-1.11,0.0
8839.0,-1.11,0.0
8839.0,-1.11,0.0
8840.0,-1.17,0.0
8840.0,-1.17,0.0
8841.0,-1.17,0.0
8841.0,-1.17,0.0
8842.0,-1.17,0.0
8843.0,-1.17,0.0
8843.0,-1.24,0.0
8844.0,-1.24,0.0
8844.0,-1.24,0.0
8845.0,-1.24,0.0
8846.0,-1.24,0.0
8846.0,-1.32,0.0
8847.0,-1.32,0.0
8847.0,-1.32,0.0
8848.0,-1.32,0.0
8849.0,-1.32,0.0
8849.0,-0.92,0.0
8850.0,-0.92,0.0
8850.0,-0.92,0.0
8851.0,-0.92,0.0
8851.0,-0.92,0.0
8852.0,-0.92,0.0
8853.0,-0.54,0.0
8853.0,-0.54,0.0
8854.0,-0.54,0.0
8854.0,-0.54,0.0
8855.0,-0.54,0.0
8856.0,-0.7,0.0
8856.0,-0.7,0.0
8857.0,-0.7,0.0
8857.0,-0.7,0.0
8858.0,-0.7,0.0
8859.0,-0.94,0.0
8859.0,-0.94,0.0
8860.0,-0.94,0.0
8860.0,-0.94,0.0
8861.0,-0.94,0.0
8862.0,-1.13,0.0
8862.0,-1.13,0.0
8863.0,-1.13,0.0
8863.0,-1.13,0.0
8864.0,-1.13,0.0
8864.0,-1.13,0.0
8865.0,-1.06,0.0
8866.0,-1.06,0.0
8866.0,-1.06,0.0
8867.0,-1.06,0.0
8867.0,-1.06,0.0
8868.0,-0.78,0.0
8869.0,-0.78,0.0
8869.0,-0.78,0.0
8870.0,-0.78,0.0
8870.0,-0.78,0.0
8871.0,-0.63,0.0
8871.0,-0.63,0.0
8872.0,-0.63,0.0
8873.0,-0.63,0.0
8873.0,-0.63,0.0
8874.0,-0.63,0.0
8874.0,-0.64,0.0
8875.0,-0.64,0.0
8876.0,-0.64,0.0
8876.0,-0.64,0.0
8877.0,-0.64,0.0
8877.0,-0.58,0.0
8878.0,-0.58,0.0
8879.0,-0.58,0.0
8879.0,-0.58,0.0
8880.0,-0.58,0.0
8880.0,-1.02,0.0
8881.0,-1.01,0.0
8881.0,-1.02,0.0
8882.0,-1.01,0.0
8883.0,-1.02,0.0
8883.0,-1.01,0.0
8884.0,-1.38,0.0
8884.0,-1.37,0.0
8885.0,-1.38,0.0
8886.0,-1.37,0.0
8886.0,-1.38,0.0
8887.0,-1.3,0.0
8887.0,-1.3,0.0
8888.0,-1.3,0.0
8889.0,-1.3,0.0
8889.0,-1.3,0.0
8890.0,-0.7,0.0
8890.0,-0.69,0.0
8891.0,-0.7,0.0
8891.0,-0.69,0.0
8892.0,-0.7,0.0
8893.0,-0.69,0.0
8893.0,-0.43,0.0
8894.0,-0.43,0.0
8894.0,-0.43,0.0
8895.0,-0.43,0.0
8896.0,-0.43,0.0
8896.0,-0.58,0.0
8897.0,-0.58,0.0
8897.0,-0.58,0.0
8898.0,-0.58,0.0
8898.0,-0.58,0.0
8899.0,-0.83,0.0
8900.0,-0.83,0.0
8900.0,-0.83,0.0
8901.0,-0.83,0.0
8901.0,-0.83,0.0
8902.0,-0.83,0.0
8903.0,-1.14,0.0
8903.0,-1.13,0.0
8904.0,-1.14,0.0
8904.0,-1.13,0.0
8905.0,-1.14,0.0
8906.0,-1.23,0.0
8906.0,-1.23,0.0
8907.0,-1.23,0.0
8907.0,-1.23,0.0
8908.0,-1.23,0.0
8908.0,-0.99,0.0
8909.0,-0.99,0.0
8910.0,-0.99,0.0
8910.0,-0.99,0.0
8911.0,-0.99,0.0
8911.0,-0.99,0.0
8912.0,-0.66,0.0
8913.0,-0.66,0.0
8913.0,-0.66,0.0
8914.0,-0.66,0.0
8914.0,-0.66,0.0
8915.0,-0.68,0.0
8915.0,-0.68,0.0
8916.0,-0.68,0.0
8917.0,-0.68,0.0
8917.0,-0.68,0.0
8918.0,-0.89,0.0
8918.0,-0.88,0.0
8919.0,-0.89,0.0
8920.0,-0.88,0.0
8920.0,-0.89,0.0
8921.0,-1.29,0.0
8921.0,-1.29,0.0
8922.0,-1.29,0.0
8923.0,-1.29,0.0
8923.0,-1.29,0.0
8924.0,-1.29,0.0
8924.0,-1.09,0.0
8925.0,-1.09,0.0
8925.0,-1.09,0.0
8926.0,-1.09,0.0
8927.0,-1.09,0.0
8927.0,-1.0,0.0
8928.0,-1.0,0.0
8928.0,-1.0,0.0
8929.0,-1.0,0.0
8930.0,-1.0,0.0
8930.0,-1.01,0.0
8931.0,-1.01,0.0
8931.0,-1.01,0.0
8932.0,-1.01,0.0
8932.0,-1.01,0.0
8933.0,-1.01,0.0
8934.0,-0.7,0.0
8934.0,-0.7,0.0
8935.0,-0.7,0.0
8935.0,-0.7,0.0
8936.0,-0.7,0.0
8937.0,-0.7,0.0
8937.0,-0.7,0.0
8938.0,-0.7,0.0
8938.0,-0.7,0.0
8939.0,-0.7,0.0
8940.0,-1.0,0.0
8940.0,-1.0,0.0
8941.0,-1.0,0.0
8941.0,-1.0,0.0
8942.0,-1.0,0.0
8942.0,-1.0,0.0
8943.0,-1.03,0.0
8944.0,-1.04,0.0
8944.0,-1.03,0.0
8945.0,-1.04,0.0
8945.0,-1.03,0.0
8946.0,-0.75,0.0
8947.0,-0.75,0.0
8947.0,-0.75,0.0
8948.0,-0.75,0.0
8948.0,-0.75,0.0
8949.0,-0.74,0.0
8949.0,-0.74,0.0
8950.0,-0.74,0.0
8951.0,-0.74,0.0
8951.0,-0.74,0.0
8952.0,-0.74,0.0
8952.0,-0.56,0.0
8953.0,-0.56,0.0
8954.0,-0.56,0.0
8954.0,-0.56,0.0
8955.0,-0.56,0.0
8955.0,-0.44,0.0
8956.0,-0.44,0.0
8957.0,-0.44,0.0
8957.0,-0.44,0.0
8958.0,-0.44,0.0
8958.0,-0.81,0.0
8959.0,-0.81,0.0
8960.0,-0.81,0.0
8960.0,-0.81,0.0
8961.0,-0.81,0.0
8961.0,-0.97,0.0
8962.0,-0.97,0.0
8962.0,-0.97,0.0
8963.0,-0.97,0.0
8964.0,-0.97,0.0
8964.0,-0.97,0.0
8965.0,-1.02,0.0
8965.0,-1.02,0.0
8966.0,-1.02,0.0
8967.0,-1.02,0.0
8967.0,-1.02,0.0
8968.0,-0.79,0.0
8968.0,-0.79,0.0
8969.0,-0.79,0.0
8970.0,-0.79,0.0
8970.0,-0.79,0.0
8971.0,-0.37,0.0
8971.0,-0.37,0.0
8972.0,-0.37,0.0
8972.0,-0.37,0.0
8973.0,-0.37,0.0
8974.0,-0.37,0.0
8974.0,-0.62,0.0
8975.0,-0.62,0.0
8975.0,-0.62,0.0
8976.0,-0.62,0.0
8977.0,-0.62,0.0
8977.0,-0.86,0.0
8978.0,-0.86,0.0
8978.0,-0.86,0.0
8979.0,-0.86,0.0
8979.0,-0.86,0.0
8980.0,-0.8,0.0
8981.0,-0.8,0.0
8981.0,-0.8,0.0
8982.0,-0.8,0.0
8982.0,-0.8,0.0
8983.0,-0.8,0.0
8984.0,-0.98,0.0
8984.0,-0.98,0.0
8985.0,-0.98,0.0
8985.0,-0.98,0.0
8986.0,-0.98,0.0
8987.0,-1.04,0.0
8987.0,-1.05,0.0
8988.0,-1.04,0.0
8988.0,-1.05,0.0
8989.0,-1.04,0.0
8989.0,-0.78,0.0
8990.0,-0.78,0.0
8991.0,-0.78,0.0
8991.0,-0.78,0.0
8992.0,-0.78,0.0
8992.0,-0.78,0.0
8993.0,-0.67,0.0
8994.0,-0.67,0.0
8994.0,-0.67,0.0
8995.0,-0.67,0.0
8995.0,-0.67,0.0
8996.0,-0.56,0.0
8997.0,-0.56,0.0
8997.0,-0.56,0.0
8998.0,-0.56,0.0
8998.0,-0.56,0.0
8999.0,-0.79,0.0
8999.0,-0.79,0.0
9000.0,-0.79,0.0
9001.0,-0.79,0.0
9001.0,-0.79,0.0
9002.0,-0.79,0.0
9002.0,-1.22,0.0
9003.0,-1.22,0.0
9004.0,-1.22,0.0
9004.0,-1.22,0.0
9005.0,-1.22,0.0
9005.0,-1.37,0.0
9006.0,-1.37,0.0
9006.0,-1.37,0.0
9007.0,-1.37,0.0
9008.0,-1.37,0.0
9008.0,-1.2,0.0
9009.0,-1.2,0.0
9009.0,-1.2,0.0
9010.0,-1.2,0.0
9011.0,-1.2,0.0
9011.0,-1.2,0.0
9012.0,-0.8,0.0
9012.0,-0.8,0.0
9013.0,-0.8,0.0
9014.0,-0.8,0.0
9014.0,-0.8,0.0
9015.0,-0.55,0.0
9015.0,-0.55,0.0
9016.0,-0.55,0.0
9016.0,-0.55,0.0
9017.0,-0.55,0.0
9018.0,-0.81,0.0
9018.0,-0.81,0.0
9019.0,-0.81,0.0
9019.0,-0.81,0.0
9020.0,-0.81,0.0
9021.0,-0.81,0.0
9021.0,-1.01,0.0
9022.0,-1.01,0.0
9022.0,-1.01,0.0
9023.0,-1.01,0.0
9023.0,-1.01,0.0
9024.0,-1.21,0.0
9025.0,-1.21,0.0
9025.0,-1.21,0.0
9026.0,-1.21,0.0
9026.0,-1.21,0.0
9027.0,-1.2,0.0
9028.0,-1.2,0.0
9028.0,-1.2,0.0
9029.0,-1.2,0.0
9029.0,-1.2,0.0
9030.0,-1.2,0.0
9031.0,-0.78,0.0
9031.0,-0.78,0.0
9032.0,-0.78,0.0
9032.0,-0.78,0.0
9033.0,-0.78,0.0
9033.0,-0.67,0.0
9034.0,-0.67,0.0
9035.0,-0.67,0.0
9035.0,-0.67,0.0
9036.0,-0.67,0.0
9036.0,-0.77,0.0
9037.0,-0.76,0.0
9038.0,-0.77,0.0
9038.0,-0.76,0.0
9039.0,-0.77,0.0
9039.0,-0.71,0.0
9040.0,-0.71,0.0
9040.0,-0.71,0.0
9041.0,-0.71,0.0
9042.0,-0.71,0.0
9042.0,-0.71,0.0
9043.0,-0.73,0.0
9043.0,-0.73,0.0
9044.0,-0.73,0.0
9045.0,-0.73,0.0
9045.0,-0.73,0.0
9046.0,-0.67,0.0
9046.0,-0.67,0.0
9047.0,-0.67,0.0
9048.0,-0.67,0.0
9048.0,-0.67,0.0
9049.0,-0.72,0.0
9049.0,-0.72,0.0
9050.0,-0.72,0.0
9050.0,-0.72,0.0
9051.0,-0.72,0.0
9052.0,-0.72,0.0
9052.0,-0.6,0.0
9053.0,-0.6,0.0
9053.0,-0.6,0.0
9054.0,-0.6,0.0
9055.0,-0.6,0.0
9055.0,-0.61,0.0
9056.0,-0.61,0.0
9056.0,-0.61,0.0
9057.0,-0.61,0.0
9057.0,-0.61,0.0
9058.0,-0.9,0.0
9059.0,-0.9,0.0
9059.0,-0.9,0.0
9060.0,-0.9,0.0
9061.0,-0.9,0.0
9061.0,-0.9,0.0
9062.0,-1.07,0.0
9062.0,-1.07,0.0
9063.0,-1.07,0.0
9063.0,-1.07,0.0
9064.0,-1.07,0.0
9065.0,-0.99,0.0
9065.0,-0.99,0.0
9066.0,-0.99,0.0
9066.0,-0.99,0.0
9067.0,-0.99,0.0
9068.0,-0.82,0.0
9068.0,-0.83,0.0
9069.0,-0.82,0.0
9069.0,-0.83,0.0
9070.0,-0.82,0.0
9071.0,-0.68,0.0
9071.0,-0.68,0.0
9072.0,-0.68,0.0
9072.0,-0.68,0.0
9073.0,-0.68,0.0
9073.0,-0.68,0.0
9074.0,-0.72,0.0
9075.0,-0.71,0.0
9075.0,-0.72,0.0
9076.0,-0.71,0.0
9076.0,-0.72,0.0
9077.0,-0.99,0.0
9078.0,-0.99,0.0
9078.0,-0.99,0.0
9079.0,-0.99,0.0
9079.0,-0.99,0.0
9080.0,-0.94,0.0
9080.0,-0.94,0.0
9081.0,-0.94,0.0
9082.0,-0.94,0.0
9082.0,-0.94,0.0
9083.0,-0.94,0.0
9083.0,-1.13,0.0
9084.0,-1.13,0.0
9085.0,-1.13,0.0
9085.0,-1.13,0.0
9086.0,-1.13,0.0
9086.0,-1.29,0.0
9087.0,-1.29,0.0
9087.0,-1.29,0.0
9088.0,-1.29,0.0
9089.0,-1.29,0.0
9089.0,-0.8,0.0
9090.0,-0.8,0.0
9090.0,-0.8,0.0
9091.0,-0.8,0.0
9092.0,-0.8,0.0
9092.0,-0.8,0.0
9093.0,-0.53,0.0
9093.0,-0.53,0.0
9094.0,-0.53,0.0
9095.0,-0.53,0.0
9095.0,-0.53,0.0
9096.0,-0.84,0.0
9096.0,-0.84,0.0
9097.0,-0.84,0.0
9097.0,-0.84,0.0
9098.0,-0.84,0.0
9099.0,-1.15,0.0
9099.0,-1.14,0.0
9100.0,-1.15,0.0
9100.0,-1.14,0.0
9101.0,-1.15,0.0
9102.0,-1.14,0.0
9102.0,-1.02,0.0
9103.0,-1.02,0.0
9103.0,-1.02,0.0
9104.0,-1.02,0.0
9105.0,-1.02,0.0
9105.0,-1.07,0.0
9106.0,-1.07,0.0
9106.0,-1.07,0.0
9107.0,-1.07,0.0
9107.0,-1.07,0.0
9108.0,-0.75,0.0
9109.0,-0.75,0.0
9109.0,-0.75,0.0
9110.0,-0.75,0.0
9110.0,-0.75,0.0
9111.0,-0.75,0.0
9112.0,-0.67,0.0
9112.0,-0.67,0.0
9113.0,-0.67,0.0
9113.0,-0.67,0.0
9114.0,-0.67,0.0
9114.0,-0.63,0.0
9115.0,-0.64,0.0
9116.0,-0.63,0.0
9116.0,-0.64,0.0
9117.0,-0.63,0.0
9117.0,-0.55,0.0
9118.0,-0.55,0.0
9119.0,-0.55,0.0
9119.0,-0.55,0.0
9120.0,-0.55,0.0
9120.0,-0.55,0.0
9121.0,-0.83,0.0
9122.0,-0.83,0.0
9122.0,-0.83,0.0
9123.0,-0.83,0.0
9123.0,-0.83,0.0
9124.0,-1.03,0.0
9124.0,-1.04,0.0
9125.0,-1.03,0.0
9126.0,-1.04,0.0
9126.0,-1.03,0.0
9127.0,-0.93,0.0
9127.0,-0.93,0.0
9128.0,-0.93,0.0
9129.0,-0.93,0.0
9129.0,-0.93,0.0
9130.0,-0.93,0.0
9130.0,-0.74,0.0
9131.0,-0.74,0.0
9131.0,-0.74,0.0
9132.0,-0.74,0.0
9133.0,-0.74,0.0
9133.0,-0.99,0.0
9134.0,-0.99,0.0
9134.0,-0.99,0.0
9135.0,-0.99,0.0
9136.0,-0.99,0.0
9136.0,-0.78,0.0
9137.0,-0.77,0.0
9137.0,-0.78,0.0
9138.0,-0.77,0.0
9139.0,-0.78,0.0
9139.0,-0.77,0.0
9140.0,-0.84,0.0
9140.0,-0.84,0.0
9141.0,-0.84,0.0
9141.0,-0.84,0.0
9142.0,-0.84,0.0
9143.0,-1.1,0.0
9143.0,-1.1,0.0
9144.0,-1.1,0.0
9144.0,-1.1,0.0
9145.0,-1.1,0.0
9146.0,-1.06,0.0
9146.0,-1.06,0.0
9147.0,-1.06,0.0
9147.0,-1.06,0.0
9148.0,-1.06,0.0
9148.0,-1.06,0.0
9149.0,-0.83,0.0
9150.0,-0.82,0.0
9150.0,-0.83,0.0
9151.0,-0.82,0.0
9151.0,-0.83,0.0
9152.0,-0.74,0.0
9153.0,-0.74,0.0
9153.0,-0.74,0.0
9154.0,-0.74,0.0
9154.0,-0.74,0.0
9155.0,-0.8,0.0
9156.0,-0.8,0.0
9156.0,-0.8,0.0
9157.0,-0.8,0.0
9157.0,-0.8,0.0
9158.0,-1.0,0.0
9158.0,-1.0,0.0
9159.0,-1.0,0.0
9160.0,-1.0,0.0
9160.0,-1.0,0.0
9161.0,-1.0,0.0
9161.0,-1.25,0.0
9162.0,-1.25,0.0
9163.0,-1.25,0.0
9163.0,-1.25,0.0
9164.0,-1.25,0.0
9164.0,-1.24,0.0
9165.0,-1.24,0.0
9166.0,-1.24,0.0
9166.0,-1.24,0.0
9167.0,-1.24,0.0
9167.0,-1.17,0.0
9168.0,-1.17,0.0
9169.0,-1.17,0.0
9169.0,-1.17,0.0
9170.0,-1.17,0.0
9170.0,-1.17,0.0
9171.0,-0.75,0.0
9171.0,-0.75,0.0
9172.0,-0.75,0.0
9173.0,-0.75,0.0
9173.0,-0.75,0.0
9174.0,-0.45,0.0
9174.0,-0.44,0.0
9175.0,-0.45,0.0
9176.0,-0.44,0.0
9176.0,-0.45,0.0
9177.0,-0.89,0.0
9177.0,-0.89,0.0
9178.0,-0.89,0.0
9179.0,-0.89,0.0
9179.0,-0.89,0.0
9180.0,-0.89,0.0
9180.0,-0.99,0.0
9181.0,-0.99,0.0
9181.0,-0.99,0.0
9182.0,-0.99,0.0
9183.0,-0.99,0.0
9183.0,-1.05,0.0
9184.0,-1.05,0.0
9184.0,-1.05,0.0
9185.0,-1.05,0.0
9186.0,-1.05,0.0
9186.0,-1.09,0.0
9187.0,-1.09,0.0
9187.0,-1.09,0.0
9188.0,-1.09,0.0
9188.0,-1.09,0.0
9189.0,-0.75,0.0
9190.0,-0.75,0.0
9190.0,-0.75,0.0
9191.0,-0.75,0.0
9191.0,-0.75,0.0
9192.0,-0.75,0.0
9193.0,-0.55,0.0
9193.0,-0.55,0.0
9194.0,-0.55,0.0
9194.0,-0.55,0.0
9195.0,-0.55,0.0
9195.0,-0.69,0.0
9196.0,-0.69,0.0
9197.0,-0.69,0.0
9197.0,-0.69,0.0
9198.0,-0.69,0.0
9198.0,-0.71,0.0
9199.0,-0.71,0.0
9200.0,-0.71,0.0
9200.0,-0.71,0.0
9201.0,-0.71,0.0
9201.0,-0.71,0.0
9202.0,-0.84,0.0
9203.0,-0.84,0.0
9203.0,-0.84,0.0
9204.0,-0.84,0.0
9204.0,-0.84,0.0
9205.0,-0.95,0.0
9205.0,-0.96,0.0
9206.0,-0.95,0.0
9207.0,-0.96,0.0
9207.0,-0.95,0.0
9208.0,-0.83,0.0
9208.0,-0.82,0.0
9209.0,-0.83,0.0
9210.0,-0.82,0.0
9210.0,-0.83,0.0
9211.0,-0.82,0.0
9211.0,-0.59,0.0
9212.0,-0.59,0.0
9213.0,-0.59,0.0
9213.0,-0.59,0.0
9214.0,-0.59,0.0
9214.0,-0.62,0.0
9215.0,-0.62,0.0
9215.0,-0.62,0.0
9216.0,-0.62,0.0
9217.0,-0.62,0.0
9217.0,-0.87,0.0
9218.0,-0.87,0.0
9218.0,-0.87,0.0
9219.0,-0.87,0.0
9220.0,-0.87,0.0
9220.0,-0.87,0.0
9221.0,-0.96,0.0
9221.0,-0.96,0.0
9222.0,-0.96,0.0
9222.0,-0.96,0.0
9223.0,-0.96,0.0
9224.0,-1.02,0.0
9224.0,-1.02,0.0
9225.0,-1.02,0.0
9225.0,-1.02,0.0
9226.0,-1.02,0.0
9227.0,-1.08,0.0
9227.0,-1.08,0.0
9228.0,-1.08,0.0
9228.0,-1.08,0.0
9229.0,-1.08,0.0
9230.0,-1.08,0.0
9230.0,-0.85,0.0
9231.0,-0.85,0.0
9231.0,-0.85,0.0
9232.0,-0.85,0.0
9232.0,-0.85,0.0
9233.0,-0.86,0.0
9234.0,-0.86,0.0
9234.0,-0.86,0.0
9235.0,-0.86,0.0
9235.0,-0.86,0.0
9236.0,-0.74,0.0
9237.0,-0.74,0.0
9237.0,-0.74,0.0
9238.0,-0.74,0.0
9238.0,-0.74,0.0
9239.0,-0.74,0.0
9239.0,-0.87,0.0
9240.0,-0.87,0.0
9241.0,-0.87,0.0
9241.0,-0.87,0.0
9242.0,-0.87,0.0
9242.0,-1.16,0.0
9243.0,-1.16,0.0
9244.0,-1.16,0.0
9244.0,-1.16,0.0
9245.0,-1.16,0.0
9245.0,-1.04,0.0
9246.0,-1.04,0.0
9247.0,-1.04,0.0
9247.0,-1.04,0.0
9248.0,-1.04,0.0
9248.0,-1.04,0.0
9249.0,-0.51,0.0
9249.0,-0.51,0.0
9250.0,-0.51,0.0
9251.0,-0.51,0.0
9251.0,-0.51,0.0
9252.0,-0.7,0.0
9252.0,-0.7,0.0
9253.0,-0.7,0.0
9254.0,-0.7,0.0
9254.0,-0.7,0.0
9255.0,-0.64,0.0
9255.0,-0.64,0.0
9256.0,-0.64,0.0
9256.0,-0.64,0.0
9257.0,-0.64,0.0
9258.0,-0.64,0.0
9258.0,-0.58,0.0
9259.0,-0.57,0.0
9259.0,-0.58,0.0
9260.0,-0.57,0.0
9261.0,-0.58,0.0
9261.0,-1.04,0.0
9262.0,-1.05,0.0
9262.0,-1.04,0.0
9263.0,-1.05,0.0
9264.0,-1.04,0.0
9264.0,-1.07,0.0
9265.0,-1.07,0.0
9265.0,-1.07,0.0
9266.0,-1.07,0.0
9267.0,-1.07,0.0
9267.0,-0.85,0.0
9268.0,-0.85,0.0
9268.0,-0.85,0.0
9269.0,-0.85,0.0
9269.0,-0.85,0.0
9270.0,-0.85,0.0
9271.0,-0.62,0.0
9271.0,-0.62,0.0
9272.0,-0.62,0.0
9272.0,-0.62,0.0
9273.0,-0.62,0.0
9274.0,-0.45,0.0
9274.0,-0.45,0.0
9275.0,-0.45,0.0
9275.0,-0.45,0.0
9276.0,-0.45,0.0
9277.0,-0.67,0.0
9277.0,-0.67,0.0
9278.0,-0.67,0.0
9278.0,-0.67,0.0
9279.0,-0.67,0.0
9279.0,-0.67,0.0
9280.0,-1.23,0.0
9281.0,-1.23,0.0
9281.0,-1.23,0.0
9282.0,-1.23,0.0
9282.0,-1.23,0.0
9283.0,-1.22,0.0
9284.0,-1.22,0.0
9284.0,-1.22,0.0
9285.0,-1.22,0.0
9285.0,-1.22,0.0
9286.0,-0.98,0.0
9287.0,-0.98,0.0
9287.0,-0.98,0.0
9288.0,-0.98,0.0
9288.0,-0.98,0.0
9289.0,-0.98,0.0
9289.0,-0.72,0.0
9290.0,-0.72,0.0
9291.0,-0.72,0.0
9291.0,-0.72,0.0
9292.0,-0.72,0.0
9292.0,-0.52,0.0
9293.0,-0.52,0.0
9294.0,-0.52,0.0
9294.0,-0.52,0.0
9295.0,-0.52,0.0
9295.0,-0.55,0.0
9296.0,-0.55,0.0
9296.0,-0.55,0.0
9297.0,-0.55,0.0
9298.0,-0.55,0.0
9298.0,-0.85,0.0
9299.0,-0.85,0.0
9299.0,-0.85,0.0
9300.0,-0.85,0.0
9301.0,-0.85,0.0
9301.0,-0.85,0.0
9302.0,-1.16,0.0
9302.0,-1.16,0.0
9303.0,-1.16,0.0
9303.0,-1.16,0.0
9304.0,-1.16,0.0
9305.0,-1.13,0.0
9305.0,-1.14,0.0
9306.0,-1.13,0.0
9306.0,-1.14,0.0
9307.0,-1.13,0.0
9308.0,-0.94,0.0
9308.0,-0.94,0.0
9309.0,-0.94,0.0
9309.0,-0.94,0.0
9310.0,-0.94,0.0
9311.0,-0.94,0.0
9311.0,-0.77,0.0
9312.0,-0.76,0.0
9312.0,-0.77,0.0
9313.0,-0.76,0.0
9313.0,-0.77,0.0
9314.0,-0.9,0.0
9315.0,-0.91,0.0
9315.0,-0.9,0.0
9316.0,-0.91,0.0
9316.0,-0.9,0.0
9317.0,-0.95,0.0
9318.0,-0.95,0.0
9318.0,-0.95,0.0
9319.0,-0.95,0.0
9319.0,-0.95,0.0
9320.0,-0.95,0.0
9321.0,-1.02,0.0
9321.0,-1.02,0.0
9322.0,-1.02,0.0
9322.0,-1.02,0.0
9323.0,-1.02,0.0
9323.0,-1.42,0.0
9324.0,-1.42,0.0
9325.0,-1.42,0.0
9325.0,-1.42,0.0
9326.0,-1.42,0.0
9326.0,-1.32,0.0
9327.0,-1.32,0.0
9328.0,-1.32,0.0
9328.0,-1.32,0.0
9329.0,-1.32,0.0
9329.0,-1.32,0.0
9330.0,-0.82,0.0
9330.0,-0.82,0.0
9331.0,-0.82,0.0
9332.0,-0.82,0.0
9332.0,-0.82,0.0
9333.0,-0.67,0.0
9333.0,-0.67,0.0
9334.0,-0.67,0.0
9335.0,-0.67,0.0
9335.0,-0.67,0.0
9336.0,-0.88,0.0
9336.0,-0.88,0.0
9337.0,-0.88,0.0
9338.0,-0.88,0.0
9338.0,-0.88,0.0
9339.0,-0.88,0.0
9339.0,-1.02,0.0
9340.0,-1.01,0.0
9340.0,-1.02,0.0
9341.0,-1.01,0.0
9342.0,-1.02,0.0
9342.0,-1.2,0.0
9343.0,-1.2,0.0
9343.0,-1.2,0.0
9344.0,-1.2,0.0
9345.0,-1.2,0.0
9345.0,-1.11,0.0
9346.0,-1.11,0.0
9346.0,-1.11,0.0
9347.0,-1.11,0.0
9347.0,-1.11,0.0
9348.0,-1.11,0.0
9349.0,-0.84,0.0
9349.0,-0.84,0.0
9350.0,-0.84,0.0
9350.0,-0.84,0.0
9351.0,-0.84,0.0
9352.0,-0.46,0.0
9352.0,-0.46,0.0
9353.0,-0.46,0.0
9353.0,-0.46,0.0
9354.0,-0.46,0.0
9355.0,-0.59,0.0
9355.0,-0.59,0.0
9356.0,-0.59,0.0
9356.0,-0.59,0.0
9357.0,-0.59,0.0
9357.0,-0.59,0.0
9358.0,-0.99,0.0
9359.0,-0.99,0.0
9359.0,-0.99,0.0
9360.0,-0.99,0.0
9360.0,-0.99,0.0
9361.0,-1.33,0.0
9362.0,-1.33,0.0
9362.0,-1.33,0.0
9363.0,-1.33,0.0
9363.0,-1.33,0.0
9364.0,-0.85,0.0
9365.0,-0.85,0.0
9365.0,-0.85,0.0
9366.0,-0.85,0.0
9366.0,-0.85,0.0
9367.0,-0.77,0.0
9368.0,-0.77,0.0
9368.0,-0.77,0.0
9369.0,-0.77,0.0
9369.0,-0.77,0.0
9370.0,-0.77,0.0
9370.0,-0.48,0.0
9371.0,-0.48,0.0
9372.0,-0.48,0.0
9372.0,-0.48,0.0
9373.0,-0.48,0.0
9373.0,-0.45,0.0
9374.0,-0.44,0.0
9375.0,-0.45,0.0
9375.0,-0.44,0.0
9376.0,-0.45,0.0
9376.0,-0.87,0.0
9377.0,-0.87,0.0
9377.0,-0.87,0.0
9378.0,-0.87,0.0
9379.0,-0.87,0.0
9379.0,-0.87,0.0
9380.0,-0.98,0.0
9380.0,-0.98,0.0
9381.0,-0.98,0.0
9382.0,-0.98,0.0
9382.0,-0.98,0.0
9383.0,-1.1,0.0
9383.0,-1.1,0.0
9384.0,-1.1,0.0
9385.0,-1.1,0.0
9385.0,-1.1,0.0
9386.0,-1.03,0.0
9386.0,-1.04,0.0
9387.0,-1.03,0.0
9387.0,-1.04,0.0
9388.0,-1.03,0.0
9389.0,-1.04,0.0
9389.0,-0.84,0.0
9390.0,-0.84,0.0
9390.0,-0.84,0.0
9391.0,-0.84,0.0
9392.0,-0.84,0.0
9392.0,-0.58,0.0
9393.0,-0.57,0.0
9393.0,-0.58,0.0
9394.0,-0.57,0.0
9395.0,-0.58,0.0
9395.0,-0.65,0.0
9396.0,-0.65,0.0
9396.0,-0.65,0.0
9397.0,-0.65,0.0
9397.0,-0.65,0.0
9398.0,-0.65,0.0
9399.0,-0.85,0.0
9399.0,-0.85,0.0
9400.0,-0.85,0.0
9400.0,-0.85,0.0
9401.0,-0.85,0.0
9402.0,-1.22,0.0
9402.0,-1.22,0.0
9403.0,-1.22,0.0
9403.0,-1.22,0.0
9404.0,-1.22,0.0
9404.0,-1.36,0.0
9405.0,-1.36,0.0
9406.0,-1.36,0.0
9406.0,-1.36,0.0
9407.0,-1.36,0.0
9407.0,-1.09,0.0
9408.0,-1.09,0.0
9409.0,-1.09,0.0
9409.0,-1.09,0.0
9410.0,-1.09,0.0
9410.0,-1.09,0.0
9411.0,-0.88,0.0
9412.0,-0.88,0.0
9412.0,-0.88,0.0
9413.0,-0.88,0.0
9413.0,-0.88,0.0
9414.0,-0.83,0.0
9414.0,-0.84,0.0
9415.0,-0.83,0.0
9416.0,-0.84,0.0
9416.0,-0.83,0.0
9417.0,-0.87,0.0
9417.0,-0.87,0.0
9418.0,-0.87,0.0
9419.0,-0.87,0.0
9419.0,-0.87,0.0
9420.0,-0.87,0.0
9420.0,-0.9,0.0
9421.0,-0.89,0.0
9421.0,-0.9,0.0
9422.0,-0.89,0.0
9423.0,-0.9,0.0
9423.0,-0.99,0.0
9424.0,-0.99,0.0
9424.0,-0.99,0.0
9425.0,-0.99,0.0
9426.0,-0.99,0.0
9426.0,-0.95,0.0
9427.0,-0.94,0.0
9427.0,-0.95,0.0
9428.0,-0.94,0.0
9429.0,-0.95,0.0
9429.0,-0.94,0.0
9430.0,-0.94,0.0
9430.0,-0.94,0.0
9431.0,-0.94,0.0
9431.0,-0.94,0.0
9432.0,-0.94,0.0
9433.0,-0.8,0.0
9433.0,-0.8,0.0
9434.0,-0.8,0.0
9434.0,-0.8,0.0
9435.0,-0.8,0.0
9436.0,-0.71,0.0
9436.0,-0.7,0.0
9437.0,-0.71,0.0
9437.0,-0.7,0.0
9438.0,-0.71,0.0
9438.0,-0.7,0.0
9439.0,-0.93,0.0
9440.0,-0.93,0.0
9440.0,-0.93,0.0
9441.0,-0.93,0.0
9441.0,-0.93,0.0
9442.0,-1.23,0.0
9443.0,-1.23,0.0
9443.0,-1.23,0.0
9444.0,-1.23,0.0
9444.0,-1.23,0.0
9445.0,-1.21,0.0
9446.0,-1.21,0.0
9446.0,-1.21,0.0
9447.0,-1.21,0.0
9447.0,-1.21,0.0
9448.0,-1.21,0.0
9448.0,-0.69,0.0
9449.0,-0.69,0.0
9450.0,-0.69,0.0
9450.0,-0.69,0.0
9451.0,-0.69,0.0
9451.0,-0.64,0.0
9452.0,-0.64,0.0
9453.0,-0.64,0.0
9453.0,-0.64,0.0
9454.0,-0.64,0.0
9454.0,-0.82,0.0
9455.0,-0.82,0.0
9455.0,-0.82,0.0
9456.0,-0.82,0.0
9457.0,-0.82,0.0
9457.0,-0.82,0.0
9458.0,-1.07,0.0
9458.0,-1.07,0.0
9459.0,-1.07,0.0
9460.0,-1.07,0.0
9460.0,-1.07,0.0
9461.0,-1.11,0.0
9461.0,-1.11,0.0
9462.0,-1.11,0.0
9463.0,-1.11,0.0
9463.0,-1.11,0.0
9464.0,-1.11,0.0
9464.0,-1.11,0.0
9465.0,-1.11,0.0
9466.0,-1.11,0.0
9466.0,-1.11,0.0
9467.0,-1.02,0.0
9467.0,-1.03,0.0
9468.0,-1.02,0.0
9468.0,-1.03,0.0
9469.0,-1.02,0.0
9470.0,-1.03,0.0
9470.0,-0.88,0.0
9471.0,-0.88,0.0
9471.0,-0.88,0.0
9472.0,-0.88,0.0
9473.0,-0.88,0.0
9473.0,-0.76,0.0
9474.0,-0.76,0.0
9474.0,-0.76,0.0
9475.0,-0.76,0.0
9476.0,-0.76,0.0
9476.0,-1.0,0.0
9477.0,-1.0,0.0
9477.0,-1.0,0.0
9478.0,-1.0,0.0
9478.0,-1.0,0.0
9479.0,-1.0,0.0
9480.0,-1.2,0.0
9480.0,-1.2,0.0
9481.0,-1.2,0.0
9481.0,-1.2,0.0
9482.0,-1.2,0.0
9483.0,-1.34,0.0
9483.0,-1.34,0.0
9484.0,-1.34,0.0
9484.0,-1.34,0.0
9485.0,-1.34,0.0
9485.0,-1.33,0.0
9486.0,-1.33,0.0
9487.0,-1.33,0.0
9487.0,-1.33,0.0
9488.0,-1.33,0.0
9488.0,-1.33,0.0
9489.0,-0.99,0.0
9490.0,-0.99,0.0
9490.0,-0.99,0.0
9491.0,-0.99,0.0
9491.0,-0.99,0.0
9492.0,-0.65,0.0
9493.0,-0.64,0.0
9493.0,-0.65,0.0
9494.0,-0.64,0.0
9494.0,-0.65,0.0
9495.0,-0.97,0.0
9495.0,-0.97,0.0
9496.0,-0.97,0.0
9497.0,-0.97,0.0
9497.0,-0.97,0.0
9498.0,-0.97,0.0
9498.0,-1.23,0.0
9499.0,-1.23,0.0
9500.0,-1.23,0.0
9500.0,-1.23,0.0
9501.0,-1.23,0.0
9501.0,-1.17,0.0
9502.0,-1.17,0.0
9503.0,-1.17,0.0
9503.0,-1.17,0.0
9504.0,-1.17,0.0
9504.0,-1.18,0.0
9505.0,-1.18,0.0
9505.0,-1.18,0.0
9506.0,-1.18,0.0
9507.0,-1.18,0.0
9507.0,-1.18,0.0
9508.0,-0.99,0.0
9508.0,-0.99,0.0
9509.0,-0.99,0.0
9510.0,-0.99,0.0
9510.0,-0.99,0.0
9511.0,-0.52,0.0
9511.0,-0.51,0.0
9512.0,-0.52,0.0
9512.0,-0.51,0.0
9513.0,-0.52,0.0
9514.0,-0.53,0.0
9514.0,-0.53,0.0
9515.0,-0.53,0.0
9515.0,-0.53,0.0
9516.0,-0.53,0.0
9517.0,-0.82,0.0
9517.0,-0.81,0.0
9518.0,-0.82,0.0
9518.0,-0.81,0.0
9519.0,-0.82,0.0
9520.0,-0.81,0.0
9520.0,-0.93,0.0
9521.0,-0.93,0.0
9521.0,-0.93,0.0
9522.0,-0.93,0.0
9522.0,-0.93,0.0
9523.0,-1.02,0.0
9524.0,-1.02,0.0
9524.0,-1.02,0.0
9525.0,-1.02,0.0
9525.0,-1.02,0.0
9526.0,-0.84,0.0
9527.0,-0.84,0.0
9527.0,-0.84,0.0
9528.0,-0.84,0.0
9528.0,-0.84,0.0
9529.0,-0.84,0.0
9529.0,-0.79,0.0
9530.0,-0.79,0.0
9531.0,-0.79,0.0
9531.0,-0.79,0.0
9532.0,-0.79,0.0
9532.0,-0.88,0.0
9533.0,-0.88,0.0
9534.0,-0.88,0.0
9534.0,-0.88,0.0
9535.0,-0.88,0.0
9535.0,-0.65,0.0
9536.0,-0.65,0.0
9537.0,-0.65,0.0
9537.0,-0.65,0.0
9538.0,-0.65,0.0
9538.0,-0.65,0.0
9539.0,-1.0,0.0
9539.0,-1.0,0.0
9540.0,-1.0,0.0
9541.0,-1.0,0.0
9541.0,-1.0,0.0
9542.0,-1.27,0.0
9542.0,-1.28,0.0
9543.0,-1.27,0.0
9544.0,-1.28,0.0
9544.0,-1.27,0.0
9545.0,-1.16,0.0
9545.0,-1.16,0.0
9546.0,-1.16,0.0
9546.0,-1.16,0.0
9547.0,-1.16,0.0
9548.0,-1.16,0.0
9548.0,-0.86,0.0
9549.0,-0.86,0.0
9549.0,-0.86,0.0
9550.0,-0.86,0.0
9551.0,-0.86,0.0
9551.0,-0.64,0.0
9552.0,-0.64,0.0
9552.0,-0.64,0.0
9553.0,-0.64,0.0
9554.0,-0.64,0.0
9554.0,-0.75,0.0
9555.0,-0.75,0.0
9555.0,-0.75,0.0
9556.0,-0.75,0.0
9556.0,-0.75,0.0
9557.0,-0.75,0.0
9558.0,-1.15,0.0
9558.0,-1.15,0.0
9559.0,-1.15,0.0
9559.0,-1.15,0.0
9560.0,-1.15,0.0
9561.0,-1.23,0.0
9561.0,-1.23,0.0
9562.0,-1.23,0.0
9562.0,-1.23,0.0
9563.0,-1.23,0.0
9563.0,-1.22,0.0
9564.0,-1.22,0.0
9565.0,-1.22,0.0
9565.0,-1.22,0.0
9566.0,-1.22,0.0
9567.0,-1.17,0.0
9567.0,-1.17,0.0
9568.0,-1.17,0.0
9568.0,-1.17,0.0
9569.0,-1.17,0.0
9569.0,-1.17,0.0
9570.0,-1.04,0.0
9571.0,-1.04,0.0
9571.0,-1.04,0.0
9572.0,-1.04,0.0
9572.0,-1.04,0.0
9573.0,-0.95,0.0
9574.0,-0.95,0.0
9574.0,-0.95,0.0
9575.0,-0.95,0.0
9575.0,-0.95,0.0
9576.0,-0.93,0.0
9577.0,-0.93,0.0
9577.0,-0.93,0.0
9578.0,-0.93,0.0
9578.0,-0.93,0.0
9579.0,-0.93,0.0
9579.0,-0.92,0.0
9580.0,-0.92,0.0
9581.0,-0.92,0.0
9581.0,-0.92,0.0
9582.0,-0.92,0.0
9582.0,-1.07,0.0
9583.0,-1.07,0.0
9584.0,-1.07,0.0
9584.0,-1.07,0.0
9585.0,-1.07,0.0
9585.0,-1.02,0.0
9586.0,-1.02,0.0
9586.0,-1.02,0.0
9587.0,-1.02,0.0
9588.0,-1.02,0.0
9588.0,-1.02,0.0
9589.0,-0.96,0.0
9589.0,-0.96,0.0
9590.0,-0.96,0.0
9591.0,-0.96,0.0
9591.0,-0.96,0.0
9592.0,-0.73,0.0
9592.0,-0.73,0.0
9593.0,-0.73,0.0
9593.0,-0.73,0.0
9594.0,-0.73,0.0
9595.0,-0.62,0.0
9595.0,-0.63,0.0
9596.0,-0.62,0.0
9596.0,-0.63,0.0
9597.0,-0.62,0.0
9598.0,-0.63,0.0
9598.0,-0.89,0.0
9599.0,-0.89,0.0
9599.0,-0.89,0.0
9600.0,-0.89,0.0
9601.0,-0.89,0.0
9601.0,-1.22,0.0
9602.0,-1.22,0.0
9602.0,-1.22,0.0
9603.0,-1.22,0.0
9603.0,-1.22,0.0
9604.0,-1.09,0.0
9605.0,-1.09,0.0
9605.0,-1.09,0.0
9606.0,-1.09,0.0
9606.0,-1.09,0.0
9607.0,-1.09,0.0
9608.0,-0.72,0.0
9608.0,-0.72,0.0
9609.0,-0.72,0.0
9609.0,-0.72,0.0
9610.0,-0.72,0.0
9611.0,-0.6,0.0
9611.0,-0.6,0.0
9612.0,-0.6,0.0
9612.0,-0.6,0.0
9613.0,-0.6,0.0
9613.0,-0.29,0.0
9614.0,-0.29,0.0
9615.0,-0.29,0.0
9615.0,-0.29,0.0
9616.0,-0.29,0.0
9616.0,-0.29,0.0
9617.0,-0.42,0.0
9618.0,-0.42,0.0
9618.0,-0.42,0.0
9619.0,-0.42,0.0
9619.0,-0.42,0.0
9620.0,-0.72,0.0
9620.0,-0.71,0.0
9621.0,-0.72,0.0
9622.0,-0.71,0.0
9622.0,-0.72,0.0
9623.0,-1.14,0.0
9623.0,-1.15,0.0
9624.0,-1.14,0.0
9625.0,-1.15,0.0
9625.0,-1.14,0.0
9626.0,-1.15,0.0
9626.0,-1.21,0.0
9627.0,-1.21,0.0
9628.0,-1.21,0.0
9628.0,-1.21,0.0
9629.0,-1.21,0.0
9629.0,-0.8,0.0
9630.0,-0.8,0.0
9630.0,-0.8,0.0
9631.0,-0.8,0.0
9632.0,-0.8,0.0
9632.0,-0.51,0.0
9633.0,-0.51,0.0
9633.0,-0.51,0.0
9634.0,-0.51,0.0
9635.0,-0.51,0.0
9635.0,-0.67,0.0
9636.0,-0.67,0.0
9636.0,-0.67,0.0
9637.0,-0.67,0.0
9637.0,-0.67,0.0
9638.0,-0.67,0.0
9639.0,-1.01,0.0
9639.0,-1.01,0.0
9640.0,-1.01,0.0
9640.0,-1.01,0.0
9641.0,-1.01,0.0
9642.0,-1.24,0.0
9642.0,-1.24,0.0
9643.0,-1.24,0.0
9643.0,-1.24,0.0
9644.0,-1.24,0.0
9645.0,-0.99,0.0
9645.0,-0.99,0.0
9646.0,-0.99,0.0
9646.0,-0.99,0.0
9647.0,-0.99,0.0
9647.0,-0.99,0.0
9648.0,-0.97,0.0
9649.0,-0.97,0.0
9649.0,-0.97,0.0
9650.0,-0.97,0.0
9650.0,-0.97,0.0
9651.0,-0.92,0.0
9652.0,-0.92,0.0
9652.0,-0.92,0.0
9653.0,-0.92,0.0
9653.0,-0.92,0.0
9654.0,-0.63,0.0
9654.0,-0.62,0.0
9655.0,-0.63,0.0
9656.0,-0.62,0.0
9656.0,-0.63,0.0
9657.0,-0.62,0.0
9657.0,-1.0,0.0
9658.0,-1.0,0.0
9659.0,-1.0,0.0
9659.0,-1.0,0.0
9660.0,-1.0,0.0
9660.0,-1.4,0.0
9661.0,-1.4,0.0
9662.0,-1.4,0.0
9662.0,-1.4,0.0
9663.0,-1.4,0.0
9663.0,-1.19,0.0
9664.0,-1.19,0.0
9664.0,-1.19,0.0
9665.0,-1.19,0.0
9666.0,-1.19,0.0
9666.0,-1.19,0.0
9667.0,-1.15,0.0
9667.0,-1.15,0.0
9668.0,-1.15,0.0
9669.0,-1.15,0.0
9669.0,-1.15,0.0
9670.0,-0.75,0.0
9670.0,-0.76,0.0
9671.0,-0.75,0.0
9672.0,-0.76,0.0
9672.0,-0.75,0.0
9673.0,-0.52,0.0
9673.0,-0.52,0.0
9674.0,-0.52,0.0
9675.0,-0.52,0.0
9675.0,-0.52,0.0
9676.0,-0.63,0.0
9676.0,-0.63,0.0
9677.0,-0.63,0.0
9677.0,-0.63,0.0
9678.0,-0.63,0.0
9679.0,-0.63,0.0
9679.0,-0.8,0.0
9680.0,-0.8,0.0
9680.0,-0.8,0.0
9681.0,-0.8,0.0
9682.0,-0.8,0.0
9682.0,-1.11,0.0
9683.0,-1.11,0.0
9683.0,-1.11,0.0
9684.0,-1.11,0.0
9685.0,-1.11,0.0
9685.0,-1.08,0.0
9686.0,-1.08,0.0
9686.0,-1.08,0.0
9687.0,-1.08,0.0
9687.0,-1.08,0.0
9688.0,-1.08,0.0
9689.0,-1.02,0.0
9689.0,-1.02,0.0
9690.0,-1.02,0.0
9690.0,-1.02,0.0
9691.0,-1.02,0.0
9692.0,-0.56,0.0
9692.0,-0.56,0.0
9693.0,-0.56,0.0
9693.0,-0.56,0.0
9694.0,-0.56,0.0
9694.0,-0.55,0.0
9695.0,-0.55,0.0
9696.0,-0.55,0.0
9696.0,-0.55,0.0
9697.0,-0.55,0.0
9697.0,-0.55,0.0
9698.0,-1.05,0.0
9699.0,-1.05,0.0
9699.0,-1.05,0.0
9700.0,-1.05,0.0
9700.0,-1.05,0.0
9701.0,-0.92,0.0
9701.0,-0.92,0.0
9702.0,-0.92,0.0
9703.0,-0.92,0.0
9703.0,-0.92,0.0
9704.0,-0.85,0.0
9704.0,-0.85,0.0
9705.0,-0.85,0.0
9706.0,-0.85,0.0
9706.0,-0.85,0.0
9707.0,-0.85,0.0
9707.0,-0.74,0.0
9708.0,-0.74,0.0
9709.0,-0.74,0.0
9709.0,-0.74,0.0
9710.0,-0.74,0.0
9710.0,-0.43,0.0
9711.0,-0.43,0.0
9711.0,-0.43,0.0
9712.0,-0.43,0.0
9713.0,-0.43,0.0
9713.0,-0.37,0.0
9714.0,-0.37,0.0
9714.0,-0.37,0.0
9715.0,-0.37,0.0
9716.0,-0.37,0.0
9716.0,-0.37,0.0
9717.0,-0.69,0.0
9717.0,-0.69,0.0
9718.0,-0.69,0.0
9719.0,-0.69,0.0
9719.0,-0.69,0.0
9720.0,-1.13,0.0
9720.0,-1.13,0.0
9721.0,-1.13,0.0
9721.0,-1.13,0.0
9722.0,-1.13,0.0
9723.0,-1.24,0.0
9723.0,-1.24,0.0
9724.0,-1.24,0.0
9724.0,-1.24,0.0
9725.0,-1.24,0.0
9726.0,-1.24,0.0
9726.0,-1.22,0.0
9727.0,-1.22,0.0
9727.0,-1.22,0.0
9728.0,-1.22,0.0
9728.0,-1.22,0.0
9729.0,-1.0,0.0
9730.0,-1.0,0.0
9730.0,-1.0,0.0
9731.0,-1.0,0.0
9731.0,-1.0,0.0
9732.0,-1.0,0.0
9733.0,-1.0,0.0
9733.0,-1.0,0.0
9734.0,-1.0,0.0
9734.0,-1.0,0.0
9735.0,-1.0,0.0
9736.0,-0.96,0.0
9736.0,-0.96,0.0
9737.0,-0.96,0.0
9737.0,-0.96,0.0
9738.0,-0.96,0.0
9738.0,-0.84,0.0
9739.0,-0.84,0.0
9740.0,-0.84,0.0
9740.0,-0.84,0.0
9741.0,-0.84,0.0
9741.0,-1.09,0.0
9742.0,-1.09,0.0
9743.0,-1.09,0.0
9743.0,-1.09,0.0
9744.0,-1.09,0.0
9744.0,-1.17,0.0
9745.0,-1.16,0.0
9745.0,-1.17,0.0
9746.0,-1.16,0.0
9747.0,-1.17,0.0
9747.0,-1.16,0.0
9748.0,-0.93,0.0
9748.0,-0.93,0.0
9749.0,-0.93,0.0
9750.0,-0.93,0.0
9750.0,-0.93,0.0
9751.0,-0.65,0.0
9751.0,-0.66,0.0
9752.0,-0.65,0.0
9753.0,-0.66,0.0
9753.0,-0.65,0.0
9754.0,-0.58,0.0
9754.0,-0.57,0.0
9755.0,-0.58,0.0
9755.0,-0.57,0.0
9756.0,-0.58,0.0
9757.0,-0.57,0.0
9757.0,-0.69,0.0
9758.0,-0.69,0.0
9758.0,-0.69,0.0
9759.0,-0.69,0.0
9760.0,-0.69,0.0
9760.0,-0.8,0.0
9761.0,-0.8,0.0
9761.0,-0.8,0.0
9762.0,-0.8,0.0
9762.0,-0.8,0.0
9763.0,-0.99,0.0
9764.0,-0.99,0.0
9764.0,-0.99,0.0
9765.0,-0.99,0.0
9765.0,-0.99,0.0
9766.0,-0.99,0.0
9767.0,-0.98,0.0
9767.0,-0.98,0.0
9768.0,-0.98,0.0
9768.0,-0.98,0.0
9769.0,-0.98,0.0
9770.0,-0.81,0.0
9770.0,-0.82,0.0
9771.0,-0.81,0.0
9771.0,-0.82,0.0
9772.0,-0.81,0.0
9773.0,-0.57,0.0
9773.0,-0.57,0.0
9774.0,-0.57,0.0
9774.0,-0.57,0.0
9775.0,-0.57,0.0
9775.0,-0.57,0.0
9776.0,-0.48,0.0
9777.0,-0.48,0.0
9777.0,-0.48,0.0
9778.0,-0.48,0.0
9778.0,-0.48,0.0
9779.0,-0.71,0.0
9780.0,-0.72,0.0
9780.0,-0.71,0.0
9781.0,-0.72,0.0
9781.0,-0.71,0.0
9782.0,-1.07,0.0
9783.0,-1.07,0.0
9783.0,-1.07,0.0
9784.0,-1.07,0.0
9784.0,-1.07,0.0
9785.0,-0.95,0.0
9785.0,-0.95,0.0
9786.0,-0.95,0.0
9787.0,-0.95,0.0
9787.0,-0.95,0.0
9788.0,-0.95,0.0
9788.0,-0.71,0.0
9789.0,-0.71,0.0
9790.0,-0.71,0.0
9790.0,-0.71,0.0
9791.0,-0.71,0.0
9791.0,-0.56,0.0
9792.0,-0.56,0.0
9793.0,-0.56,0.0
9793.0,-0.56,0.0
9794.0,-0.56,0.0
9794.0,-0.56,0.0
9795.0,-0.56,0.0
9795.0,-0.56,0.0
9796.0,-0.56,0.0
9797.0,-0.56,0.0
9797.0,-0.56,0.0
9798.0,-0.6,0.0
9798.0,-0.6,0.0
9799.0,-0.6,0.0
9800.0,-0.6,0.0
9800.0,-0.6,0.0
9801.0,-0.98,0.0
9801.0,-0.98,0.0
9802.0,-0.98,0.0
9802.0,-0.98,0.0
9803.0,-0.98,0.0
9804.0,-1.31,0.0
9804.0,-1.31,0.0
9805.0,-1.31,0.0
9805.0,-1.31,0.0
9806.0,-1.31,0.0
9807.0,-1.31,0.0
9807.0,-1.07,0.0
9808.0,-1.07,0.0
9808.0,-1.07,0.0
9809.0,-1.07,0.0
9810.0,-1.07,0.0
9810.0,-0.65,0.0
9811.0,-0.65,0.0
9811.0,-0.65,0.0
9812.0,-0.65,0.0
9812.0,-0.65,0.0
9813.0,-0.74,0.0
9814.0,-0.74,0.0
9814.0,-0.74,0.0
9815.0,-0.74,0.0
9815.0,-0.74,0.0
9816.0,-0.74,0.0
9817.0,-0.97,0.0
9817.0,-0.97,0.0
9818.0,-0.97,0.0
9818.0,-0.97,0.0
9819.0,-0.97,0.0
9819.0,-1.13,0.0
9820.0,-1.13,0.0
9821.0,-1.13,0.0
9821.0,-1.13,0.0
9822.0,-1.13,0.0
9822.0,-1.22,0.0
9823.0,-1.22,0.0
9824.0,-1.22,0.0
9824.0,-1.22,0.0
9825.0,-1.22,0.0
9825.0,-1.22,0.0
9826.0,-1.19,0.0
9827.0,-1.19,0.0
9827.0,-1.19,0.0
9828.0,-1.19,0.0
9828.0,-1.19,0.0
9829.0,-0.86,0.0
9829.0,-0.86,0.0
9830.0,-0.86,0.0
9831.0,-0.86,0.0
9831.0,-0.86,0.0
9832.0,-0.66,0.0
9832.0,-0.66,0.0
9833.0,-0.66,0.0
9834.0,-0.66,0.0
9834.0,-0.66,0.0
9835.0,-0.66,0.0
9835.0,-0.77,0.0
9836.0,-0.77,0.0
9836.0,-0.77,0.0
9837.0,-0.77,0.0
9838.0,-0.77,0.0
9838.0,-0.88,0.0
9839.0,-0.88,0.0
9839.0,-0.88,0.0
9840.0,-0.88,0.0
9841.0,-0.88,0.0
9841.0,-1.17,0.0
9842.0,-1.17,0.0
9842.0,-1.17,0.0
9843.0,-1.17,0.0
9844.0,-1.17,0.0
9844.0,-1.17,0.0
9845.0,-1.26,0.0
9845.0,-1.26,0.0
9846.0,-1.26,0.0
9846.0,-1.26,0.0
9847.0,-1.26,0.0
9848.0,-0.96,0.0
9848.0,-0.96,0.0
9849.0,-0.96,0.0
9849.0,-0.96,0.0
9850.0,-0.96,0.0
9851.0,-0.56,0.0
9851.0,-0.57,0.0
9852.0,-0.56,0.0
9852.0,-0.57,0.0
9853.0,-0.56,0.0
9853.0,-0.57,0.0
9854.0,-0.61,0.0
9855.0,-0.61,0.0
9855.0,-0.61,0.0
9856.0,-0.61,0.0
9856.0,-0.61,0.0
9857.0,-0.67,0.0
9858.0,-0.67,0.0
9858.0,-0.67,0.0
9859.0,-0.67,0.0
9859.0,-0.67,0.0
9860.0,-1.07,0.0
9861.0,-1.07,0.0
9861.0,-1.07,0.0
9862.0,-1.07,0.0
9862.0,-1.07,0.0
9863.0,-1.4,0.0
9863.0,-1.4,0.0
9864.0,-1.4,0.0
9865.0,-1.4,0.0
9865.0,-1.4,0.0
9866.0,-1.4,0.0
9866.0,-1.1,0.0
9867.0,-1.1,0.0
9868.0,-1.1,0.0
9868.0,-1.1,0.0
9869.0,-1.1,0.0
9869.0,-0.92,0.0
9870.0,-0.92,0.0
9871.0,-0.92,0.0
9871.0,-0.92,0.0
9872.0,-0.92,0.0
9872.0,-0.77,0.0
9873.0,-0.76,0.0
9874.0,-0.77,0.0
9874.0,-0.76,0.0
9875.0,-0.77,0.0
9875.0,-0.76,0.0
9876.0,-0.73,0.0
9876.0,-0.73,0.0
9877.0,-0.73,0.0
9878.0,-0.73,0.0
9878.0,-0.73,0.0
9879.0,-0.75,0.0
9879.0,-0.75,0.0
9880.0,-0.75,0.0
9881.0,-0.75,0.0
9881.0,-0.75,0.0
9882.0,-0.96,0.0
9882.0,-0.96,0.0
9883.0,-0.96,0.0
9883.0,-0.96,0.0
9884.0,-0.96,0.0
9885.0,-0.96,0.0
9885.0,-1.21,0.0
9886.0,-1.21,0.0
9886.0,-1.21,0.0
9887.0,-1.21,0.0
9888.0,-1.21,0.0
9888.0,-1.21,0.0
9889.0,-1.21,0.0
9889.0,-1.21,0.0
9890.0,-1.21,0.0
9891.0,-1.21,0.0
9891.0,-0.93,0.0
9892.0,-0.93,0.0
9892.0,-0.93,0.0
9893.0,-0.93,0.0
9893.0,-0.93,0.0
9894.0,-0.93,0.0
9895.0,-1.14,0.0
9895.0,-1.14,0.0
9896.0,-1.14,0.0
9896.0,-1.14,0.0
9897.0,-1.14,0.0
9898.0,-1.09,0.0
9898.0,-1.09,0.0
9899.0,-1.09,0.0
9899.0,-1.09,0.0
9900.0,-1.09,0.0
9901.0,-0.81,0.0
9901.0,-0.81,0.0
9902.0,-0.81,0.0
9902.0,-0.81,0.0
9903.0,-0.81,0.0
9903.0,-1.1,0.0
9904.0,-1.1,0.0
9905.0,-1.1,0.0
9905.0,-1.1,0.0
9906.0,-1.1,0.0
9906.0,-1.1,0.0
9907.0,-1.11,0.0
9908.0,-1.11,0.0
9908.0,-1.11,0.0
9909.0,-1.11,0.0
9909.0,-1.11,0.0
9910.0,-0.78,0.0
9910.0,-0.77,0.0
9911.0,-0.78,0.0
9912.0,-0.77,0.0
9912.0,-0.78,0.0
9913.0,-0.88,0.0
9913.0,-0.88,0.0
9914.0,-0.88,0.0
9915.0,-0.88,0.0
9915.0,-0.88,0.0
9916.0,-0.88,0.0
9916.0,-1.0,0.0
9917.0,-1.0,0.0
9918.0,-1.0,0.0
9918.0,-1.0,0.0
9919.0,-1.0,0.0
9919.0,-1.11,0.0
9920.0,-1.11,0.0
9920.0,-1.11,0.0
9921.0,-1.11,0.0
9922.0,-1.11,0.0
9922.0,-0.95,0.0
9923.0,-0.96,0.0
9923.0,-0.95,0.0
9924.0,-0.96,0.0
9925.0,-0.95,0.0
9925.0,-0.96,0.0
9926.0,-0.86,0.0
9926.0,-0.86,0.0
9927.0,-0.86,0.0
9927.0,-0.86,0.0
9928.0,-0.86,0.0
9929.0,-0.85,0.0
9929.0,-0.85,0.0
9930.0,-0.85,0.0
9930.0,-0.85,0.0
9931.0,-0.85,0.0
9932.0,-0.84,0.0
9932.0,-0.84,0.0
9933.0,-0.84,0.0
9933.0,-0.84,0.0
9934.0,-0.84,0.0
9935.0,-0.84,0.0
9935.0,-0.32,0.0
9936.0,-0.32,0.0
9936.0,-0.32,0.0
9937.0,-0.32,0.0
9937.0,-0.32,0.0
9938.0,-0.41,0.0
9939.0,-0.41,0.0
9939.0,-0.41,0.0
9940.0,-0.41,0.0
9940.0,-0.41,0.0
9941.0,-0.88,0.0
9942.0,-0.89,0.0
9942.0,-0.88,0.0
9943.0,-0.89,0.0
9943.0,-0.88,0.0
9944.0,-0.89,0.0
9944.0,-1.11,0.0
9945.0,-1.11,0.0
9946.0,-1.11,0.0
9946.0,-1.11,0.0
9947.0,-1.11,0.0
9947.0,-0.85,0.0
9948.0,-0.85,0.0
9949.0,-0.85,0.0
9949.0,-0.85,0.0
9950.0,-0.85,0.0
9950.0,-0.67,0.0
9951.0,-0.67,0.0
9952.0,-0.67,0.0
9952.0,-0.67,0.0
9953.0,-0.67,0.0
9953.0,-0.67,0.0
9954.0,-0.64,0.0
9954.0,-0.64,0.0
9955.0,-0.64,0.0
9956.0,-0.64,0.0
9956.0,-0.64,0.0
9957.0,-0.82,0.0
9957.0,-0.82,0.0
9958.0,-0.82,0.0
9959.0,-0.82,0.0
9959.0,-0.82,0.0
9960.0,-1.01,0.0
9960.0,-1.02,0.0
9961.0,-1.01,0.0
9961.0,-1.02,0.0
9962.0,-1.01,0.0
9963.0,-1.02,0.0
9963.0,-1.25,0.0
9964.0,-1.25,0.0
9964.0,-1.25,0.0
9965.0,-1.25,0.0
9966.0,-1.25,0.0
9966.0,-1.09,0.0
9967.0,-1.09,0.0
9967.0,-1.09,0.0
9968.0,-1.09,0.0
9969.0,-1.09,0.0
9969.0,-0.79,0.0
9970.0,-0.79,0.0
9970.0,-0.79,0.0
9971.0,-0.79,0.0
9972.0,-0.79,0.0
9972.0,-0.6,0.0
9973.0,-0.6,0.0
9973.0,-0.6,0.0
9974.0,-0.6,0.0
9975.0,-0.6,0.0
9975.0,-0.6,0.0
9976.0,-0.79,0.0
9976.0,-0.79,0.0
9977.0,-0.79,0.0
9977.0,-0.79,0.0
9978.0,-0.79,0.0
9979.0,-1.01,0.0
9979.0,-1.01,0.0
9980.0,-1.01,0.0
9980.0,-1.01,0.0
9981.0,-1.01,0.0
9982.0,-0.94,0.0
9982.0,-0.94,0.0
9983.0,-0.94,0.0
9983.0,-0.94,0.0
9984.0,-0.94,0.0
9984.0,-0.94,0.0
9985.0,-0.99,0.0
9986.0,-0.99,0.0
9986.0,-0.99,0.0
9987.0,-0.99,0.0
9987.0,-0.99,0.0
9988.0,-0.99,0.0
9989.0,-0.99,0.0
9989.0,-0.99,0.0
9990.0,-0.99,0.0
9990.0,-0.99,0.0
9991.0,-0.63,0.0
9991.0,-0.62,0.0
9992.0,-0.63,0.0
9993.0,-0.62,0.0
9993.0,-0.63,0.0
9994.0,-0.62,0.0
9994.0,-0.57,0.0
9995.0,-0.57,0.0
9996.0,-0.57,0.0
9996.0,-0.57,0.0
9997.0,-0.57,0.0
9997.0,-0.77,0.0
9998.0,-0.77,0.0
9999.0,-0.77,0.0
9999.0,-0.77,0.0
10000.0,-0.77,0.0
10000.0,-1.09,0.0
10001.0,-1.09,0.0
10001.0,-1.09,0.0
10002.0,-1.09,0.0
10003.0,-1.09,0.0
10003.0,-1.09,0.0
10004.0,-1.2,0.0
10004.0,-1.2,0.0
10005.0,-1.2,0.0
10006.0,-1.2,0.0
10006.0,-1.2,0.0
10007.0,-0.85,0.0
10007.0,-0.85,0.0
10008.0,-0.85,0.0
10009.0,-0.85,0.0
10009.0,-0.85,0.0
10010.0,-0.57,0.0
10010.0,-0.57,0.0
10011.0,-0.57,0.0
10011.0,-0.57,0.0
10012.0,-0.57,0.0
10013.0,-0.63,0.0
10013.0,-0.63,0.0
10014.0,-0.63,0.0
10014.0,-0.63,0.0
10015.0,-0.63,0.0
10016.0,-0.63,0.0
10016.0,-0.88,0.0
10017.0,-0.88,0.0
10017.0,-0.88,0.0
10018.0,-0.88,0.0
10018.0,-0.88,0.0
10019.0,-1.02,0.0
10020.0,-1.01,0.0
10020.0,-1.02,0.0
10021.0,-1.01,0.0
10021.0,-1.02,0.0
10022.0,-1.22,0.0
10023.0,-1.22,0.0
10023.0,-1.22,0.0
10024.0,-1.22,0.0
10024.0,-1.22,0.0
10025.0,-1.22,0.0
10026.0,-1.25,0.0
10026.0,-1.25,0.0
10027.0,-1.25,0.0
10027.0,-1.25,0.0
10028.0,-1.25,0.0
10028.0,-0.75,0.0
10029.0,-0.75,0.0
10030.0,-0.75,0.0
10030.0,-0.75,0.0
10031.0,-0.75,0.0
10031.0,-0.39,0.0
10032.0,-0.39,0.0
10033.0,-0.39,0.0
10033.0,-0.39,0.0
10034.0,-0.39,0.0
10034.0,-0.39,0.0
10035.0,-0.59,0.0
10035.0,-0.59,0.0
10036.0,-0.59,0.0
10037.0,-0.59,0.0
10037.0,-0.59,0.0
10038.0,-0.79,0.0
10038.0,-0.79,0.0
10039.0,-0.79,0.0
10040.0,-0.79,0.0
10040.0,-0.79,0.0
10041.0,-1.01,0.0
10041.0,-1.02,0.0
10042.0,-1.01,0.0
10043.0,-1.02,0.0
10043.0,-1.01,0.0
10044.0,-1.02,0.0
10044.0,-1.1,0.0
10045.0,-1.1,0.0
10045.0,-1.1,0.0
10046.0,-1.1,0.0
10047.0,-1.1,0.0
10047.0,-0.91,0.0
10048.0,-0.9,0.0
10048.0,-0.91,0.0
10049.0,-0.9,0.0
10050.0,-0.91,0.0
10050.0,-0.7,0.0
10051.0,-0.71,0.0
10051.0,-0.7,0.0
10052.0,-0.71,0.0
10052.0,-0.7,0.0
10053.0,-0.71,0.0
10054.0,-0.73,0.0
10054.0,-0.73,0.0
10055.0,-0.73,0.0
10055.0,-0.73,0.0
10056.0,-0.73,0.0
10057.0,-0.91,0.0
10057.0,-0.9,0.0
10058.0,-0.91,0.0
10058.0,-0.9,0.0
10059.0,-0.91,0.0
10060.0,-1.12,0.0
10060.0,-1.12,0.0
10061.0,-1.12,0.0
10061.0,-1.12,0.0
10062.0,-1.12,0.0
10062.0,-1.12,0.0
10063.0,-1.17,0.0
10064.0,-1.17,0.0
10064.0,-1.17,0.0
10065.0,-1.17,0.0
10065.0,-1.17,0.0
10066.0,-0.73,0.0
10067.0,-0.73,0.0
10067.0,-0.73,0.0
10068.0,-0.73,0.0
10068.0,-0.73,0.0
10069.0,-0.73,0.0
10069.0,-0.73,0.0
10070.0,-0.73,0.0
10071.0,-0.73,0.0
10071.0,-0.73,0.0
10072.0,-0.88,0.0
10073.0,-0.88,0.0
10073.0,-0.88,0.0
10074.0,-0.88,0.0
10074.0,-0.88,0.0
10075.0,-0.88,0.0
10075.0,-0.66,0.0
10076.0,-0.66,0.0
10077.0,-0.66,0.0
10077.0,-0.66,0.0
10078.0,-0.66,0.0
10078.0,-0.93,0.0
10079.0,-0.93,0.0
10080.0,-0.93,0.0
10080.0,-0.93,0.0
10081.0,-0.93,0.0
10081.0,-1.17,0.0
10082.0,-1.17,0.0
10083.0,-1.17,0.0
10083.0,-1.17,0.0
10084.0,-1.17,0.0
10084.0,-1.17,0.0
10085.0,-1.27,0.0
10085.0,-1.26,0.0
10086.0,-1.27,0.0
10087.0,-1.26,0.0
10087.0,-1.27,0.0
10088.0,-1.02,0.0
10088.0,-1.02,0.0
10089.0,-1.02,0.0
10090.0,-1.02,0.0
10090.0,-1.02,0.0
10091.0,-0.59,0.0
10091.0,-0.59,0.0
10092.0,-0.59,0.0
10092.0,-0.59,0.0
10093.0,-0.59,0.0
10094.0,-0.59,0.0
10094.0,-0.41,0.0
10095.0,-0.41,0.0
10095.0,-0.41,0.0
10096.0,-0.41,0.0
10097.0,-0.41,0.0
10097.0,-0.77,0.0
10098.0,-0.77,0.0
10098.0,-0.77,0.0
10099.0,-0.77,0.0
10099.0,-0.77,0.0
10100.0,-0.97,0.0
10101.0,-0.97,0.0
10101.0,-0.97,0.0
10102.0,-0.97,0.0
10102.0,-0.97,0.0
10103.0,-0.97,0.0
10104.0,-0.99,0.0
10104.0,-0.99,0.0
10105.0,-0.99,0.0
10105.0,-0.99,0.0
10106.0,-0.99,0.0
10107.0,-1.16,0.0
10107.0,-1.16,0.0
10108.0,-1.16,0.0
10108.0,-1.16,0.0
10109.0,-1.16,0.0
10109.0,-0.86,0.0
10110.0,-0.86,0.0
10111.0,-0.86,0.0
10111.0,-0.86,0.0
10112.0,-0.86,0.0
10112.0,-0.86,0.0
10113.0,-0.46,0.0
10114.0,-0.46,0.0
10114.0,-0.46,0.0
10115.0,-0.46,0.0
10115.0,-0.46,0.0
10116.0,-0.59,0.0
10117.0,-0.59,0.0
10117.0,-0.59,0.0
10118.0,-0.59,0.0
10118.0,-0.59,0.0
10119.0,-0.94,0.0
10119.0,-0.94,0.0
10120.0,-0.94,0.0
10121.0,-0.94,0.0
10121.0,-0.94,0.0
10122.0,-0.94,0.0
10122.0,-1.18,0.0
10123.0,-1.18,0.0
10124.0,-1.18,0.0
10124.0,-1.18,0.0
10125.0,-1.18,0.0
10125.0,-1.05,0.0
10126.0,-1.05,0.0
10126.0,-1.05,0.0
10127.0,-1.05,0.0
10128.0,-1.05,0.0
10128.0,-0.92,0.0
10129.0,-0.92,0.0
10129.0,-0.92,0.0
10130.0,-0.92,0.0
10131.0,-0.92,0.0
10131.0,-0.8,0.0
10132.0,-0.8,0.0
10132.0,-0.8,0.0
10133.0,-0.8,0.0
10134.0,-0.8,0.0
10134.0,-0.8,0.0
10135.0,-0.98,0.0
10135.0,-0.98,0.0
10136.0,-0.98,0.0
10136.0,-0.98,0.0
10137.0,-0.98,0.0
10138.0,-1.08,0.0
10138.0,-1.08,0.0
10139.0,-1.08,0.0
10139.0,-1.08,0.0
10140.0,-1.08,0.0
10141.0,-1.05,0.0
10141.0,-1.05,0.0
10142.0,-1.05,0.0
10142.0,-1.05,0.0
10143.0,-1.05,0.0
10143.0,-1.05,0.0
10144.0,-1.21,0.0
10145.0,-1.21,0.0
10145.0,-1.21,0.0
10146.0,-1.21,0.0
10146.0,-1.21,0.0
10147.0,-1.08,0.0
10148.0,-1.08,0.0
10148.0,-1.08,0.0
10149.0,-1.08,0.0
10149.0,-1.08,0.0
10150.0,-0.61,0.0
10151.0,-0.61,0.0
10151.0,-0.61,0.0
10152.0,-0.61,0.0
10152.0,-0.61,0.0
10153.0,-0.61,0.0
10153.0,-0.38,0.0
10154.0,-0.39,0.0
10155.0,-0.38,0.0
10155.0,-0.39,0.0
10156.0,-0.38,0.0
10156.0,-0.67,0.0
10157.0,-0.67,0.0
10158.0,-0.67,0.0
10158.0,-0.67,0.0
10159.0,-0.67,0.0
10159.0,-0.85,0.0
10160.0,-0.85,0.0
10160.0,-0.85,0.0
10161.0,-0.85,0.0
10162.0,-0.85,0.0
10162.0,-0.85,0.0
10163.0,-1.08,0.0
10163.0,-1.08,0.0
10164.0,-1.08,0.0
10165.0,-1.08,0.0
10165.0,-1.08,0.0
10166.0,-1.07,0.0
10166.0,-1.07,0.0
10167.0,-1.07,0.0
10168.0,-1.07,0.0
10168.0,-1.07,0.0
10169.0,-0.95,0.0
10169.0,-0.95,0.0
10170.0,-0.95,0.0
10170.0,-0.95,0.0
10171.0,-0.95,0.0
10172.0,-0.95,0.0
10172.0,-0.66,0.0
10173.0,-0.66,0.0
10173.0,-0.66,0.0
10174.0,-0.66,0.0
10175.0,-0.66,0.0
10175.0,-0.78,0.0
10176.0,-0.78,0.0
10176.0,-0.78,0.0
10177.0,-0.78,0.0
10178.0,-0.78,0.0
10178.0,-0.74,0.0
10179.0,-0.74,0.0
10179.0,-0.74,0.0
10180.0,-0.74,0.0
10181.0,-0.74,0.0
10181.0,-0.97,0.0
10182.0,-0.97,0.0
10182.0,-0.97,0.0
10183.0,-0.97,0.0
10183.0,-0.97,0.0
10184.0,-0.97,0.0
10185.0,-1.07,0.0
10185.0,-1.07,0.0
10186.0,-1.07,0.0
10186.0,-1.07,0.0
10187.0,-1.07,0.0
10188.0,-0.56,0.0
10188.0,-0.57,0.0
10189.0,-0.56,0.0
10189.0,-0.57,0.0
10190.0,-0.56,0.0
10191.0,-0.6,0.0
10191.0,-0.6,0.0
10192.0,-0.6,0.0
10192.0,-0.6,0.0
10193.0,-0.6,0.0
10193.0,-0.6,0.0
10194.0,-0.69,0.0
10195.0,-0.69,0.0
10195.0,-0.69,0.0
10196.0,-0.69,0.0
10196.0,-0.69,0.0
10197.0,-0.84,0.0
10198.0,-0.84,0.0
10198.0,-0.84,0.0
10199.0,-0.84,0.0
10199.0,-0.84,0.0
10200.0,-1.02,0.0
10200.0,-1.01,0.0
10201.0,-1.02,0.0
10202.0,-1.01,0.0
10202.0,-1.02,0.0
10203.0,-1.01,0.0
10203.0,-1.18,0.0
10204.0,-1.17,0.0
10205.0,-1.18,0.0
10205.0,-1.17,0.0
10206.0,-1.18,0.0
10206.0,-0.93,0.0
10207.0,-0.93,0.0
10208.0,-0.93,0.0
10208.0,-0.93,0.0
10209.0,-0.93,0.0
10209.0,-0.82,0.0
10210.0,-0.82,0.0
10210.0,-0.82,0.0
10211.0,-0.82,0.0
10212.0,-0.82,0.0
10212.0,-0.82,0.0
10213.0,-0.74,0.0
10213.0,-0.74,0.0
10214.0,-0.74,0.0
10215.0,-0.74,0.0
10215.0,-0.74,0.0
10216.0,-0.84,0.0
10216.0,-0.84,0.0
10217.0,-0.84,0.0
10217.0,-0.84,0.0
10218.0,-0.84,0.0
10219.0,-1.06,0.0
10219.0,-1.06,0.0
10220.0,-1.06,0.0
10220.0,-1.06,0.0
10221.0,-1.06,0.0
10222.0,-1.06,0.0
10222.0,-1.24,0.0
10223.0,-1.24,0.0
10223.0,-1.24,0.0
10224.0,-1.24,0.0
10225.0,-1.24,0.0
10225.0,-0.82,0.0
10226.0,-0.82,0.0
10226.0,-0.82,0.0
10227.0,-0.82,0.0
10227.0,-0.82,0.0
10228.0,-0.93,0.0
10229.0,-0.93,0.0
10229.0,-0.93,0.0
10230.0,-0.93,0.0
10230.0,-0.93,0.0
10231.0,-0.93,0.0
10232.0,-0.66,0.0
10232.0,-0.66,0.0
10233.0,-0.66,0.0
10233.0,-0.66,0.0
10234.0,-0.66,0.0
10234.0,-0.5,0.0
10235.0,-0.5,0.0
10236.0,-0.5,0.0
10236.0,-0.5,0.0
10237.0,-0.5,0.0
10237.0,-0.65,0.0
10238.0,-0.65,0.0
10239.0,-0.65,0.0
10239.0,-0.65,0.0
10240.0,-0.65,0.0
10240.0,-0.91,0.0
10241.0,-0.91,0.0
10242.0,-0.91,0.0
10242.0,-0.91,0.0
10243.0,-0.91,0.0
10243.0,-0.91,0.0
10244.0,-1.07,0.0
10244.0,-1.07,0.0
10245.0,-1.07,0.0
10246.0,-1.07,0.0
10246.0,-1.07,0.0
10247.0,-0.89,0.0
10247.0,-0.89,0.0
10248.0,-0.89,0.0
10249.0,-0.89,0.0
10249.0,-0.89,0.0
10250.0,-0.65,0.0
10250.0,-0.66,0.0
10251.0,-0.65,0.0
10251.0,-0.66,0.0
10252.0,-0.65,0.0
10253.0,-0.66,0.0
10253.0,-0.73,0.0
10254.0,-0.73,0.0
10254.0,-0.73,0.0
10255.0,-0.73,0.0
10256.0,-0.73,0.0
10256.0,-0.79,0.0
10257.0,-0.79,0.0
10257.0,-0.79,0.0
10258.0,-0.79,0.0
10259.0,-0.79,0.0
10259.0,-0.98,0.0
10260.0,-0.98,0.0
10260.0,-0.98,0.0
10261.0,-0.98,0.0
10261.0,-0.98,0.0
10262.0,-0.98,0.0
10263.0,-1.04,0.0
10263.0,-1.04,0.0
10264.0,-1.04,0.0
10264.0,-1.04,0.0
10265.0,-1.04,0.0
10266.0,-1.05,0.0
10266.0,-1.04,0.0
10267.0,-1.05,0.0
10267.0,-1.04,0.0
10268.0,-1.05,0.0
10268.0,-0.91,0.0
10269.0,-0.91,0.0
10270.0,-0.91,0.0
10270.0,-0.91,0.0
10271.0,-0.91,0.0
10271.0,-0.91,0.0
10272.0,-0.44,0.0
10273.0,-0.44,0.0
10273.0,-0.44,0.0
10274.0,-0.44,0.0
10274.0,-0.44,0.0
10275.0,-0.65,0.0
10276.0,-0.65,0.0
10276.0,-0.65,0.0
10277.0,-0.65,0.0
10277.0,-0.65,0.0
10278.0,-1.06,0.0
10279.0,-1.06,0.0
10279.0,-1.06,0.0
10280.0,-1.06,0.0
10280.0,-1.06,0.0
10281.0,-1.24,0.0
10281.0,-1.24,0.0
10282.0,-1.24,0.0
10283.0,-1.24,0.0
10283.0,-1.24,0.0
10284.0,-1.24,0.0
10284.0,-1.02,0.0
10285.0,-1.01,0.0
10286.0,-1.02,0.0
10286.0,-1.01,0.0
10287.0,-1.02,0.0
10287.0,-0.9,0.0
10288.0,-0.91,0.0
10289.0,-0.9,0.0
10289.0,-0.91,0.0
10290.0,-0.9,0.0
10290.0,-0.83,0.0
10291.0,-0.83,0.0
10291.0,-0.83,0.0
10292.0,-0.83,0.0
10293.0,-0.83,0.0
10293.0,-0.83,0.0
10294.0,-0.74,0.0
10294.0,-0.74,0.0
10295.0,-0.74,0.0
10296.0,-0.74,0.0
10296.0,-0.74,0.0
10297.0,-0.75,0.0
10297.0,-0.75,0.0
10298.0,-0.75,0.0
10299.0,-0.75,0.0
10299.0,-0.75,0.0
10300.0,-1.11,0.0
10300.0,-1.11,0.0
10301.0,-1.11,0.0
10301.0,-1.11,0.0
10302.0,-1.11,0.0
10303.0,-1.11,0.0
10303.0,-1.26,0.0
10304.0,-1.26,0.0
10304.0,-1.26,0.0
10305.0,-1.26,0.0
10306.0,-1.26,0.0
10306.0,-1.17,0.0
10307.0,-1.18,0.0
10307.0,-1.17,0.0
10308.0,-1.18,0.0
10308.0,-1.17,0.0
10309.0,-0.93,0.0
10310.0,-0.93,0.0
10310.0,-0.93,0.0
10311.0,-0.93,0.0
10311.0,-0.93,0.0
10312.0,-0.93,0.0
10313.0,-0.83,0.0
10313.0,-0.83,0.0
10314.0,-0.83,0.0
10314.0,-0.83,0.0
10315.0,-0.83,0.0
10316.0,-0.78,0.0
10316.0,-0.78,0.0
10317.0,-0.78,0.0
10317.0,-0.78,0.0
10318.0,-0.78,0.0
10318.0,-0.96,0.0
10319.0,-0.96,0.0
10320.0,-0.96,0.0
10320.0,-0.96,0.0
10321.0,-0.96,0.0
10321.0,-0.96,0.0
10322.0,-1.18,0.0
10323.0,-1.18,0.0
10323.0,-1.18,0.0
10324.0,-1.18,0.0
10324.0,-1.18,0.0
10325.0,-0.95,0.0
10325.0,-0.96,0.0
10326.0,-0.95,0.0
10327.0,-0.96,0.0
10327.0,-0.95,0.0
10328.0,-0.78,0.0
10328.0,-0.78,0.0
10329.0,-0.78,0.0
10330.0,-0.78,0.0
10330.0,-0.78,0.0
10331.0,-0.78,0.0
10331.0,-0.54,0.0
10332.0,-0.54,0.0
10333.0,-0.54,0.0
10333.0,-0.54,0.0
10334.0,-0.54,0.0
10334.0,-0.5,0.0
10335.0,-0.5,0.0
10335.0,-0.5,0.0
10336.0,-0.5,0.0
10337.0,-0.5,0.0
10337.0,-0.65,0.0
10338.0,-0.65,0.0
10338.0,-0.65,0.0
10339.0,-0.65,0.0
10340.0,-0.65,0.0
10340.0,-0.65,0.0
10341.0,-1.04,0.0
10341.0,-1.04,0.0
10342.0,-1.04,0.0
10342.0,-1.04,0.0
10343.0,-1.04,0.0
10344.0,-0.98,0.0
10344.0,-0.98,0.0
10345.0,-0.98,0.0
10345.0,-0.98,0.0
10346.0,-0.98,0.0
10347.0,-0.84,0.0
10347.0,-0.83,0.0
10348.0,-0.84,0.0
10348.0,-0.83,0.0
10349.0,-0.84,0.0
10350.0,-0.83,0.0
10350.0,-0.79,0.0
10351.0,-0.79,0.0
10351.0,-0.79,0.0
10352.0,-0.79,0.0
10352.0,-0.79,0.0
10353.0,-0.66,0.0
10354.0,-0.66,0.0
10354.0,-0.66,0.0
10355.0,-0.66,0.0
10355.0,-0.66,0.0
10356.0,-0.63,0.0
10357.0,-0.63,0.0
10357.0,-0.63,0.0
10358.0,-0.63,0.0
10358.0,-0.63,0.0
10359.0,-0.94,0.0
10359.0,-0.95,0.0
10360.0,-0.94,0.0
10361.0,-0.95,0.0
10361.0,-0.94,0.0
10362.0,-0.95,0.0
10362.0,-1.14,0.0
10363.0,-1.14,0.0
10364.0,-1.14,0.0
10364.0,-1.14,0.0
10365.0,-1.14,0.0
10365.0,-0.84,0.0
10366.0,-0.84,0.0
10367.0,-0.84,0.0
10367.0,-0.84,0.0
10368.0,-0.84,0.0
10368.0,-0.61,0.0
10369.0,-0.61,0.0
10369.0,-0.61,0.0
10370.0,-0.61,0.0
10371.0,-0.61,0.0
10371.0,-0.61,0.0
10372.0,-0.46,0.0
10372.0,-0.46,0.0
10373.0,-0.46,0.0
10374.0,-0.46,0.0
10374.0,-0.46,0.0
10375.0,-0.65,0.0
10375.0,-0.65,0.0
10376.0,-0.65,0.0
10377.0,-0.65,0.0
10377.0,-0.65,0.0
10378.0,-1.07,0.0
10378.0,-1.07,0.0
10379.0,-1.07,0.0
10380.0,-1.07,0.0
10380.0,-1.07,0.0
10381.0,-1.07,0.0
10381.0,-1.19,0.0
10382.0,-1.19,0.0
10382.0,-1.19,0.0
10383.0,-1.19,0.0
10384.0,-1.19,0.0
10384.0,-1.28,0.0
10385.0,-1.28,0.0
10385.0,-1.28,0.0
10386.0,-1.28,0.0
10387.0,-1.28,0.0
10387.0,-1.27,0.0
10388.0,-1.28,0.0
10388.0,-1.27,0.0
10389.0,-1.28,0.0
10389.0,-1.27,0.0
10390.0,-0.89,0.0
10391.0,-0.89,0.0
10391.0,-0.89,0.0
10392.0,-0.89,0.0
10392.0,-0.89,0.0
10393.0,-0.89,0.0
10394.0,-0.81,0.0
10394.0,-0.81,0.0
10395.0,-0.81,0.0
10395.0,-0.81,0.0
10396.0,-0.81,0.0
10397.0,-1.0,0.0
10397.0,-1.0,0.0
10398.0,-1.0,0.0
10398.0,-1.0,0.0
10399.0,-1.0,0.0
10399.0,-1.17,0.0
10400.0,-1.17,0.0
10401.0,-1.17,0.0
10401.0,-1.17,0.0
10402.0,-1.17,0.0
10402.0,-1.17,0.0
10403.0,-1.15,0.0
10404.0,-1.14,0.0
10404.0,-1.15,0.0
10405.0,-1.14,0.0
10405.0,-1.15,0.0
10406.0,-1.11,0.0
10407.0,-1.11,0.0
10407.0,-1.11,0.0
10408.0,-1.11,0.0
10408.0,-1.11,0.0
10409.0,-0.92,0.0
10409.0,-0.92,0.0
10410.0,-0.92,0.0
10411.0,-0.92,0.0
10411.0,-0.92,0.0
10412.0,-0.92,0.0
10412.0,-0.56,0.0
10413.0,-0.56,0.0
10414.0,-0.56,0.0
10414.0,-0.56,0.0
10415.0,-0.56,0.0
10415.0,-0.45,0.0
10416.0,-0.45,0.0
10416.0,-0.45,0.0
10417.0,-0.45,0.0
10418.0,-0.45,0.0
10418.0,-0.76,0.0
10419.0,-0.76,0.0
10419.0,-0.76,0.0
10420.0,-0.76,0.0
10421.0,-0.76,0.0
10421.0,-0.76,0.0
10422.0,-1.02,0.0
10422.0,-1.02,0.0
10423.0,-1.02,0.0
10424.0,-1.02,0.0
10424.0,-1.02,0.0
10425.0,-0.83,0.0
10425.0,-0.83,0.0
10426.0,-0.83,0.0
10426.0,-0.83,0.0
10427.0,-0.83,0.0
10428.0,-0.78,0.0
10428.0,-0.78,0.0
10429.0,-0.78,0.0
10429.0,-0.78,0.0
10430.0,-0.78,0.0
10431.0,-0.78,0.0
10431.0,-0.59,0.0
10432.0,-0.58,0.0
10432.0,-0.59,0.0
10433.0,-0.58,0.0
10433.0,-0.59,0.0
10434.0,-0.56,0.0
10435.0,-0.57,0.0
10435.0,-0.56,0.0
10436.0,-0.57,0.0
10436.0,-0.56,0.0
10437.0,-0.84,0.0
10438.0,-0.83,0.0
10438.0,-0.84,0.0
10439.0,-0.83,0.0
10439.0,-0.84,0.0
10440.0,-0.83,0.0
10441.0,-1.08,0.0
10441.0,-1.08,0.0
10442.0,-1.08,0.0
10442.0,-1.08,0.0
10443.0,-1.08,0.0
10443.0,-1.0,0.0
10444.0,-1.01,0.0
10445.0,-1.0,0.0
10445.0,-1.01,0.0
10446.0,-1.0,0.0
10446.0,-0.97,0.0
10447.0,-0.97,0.0
10448.0,-0.97,0.0
10448.0,-0.97,0.0
10449.0,-0.97,0.0
10449.0,-0.97,0.0
10450.0,-0.7,0.0
10450.0,-0.7,0.0
10451.0,-0.7,0.0
10452.0,-0.7,0.0
10452.0,-0.7,0.0
10453.0,-0.44,0.0
10453.0,-0.44,0.0
10454.0,-0.44,0.0
10455.0,-0.44,0.0
10455.0,-0.44,0.0
10456.0,-0.65,0.0
10456.0,-0.65,0.0
10457.0,-0.65,0.0
10458.0,-0.65,0.0
10458.0,-0.65,0.0
10459.0,-0.65,0.0
10459.0,-0.95,0.0
10460.0,-0.95,0.0
10460.0,-0.95,0.0
10461.0,-0.95,0.0
10462.0,-0.95,0.0
10462.0,-1.01,0.0
10463.0,-1.02,0.0
10463.0,-1.01,0.0
10464.0,-1.02,0.0
10465.0,-1.01,0.0
10465.0,-1.14,0.0
10466.0,-1.14,0.0
10466.0,-1.14,0.0
10467.0,-1.14,0.0
10468.0,-1.14,0.0
10468.0,-1.06,0.0
10469.0,-1.06,0.0
10469.0,-1.06,0.0
10470.0,-1.06,0.0
10470.0,-1.06,0.0
10471.0,-1.06,0.0
10472.0,-0.89,0.0
10472.0,-0.9,0.0
10473.0,-0.89,0.0
10473.0,-0.9,0.0
10474.0,-0.89,0.0
10475.0,-1.02,0.0
10475.0,-1.01,0.0
10476.0,-1.02,0.0
10476.0,-1.01,0.0
10477.0,-1.02,0.0
10478.0,-0.93,0.0
10478.0,-0.93,0.0
10479.0,-0.93,0.0
10479.0,-0.93,0.0
10480.0,-0.93,0.0
10481.0,-0.93,0.0
10481.0,-1.16,0.0
10482.0,-1.16,0.0
10482.0,-1.16,0.0
10483.0,-1.16,0.0
10483.0,-1.16,0.0
10484.0,-1.44,0.0
10485.0,-1.44,0.0
10485.0,-1.44,0.0
10486.0,-1.44,0.0
10486.0,-1.44,0.0
10487.0,-1.06,0.0
10488.0,-1.06,0.0
10488.0,-1.06,0.0
10489.0,-1.06,0.0
10489.0,-1.06,0.0
10490.0,-1.06,0.0
10490.0,-0.61,0.0
10491.0,-0.61,0.0
10492.0,-0.61,0.0
10492.0,-0.61,0.0
10493.0,-0.61,0.0
10493.0,-0.53,0.0
10494.0,-0.52,0.0
10495.0,-0.53,0.0
10495.0,-0.52,0.0
10496.0,-0.53,0.0
10496.0,-0.87,0.0
10497.0,-0.87,0.0
10498.0,-0.87,0.0
10498.0,-0.87,0.0
10499.0,-0.87,0.0
10499.0,-1.21,0.0
10500.0,-1.21,0.0
10500.0,-1.21,0.0
10501.0,-1.21,0.0
10502.0,-1.21,0.0
10502.0,-1.21,0.0
10503.0,-1.24,0.0
10503.0,-1.24,0.0
10504.0,-1.24,0.0
10505.0,-1.24,0.0
10505.0,-1.24,0.0
10506.0,-1.08,0.0
10506.0,-1.08,0.0
10507.0,-1.08,0.0
10507.0,-1.08,0.0
10508.0,-1.08,0.0
10509.0,-0.9,0.0
10509.0,-0.89,0.0
10510.0,-0.9,0.0
10510.0,-0.89,0.0
10511.0,-0.9,0.0
10512.0,-0.89,0.0
10512.0,-0.56,0.0
10513.0,-0.56,0.0
10513.0,-0.56,0.0
10514.0,-0.56,0.0
10515.0,-0.56,0.0
10515.0,-0.64,0.0
10516.0,-0.64,0.0
10516.0,-0.64,0.0
10517.0,-0.64,0.0
10517.0,-0.64,0.0
10518.0,-0.96,0.0
10519.0,-0.95,0.0
10519.0,-0.96,0.0
10520.0,-0.95,0.0
10520.0,-0.96,0.0
10521.0,-0.95,0.0
10522.0,-1.03,0.0
10522.0,-1.03,0.0
10523.0,-1.03,0.0
10523.0,-1.03,0.0
10524.0,-1.03,0.0
10524.0,-0.83,0.0
10525.0,-0.83,0.0
10526.0,-0.83,0.0
10526.0,-0.83,0.0
10527.0,-0.83,0.0
10527.0,-0.85,0.0
10528.0,-0.85,0.0
10529.0,-0.85,0.0
10529.0,-0.85,0.0
10530.0,-0.85,0.0
10530.0,-0.85,0.0
10531.0,-0.98,0.0
10532.0,-0.98,0.0
10532.0,-0.98,0.0
10533.0,-0.98,0.0
10533.0,-0.98,0.0
10534.0,-0.85,0.0
10534.0,-0.85,0.0
10535.0,-0.85,0.0
10536.0,-0.85,0.0
10536.0,-0.85,0.0
10537.0,-0.77,0.0
10537.0,-0.77,0.0
10538.0,-0.77,0.0
10539.0,-0.77,0.0
10539.0,-0.77,0.0
10540.0,-0.77,0.0
10540.0,-0.85,0.0
10541.0,-0.85,0.0
10541.0,-0.85,0.0
10542.0,-0.85,0.0
10543.0,-0.85,0.0
10543.0,-1.14,0.0
10544.0,-1.15,0.0
10544.0,-1.14,0.0
10545.0,-1.15,0.0
10546.0,-1.14,0.0
10546.0,-1.38,0.0
10547.0,-1.38,0.0
10547.0,-1.38,0.0
10548.0,-1.38,0.0
10549.0,-1.38,0.0
10549.0,-1.38,0.0
10550.0,-0.94,0.0
10550.0,-0.94,0.0
10551.0,-0.94,0.0
10551.0,-0.94,0.0
10552.0,-0.94,0.0
10553.0,-0.84,0.0
10553.0,-0.84,0.0
10554.0,-0.84,0.0
10554.0,-0.84,0.0
10555.0,-0.84,0.0
10556.0,-0.86,0.0
10556.0,-0.86,0.0
10557.0,-0.86,0.0
10557.0,-0.86,0.0
10558.0,-0.86,0.0
10558.0,-0.86,0.0
10559.0,-1.25,0.0
10560.0,-1.25,0.0
10560.0,-1.25,0.0
10561.0,-1.25,0.0
10561.0,-1.25,0.0
10562.0,-1.37,0.0
10563.0,-1.37,0.0
10563.0,-1.37,0.0
10564.0,-1.37,0.0
10564.0,-1.37,0.0
10565.0,-1.08,0.0
10566.0,-1.08,0.0
10566.0,-1.08,0.0
10567.0,-1.08,0.0
10567.0,-1.08,0.0
10568.0,-1.08,0.0
10568.0,-0.82,0.0
10569.0,-0.81,0.0
10570.0,-0.82,0.0
10570.0,-0.81,0.0
10571.0,-0.82,0.0
10571.0,-0.62,0.0
10572.0,-0.62,0.0
10573.0,-0.62,0.0
10573.0,-0.62,0.0
10574.0,-0.62,0.0
10574.0,-0.52,0.0
10575.0,-0.52,0.0
10576.0,-0.52,0.0
10576.0,-0.52,0.0
10577.0,-0.52,0.0
10577.0,-0.62,0.0
10578.0,-0.63,0.0
10579.0,-0.62,0.0
10579.0,-0.63,0.0
10580.0,-0.62,0.0
10580.0,-0.63,0.0
10581.0,-1.02,0.0
10581.0,-1.02,0.0
10582.0,-1.02,0.0
10583.0,-1.02,0.0
10583.0,-1.02,0.0
10584.0,-1.17,0.0
10584.0,-1.17,0.0
10585.0,-1.17,0.0
10586.0,-1.17,0.0
10586.0,-1.17,0.0
10587.0,-0.62,0.0
10587.0,-0.62,0.0
10588.0,-0.62,0.0
10589.0,-0.62,0.0
10589.0,-0.62,0.0
10590.0,-0.62,0.0
10590.0,-0.62,0.0
10591.0,-0.63,0.0
10591.0,-0.62,0.0
10592.0,-0.63,0.0
10593.0,-0.62,0.0
10593.0,-0.76,0.0
10594.0,-0.76,0.0
10594.0,-0.76,0.0
10595.0,-0.76,0.0
10596.0,-0.76,0.0
10596.0,-0.56,0.0
10597.0,-0.56,0.0
10597.0,-0.56,0.0
10598.0,-0.56,0.0
10598.0,-0.56,0.0
10599.0,-0.56,0.0
10600.0,-0.86,0.0
10600.0,-0.86,0.0
10601.0,-0.86,0.0
10601.0,-0.86,0.0
10602.0,-0.86,0.0
10603.0,-1.2,0.0
10603.0,-1.2,0.0
10604.0,-1.2,0.0
10604.0,-1.2,0.0
10605.0,-1.2,0.0
10606.0,-0.83,0.0
10606.0,-0.83,0.0
10607.0,-0.83,0.0
10607.0,-0.83,0.0
10608.0,-0.83,0.0
10608.0,-0.62,0.0
10609.0,-0.62,0.0
10610.0,-0.62,0.0
10610.0,-0.62,0.0
10611.0,-0.62,0.0
10611.0,-0.62,0.0
10612.0,-0.72,0.0
10613.0,-0.72,0.0
10613.0,-0.72,0.0
10614.0,-0.72,0.0
10614.0,-0.72,0.0
10615.0,-0.77,0.0
10615.0,-0.77,0.0
10616.0,-0.77,0.0
10617.0,-0.77,0.0
10617.0,-0.77,0.0
10618.0,-0.83,0.0
10618.0,-0.82,0.0
10619.0,-0.83,0.0
10620.0,-0.82,0.0
10620.0,-0.83,0.0
10621.0,-0.82,0.0
10621.0,-0.87,0.0
10622.0,-0.87,0.0
10623.0,-0.87,0.0
10623.0,-0.87,0.0
10624.0,-0.87,0.0
10624.0,-1.01,0.0
10625.0,-1.01,0.0
10625.0,-1.01,0.0
10626.0,-1.01,0.0
10627.0,-1.01,0.0
10627.0,-0.95,0.0
10628.0,-0.95,0.0
10628.0,-0.95,0.0
10629.0,-0.95,0.0
10630.0,-0.95,0.0
10630.0,-0.95,0.0
10631.0,-0.51,0.0
10631.0,-0.51,0.0
10632.0,-0.51,0.0
10632.0,-0.51,0.0
10633.0,-0.51,0.0
10634.0,-0.69,0.0
10634.0,-0.69,0.0
10635.0,-0.69,0.0
10635.0,-0.69,0.0
10636.0,-0.69,0.0
10637.0,-1.12,0.0
10637.0,-1.12,0.0
10638.0,-1.12,0.0
10638.0,-1.12,0.0
10639.0,-1.12,0.0
10640.0,-1.12,0.0
10640.0,-1.29,0.0
10641.0,-1.29,0.0
10641.0,-1.29,0.0
10642.0,-1.29,0.0
10642.0,-1.29,0.0
10643.0,-0.98,0.0
10644.0,-0.98,0.0
10644.0,-0.98,0.0
10645.0,-0.98,0.0
10645.0,-0.98,0.0
10646.0,-0.87,0.0
10647.0,-0.87,0.0
10647.0,-0.87,0.0
10648.0,-0.87,0.0
10648.0,-0.87,0.0
10649.0,-0.87,0.0
10649.0,-0.67,0.0
10650.0,-0.67,0.0
10651.0,-0.67,0.0
10651.0,-0.67,0.0
10652.0,-0.67,0.0
10652.0,-0.75,0.0
10653.0,-0.75,0.0
10654.0,-0.75,0.0
10654.0,-0.75,0.0
10655.0,-0.75,0.0
10655.0,-0.9,0.0
10656.0,-0.9,0.0
10657.0,-0.9,0.0
10657.0,-0.9,0.0
10658.0,-0.9,0.0
10658.0,-0.9,0.0
10659.0,-0.92,0.0
10659.0,-0.92,0.0
10660.0,-0.92,0.0
10661.0,-0.92,0.0
10661.0,-0.92,0.0
10662.0,-1.16,0.0
10662.0,-1.16,0.0
10663.0,-1.16,0.0
10664.0,-1.16,0.0
10664.0,-1.16,0.0
10665.0,-1.24,0.0
10665.0,-1.24,0.0
10666.0,-1.24,0.0
10666.0,-1.24,0.0
10667.0,-1.24,0.0
10668.0,-1.24,0.0
10668.0,-0.77,0.0
10669.0,-0.77,0.0
10669.0,-0.77,0.0
10670.0,-0.77,0.0
10671.0,-0.77,0.0
10671.0,-0.66,0.0
10672.0,-0.66,0.0
10672.0,-0.66,0.0
10673.0,-0.66,0.0
10674.0,-0.66,0.0
10674.0,-0.57,0.0
10675.0,-0.57,0.0
10675.0,-0.57,0.0
10676.0,-0.57,0.0
10676.0,-0.57,0.0
10677.0,-0.57,0.0
10678.0,-0.68,0.0
10678.0,-0.68,0.0
10679.0,-0.68,0.0
10679.0,-0.68,0.0
10680.0,-0.68,0.0
10681.0,-0.94,0.0
10681.0,-0.94,0.0
10682.0,-0.94,0.0
10682.0,-0.94,0.0
10683.0,-0.94,0.0
10684.0,-1.02,0.0
10684.0,-1.02,0.0
10685.0,-1.02,0.0
10685.0,-1.02,0.0
10686.0,-1.02,0.0
10687.0,-0.84,0.0
10687.0,-0.84,0.0
10688.0,-0.84,0.0
10688.0,-0.84,0.0
10689.0,-0.84,0.0
10689.0,-0.84,0.0
10690.0,-0.72,0.0
10691.0,-0.72,0.0
10691.0,-0.72,0.0
10692.0,-0.72,0.0
10692.0,-0.72,0.0
10693.0,-0.66,0.0
10694.0,-0.66,0.0
10694.0,-0.66,0.0
10695.0,-0.66,0.0
10695.0,-0.66,0.0
10696.0,-0.8,0.0
10697.0,-0.8,0.0
10697.0,-0.8,0.0
10698.0,-0.8,0.0
10698.0,-0.8,0.0
10699.0,-0.8,0.0
10699.0,-0.97,0.0
10700.0,-0.97,0.0
10701.0,-0.97,0.0
10701.0,-0.97,0.0
10702.0,-0.97,0.0
10702.0,-1.17,0.0
10703.0,-1.17,0.0
10704.0,-1.17,0.0
10704.0,-1.17,0.0
10705.0,-1.17,0.0
10705.0,-1.28,0.0
10706.0,-1.28,0.0
10706.0,-1.28,0.0
10707.0,-1.28,0.0
10708.0,-1.28,0.0
10708.0,-1.28,0.0
10709.0,-0.77,0.0
10709.0,-0.78,0.0
10710.0,-0.77,0.0
10711.0,-0.78,0.0
10711.0,-0.77,0.0
10712.0,-0.49,0.0
10712.0,-0.49,0.0
10713.0,-0.49,0.0
10714.0,-0.49,0.0
10714.0,-0.49,0.0
10715.0,-0.76,0.0
10715.0,-0.76,0.0
10716.0,-0.76,0.0
10716.0,-0.76,0.0
10717.0,-0.76,0.0
10718.0,-0.76,0.0
10718.0,-0.99,0.0
10719.0,-0.99,0.0
10719.0,-0.99,0.0
10720.0,-0.99,0.0
10721.0,-0.99,0.0
10721.0,-1.08,0.0
10722.0,-1.08,0.0
10722.0,-1.08,0.0
10723.0,-1.08,0.0
10723.0,-1.08,0.0
10724.0,-1.1,0.0
10725.0,-1.1,0.0
10725.0,-1.1,0.0
10726.0,-1.1,0.0
10726.0,-1.1,0.0
10727.0,-0.98,0.0
10728.0,-0.98,0.0
10728.0,-0.98,0.0
10729.0,-0.98,0.0
10729.0,-0.98,0.0
10730.0,-0.98,0.0
10731.0,-0.71,0.0
10731.0,-0.7,0.0
10732.0,-0.71,0.0
10732.0,-0.7,0.0
10733.0,-0.71,0.0
10733.0,-0.51,0.0
10734.0,-0.51,0.0
10735.0,-0.51,0.0
10735.0,-0.51,0.0
10736.0,-0.51,0.0
10736.0,-0.56,0.0
10737.0,-0.56,0.0
10738.0,-0.56,0.0
10738.0,-0.56,0.0
10739.0,-0.56,0.0
10739.0,-0.56,0.0
10740.0,-0.91,0.0
10740.0,-0.91,0.0
10741.0,-0.91,0.0
10742.0,-0.91,0.0
10742.0,-0.91,0.0
10743.0,-1.32,0.0
10743.0,-1.32,0.0
10744.0,-1.32,0.0
10745.0,-1.32,0.0
10745.0,-1.32,0.0
10746.0,-0.99,0.0
10746.0,-0.99,0.0
10747.0,-0.99,0.0
10748.0,-0.99,0.0
10748.0,-0.99,0.0
10749.0,-0.99,0.0
10749.0,-0.77,0.0
10750.0,-0.77,0.0
10750.0,-0.77,0.0
10751.0,-0.77,0.0
10752.0,-0.77,0.0
10752.0,-0.88,0.0
10753.0,-0.88,0.0
10753.0,-0.88,0.0
10754.0,-0.88,0.0
10755.0,-0.88,0.0
10755.0,-0.96,0.0
10756.0,-0.96,0.0
10756.0,-0.96,0.0
10757.0,-0.96,0.0
10757.0,-0.96,0.0
10758.0,-0.96,0.0
10759.0,-0.84,0.0
10759.0,-0.84,0.0
10760.0,-0.84,0.0
10760.0,-0.84,0.0
10761.0,-0.84,0.0
10762.0,-0.88,0.0
10762.0,-0.88,0.0
10763.0,-0.88,0.0
10763.0,-0.88,0.0
10764.0,-0.88,0.0
10765.0,-1.05,0.0
10765.0,-1.04,0.0
10766.0,-1.05,0.0
10766.0,-1.04,0.0
10767.0,-1.05,0.0
10767.0,-1.04,0.0
10768.0,-0.88,0.0
10769.0,-0.88,0.0
10769.0,-0.88,0.0
10770.0,-0.88,0.0
10770.0,-0.88,0.0
10771.0,-0.75,0.0
10772.0,-0.75,0.0
10772.0,-0.75,0.0
10773.0,-0.75,0.0
10773.0,-0.75,0.0
10774.0,-0.65,0.0
10774.0,-0.65,0.0
10775.0,-0.65,0.0
10776.0,-0.65,0.0
10776.0,-0.65,0.0
10777.0,-0.65,0.0
10777.0,-0.85,0.0
10778.0,-0.85,0.0
10779.0,-0.85,0.0
10779.0,-0.85,0.0
10780.0,-0.85,0.0
10780.0,-1.2,0.0
10781.0,-1.2,0.0
10782.0,-1.2,0.0
10782.0,-1.2,0.0
10783.0,-1.2,0.0
10783.0,-1.05,0.0
10784.0,-1.04,0.0
10785.0,-1.05,0.0
10785.0,-1.04,0.0
10786.0,-1.05,0.0
10786.0,-1.02,0.0
10787.0,-1.03,0.0
10787.0,-1.02,0.0
10788.0,-1.03,0.0
10789.0,-1.02,0.0
10789.0,-1.03,0.0
10790.0,-1.01,0.0
10790.0,-1.01,0.0
10791.0,-1.01,0.0
10792.0,-1.01,0.0
10792.0,-1.01,0.0
10793.0,-0.66,0.0
10793.0,-0.65,0.0
10794.0,-0.66,0.0
10795.0,-0.65,0.0
10795.0,-0.66,0.0
10796.0,-0.55,0.0
10796.0,-0.55,0.0
10797.0,-0.55,0.0
10797.0,-0.55,0.0
10798.0,-0.55,0.0
10799.0,-0.55,0.0
10799.0,-0.97,0.0
10800.0,-0.97,0.0
10800.0,-0.97,0.0
10801.0,-0.97,0.0
10802.0,-0.97,0.0
10802.0,-0.94,0.0
10803.0,-0.94,0.0
10803.0,-0.94,0.0
10804.0,-0.94,0.0
10805.0,-0.94,0.0
10805.0,-0.89,0.0
10806.0,-0.89,0.0
10806.0,-0.89,0.0
10807.0,-0.89,0.0
10807.0,-0.89,0.0
10808.0,-0.89,0.0
10809.0,-0.76,0.0
10809.0,-0.77,0.0
10810.0,-0.76,0.0
10810.0,-0.77,0.0
10811.0,-0.76,0.0
10812.0,-0.69,0.0
10812.0,-0.69,0.0
10813.0,-0.69,0.0
10813.0,-0.69,0.0
10814.0,-0.69,0.0
10814.0,-0.77,0.0
10815.0,-0.77,0.0
10816.0,-0.77,0.0
10816.0,-0.77,0.0
10817.0,-0.77,0.0
10817.0,-0.77,0.0
10818.0,-0.86,0.0
10819.0,-0.86,0.0
10819.0,-0.86,0.0
10820.0,-0.86,0.0
10820.0,-0.86,0.0
10821.0,-1.22,0.0
10822.0,-1.22,0.0
10822.0,-1.22,0.0
10823.0,-1.22,0.0
10823.0,-1.22,0.0
10824.0,-1.18,0.0
10824.0,-1.18,0.0
10825.0,-1.18,0.0
10826.0,-1.18,0.0
10826.0,-1.18,0.0
10827.0,-1.18,0.0
10827.0,-0.86,0.0
10828.0,-0.86,0.0
10829.0,-0.86,0.0
10829.0,-0.86,0.0
10830.0,-0.86,0.0
10830.0,-0.54,0.0
10831.0,-0.54,0.0
10831.0,-0.54,0.0
10832.0,-0.54,0.0
10833.0,-0.54,0.0
10833.0,-0.56,0.0
10834.0,-0.56,0.0
10834.0,-0.56,0.0
10835.0,-0.56,0.0
10836.0,-0.56,0.0
10836.0,-0.84,0.0
10837.0,-0.83,0.0
10837.0,-0.84,0.0
10838.0,-0.83,0.0
10839.0,-0.84,0.0
10839.0,-0.83,0.0
10840.0,-0.84,0.0
10840.0,-0.84,0.0
10841.0,-0.84,0.0
10841.0,-0.84,0.0
10842.0,-0.84,0.0
10843.0,-1.16,0.0
10843.0,-1.16,0.0
10844.0,-1.16,0.0
10844.0,-1.16,0.0
10845.0,-1.16,0.0
10846.0,-1.0,0.0
10846.0,-1.0,0.0
10847.0,-1.0,0.0
10847.0,-1.0,0.0
10848.0,-1.0,0.0
10848.0,-1.0,0.0
10849.0,-0.55,0.0
10850.0,-0.55,0.0
10850.0,-0.55,0.0
10851.0,-0.55,0.0
10851.0,-0.55,0.0
10852.0,-0.65,0.0
10853.0,-0.66,0.0
10853.0,-0.65,0.0
10854.0,-0.66,0.0
10854.0,-0.65,0.0
10855.0,-0.85,0.0
10856.0,-0.85,0.0
10856.0,-0.85,0.0
10857.0,-0.85,0.0
10857.0,-0.85,0.0
10858.0,-0.85,0.0
10858.0,-0.87,0.0
10859.0,-0.87,0.0
10860.0,-0.87,0.0
10860.0,-0.87,0.0
10861.0,-0.87,0.0
10861.0,-1.15,0.0
10862.0,-1.16,0.0
10863.0,-1.15,0.0
10863.0,-1.16,0.0
10864.0,-1.15,0.0
10864.0,-1.27,0.0
10865.0,-1.26,0.0
10866.0,-1.27,0.0
10866.0,-1.26,0.0
10867.0,-1.27,0.0
10867.0,-1.26,0.0
10868.0,-1.02,0.0
10868.0,-1.01,0.0
10869.0,-1.02,0.0
10870.0,-1.01,0.0
10870.0,-1.02,0.0
10871.0,-0.9,0.0
10871.0,-0.91,0.0
10872.0,-0.9,0.0
10873.0,-0.91,0.0
10873.0,-0.9,0.0
10874.0,-0.76,0.0
10874.0,-0.76,0.0
10875.0,-0.76,0.0
10875.0,-0.76,0.0
10876.0,-0.76,0.0
10877.0,-0.76,0.0
10877.0,-1.1,0.0
10878.0,-1.1,0.0
10878.0,-1.1,0.0
10879.0,-1.1,0.0
10880.0,-1.1,0.0
10880.0,-1.51,0.0
10881.0,-1.51,0.0
10881.0,-1.51,0.0
10882.0,-1.51,0.0
10883.0,-1.51,0.0
10883.0,-1.35,0.0
10884.0,-1.35,0.0
10884.0,-1.35,0.0
10885.0,-1.35,0.0
10886.0,-1.35,0.0
10886.0,-1.13,0.0
10887.0,-1.13,0.0
10887.0,-1.13,0.0
10888.0,-1.13,0.0
10888.0,-1.13,0.0
10889.0,-1.13,0.0
10890.0,-0.79,0.0
10890.0,-0.79,0.0
10891.0,-0.79,0.0
10891.0,-0.79,0.0
10892.0,-0.79,0.0
10893.0,-0.58,0.0
10893.0,-0.58,0.0
10894.0,-0.58,0.0
10894.0,-0.58,0.0
10895.0,-0.58,0.0
10896.0,-0.77,0.0
10896.0,-0.77,0.0
10897.0,-0.77,0.0
10897.0,-0.77,0.0
10898.0,-0.77,0.0
10898.0,-0.77,0.0
10899.0,-0.98,0.0
10900.0,-0.98,0.0
10900.0,-0.98,0.0
10901.0,-0.98,0.0
10901.0,-0.98,0.0
10902.0,-1.16,0.0
10903.0,-1.15,0.0
10903.0,-1.16,0.0
10904.0,-1.15,0.0
10904.0,-1.16,0.0
10905.0,-0.96,0.0
10905.0,-0.96,0.0
10906.0,-0.96,0.0
10907.0,-0.96,0.0
10907.0,-0.96,0.0
10908.0,-0.96,0.0
10908.0,-0.71,0.0
10909.0,-0.71,0.0
10910.0,-0.71,0.0
10910.0,-0.71,0.0
10911.0,-0.71,0.0
10911.0,-0.5,0.0
10912.0,-0.5,0.0
10913.0,-0.5,0.0
10913.0,-0.5,0.0
10914.0,-0.5,0.0
10914.0,-0.75,0.0
10915.0,-0.76,0.0
10915.0,-0.75,0.0
10916.0,-0.76,0.0
10917.0,-0.75,0.0
10917.0,-0.76,0.0
10918.0,-0.96,0.0
10918.0,-0.97,0.0
10919.0,-0.96,0.0
10920.0,-0.97,0.0
10920.0,-0.96,0.0
10921.0,-0.79,0.0
10921.0,-0.79,0.0
10922.0,-0.79,0.0
10922.0,-0.79,0.0
10923.0,-0.79,0.0
10924.0,-1.06,0.0
10924.0,-1.06,0.0
10925.0,-1.06,0.0
10925.0,-1.06,0.0
10926.0,-1.06,0.0
10927.0,-1.06,0.0
10927.0,-0.87,0.0
10928.0,-0.87,0.0
10928.0,-0.87,0.0
10929.0,-0.87,0.0
10930.0,-0.87,0.0
10930.0,-0.63,0.0
10931.0,-0.63,0.0
10931.0,-0.63,0.0
10932.0,-0.63,0.0
10932.0,-0.63,0.0
10933.0,-0.53,0.0
10934.0,-0.53,0.0
10934.0,-0.53,0.0
10935.0,-0.53,0.0
10935.0,-0.53,0.0
10936.0,-0.53,0.0
10937.0,-0.89,0.0
10937.0,-0.89,0.0
10938.0,-0.89,0.0
10938.0,-0.89,0.0
10939.0,-0.89,0.0
10939.0,-1.12,0.0
10940.0,-1.12,0.0
10941.0,-1.12,0.0
10941.0,-1.12,0.0
10942.0,-1.12,0.0
10942.0,-1.0,0.0
10943.0,-1.0,0.0
10944.0,-1.0,0.0
10944.0,-1.0,0.0
10945.0,-1.0,0.0
10945.0,-1.01,0.0
10946.0,-1.01,0.0
10947.0,-1.01,0.0
10947.0,-1.01,0.0
10948.0,-1.01,0.0
10948.0,-1.01,0.0
10949.0,-0.94,0.0
10949.0,-0.94,0.0
10950.0,-0.94,0.0
10951.0,-0.94,0.0
10951.0,-0.94,0.0
10952.0,-0.8,0.0
10952.0,-0.8,0.0
10953.0,-0.8,0.0
10954.0,-0.8,0.0
10954.0,-0.8,0.0
10955.0,-0.88,0.0
10955.0,-0.88,0.0
10956.0,-0.88,0.0
10956.0,-0.88,0.0
10957.0,-0.88,0.0
10958.0,-0.88,0.0
10958.0,-1.21,0.0
10959.0,-1.21,0.0
10959.0,-1.21,0.0
10960.0,-1.21,0.0
10961.0,-1.21,0.0
10961.0,-1.39,0.0
10962.0,-1.4,0.0
10962.0,-1.39,0.0
10963.0,-1.4,0.0
10964.0,-1.39,0.0
10964.0,-1.21,0.0
10965.0,-1.21,0.0
10965.0,-1.21,0.0
10966.0,-1.21,0.0
10966.0,-1.21,0.0
10967.0,-1.21,0.0
10968.0,-0.95,0.0
10968.0,-0.95,0.0
10969.0,-0.95,0.0
10969.0,-0.95,0.0
10970.0,-0.95,0.0
10971.0,-0.93,0.0
10971.0,-0.93,0.0
10972.0,-0.93,0.0
10972.0,-0.93,0.0
10973.0,-0.93,0.0
10974.0,-0.85,0.0
10974.0,-0.85,0.0
10975.0,-0.85,0.0
10975.0,-0.85,0.0
10976.0,-0.85,0.0
10976.0,-0.85,0.0
10977.0,-0.89,0.0
10978.0,-0.89,0.0
10978.0,-0.89,0.0
10979.0,-0.89,0.0
10979.0,-0.89,0.0
10980.0,-1.06,0.0
10981.0,-1.06,0.0
10981.0,-1.06,0.0
10982.0,-1.06,0.0
10982.0,-1.06,0.0
10983.0,-0.8,0.0
10984.0,-0.8,0.0
10984.0,-0.8,0.0
10985.0,-0.8,0.0
10985.0,-0.8,0.0
10986.0,-0.73,0.0
10987.0,-0.73,0.0
10987.0,-0.73,0.0
10988.0,-0.73,0.0
10988.0,-0.73,0.0
10989.0,-0.73,0.0
10989.0,-0.46,0.0
10990.0,-0.46,0.0
10991.0,-0.46,0.0
10991.0,-0.46,0.0
10992.0,-0.46,0.0
10992.0,-0.29,0.0
10993.0,-0.28,0.0
10994.0,-0.29,0.0
10994.0,-0.28,0.0
10995.0,-0.29,0.0
10995.0,-0.54,0.0
10996.0,-0.54,0.0
10996.0,-0.54,0.0
10997.0,-0.54,0.0
10998.0,-0.54,0.0
10998.0,-0.54,0.0
10999.0,-0.88,0.0
10999.0,-0.88,0.0
11000.0,-0.88,0.0
11001.0,-0.88,0.0
11001.0,-0.88,0.0
11002.0,-0.88,0.0
11002.0,-0.88,0.0
11003.0,-0.88,0.0
11004.0,-0.88,0.0
11004.0,-0.88,0.0
11005.0,-1.03,0.0
11005.0,-1.03,0.0
11006.0,-1.03,0.0
11006.0,-1.03,0.0
11007.0,-1.03,0.0
11008.0,-1.03,0.0
11008.0,-1.14,0.0
11009.0,-1.14,0.0
11009.0,-1.14,0.0
11010.0,-1.14,0.0
11011.0,-1.14,0.0
11011.0,-0.82,0.0
11012.0,-0.82,0.0
11012.0,-0.82,0.0
11013.0,-0.82,0.0
11013.0,-0.82,0.0
11014.0,-0.7,0.0
11015.0,-0.7,0.0
11015.0,-0.7,0.0
11016.0,-0.7,0.0
11016.0,-0.7,0.0
11017.0,-0.7,0.0
11018.0,-0.91,0.0
11018.0,-0.91,0.0
11019.0,-0.91,0.0
11019.0,-0.91,0.0
11020.0,-0.91,0.0
11021.0,-1.18,0.0
11021.0,-1.18,0.0
11022.0,-1.18,0.0
11022.0,-1.18,0.0
11023.0,-1.18,0.0
11023.0,-1.3,0.0
11024.0,-1.31,0.0
11025.0,-1.3,0.0
11025.0,-1.31,0.0
11026.0,-1.3,0.0
11026.0,-1.31,0.0
11027.0,-0.96,0.0
11028.0,-0.97,0.0
11028.0,-0.96,0.0
11029.0,-0.97,0.0
11029.0,-0.96,0.0
11030.0,-0.85,0.0
11030.0,-0.85,0.0
11031.0,-0.85,0.0
11032.0,-0.85,0.0
11032.0,-0.85,0.0
11033.0,-0.9,0.0
11033.0,-0.91,0.0
11034.0,-0.9,0.0
11035.0,-0.91,0.0
11035.0,-0.9,0.0
11036.0,-0.91,0.0
11036.0,-0.95,0.0
11037.0,-0.96,0.0
11038.0,-0.95,0.0
11038.0,-0.96,0.0
11039.0,-0.95,0.0
11039.0,-0.99,0.0
11040.0,-0.99,0.0
11040.0,-0.99,0.0
11041.0,-0.99,0.0
11042.0,-0.99,0.0
11042.0,-1.17,0.0
11043.0,-1.17,0.0
11043.0,-1.17,0.0
11044.0,-1.17,0.0
11045.0,-1.17,0.0
11045.0,-1.17,0.0
11046.0,-1.01,0.0
11046.0,-1.01,0.0
11047.0,-1.01,0.0
11047.0,-1.01,0.0
11048.0,-1.01,0.0
11049.0,-0.54,0.0
11049.0,-0.54,0.0
11050.0,-0.54,0.0
11050.0,-0.54,0.0
11051.0,-0.54,0.0
11052.0,-0.41,0.0
11052.0,-0.41,0.0
11053.0,-0.41,0.0
11053.0,-0.41,0.0
11054.0,-0.41,0.0
11055.0,-0.69,0.0
11055.0,-0.69,0.0
11056.0,-0.69,0.0
11056.0,-0.69,0.0
11057.0,-0.69,0.0
11057.0,-0.69,0.0
11058.0,-1.08,0.0
11059.0,-1.08,0.0
11059.0,-1.08,0.0
11060.0,-1.08,0.0
11060.0,-1.08,0.0
11061.0,-1.14,0.0
11062.0,-1.14,0.0
11062.0,-1.14,0.0
11063.0,-1.14,0.0
11063.0,-1.14,0.0
11064.0,-1.18,0.0
11064.0,-1.18,0.0
11065.0,-1.18,0.0
11066.0,-1.18,0.0
11066.0,-1.18,0.0
11067.0,-1.18,0.0
11067.0,-0.95,0.0
11068.0,-0.95,0.0
11069.0,-0.95,0.0
11069.0,-0.95,0.0
11070.0,-0.95,0.0
11070.0,-0.62,0.0
11071.0,-0.63,0.0
11072.0,-0.62,0.0
11072.0,-0.63,0.0
11073.0,-0.62,0.0
11073.0,-0.72,0.0
11074.0,-0.72,0.0
11074.0,-0.72,0.0
11075.0,-0.72,0.0
11076.0,-0.72,0.0
11076.0,-0.72,0.0
11077.0,-0.72,0.0
11077.0,-0.72,0.0
11078.0,-0.72,0.0
11079.0,-0.72,0.0
11079.0,-0.72,0.0
11080.0,-0.73,0.0
11080.0,-0.73,0.0
11081.0,-0.73,0.0
11082.0,-0.73,0.0
11082.0,-0.73,0.0
11083.0,-0.76,0.0
11083.0,-0.76,0.0
11084.0,-0.76,0.0
11085.0,-0.76,0.0
11085.0,-0.76,0.0
11086.0,-0.76,0.0
11086.0,-0.88,0.0
11087.0,-0.88,0.0
11087.0,-0.88,0.0
11088.0,-0.88,0.0
11089.0,-0.88,0.0
11089.0,-0.76,0.0
11090.0,-0.77,0.0
11090.0,-0.76,0.0
11091.0,-0.77,0.0
11092.0,-0.76,0.0
11092.0,-0.59,0.0
11093.0,-0.59,0.0
11093.0,-0.59,0.0
11094.0,-0.59,0.0
11095.0,-0.59,0.0
11095.0,-0.63,0.0
11096.0,-0.64,0.0
11096.0,-0.63,0.0
11097.0,-0.64,0.0
11097.0,-0.63,0.0
11098.0,-0.64,0.0
11099.0,-1.1,0.0
11099.0,-1.1,0.0
11100.0,-1.1,0.0
11100.0,-1.1,0.0
11101.0,-1.1,0.0
11102.0,-1.2,0.0
11102.0,-1.2,0.0
11103.0,-1.2,0.0
11103.0,-1.2,0.0
11104.0,-1.2,0.0
11104.0,-0.99,0.0
11105.0,-0.99,0.0
11106.0,-0.99,0.0
11106.0,-0.99,0.0
11107.0,-0.99,0.0
11107.0,-0.99,0.0
11108.0,-0.69,0.0
11109.0,-0.69,0.0
11109.0,-0.69,0.0
11110.0,-0.69,0.0
11110.0,-0.69,0.0
11111.0,-0.59,0.0
11112.0,-0.59,0.0
11112.0,-0.59,0.0
11113.0,-0.59,0.0
11113.0,-0.59,0.0
11114.0,-0.88,0.0
11114.0,-0.89,0.0
11115.0,-0.88,0.0
11116.0,-0.89,0.0
11116.0,-0.88,0.0
11117.0,-0.89,0.0
11117.0,-1.03,0.0
11118.0,-1.04,0.0
11119.0,-1.03,0.0
11119.0,-1.04,0.0
11120.0,-1.03,0.0
11120.0,-1.04,0.0
11121.0,-1.03,0.0
11121.0,-1.04,0.0
11122.0,-1.03,0.0
11123.0,-1.04,0.0
11123.0,-1.24,0.0
11124.0,-1.24,0.0
11124.0,-1.24,0.0
11125.0,-1.24,0.0
11126.0,-1.24,0.0
11126.0,-1.24,0.0
11127.0,-1.26,0.0
11127.0,-1.26,0.0
11128.0,-1.26,0.0
11129.0,-1.26,0.0
11129.0,-1.26,0.0
11130.0,-0.81,0.0
11130.0,-0.81,0.0
11131.0,-0.81,0.0
11131.0,-0.81,0.0
11132.0,-0.81,0.0
11133.0,-0.6,0.0
11133.0,-0.6,0.0
11134.0,-0.6,0.0
11134.0,-0.6,0.0
11135.0,-0.6,0.0
11136.0,-0.6,0.0
11136.0,-0.81,0.0
11137.0,-0.81,0.0
11137.0,-0.81,0.0
11138.0,-0.81,0.0
11138.0,-0.81,0.0
11139.0,-1.11,0.0
11140.0,-1.11,0.0
11140.0,-1.11,0.0
11141.0,-1.11,0.0
11141.0,-1.11,0.0
11142.0,-1.06,0.0
11143.0,-1.06,0.0
11143.0,-1.06,0.0
11144.0,-1.06,0.0
11144.0,-1.06,0.0
11145.0,-1.06,0.0
11146.0,-0.87,0.0
11146.0,-0.87,0.0
11147.0,-0.87,0.0
11147.0,-0.87,0.0
11148.0,-0.87,0.0
11148.0,-0.62,0.0
11149.0,-0.62,0.0
11150.0,-0.62,0.0
11150.0,-0.62,0.0
11151.0,-0.62,0.0
11151.0,-0.48,0.0
11152.0,-0.48,0.0
11153.0,-0.48,0.0
11153.0,-0.48,0.0
11154.0,-0.48,0.0
11154.0,-0.48,0.0
11155.0,-0.51,0.0
11156.0,-0.51,0.0
11156.0,-0.51,0.0
11157.0,-0.51,0.0
11157.0,-0.51,0.0
11158.0,-1.0,0.0
11158.0,-1.0,0.0
11159.0,-1.0,0.0
11160.0,-1.0,0.0
11160.0,-1.0,0.0
11161.0,-1.29,0.0
11161.0,-1.29,0.0
11162.0,-1.29,0.0
11163.0,-1.29,0.0
11163.0,-1.29,0.0
11164.0,-1.29,0.0
11164.0,-0.98,0.0
11165.0,-0.98,0.0
11165.0,-0.98,0.0
11166.0,-0.98,0.0
11167.0,-0.98,0.0
11167.0,-0.89,0.0
11168.0,-0.89,0.0
11168.0,-0.89,0.0
11169.0,-0.89,0.0
11170.0,-0.89,0.0
11170.0,-0.62,0.0
11171.0,-0.62,0.0
11171.0,-0.62,0.0
11172.0,-0.62,0.0
11172.0,-0.62,0.0
11173.0,-0.69,0.0
11174.0,-0.69,0.0
11174.0,-0.69,0.0
11175.0,-0.69,0.0
11175.0,-0.69,0.0
11176.0,-0.69,0.0
11177.0,-0.95,0.0
11177.0,-0.95,0.0
11178.0,-0.95,0.0
11178.0,-0.95,0.0
11179.0,-0.95,0.0
11180.0,-1.22,0.0
11180.0,-1.22,0.0
11181.0,-1.22,0.0
11181.0,-1.22,0.0
11182.0,-1.22,0.0
11182.0,-1.22,0.0
11183.0,-1.22,0.0
11184.0,-1.22,0.0
11184.0,-1.22,0.0
11185.0,-1.22,0.0
11186.0,-1.22,0.0
11186.0,-1.24,0.0
11187.0,-1.24,0.0
11187.0,-1.24,0.0
11188.0,-1.24,0.0
11188.0,-1.24,0.0
11189.0,-0.88,0.0
11190.0,-0.88,0.0
11190.0,-0.88,0.0
11191.0,-0.88,0.0
11191.0,-0.88,0.0
11192.0,-0.54,0.0
11193.0,-0.54,0.0
11193.0,-0.54,0.0
11194.0,-0.54,0.0
11194.0,-0.54,0.0
11195.0,-0.54,0.0
11195.0,-0.55,0.0
11196.0,-0.55,0.0
11197.0,-0.55,0.0
11197.0,-0.55,0.0
11198.0,-0.55,0.0
11198.0,-0.92,0.0
11199.0,-0.92,0.0
11200.0,-0.92,0.0
11200.0,-0.92,0.0
11201.0,-0.92,0.0
11201.0,-1.22,0.0
11202.0,-1.22,0.0
11203.0,-1.22,0.0
11203.0,-1.22,0.0
11204.0,-1.22,0.0
11204.0,-1.19,0.0
11205.0,-1.19,0.0
11205.0,-1.19,0.0
11206.0,-1.19,0.0
11207.0,-1.19,0.0
11207.0,-1.19,0.0
11208.0,-0.87,0.0
11208.0,-0.87,0.0
11209.0,-0.87,0.0
11210.0,-0.87,0.0
11210.0,-0.87,0.0
11211.0,-0.46,0.0
11211.0,-0.46,0.0
11212.0,-0.46,0.0
11212.0,-0.46,0.0
11213.0,-0.46,0.0
11214.0,-0.58,0.0
11214.0,-0.58,0.0
11215.0,-0.58,0.0
11215.0,-0.58,0.0
11216.0,-0.58,0.0
11217.0,-0.58,0.0
11217.0,-0.91,0.0
11218.0,-0.91,0.0
11218.0,-0.91,0.0
11219.0,-0.91,0.0
11220.0,-0.91,0.0
11220.0,-1.15,0.0
11221.0,-1.14,0.0
11221.0,-1.15,0.0
11222.0,-1.14,0.0
11222.0,-1.15,0.0
11223.0,-1.14,0.0
11224.0,-1.14,0.0
11224.0,-1.14,0.0
11225.0,-1.14,0.0
11225.0,-1.14,0.0
11226.0,-1.14,0.0
11227.0,-1.07,0.0
11227.0,-1.07,0.0
11228.0,-1.07,0.0
11228.0,-1.07,0.0
11229.0,-1.07,0.0
11229.0,-0.83,0.0
11230.0,-0.83,0.0
11231.0,-0.83,0.0
11231.0,-0.83,0.0
11232.0,-0.83,0.0
11232.0,-0.77,0.0
11233.0,-0.77,0.0
11234.0,-0.77,0.0
11234.0,-0.77,0.0
11235.0,-0.77,0.0
11235.0,-0.77,0.0
11236.0,-0.74,0.0
11237.0,-0.74,0.0
11237.0,-0.74,0.0
11238.0,-0.74,0.0
11238.0,-0.74,0.0
11239.0,-1.01,0.0
11239.0,-1.01,0.0
11240.0,-1.01,0.0
11241.0,-1.01,0.0
11241.0,-1.01,0.0
11242.0,-1.22,0.0
11242.0,-1.22,0.0
11243.0,-1.22,0.0
11244.0,-1.22,0.0
11244.0,-1.22,0.0
11245.0,-1.22,0.0
11245.0,-0.94,0.0
11246.0,-0.94,0.0
11246.0,-0.94,0.0
11247.0,-0.94,0.0
11248.0,-0.94,0.0
11248.0,-0.78,0.0
11249.0,-0.78,0.0
11249.0,-0.78,0.0
11250.0,-0.78,0.0
11251.0,-0.78,0.0
11251.0,-0.69,0.0
11252.0,-0.69,0.0
11252.0,-0.69,0.0
11253.0,-0.69,0.0
11254.0,-0.69,0.0
11254.0,-0.69,0.0
11255.0,-0.65,0.0
11255.0,-0.66,0.0
11256.0,-0.65,0.0
11256.0,-0.66,0.0
11257.0,-0.65,0.0
11258.0,-0.93,0.0
11258.0,-0.93,0.0
11259.0,-0.93,0.0
11259.0,-0.93,0.0
11260.0,-0.93,0.0
11261.0,-1.01,0.0
11261.0,-1.01,0.0
11262.0,-1.01,0.0
11262.0,-1.01,0.0
11263.0,-1.01,0.0
11264.0,-1.01,0.0
11264.0,-1.16,0.0
11265.0,-1.16,0.0
11265.0,-1.16,0.0
11266.0,-1.16,0.0
11266.0,-1.16,0.0
11267.0,-0.95,0.0
11268.0,-0.95,0.0
11268.0,-0.95,0.0
11269.0,-0.95,0.0
11269.0,-0.95,0.0
11270.0,-0.6,0.0
11271.0,-0.6,0.0
11271.0,-0.6,0.0
11272.0,-0.6,0.0
11272.0,-0.6,0.0
11273.0,-0.6,0.0
11273.0,-0.76,0.0
11274.0,-0.77,0.0
11275.0,-0.76,0.0
11275.0,-0.77,0.0
11276.0,-0.76,0.0
11276.0,-0.88,0.0
11277.0,-0.88,0.0
11278.0,-0.88,0.0
11278.0,-0.88,0.0
11279.0,-0.88,0.0
11279.0,-1.17,0.0
11280.0,-1.18,0.0
11280.0,-1.17,0.0
11281.0,-1.18,0.0
11282.0,-1.17,0.0
11282.0,-1.33,0.0
11283.0,-1.33,0.0
11283.0,-1.33,0.0
11284.0,-1.33,0.0
11285.0,-1.33,0.0
11285.0,-1.33,0.0
11286.0,-1.27,0.0
11286.0,-1.26,0.0
11287.0,-1.27,0.0
11288.0,-1.26,0.0
11288.0,-1.27,0.0
11289.0,-0.94,0.0
11289.0,-0.95,0.0
11290.0,-0.94,0.0
11291.0,-0.95,0.0
11291.0,-0.94,0.0
11292.0,-0.72,0.0
11292.0,-0.72,0.0
11293.0,-0.72,0.0
11294.0,-0.72,0.0
11294.0,-0.72,0.0
11295.0,-0.72,0.0
11295.0,-0.88,0.0
11296.0,-0.88,0.0
11296.0,-0.88,0.0
11297.0,-0.88,0.0
11298.0,-0.88,0.0
11298.0,-0.81,0.0
11299.0,-0.81,0.0
11299.0,-0.81,0.0
11300.0,-0.81,0.0
11301.0,-0.81,0.0
11301.0,-1.05,0.0
11302.0,-1.05,0.0
11302.0,-1.05,0.0
11303.0,-1.05,0.0
11303.0,-1.05,0.0
11304.0,-1.05,0.0
11305.0,-1.18,0.0
11305.0,-1.18,0.0
11306.0,-1.18,0.0
11306.0,-1.18,0.0
11307.0,-1.18,0.0
11308.0,-0.9,0.0
11308.0,-0.91,0.0
11309.0,-0.9,0.0
11309.0,-0.91,0.0
11310.0,-0.9,0.0
11311.0,-0.74,0.0
11311.0,-0.74,0.0
11312.0,-0.74,0.0
11312.0,-0.74,0.0
11313.0,-0.74,0.0
11313.0,-0.74,0.0
11314.0,-0.39,0.0
11315.0,-0.38,0.0
11315.0,-0.39,0.0
11316.0,-0.38,0.0
11316.0,-0.39,0.0
11317.0,-0.5,0.0
11318.0,-0.5,0.0
11318.0,-0.5,0.0
11319.0,-0.5,0.0
11319.0,-0.5,0.0
11320.0,-0.82,0.0
11320.0,-0.81,0.0
11321.0,-0.82,0.0
11322.0,-0.81,0.0
11322.0,-0.82,0.0
11323.0,-0.75,0.0
11323.0,-0.76,0.0
11324.0,-0.75,0.0
11325.0,-0.76,0.0
11325.0,-0.75,0.0
11326.0,-0.76,0.0
11326.0,-0.61,0.0
11327.0,-0.61,0.0
11328.0,-0.61,0.0
11328.0,-0.61,0.0
11329.0,-0.61,0.0
11329.0,-0.69,0.0
11330.0,-0.69,0.0
11330.0,-0.69,0.0
11331.0,-0.69,0.0
11332.0,-0.69,0.0
11332.0,-0.82,0.0
11333.0,-0.82,0.0
11333.0,-0.82,0.0
11334.0,-0.82,0.0
11335.0,-0.82,0.0
11335.0,-0.82,0.0
11336.0,-0.75,0.0
11336.0,-0.75,0.0
11337.0,-0.75,0.0
11337.0,-0.75,0.0
11338.0,-0.75,0.0
11339.0,-0.96,0.0
11339.0,-0.96,0.0
11340.0,-0.96,0.0
11340.0,-0.96,0.0
11341.0,-0.96,0.0
11342.0,-1.0,0.0
11342.0,-1.01,0.0
11343.0,-1.0,0.0
11343.0,-1.01,0.0
11344.0,-1.0,0.0
11345.0,-1.01,0.0
11345.0,-0.89,0.0
11346.0,-0.9,0.0
11346.0,-0.89,0.0
11347.0,-0.9,0.0
11347.0,-0.89,0.0
11348.0,-0.72,0.0
11349.0,-0.71,0.0
11349.0,-0.72,0.0
11350.0,-0.71,0.0
11350.0,-0.72,0.0
11351.0,-0.6,0.0
11352.0,-0.6,0.0
11352.0,-0.6,0.0
11353.0,-0.6,0.0
11353.0,-0.6,0.0
11354.0,-0.6,0.0
11354.0,-0.8,0.0
11355.0,-0.8,0.0
11356.0,-0.8,0.0
11356.0,-0.8,0.0
11357.0,-0.8,0.0
11357.0,-0.95,0.0
11358.0,-0.94,0.0
11359.0,-0.95,0.0
11359.0,-0.94,0.0
11360.0,-0.95,0.0
11360.0,-1.01,0.0
11361.0,-1.01,0.0
11362.0,-1.01,0.0
11362.0,-1.01,0.0
11363.0,-1.01,0.0
11363.0,-1.01,0.0
11364.0,-1.29,0.0
11364.0,-1.3,0.0
11365.0,-1.29,0.0
11366.0,-1.3,0.0
11366.0,-1.29,0.0
11367.0,-1.24,0.0
11367.0,-1.24,0.0
11368.0,-1.24,0.0
11369.0,-1.24,0.0
11369.0,-1.24,0.0
11370.0,-0.88,0.0
11370.0,-0.88,0.0
11371.0,-0.88,0.0
11372.0,-0.88,0.0
11372.0,-0.88,0.0
11373.0,-0.88,0.0
11373.0,-0.87,0.0
11374.0,-0.87,0.0
11374.0,-0.87,0.0
11375.0,-0.87,0.0
11376.0,-0.87,0.0
11376.0,-0.86,0.0
11377.0,-0.86,0.0
11377.0,-0.86,0.0
11378.0,-0.86,0.0
11379.0,-0.86,0.0
11379.0,-1.24,0.0
11380.0,-1.24,0.0
11380.0,-1.24,0.0
11381.0,-1.24,0.0
11381.0,-1.24,0.0
11382.0,-1.24,0.0
11383.0,-1.39,0.0
11383.0,-1.39,0.0
11384.0,-1.39,0.0
11384.0,-1.39,0.0
11385.0,-1.39,0.0
11386.0,-1.19,0.0
11386.0,-1.19,0.0
11387.0,-1.19,0.0
11387.0,-1.19,0.0
11388.0,-1.19,0.0
11389.0,-0.75,0.0
11389.0,-0.75,0.0
11390.0,-0.75,0.0
11390.0,-0.75,0.0
11391.0,-0.75,0.0
11392.0,-0.56,0.0
11392.0,-0.56,0.0
11393.0,-0.56,0.0
11393.0,-0.56,0.0
11394.0,-0.56,0.0
11394.0,-0.56,0.0
11395.0,-0.69,0.0
11396.0,-0.69,0.0
11396.0,-0.69,0.0
11397.0,-0.69,0.0
11397.0,-0.69,0.0
11398.0,-0.86,0.0
11399.0,-0.86,0.0
11399.0,-0.86,0.0
11400.0,-0.86,0.0
11400.0,-0.86,0.0
11401.0,-1.04,0.0
11402.0,-1.04,0.0
11402.0,-1.04,0.0
11403.0,-1.04,0.0
11403.0,-1.04,0.0
11404.0,-1.04,0.0
11404.0,-0.94,0.0
11405.0,-0.94,0.0
11406.0,-0.94,0.0
11406.0,-0.94,0.0
11407.0,-0.94,0.0
11407.0,-0.9,0.0
11408.0,-0.9,0.0
11409.0,-0.9,0.0
11409.0,-0.9,0.0
11410.0,-0.9,0.0
11410.0,-0.66,0.0
11411.0,-0.66,0.0
11411.0,-0.66,0.0
11412.0,-0.66,0.0
11413.0,-0.66,0.0
11413.0,-0.66,0.0
11414.0,-0.51,0.0
11414.0,-0.51,0.0
11415.0,-0.51,0.0
11416.0,-0.51,0.0
11416.0,-0.51,0.0
11417.0,-0.7,0.0
11417.0,-0.7,0.0
11418.0,-0.7,0.0
11419.0,-0.7,0.0
11419.0,-0.7,0.0
11420.0,-0.87,0.0
11420.0,-0.87,0.0
11421.0,-0.87,0.0
11421.0,-0.87,0.0
11422.0,-0.87,0.0
11423.0,-0.87,0.0
11423.0,-1.06,0.0
11424.0,-1.06,0.0
11424.0,-1.06,0.0
11425.0,-1.06,0.0
11426.0,-1.06,0.0
11426.0,-0.88,0.0
11427.0,-0.88,0.0
11427.0,-0.88,0.0
11428.0,-0.88,0.0
11428.0,-0.88,0.0
11429.0,-0.67,0.0
11430.0,-0.67,0.0
11430.0,-0.67,0.0
11431.0,-0.67,0.0
11431.0,-0.67,0.0
11432.0,-0.71,0.0
11433.0,-0.71,0.0
11433.0,-0.71,0.0
11434.0,-0.71,0.0
11434.0,-0.71,0.0
11435.0,-0.71,0.0
11436.0,-0.99,0.0
11436.0,-0.99,0.0
11437.0,-0.99,0.0
11437.0,-0.99,0.0
11438.0,-0.99,0.0
11438.0,-1.37,0.0
11439.0,-1.37,0.0
11440.0,-1.37,0.0
11440.0,-1.37,0.0
11441.0,-1.37,0.0
11441.0,-1.0,0.0
11442.0,-1.0,0.0
11443.0,-1.0,0.0
11443.0,-1.0,0.0
11444.0,-1.0,0.0
11444.0,-1.0,0.0
11445.0,-1.0,0.0
11445.0,-1.01,0.0
11446.0,-1.0,0.0
11447.0,-1.01,0.0
11447.0,-1.0,0.0
11448.0,-0.89,0.0
11448.0,-0.89,0.0
11449.0,-0.89,0.0
11450.0,-0.89,0.0
11450.0,-0.89,0.0
11451.0,-0.74,0.0
11451.0,-0.74,0.0
11452.0,-0.74,0.0
11453.0,-0.74,0.0
11453.0,-0.74,0.0
11454.0,-0.74,0.0
11454.0,-1.04,0.0
11455.0,-1.04,0.0
11455.0,-1.04,0.0
11456.0,-1.04,0.0
11457.0,-1.04,0.0
11457.0,-1.12,0.0
11458.0,-1.12,0.0
11458.0,-1.12,0.0
11459.0,-1.12,0.0
11460.0,-1.12,0.0
11460.0,-1.01,0.0
11461.0,-1.01,0.0
11461.0,-1.01,0.0
11462.0,-1.01,0.0
11462.0,-1.01,0.0
11463.0,-1.01,0.0
11464.0,-1.02,0.0
11464.0,-1.02,0.0
11465.0,-1.02,0.0
11465.0,-1.02,0.0
11466.0,-1.02,0.0
11467.0,-0.97,0.0
11467.0,-0.96,0.0
11468.0,-0.97,0.0
11468.0,-0.96,0.0
11469.0,-0.97,0.0
11470.0,-0.82,0.0
11470.0,-0.82,0.0
11471.0,-0.82,0.0
11471.0,-0.82,0.0
11472.0,-0.82,0.0
11472.0,-0.82,0.0
11473.0,-0.58,0.0
11474.0,-0.58,0.0
11474.0,-0.58,0.0
11475.0,-0.58,0.0
11475.0,-0.58,0.0
11476.0,-0.53,0.0
11477.0,-0.53,0.0
11477.0,-0.53,0.0
11478.0,-0.53,0.0
11478.0,-0.53,0.0
11479.0,-1.02,0.0
11480.0,-1.03,0.0
11480.0,-1.02,0.0
11481.0,-1.03,0.0
11481.0,-1.02,0.0
11482.0,-1.03,0.0
11482.0,-1.25,0.0
11483.0,-1.25,0.0
11484.0,-1.25,0.0
11484.0,-1.25,0.0
11485.0,-1.25,0.0
11485.0,-1.08,0.0
11486.0,-1.08,0.0
11487.0,-1.08,0.0
11487.0,-1.08,0.0
11488.0,-1.08,0.0
11488.0,-0.93,0.0
11489.0,-0.93,0.0
11490.0,-0.93,0.0
11490.0,-0.93,0.0
11491.0,-0.93,0.0
11491.0,-0.72,0.0
11492.0,-0.71,0.0
11493.0,-0.72,0.0
11493.0,-0.71,0.0
11494.0,-0.72,0.0
11494.0,-0.71,0.0
11495.0,-0.7,0.0
11495.0,-0.7,0.0
11496.0,-0.7,0.0
11497.0,-0.7,0.0
11497.0,-0.7,0.0
11498.0,-0.68,0.0
11498.0,-0.68,0.0
11499.0,-0.68,0.0
11500.0,-0.68,0.0
11500.0,-0.68,0.0
11501.0,-0.79,0.0
11501.0,-0.79,0.0
11502.0,-0.79,0.0
11502.0,-0.79,0.0
11503.0,-0.79,0.0
11504.0,-0.79,0.0
11504.0,-0.93,0.0
11505.0,-0.93,0.0
11505.0,-0.93,0.0
11506.0,-0.93,0.0
11507.0,-0.93,0.0
11507.0,-1.0,0.0
11508.0,-1.0,0.0
11508.0,-1.0,0.0
11509.0,-1.0,0.0
11510.0,-1.0,0.0
11510.0,-0.77,0.0
11511.0,-0.77,0.0
11511.0,-0.77,0.0
11512.0,-0.77,0.0
11512.0,-0.77,0.0
11513.0,-0.77,0.0
11514.0,-0.63,0.0
11514.0,-0.62,0.0
11515.0,-0.63,0.0
11515.0,-0.62,0.0
11516.0,-0.63,0.0
11517.0,-0.74,0.0
11517.0,-0.74,0.0
11518.0,-0.74,0.0
11518.0,-0.74,0.0
11519.0,-0.74,0.0
11519.0,-1.02,0.0
11520.0,-1.02,0.0
11521.0,-1.02,0.0
11521.0,-1.02,0.0
11522.0,-1.02,0.0
11522.0,-1.02,0.0
11523.0,-0.89,0.0
11524.0,-0.89,0.0
11524.0,-0.89,0.0
11525.0,-0.89,0.0
11525.0,-0.89,0.0
11526.0,-0.95,0.0
11527.0,-0.95,0.0
11527.0,-0.95,0.0
11528.0,-0.95,0.0
11528.0,-0.95,0.0
11529.0,-0.96,0.0
11529.0,-0.96,0.0
11530.0,-0.96,0.0
11531.0,-0.96,0.0
11531.0,-0.96,0.0
11532.0,-0.96,0.0
11532.0,-0.69,0.0
11533.0,-0.69,0.0
11534.0,-0.69,0.0
11534.0,-0.69,0.0
11535.0,-0.69,0.0
11535.0,-0.73,0.0
11536.0,-0.73,0.0
11536.0,-0.73,0.0
11537.0,-0.73,0.0
11538.0,-0.73,0.0
11538.0,-1.16,0.0
11539.0,-1.15,0.0
11539.0,-1.16,0.0
11540.0,-1.15,0.0
11541.0,-1.16,0.0
11541.0,-0.96,0.0
11542.0,-0.97,0.0
11542.0,-0.96,0.0
11543.0,-0.97,0.0
11544.0,-0.96,0.0
11544.0,-0.97,0.0
11545.0,-0.93,0.0
11545.0,-0.93,0.0
11546.0,-0.93,0.0
11546.0,-0.93,0.0
11547.0,-0.93,0.0
11548.0,-0.85,0.0
11548.0,-0.85,0.0
11549.0,-0.85,0.0
11549.0,-0.85,0.0
11550.0,-0.85,0.0
11551.0,-0.71,0.0
11551.0,-0.71,0.0
11552.0,-0.71,0.0
11552.0,-0.71,0.0
11553.0,-0.71,0.0
11554.0,-0.71,0.0
11554.0,-0.56,0.0
11555.0,-0.56,0.0
11555.0,-0.56,0.0
11556.0,-0.56,0.0
11556.0,-0.56,0.0
11557.0,-0.54,0.0
11558.0,-0.54,0.0
11558.0,-0.54,0.0
11559.0,-0.54,0.0
11559.0,-0.54,0.0
11560.0,-0.96,0.0
11561.0,-0.96,0.0
11561.0,-0.96,0.0
11562.0,-0.96,0.0
11562.0,-0.96,0.0
11563.0,-0.96,0.0
11563.0,-1.24,0.0
11564.0,-1.24,0.0
11565.0,-1.24,0.0
11565.0,-1.24,0.0
11566.0,-1.24,0.0
11566.0,-0.95,0.0
11567.0,-0.95,0.0
11568.0,-0.95,0.0
11568.0,-0.95,0.0
11569.0,-0.95,0.0
11569.0,-0.62,0.0
11570.0,-0.62,0.0
11570.0,-0.62,0.0
11571.0,-0.62,0.0
11572.0,-0.62,0.0
11572.0,-0.62,0.0
11573.0,-0.63,0.0
11573.0,-0.63,0.0
11574.0,-0.63,0.0
11575.0,-0.63,0.0
11575.0,-0.63,0.0
11576.0,-0.84,0.0
11576.0,-0.84,0.0
11577.0,-0.84,0.0
11578.0,-0.84,0.0
11578.0,-0.84,0.0
11579.0,-0.96,0.0
11579.0,-0.96,0.0
11580.0,-0.96,0.0
11580.0,-0.96,0.0
11581.0,-0.96,0.0
11582.0,-0.96,0.0
11582.0,-1.15,0.0
11583.0,-1.15,0.0
11583.0,-1.15,0.0
11584.0,-1.15,0.0
11585.0,-1.15,0.0
11585.0,-1.19,0.0
11586.0,-1.18,0.0
11586.0,-1.19,0.0
11587.0,-1.18,0.0
11588.0,-1.19,0.0
11588.0,-1.15,0.0
11589.0,-1.15,0.0
11589.0,-1.15,0.0
11590.0,-1.15,0.0
11591.0,-1.15,0.0
11591.0,-0.88,0.0
11592.0,-0.88,0.0
11592.0,-0.88,0.0
11593.0,-0.88,0.0
11593.0,-0.88,0.0
11594.0,-0.88,0.0
11595.0,-0.85,0.0
11595.0,-0.85,0.0
11596.0,-0.85,0.0
11596.0,-0.85,0.0
11597.0,-0.85,0.0
11598.0,-1.07,0.0
11598.0,-1.07,0.0
11599.0,-1.07,0.0
11599.0,-1.07,0.0
11600.0,-1.07,0.0
11601.0,-1.0,0.0
11601.0,-1.0,0.0
11602.0,-1.0,0.0
11602.0,-1.0,0.0
11603.0,-1.0,0.0
11603.0,-1.0,0.0
11604.0,-1.09,0.0
11605.0,-1.09,0.0
11605.0,-1.09,0.0
11606.0,-1.09,0.0
11606.0,-1.09,0.0
11607.0,-0.98,0.0
11608.0,-0.98,0.0
11608.0,-0.98,0.0
11609.0,-0.98,0.0
11609.0,-0.98,0.0
11610.0,-0.66,0.0
11610.0,-0.65,0.0
11611.0,-0.66,0.0
11612.0,-0.65,0.0
11612.0,-0.66,0.0
11613.0,-0.65,0.0
11613.0,-0.46,0.0
11614.0,-0.46,0.0
11615.0,-0.46,0.0
11615.0,-0.46,0.0
11616.0,-0.46,0.0
11616.0,-0.83,0.0
11617.0,-0.83,0.0
11618.0,-0.83,0.0
11618.0,-0.83,0.0
11619.0,-0.83,0.0
11619.0,-1.21,0.0
11620.0,-1.21,0.0
11620.0,-1.21,0.0
11621.0,-1.21,0.0
11622.0,-1.21,0.0
11622.0,-1.21,0.0
11623.0,-1.13,0.0
11623.0,-1.13,0.0
11624.0,-1.13,0.0
11625.0,-1.13,0.0
11625.0,-1.13,0.0
11626.0,-0.8,0.0
11626.0,-0.8,0.0
11627.0,-0.8,0.0
11627.0,-0.8,0.0
11628.0,-0.8,0.0
11629.0,-0.63,0.0
11629.0,-0.62,0.0
11630.0,-0.63,0.0
11630.0,-0.62,0.0
11631.0,-0.63,0.0
11632.0,-0.62,0.0
11632.0,-0.68,0.0
11633.0,-0.68,0.0
11633.0,-0.68,0.0
11634.0,-0.68,0.0
11635.0,-0.68,0.0
11635.0,-0.83,0.0
11636.0,-0.83,0.0
11636.0,-0.83,0.0
11637.0,-0.83,0.0
11637.0,-0.83,0.0
11638.0,-0.82,0.0
11639.0,-0.81,0.0
11639.0,-0.82,0.0
11640.0,-0.81,0.0
11640.0,-0.82,0.0
11641.0,-0.81,0.0
11642.0,-0.75,0.0
11642.0,-0.75,0.0
11643.0,-0.75,0.0
11643.0,-0.75,0.0
11644.0,-0.75,0.0
11644.0,-0.76,0.0
11645.0,-0.77,0.0
11646.0,-0.76,0.0
11646.0,-0.77,0.0
11647.0,-0.76,0.0
11647.0,-0.63,0.0
11648.0,-0.63,0.0
11649.0,-0.63,0.0
11649.0,-0.63,0.0
11650.0,-0.63,0.0
11650.0,-0.44,0.0
11651.0,-0.44,0.0
11652.0,-0.44,0.0
11652.0,-0.44,0.0
11653.0,-0.44,0.0
11653.0,-0.44,0.0
11654.0,-0.75,0.0
11654.0,-0.75,0.0
11655.0,-0.75,0.0
11656.0,-0.75,0.0
11656.0,-0.75,0.0
11657.0,-0.87,0.0
11657.0,-0.87,0.0
11658.0,-0.87,0.0
11659.0,-0.87,0.0
11659.0,-0.87,0.0
11660.0,-0.87,0.0
11660.0,-0.87,0.0
11661.0,-0.87,0.0
11662.0,-0.87,0.0
11662.0,-0.87,0.0
11663.0,-0.87,0.0
11663.0,-1.15,0.0
11664.0,-1.15,0.0
11664.0,-1.15,0.0
11665.0,-1.15,0.0
11666.0,-1.15,0.0
11666.0,-1.03,0.0
11667.0,-1.02,0.0
11667.0,-1.03,0.0
11668.0,-1.02,0.0
11669.0,-1.03,0.0
11669.0,-0.78,0.0
11670.0,-0.78,0.0
11670.0,-0.78,0.0
11671.0,-0.78,0.0
11671.0,-0.78,0.0
11672.0,-0.78,0.0
11673.0,-0.75,0.0
11673.0,-0.75,0.0
11674.0,-0.75,0.0
11674.0,-0.75,0.0
11675.0,-0.75,0.0
11676.0,-0.83,0.0
11676.0,-0.83,0.0
11677.0,-0.83,0.0
11677.0,-0.83,0.0
11678.0,-0.83,0.0
11679.0,-1.12,0.0
11679.0,-1.13,0.0
11680.0,-1.12,0.0
11680.0,-1.13,0.0
11681.0,-1.12,0.0
11681.0,-1.13,0.0
11682.0,-1.13,0.0
11683.0,-1.13,0.0
11683.0,-1.13,0.0
11684.0,-1.13,0.0
11684.0,-1.13,0.0
11685.0,-0.88,0.0
11686.0,-0.88,0.0
11686.0,-0.88,0.0
11687.0,-0.88,0.0
11687.0,-0.88,0.0
11688.0,-1.01,0.0
11688.0,-1.01,0.0
11689.0,-1.01,0.0
11690.0,-1.01,0.0
11690.0,-1.01,0.0
11691.0,-0.89,0.0
11692.0,-0.88,0.0
11692.0,-0.89,0.0
11693.0,-0.88,0.0
11693.0,-0.89,0.0
11694.0,-0.88,0.0
11694.0,-0.94,0.0
11695.0,-0.94,0.0
11696.0,-0.94,0.0
11696.0,-0.94,0.0
11697.0,-0.94,0.0
11697.0,-1.12,0.0
11698.0,-1.13,0.0
11699.0,-1.12,0.0
11699.0,-1.13,0.0
11700.0,-1.12,0.0
11700.0,-1.01,0.0
11701.0,-1.0,0.0
11701.0,-1.01,0.0
11702.0,-1.0,0.0
11703.0,-1.01,0.0
11703.0,-1.0,0.0
11704.0,-0.96,0.0
11704.0,-0.96,0.0
11705.0,-0.96,0.0
11706.0,-0.96,0.0
11706.0,-0.96,0.0
11707.0,-0.77,0.0
11707.0,-0.77,0.0
11708.0,-0.77,0.0
11709.0,-0.77,0.0
11709.0,-0.77,0.0
11710.0,-0.67,0.0
11710.0,-0.67,0.0
11711.0,-0.67,0.0
11711.0,-0.67,0.0
11712.0,-0.67,0.0
11713.0,-0.67,0.0
11713.0,-0.79,0.0
11714.0,-0.79,0.0
11714.0,-0.79,0.0
11715.0,-0.79,0.0
11716.0,-0.79,0.0
11716.0,-0.86,0.0
11717.0,-0.86,0.0
11717.0,-0.86,0.0
11718.0,-0.86,0.0
11718.0,-0.86,0.0
11719.0,-0.78,0.0
11720.0,-0.77,0.0
11720.0,-0.78,0.0
11721.0,-0.77,0.0
11721.0,-0.78,0.0
11722.0,-0.77,0.0
11723.0,-0.97,0.0
11723.0,-0.97,0.0
11724.0,-0.97,0.0
11724.0,-0.97,0.0
11725.0,-0.97,0.0
11726.0,-1.12,0.0
11726.0,-1.12,0.0
11727.0,-1.12,0.0
11727.0,-1.12,0.0
11728.0,-1.12,0.0
11728.0,-0.69,0.0
11729.0,-0.69,0.0
11730.0,-0.69,0.0
11730.0,-0.69,0.0
11731.0,-0.69,0.0
11731.0,-0.69,0.0
11732.0,-0.65,0.0
11733.0,-0.65,0.0
11733.0,-0.65,0.0
11734.0,-0.65,0.0
11734.0,-0.65,0.0
11735.0,-0.79,0.0
11736.0,-0.79,0.0
11736.0,-0.79,0.0
11737.0,-0.79,0.0
11737.0,-0.79,0.0
11738.0,-0.94,0.0
11738.0,-0.94,0.0
11739.0,-0.94,0.0
11740.0,-0.94,0.0
11740.0,-0.94,0.0
11741.0,-0.94,0.0
11741.0,-0.91,0.0
11742.0,-0.91,0.0
11743.0,-0.91,0.0
11743.0,-0.91,0.0
11744.0,-0.91,0.0
11744.0,-0.89,0.0
11745.0,-0.89,0.0
11745.0,-0.89,0.0
11746.0,-0.89,0.0
11747.0,-0.89,0.0
11747.0,-0.76,0.0
11748.0,-0.76,0.0
11748.0,-0.76,0.0
11749.0,-0.76,0.0
11750.0,-0.76,0.0
11750.0,-0.76,0.0
11751.0,-0.65,0.0
11751.0,-0.64,0.0
11752.0,-0.65,0.0
11752.0,-0.64,0.0
11753.0,-0.65,0.0
11754.0,-0.66,0.0
11754.0,-0.66,0.0
11755.0,-0.66,0.0
11755.0,-0.66,0.0
11756.0,-0.66,0.0
11757.0,-0.77,0.0
11757.0,-0.76,0.0
11758.0,-0.77,0.0
11758.0,-0.76,0.0
11759.0,-0.77,0.0
11760.0,-0.76,0.0
11760.0,-1.34,0.0
11761.0,-1.34,0.0
11761.0,-1.34,0.0
11762.0,-1.34,0.0
11762.0,-1.34,0.0
11763.0,-1.45,0.0
11764.0,-1.45,0.0
11764.0,-1.45,0.0
11765.0,-1.45,0.0
11765.0,-1.45,0.0
11766.0,-1.0,0.0
11767.0,-1.0,0.0
11767.0,-1.0,0.0
11768.0,-1.0,0.0
11768.0,-1.0,0.0
11769.0,-0.83,0.0
11770.0,-0.83,0.0
11770.0,-0.83,0.0
11771.0,-0.83,0.0
11771.0,-0.83,0.0
11772.0,-0.83,0.0
11772.0,-0.73,0.0
11773.0,-0.73,0.0
11774.0,-0.73,0.0
11774.0,-0.73,0.0
11775.0,-0.73,0.0
11775.0,-0.6,0.0
11776.0,-0.6,0.0
11777.0,-0.6,0.0
11777.0,-0.6,0.0
11778.0,-0.6,0.0
11778.0,-0.98,0.0
11779.0,-0.98,0.0
11779.0,-0.98,0.0
11780.0,-0.98,0.0
11781.0,-0.98,0.0
11781.0,-0.98,0.0
11782.0,-1.27,0.0
11782.0,-1.27,0.0
11783.0,-1.27,0.0
11784.0,-1.27,0.0
11784.0,-1.27,0.0
11785.0,-1.18,0.0
11785.0,-1.18,0.0
11786.0,-1.18,0.0
11787.0,-1.18,0.0
11787.0,-1.18,0.0
11788.0,-1.03,0.0
11788.0,-1.04,0.0
11789.0,-1.03,0.0
11789.0,-1.04,0.0
11790.0,-1.03,0.0
11791.0,-1.04,0.0
11791.0,-0.72,0.0
11792.0,-0.72,0.0
11792.0,-0.72,0.0
11793.0,-0.72,0.0
11794.0,-0.72,0.0
11794.0,-0.73,0.0
11795.0,-0.73,0.0
11795.0,-0.73,0.0
11796.0,-0.73,0.0
11797.0,-0.73,0.0
11797.0,-0.84,0.0
11798.0,-0.84,0.0
11798.0,-0.84,0.0
11799.0,-0.84,0.0
11800.0,-0.84,0.0
11800.0,-0.93,0.0
11801.0,-0.93,0.0
11801.0,-0.93,0.0
11802.0,-0.93,0.0
11802.0,-0.93,0.0
11803.0,-0.93,0.0
11804.0,-0.93,0.0
11804.0,-0.93,0.0
11805.0,-0.93,0.0
11805.0,-0.93,0.0
11806.0,-0.93,0.0
11807.0,-0.89,0.0
11807.0,-0.89,0.0
11808.0,-0.89,0.0
11808.0,-0.89,0.0
11809.0,-0.89,0.0
11809.0,-0.57,0.0
11810.0,-0.57,0.0
11811.0,-0.57,0.0
11811.0,-0.57,0.0
11812.0,-0.57,0.0
11812.0,-0.57,0.0
11813.0,-0.67,0.0
11814.0,-0.67,0.0
11814.0,-0.67,0.0
11815.0,-0.67,0.0
11815.0,-0.67,0.0
11816.0,-1.09,0.0
11817.0,-1.09,0.0
11817.0,-1.09,0.0
11818.0,-1.09,0.0
11818.0,-1.09,0.0
11819.0,-1.07,0.0
11819.0,-1.07,0.0
11820.0,-1.07,0.0
11821.0,-1.07,0.0
11821.0,-1.07,0.0
11822.0,-1.07,0.0
11822.0,-0.9,0.0
11823.0,-0.9,0.0
11824.0,-0.9,0.0
11824.0,-0.9,0.0
11825.0,-0.9,0.0
11825.0,-0.83,0.0
11826.0,-0.83,0.0
11826.0,-0.83,0.0
11827.0,-0.83,0.0
11828.0,-0.83,0.0
11828.0,-0.73,0.0
11829.0,-0.73,0.0
11829.0,-0.73,0.0
11830.0,-0.73,0.0
11831.0,-0.73,0.0
11831.0,-0.73,0.0
11832.0,-0.73,0.0
11832.0,-0.73,0.0
11833.0,-0.73,0.0
11834.0,-0.73,0.0
11834.0,-0.73,0.0
11835.0,-0.83,0.0
11835.0,-0.84,0.0
11836.0,-0.83,0.0
11836.0,-0.84,0.0
11837.0,-0.83,0.0
11838.0,-0.92,0.0
11838.0,-0.92,0.0
11839.0,-0.92,0.0
11839.0,-0.92,0.0
11840.0,-0.92,0.0
11841.0,-0.92,0.0
11841.0,-1.17,0.0
11842.0,-1.17,0.0
11842.0,-1.17,0.0
11843.0,-1.17,0.0
11844.0,-1.17,0.0
11844.0,-1.22,0.0
11845.0,-1.22,0.0
11845.0,-1.22,0.0
11846.0,-1.22,0.0
11846.0,-1.22,0.0
11847.0,-0.97,0.0
11848.0,-0.97,0.0
11848.0,-0.97,0.0
11849.0,-0.97,0.0
11849.0,-0.97,0.0
11850.0,-0.97,0.0
11851.0,-0.94,0.0
11851.0,-0.94,0.0
11852.0,-0.94,0.0
11852.0,-0.94,0.0
11853.0,-0.94,0.0
11853.0,-0.9,0.0
11854.0,-0.9,0.0
11855.0,-0.9,0.0
11855.0,-0.9,0.0
11856.0,-0.9,0.0
11856.0,-0.77,0.0
11857.0,-0.77,0.0
11858.0,-0.77,0.0
11858.0,-0.77,0.0
11859.0,-0.77,0.0
11859.0,-0.77,0.0
11860.0,-0.97,0.0
11860.0,-0.97,0.0
11861.0,-0.97,0.0
11862.0,-0.97,0.0
11862.0,-0.97,0.0
11863.0,-1.42,0.0
11863.0,-1.43,0.0
11864.0,-1.42,0.0
11865.0,-1.43,0.0
11865.0,-1.42,0.0
11866.0,-1.02,0.0
11866.0,-1.02,0.0
11867.0,-1.02,0.0
11868.0,-1.02,0.0
11868.0,-1.02,0.0
11869.0,-1.02,0.0
11869.0,-0.66,0.0
11870.0,-0.66,0.0
11870.0,-0.66,0.0
11871.0,-0.66,0.0
11872.0,-0.66,0.0
11872.0,-0.63,0.0
11873.0,-0.63,0.0
11873.0,-0.63,0.0
11874.0,-0.63,0.0
11875.0,-0.63,0.0
11875.0,-0.7,0.0
11876.0,-0.7,0.0
11876.0,-0.7,0.0
11877.0,-0.7,0.0
11878.0,-0.7,0.0
11878.0,-0.9,0.0
11879.0,-0.91,0.0
11879.0,-0.9,0.0
11880.0,-0.91,0.0
11880.0,-0.9,0.0
11881.0,-0.91,0.0
11882.0,-1.09,0.0
11882.0,-1.09,0.0
11883.0,-1.09,0.0
11883.0,-1.09,0.0
11884.0,-1.09,0.0
11885.0,-0.99,0.0
11885.0,-0.99,0.0
11886.0,-0.99,0.0
11886.0,-0.99,0.0
11887.0,-0.99,0.0
11887.0,-1.01,0.0
11888.0,-1.01,0.0
11889.0,-1.01,0.0
11889.0,-1.01,0.0
11890.0,-1.01,0.0
11890.0,-1.01,0.0
11891.0,-0.88,0.0
11892.0,-0.88,0.0
11892.0,-0.88,0.0
11893.0,-0.88,0.0
11893.0,-0.88,0.0
11894.0,-0.53,0.0
11895.0,-0.53,0.0
11895.0,-0.53,0.0
11896.0,-0.53,0.0
11896.0,-0.53,0.0
11897.0,-0.69,0.0
11898.0,-0.69,0.0
11898.0,-0.69,0.0
11899.0,-0.69,0.0
11899.0,-0.69,0.0
11900.0,-0.69,0.0
11900.0,-1.08,0.0
11901.0,-1.08,0.0
11902.0,-1.08,0.0
11902.0,-1.08,0.0
11903.0,-1.08,0.0
11903.0,-1.11,0.0
11904.0,-1.11,0.0
11905.0,-1.11,0.0
11905.0,-1.11,0.0
11906.0,-1.11,0.0
11906.0,-0.99,0.0
11907.0,-0.99,0.0
11908.0,-0.99,0.0
11908.0,-0.99,0.0
11909.0,-0.99,0.0
11909.0,-0.81,0.0
11910.0,-0.81,0.0
11910.0,-0.81,0.0
11911.0,-0.81,0.0
11912.0,-0.81,0.0
11912.0,-0.81,0.0
11913.0,-0.88,0.0
11913.0,-0.88,0.0
11914.0,-0.88,0.0
11915.0,-0.88,0.0
11915.0,-0.88,0.0
11916.0,-1.12,0.0
11916.0,-1.12,0.0
11917.0,-1.12,0.0
11917.0,-1.12,0.0
11918.0,-1.12,0.0
11919.0,-1.12,0.0
11919.0,-1.12,0.0
11920.0,-1.12,0.0
11920.0,-1.12,0.0
11921.0,-1.12,0.0
11922.0,-1.12,0.0
11922.0,-1.19,0.0
11923.0,-1.18,0.0
11923.0,-1.19,0.0
11924.0,-1.18,0.0
11925.0,-1.19,0.0
11925.0,-1.21,0.0
11926.0,-1.21,0.0
11926.0,-1.21,0.0
11927.0,-1.21,0.0
11927.0,-1.21,0.0
11928.0,-0.85,0.0
11929.0,-0.85,0.0
11929.0,-0.85,0.0
11930.0,-0.85,0.0
11930.0,-0.85,0.0
11931.0,-0.85,0.0
11932.0,-0.73,0.0
11932.0,-0.73,0.0
11933.0,-0.73,0.0
11933.0,-0.73,0.0
11934.0,-0.73,0.0
11934.0,-0.94,0.0
11935.0,-0.94,0.0
11936.0,-0.94,0.0
11936.0,-0.94,0.0
11937.0,-0.94,0.0
11937.0,-1.02,0.0
11938.0,-1.01,0.0
11939.0,-1.02,0.0
11939.0,-1.01,0.0
11940.0,-1.02,0.0
11940.0,-1.01,0.0
11941.0,-0.96,0.0
11942.0,-0.96,0.0
11942.0,-0.96,0.0
11943.0,-0.96,0.0
11943.0,-0.96,0.0
11944.0,-0.95,0.0
11944.0,-0.96,0.0
11945.0,-0.95,0.0
11946.0,-0.96,0.0
11946.0,-0.95,0.0
11947.0,-0.94,0.0
11947.0,-0.94,0.0
11948.0,-0.94,0.0
11949.0,-0.94,0.0
11949.0,-0.94,0.0
11950.0,-0.94,0.0
11950.0,-0.77,0.0
11951.0,-0.77,0.0
11952.0,-0.77,0.0
11952.0,-0.77,0.0
11953.0,-0.77,0.0
11953.0,-0.62,0.0
11954.0,-0.62,0.0
11954.0,-0.62,0.0
11955.0,-0.62,0.0
11956.0,-0.62,0.0
11956.0,-0.66,0.0
11957.0,-0.65,0.0
11957.0,-0.66,0.0
11958.0,-0.65,0.0
11959.0,-0.66,0.0
11959.0,-0.65,0.0
11960.0,-0.97,0.0
11960.0,-0.97,0.0
11961.0,-0.97,0.0
11961.0,-0.97,0.0
11962.0,-0.97,0.0
11963.0,-1.02,0.0
11963.0,-1.02,0.0
11964.0,-1.02,0.0
11964.0,-1.02,0.0
11965.0,-1.02,0.0
11966.0,-0.72,0.0
11966.0,-0.71,0.0
11967.0,-0.72,0.0
11967.0,-0.71,0.0
11968.0,-0.72,0.0
11969.0,-0.71,0.0
11969.0,-0.77,0.0
11970.0,-0.76,0.0
11970.0,-0.77,0.0
11971.0,-0.76,0.0
11971.0,-0.77,0.0
11972.0,-0.37,0.0
11973.0,-0.38,0.0
11973.0,-0.37,0.0
11974.0,-0.38,0.0
11974.0,-0.37,0.0
11975.0,-0.45,0.0
11976.0,-0.45,0.0
11976.0,-0.45,0.0
11977.0,-0.45,0.0
11977.0,-0.45,0.0
11978.0,-0.45,0.0
11978.0,-0.89,0.0
11979.0,-0.88,0.0
11980.0,-0.89,0.0
11980.0,-0.88,0.0
11981.0,-0.89,0.0
11981.0,-0.96,0.0
11982.0,-0.97,0.0
11983.0,-0.96,0.0
11983.0,-0.97,0.0
11984.0,-0.96,0.0
11984.0,-0.93,0.0
11985.0,-0.93,0.0
11986.0,-0.93,0.0
11986.0,-0.93,0.0
11987.0,-0.93,0.0
11987.0,-0.8,0.0
11988.0,-0.8,0.0
11988.0,-0.8,0.0
11989.0,-0.8,0.0
11990.0,-0.8,0.0
11990.0,-0.8,0.0
11991.0,-0.65,0.0
11991.0,-0.66,0.0
11992.0,-0.65,0.0
11993.0,-0.66,0.0
11993.0,-0.65,0.0
11994.0,-0.75,0.0
11994.0,-0.75,0.0
11995.0,-0.75,0.0
11996.0,-0.75,0.0
11996.0,-0.75,0.0
11997.0,-0.98,0.0
11997.0,-0.98,0.0
11998.0,-0.98,0.0
11999.0,-0.98,0.0
11999.0,-0.98,0.0
12000.0,-0.98,0.0
12000.0,-0.96,0.0
12001.0,-0.96,0.0
12001.0,-0.96,0.0
12002.0,-0.96,0.0
12003.0,-0.96,0.0
12003.0,-1.04,0.0
12004.0,-1.03,0.0
12004.0,-1.04,0.0
12005.0,-1.03,0.0
12006.0,-1.04,0.0
12006.0,-0.93,0.0
12007.0,-0.93,0.0
12007.0,-0.93,0.0
12008.0,-0.93,0.0
12008.0,-0.93,0.0
12009.0,-0.93,0.0
12010.0,-0.72,0.0
12010.0,-0.72,0.0
12011.0,-0.72,0.0
12011.0,-0.72,0.0
12012.0,-0.72,0.0
12013.0,-0.82,0.0
12013.0,-0.82,0.0
12014.0,-0.82,0.0
12014.0,-0.82,0.0
12015.0,-0.82,0.0
12016.0,-0.88,0.0
12016.0,-0.88,0.0
12017.0,-0.88,0.0
12017.0,-0.88,0.0
12018.0,-0.88,0.0
12018.0,-0.8,0.0
12019.0,-0.8,0.0
12020.0,-0.8,0.0
12020.0,-0.8,0.0
12021.0,-0.8,0.0
12021.0,-0.8,0.0
12022.0,-1.26,0.0
12023.0,-1.25,0.0
12023.0,-1.26,0.0
12024.0,-1.25,0.0
12024.0,-1.26,0.0
12025.0,-1.36,0.0
12026.0,-1.36,0.0
12026.0,-1.36,0.0
12027.0,-1.36,0.0
12027.0,-1.36,0.0
12028.0,-0.85,0.0
12028.0,-0.85,0.0
12029.0,-0.85,0.0
12030.0,-0.85,0.0
12030.0,-0.85,0.0
12031.0,-0.85,0.0
12031.0,-0.45,0.0
12032.0,-0.45,0.0
12033.0,-0.45,0.0
12033.0,-0.45,0.0
12034.0,-0.45,0.0
12034.0,-0.61,0.0
12035.0,-0.61,0.0
12035.0,-0.61,0.0
12036.0,-0.61,0.0
12037.0,-0.61,0.0
12037.0,-0.99,0.0
12038.0,-0.99,0.0
12038.0,-0.99,0.0
12039.0,-0.99,0.0
12040.0,-0.99,0.0
12040.0,-0.99,0.0
12041.0,-1.16,0.0
12041.0,-1.15,0.0
12042.0,-1.16,0.0
12042.0,-1.15,0.0
12043.0,-1.16,0.0
12044.0,-1.16,0.0
12044.0,-1.16,0.0
12045.0,-1.16,0.0
12045.0,-1.16,0.0
12046.0,-1.16,0.0
12047.0,-1.23,0.0
12047.0,-1.23,0.0
12048.0,-1.23,0.0
12048.0,-1.23,0.0
12049.0,-1.23,0.0
12050.0,-1.23,0.0
12050.0,-0.88,0.0
12051.0,-0.88,0.0
12051.0,-0.88,0.0
12052.0,-0.88,0.0
12052.0,-0.88,0.0
12053.0,-0.57,0.0
12054.0,-0.57,0.0
12054.0,-0.57,0.0
12055.0,-0.57,0.0
12055.0,-0.57,0.0
12056.0,-0.69,0.0
12057.0,-0.69,0.0
12057.0,-0.69,0.0
12058.0,-0.69,0.0
12058.0,-0.69,0.0
12059.0,-0.69,0.0
12060.0,-1.22,0.0
12060.0,-1.22,0.0
12061.0,-1.22,0.0
12061.0,-1.22,0.0
12062.0,-1.22,0.0
12062.0,-1.21,0.0
12063.0,-1.21,0.0
12064.0,-1.21,0.0
12064.0,-1.21,0.0
12065.0,-1.21,0.0
12065.0,-1.01,0.0
12066.0,-1.01,0.0
12067.0,-1.01,0.0
12067.0,-1.01,0.0
12068.0,-1.01,0.0
12068.0,-1.01,0.0
12069.0,-0.76,0.0
12069.0,-0.75,0.0
12070.0,-0.76,0.0
12071.0,-0.75,0.0
12071.0,-0.76,0.0
12072.0,-0.55,0.0
12072.0,-0.55,0.0
12073.0,-0.55,0.0
12074.0,-0.55,0.0
12074.0,-0.55,0.0
12075.0,-0.71,0.0
12075.0,-0.71,0.0
12076.0,-0.71,0.0
12077.0,-0.71,0.0
12077.0,-0.71,0.0
12078.0,-0.71,0.0
12078.0,-1.02,0.0
12079.0,-1.02,0.0
12079.0,-1.02,0.0
12080.0,-1.02,0.0
12081.0,-1.02,0.0
12081.0,-1.0,0.0
12082.0,-1.01,0.0
12082.0,-1.0,0.0
12083.0,-1.01,0.0
12084.0,-1.0,0.0
12084.0,-1.03,0.0
12085.0,-1.02,0.0
12085.0,-1.03,0.0
12086.0,-1.02,0.0
12086.0,-1.03,0.0
12087.0,-1.02,0.0
12088.0,-1.14,0.0
12088.0,-1.14,0.0
12089.0,-1.14,0.0
12089.0,-1.14,0.0
12090.0,-1.14,0.0
12091.0,-0.75,0.0
12091.0,-0.75,0.0
12092.0,-0.75,0.0
12092.0,-0.75,0.0
12093.0,-0.75,0.0
12094.0,-0.75,0.0
12094.0,-0.75,0.0
12095.0,-0.75,0.0
12095.0,-0.75,0.0
12096.0,-0.75,0.0
12097.0,-1.0,0.0
12097.0,-1.0,0.0
12098.0,-1.0,0.0
12098.0,-1.0,0.0
12099.0,-1.0,0.0
12099.0,-1.0,0.0
12100.0,-1.12,0.0
12101.0,-1.12,0.0
12101.0,-1.12,0.0
12102.0,-1.12,0.0
12102.0,-1.12,0.0
12103.0,-1.37,0.0
12104.0,-1.37,0.0
12104.0,-1.37,0.0
12105.0,-1.37,0.0
12105.0,-1.37,0.0
12106.0,-1.15,0.0
12107.0,-1.16,0.0
12107.0,-1.15,0.0
12108.0,-1.16,0.0
12108.0,-1.15,0.0
12109.0,-1.16,0.0
12109.0,-0.76,0.0
12110.0,-0.77,0.0
12111.0,-0.76,0.0
12111.0,-0.77,0.0
12112.0,-0.76,0.0
12112.0,-0.73,0.0
12113.0,-0.73,0.0
12114.0,-0.73,0.0
12114.0,-0.73,0.0
12115.0,-0.73,0.0
12115.0,-0.73,0.0
12116.0,-0.73,0.0
12116.0,-0.73,0.0
12117.0,-0.73,0.0
12118.0,-0.73,0.0
12118.0,-0.73,0.0
12119.0,-0.83,0.0
12119.0,-0.83,0.0
12120.0,-0.83,0.0
12121.0,-0.83,0.0
12121.0,-0.83,0.0
12122.0,-1.11,0.0
12122.0,-1.11,0.0
12123.0,-1.11,0.0
12124.0,-1.11,0.0
12124.0,-1.11,0.0
12125.0,-1.05,0.0
12125.0,-1.06,0.0
12126.0,-1.05,0.0
12126.0,-1.06,0.0
12127.0,-1.05,0.0
12128.0,-0.72,0.0
12128.0,-0.72,0.0
12129.0,-0.72,0.0
12129.0,-0.72,0.0
12130.0,-0.72,0.0
12131.0,-0.72,0.0
12131.0,-0.6,0.0
12132.0,-0.6,0.0
12132.0,-0.6,0.0
12133.0,-0.6,0.0
12134.0,-0.6,0.0
12134.0,-0.63,0.0
12135.0,-0.63,0.0
12135.0,-0.63,0.0
12136.0,-0.63,0.0
12136.0,-0.63,0.0
12137.0,-0.57,0.0
12138.0,-0.57,0.0
12138.0,-0.57,0.0
12139.0,-0.57,0.0
12139.0,-0.57,0.0
12140.0,-0.57,0.0
12141.0,-0.91,0.0
12141.0,-0.9,0.0
12142.0,-0.91,0.0
12142.0,-0.9,0.0
12143.0,-0.91,0.0
12143.0,-1.12,0.0
12144.0,-1.12,0.0
12145.0,-1.12,0.0
12145.0,-1.12,0.0
12146.0,-1.12,0.0
12146.0,-0.81,0.0
12147.0,-0.81,0.0
12148.0,-0.81,0.0
12148.0,-0.81,0.0
12149.0,-0.81,0.0
12149.0,-0.81,0.0
12150.0,-0.69,0.0
12150.0,-0.69,0.0
12151.0,-0.69,0.0
12152.0,-0.69,0.0
12152.0,-0.69,0.0
12153.0,-0.57,0.0
12153.0,-0.58,0.0
12154.0,-0.57,0.0
12155.0,-0.58,0.0
12155.0,-0.57,0.0
12156.0,-0.65,0.0
12156.0,-0.65,0.0
12157.0,-0.65,0.0
12158.0,-0.65,0.0
12158.0,-0.65,0.0
12159.0,-0.65,0.0
12159.0,-0.86,0.0
12160.0,-0.86,0.0
12160.0,-0.86,0.0
12161.0,-0.86,0.0
12162.0,-0.86,0.0
12162.0,-1.09,0.0
12163.0,-1.09,0.0
12163.0,-1.09,0.0
12164.0,-1.09,0.0
12165.0,-1.09,0.0
12165.0,-1.12,0.0
12166.0,-1.12,0.0
12166.0,-1.12,0.0
12167.0,-1.12,0.0
12168.0,-1.12,0.0
12168.0,-1.12,0.0
12169.0,-1.1,0.0
12169.0,-1.1,0.0
12170.0,-1.1,0.0
12170.0,-1.1,0.0
12171.0,-1.1,0.0
12172.0,-0.85,0.0
12172.0,-0.85,0.0
12173.0,-0.85,0.0
12173.0,-0.85,0.0
12174.0,-0.85,0.0
12175.0,-0.69,0.0
12175.0,-0.69,0.0
12176.0,-0.69,0.0
12176.0,-0.69,0.0
12177.0,-0.69,0.0
12177.0,-0.69,0.0
12178.0,-1.07,0.0
12179.0,-1.07,0.0
12179.0,-1.07,0.0
12180.0,-1.07,0.0
12180.0,-1.07,0.0
12181.0,-1.31,0.0
12182.0,-1.31,0.0
12182.0,-1.31,0.0
12183.0,-1.31,0.0
12183.0,-1.31,0.0
12184.0,-1.43,0.0
12185.0,-1.43,0.0
12185.0,-1.43,0.0
12186.0,-1.43,0.0
12186.0,-1.43,0.0
12187.0,-1.43,0.0
12187.0,-1.2,0.0
12188.0,-1.2,0.0
12189.0,-1.2,0.0
12189.0,-1.2,0.0
12190.0,-1.2,0.0
12190.0,-0.96,0.0
12191.0,-0.97,0.0
12192.0,-0.96,0.0
12192.0,-0.97,0.0
12193.0,-0.96,0.0
12193.0,-0.81,0.0
12194.0,-0.81,0.0
12194.0,-0.81,0.0
12195.0,-0.81,0.0
12196.0,-0.81,0.0
12196.0,-0.8,0.0
12197.0,-0.8,0.0
12198.0,-0.8,0.0
12198.0,-0.8,0.0
12199.0,-0.8,0.0
12199.0,-0.8,0.0
12200.0,-0.99,0.0
12200.0,-0.99,0.0
12201.0,-0.99,0.0
12202.0,-0.99,0.0
12202.0,-0.99,0.0
12203.0,-1.13,0.0
12203.0,-1.13,0.0
12204.0,-1.13,0.0
12205.0,-1.13,0.0
12205.0,-1.13,0.0
12206.0,-0.94,0.0
12206.0,-0.94,0.0
12207.0,-0.94,0.0
12207.0,-0.94,0.0
12208.0,-0.94,0.0
12209.0,-0.94,0.0
12209.0,-0.49,0.0
12210.0,-0.49,0.0
12210.0,-0.49,0.0
12211.0,-0.49,0.0
12212.0,-0.49,0.0
12212.0,-0.4,0.0
12213.0,-0.4,0.0
12213.0,-0.4,0.0
12214.0,-0.4,0.0
12215.0,-0.4,0.0
12215.0,-0.59,0.0
12216.0,-0.59,0.0
12216.0,-0.59,0.0
12217.0,-0.59,0.0
12217.0,-0.59,0.0
12218.0,-0.59,0.0
12219.0,-0.67,0.0
12219.0,-0.67,0.0
12220.0,-0.67,0.0
12220.0,-0.67,0.0
12221.0,-0.67,0.0
12222.0,-0.94,0.0
12222.0,-0.94,0.0
12223.0,-0.94,0.0
12223.0,-0.94,0.0
12224.0,-0.94,0.0
12224.0,-1.07,0.0
12225.0,-1.07,0.0
12226.0,-1.07,0.0
12226.0,-1.07,0.0
12227.0,-1.07,0.0
12227.0,-1.07,0.0
12228.0,-0.88,0.0
12229.0,-0.88,0.0
12229.0,-0.88,0.0
12230.0,-0.88,0.0
12230.0,-0.88,0.0
12231.0,-0.63,0.0
12232.0,-0.62,0.0
12232.0,-0.63,0.0
12233.0,-0.62,0.0
12233.0,-0.63,0.0
12234.0,-0.74,0.0
12234.0,-0.74,0.0
12235.0,-0.74,0.0
12236.0,-0.74,0.0
12236.0,-0.74,0.0
12237.0,-0.74,0.0
12237.0,-0.93,0.0
12238.0,-0.93,0.0
12239.0,-0.93,0.0
12239.0,-0.93,0.0
12240.0,-0.93,0.0
12240.0,-0.98,0.0
12241.0,-0.98,0.0
12242.0,-0.98,0.0
12242.0,-0.98,0.0
12243.0,-0.98,0.0
12243.0,-1.22,0.0
12244.0,-1.22,0.0
12244.0,-1.22,0.0
12245.0,-1.22,0.0
12246.0,-1.22,0.0
12246.0,-1.19,0.0
12247.0,-1.19,0.0
12247.0,-1.19,0.0
12248.0,-1.19,0.0
12249.0,-1.19,0.0
12249.0,-1.19,0.0
12250.0,-0.55,0.0
12250.0,-0.55,0.0
12251.0,-0.55,0.0
12251.0,-0.55,0.0
12252.0,-0.55,0.0
12253.0,-0.68,0.0
12253.0,-0.68,0.0
12254.0,-0.68,0.0
12254.0,-0.68,0.0
12255.0,-0.68,0.0
12256.0,-0.93,0.0
12256.0,-0.93,0.0
12257.0,-0.93,0.0
12257.0,-0.93,0.0
12258.0,-0.93,0.0
12259.0,-0.93,0.0
12259.0,-1.03,0.0
12260.0,-1.03,0.0
12260.0,-1.03,0.0
12261.0,-1.03,0.0
12261.0,-1.03,0.0
12262.0,-1.37,0.0
12263.0,-1.38,0.0
12263.0,-1.37,0.0
12264.0,-1.38,0.0
12264.0,-1.37,0.0
12265.0,-1.12,0.0
12266.0,-1.12,0.0
12266.0,-1.12,0.0
12267.0,-1.12,0.0
12267.0,-1.12,0.0
12268.0,-1.12,0.0
12268.0,-0.62,0.0
12269.0,-0.62,0.0
12270.0,-0.62,0.0
12270.0,-0.62,0.0
12271.0,-0.62,0.0
12271.0,-0.71,0.0
12272.0,-0.71,0.0
12273.0,-0.71,0.0
12273.0,-0.71,0.0
12274.0,-0.71,0.0
12274.0,-1.04,0.0
12275.0,-1.03,0.0
12276.0,-1.04,0.0
12276.0,-1.03,0.0
12277.0,-1.04,0.0
12277.0,-1.03,0.0
12278.0,-1.11,0.0
12278.0,-1.11,0.0
12279.0,-1.11,0.0
12280.0,-1.11,0.0
12280.0,-1.11,0.0
12281.0,-1.1,0.0
12281.0,-1.1,0.0
12282.0,-1.1,0.0
12283.0,-1.1,0.0
12283.0,-1.1,0.0
12284.0,-1.2,0.0
12284.0,-1.2,0.0
12285.0,-1.2,0.0
12285.0,-1.2,0.0
12286.0,-1.2,0.0
12287.0,-1.2,0.0
12287.0,-1.05,0.0
12288.0,-1.05,0.0
12288.0,-1.05,0.0
12289.0,-1.05,0.0
12290.0,-1.05,0.0
12290.0,-0.8,0.0
12291.0,-0.8,0.0
12291.0,-0.8,0.0
12292.0,-0.8,0.0
12293.0,-0.8,0.0
12293.0,-0.79,0.0
12294.0,-0.79,0.0
12294.0,-0.79,0.0
12295.0,-0.79,0.0
12295.0,-0.79,0.0
12296.0,-0.79,0.0
12297.0,-0.8,0.0
12297.0,-0.8,0.0
12298.0,-0.8,0.0
12298.0,-0.8,0.0
12299.0,-0.8,0.0
12300.0,-0.94,0.0
12300.0,-0.94,0.0
12301.0,-0.94,0.0
12301.0,-0.94,0.0
12302.0,-0.94,0.0
12303.0,-0.89,0.0
12303.0,-0.89,0.0
12304.0,-0.89,0.0
12304.0,-0.89,0.0
12305.0,-0.89,0.0
12306.0,-0.75,0.0
12306.0,-0.75,0.0
12307.0,-0.75,0.0
12307.0,-0.75,0.0
12308.0,-0.75,0.0
12308.0,-0.75,0.0
12309.0,-0.81,0.0
12310.0,-0.81,0.0
12310.0,-0.81,0.0
12311.0,-0.81,0.0
12311.0,-0.81,0.0
12312.0,-0.68,0.0
12313.0,-0.68,0.0
12313.0,-0.68,0.0
12314.0,-0.68,0.0
12314.0,-0.68,0.0
12315.0,-0.71,0.0
12315.0,-0.71,0.0
12316.0,-0.71,0.0
12317.0,-0.71,0.0
12317.0,-0.71,0.0
12318.0,-0.71,0.0
12318.0,-1.02,0.0
12319.0,-1.02,0.0
12320.0,-1.02,0.0
12320.0,-1.02,0.0
12321.0,-1.02,0.0
12321.0,-1.36,0.0
12322.0,-1.36,0.0
12323.0,-1.36,0.0
12323.0,-1.36,0.0
12324.0,-1.36,0.0
12324.0,-1.31,0.0
12325.0,-1.31,0.0
12325.0,-1.31,0.0
12326.0,-1.31,0.0
12327.0,-1.31,0.0
12327.0,-1.31,0.0
12328.0,-1.11,0.0
12328.0,-1.11,0.0
12329.0,-1.11,0.0
12330.0,-1.11,0.0
12330.0,-1.11,0.0
12331.0,-0.83,0.0
12331.0,-0.83,0.0
12332.0,-0.83,0.0
12332.0,-0.83,0.0
12333.0,-0.83,0.0
12334.0,-0.65,0.0
12334.0,-0.65,0.0
12335.0,-0.65,0.0
12335.0,-0.65,0.0
12336.0,-0.65,0.0
12337.0,-0.65,0.0
12337.0,-1.04,0.0
12338.0,-1.04,0.0
12338.0,-1.04,0.0
12339.0,-1.04,0.0
12340.0,-1.04,0.0
12340.0,-1.19,0.0
12341.0,-1.18,0.0
12341.0,-1.19,0.0
12342.0,-1.18,0.0
12342.0,-1.19,0.0
12343.0,-0.77,0.0
12344.0,-0.78,0.0
12344.0,-0.77,0.0
12345.0,-0.78,0.0
12345.0,-0.77,0.0
12346.0,-0.78,0.0
12347.0,-0.94,0.0
12347.0,-0.94,0.0
12348.0,-0.94,0.0
12348.0,-0.94,0.0
12349.0,-0.94,0.0
12350.0,-0.87,0.0
12350.0,-0.87,0.0
12351.0,-0.87,0.0
12351.0,-0.87,0.0
12352.0,-0.87,0.0
12352.0,-0.53,0.0
12353.0,-0.53,0.0
12354.0,-0.53,0.0
12354.0,-0.53,0.0
12355.0,-0.53,0.0
12355.0,-0.53,0.0
12356.0,-0.59,0.0
12357.0,-0.59,0.0
12357.0,-0.59,0.0
12358.0,-0.59,0.0
12358.0,-0.59,0.0
12359.0,-1.08,0.0
12359.0,-1.08,0.0
12360.0,-1.08,0.0
12361.0,-1.08,0.0
12361.0,-1.08,0.0
12362.0,-1.26,0.0
12362.0,-1.26,0.0
12363.0,-1.26,0.0
12364.0,-1.26,0.0
12364.0,-1.26,0.0
12365.0,-1.22,0.0
12365.0,-1.22,0.0
12366.0,-1.22,0.0
12367.0,-1.22,0.0
12367.0,-1.22,0.0
12368.0,-1.22,0.0
12368.0,-0.89,0.0
12369.0,-0.89,0.0
12369.0,-0.89,0.0
12370.0,-0.89,0.0
12371.0,-0.89,0.0
12371.0,-0.61,0.0
12372.0,-0.61,0.0
12372.0,-0.61,0.0
12373.0,-0.61,0.0
12374.0,-0.61,0.0
12374.0,-0.69,0.0
12375.0,-0.69,0.0
12375.0,-0.69,0.0
12376.0,-0.69,0.0
12376.0,-0.69,0.0
12377.0,-0.69,0.0
12378.0,-0.63,0.0
12378.0,-0.63,0.0
12379.0,-0.63,0.0
12379.0,-0.63,0.0
12380.0,-0.63,0.0
12381.0,-0.69,0.0
12381.0,-0.69,0.0
12382.0,-0.69,0.0
12382.0,-0.69,0.0
12383.0,-0.69,0.0
12384.0,-0.96,0.0
12384.0,-0.96,0.0
12385.0,-0.96,0.0
12385.0,-0.96,0.0
12386.0,-0.96,0.0
12386.0,-0.96,0.0
12387.0,-0.97,0.0
12388.0,-0.96,0.0
12388.0,-0.97,0.0
12389.0,-0.96,0.0
12389.0,-0.97,0.0
12390.0,-0.44,0.0
12391.0,-0.44,0.0
12391.0,-0.44,0.0
12392.0,-0.44,0.0
12392.0,-0.44,0.0
12393.0,-0.44,0.0
12393.0,-0.44,0.0
12394.0,-0.44,0.0
12395.0,-0.44,0.0
12395.0,-0.44,0.0
12396.0,-0.44,0.0
12396.0,-0.76,0.0
12397.0,-0.76,0.0
12398.0,-0.76,0.0
12398.0,-0.76,0.0
12399.0,-0.76,0.0
12399.0,-1.01,0.0
12400.0,-1.01,0.0
12401.0,-1.01,0.0
12401.0,-1.01,0.0
12402.0,-1.01,0.0
12402.0,-1.15,0.0
12403.0,-1.15,0.0
12404.0,-1.15,0.0
12404.0,-1.15,0.0
12405.0,-1.15,0.0
12405.0,-1.06,0.0
12406.0,-1.06,0.0
12406.0,-1.06,0.0
12407.0,-1.06,0.0
12408.0,-1.06,0.0
12408.0,-1.06,0.0
12409.0,-1.15,0.0
12409.0,-1.15,0.0
12410.0,-1.15,0.0
12411.0,-1.15,0.0
12411.0,-1.15,0.0
12412.0,-1.17,0.0
12412.0,-1.16,0.0
12413.0,-1.17,0.0
12414.0,-1.16,0.0
12414.0,-1.17,0.0
12415.0,-0.93,0.0
12415.0,-0.93,0.0
12416.0,-0.93,0.0
12416.0,-0.93,0.0
12417.0,-0.93,0.0
12418.0,-0.93,0.0
12418.0,-0.92,0.0
12419.0,-0.92,0.0
12419.0,-0.92,0.0
12420.0,-0.92,0.0
12421.0,-0.92,0.0
12421.0,-1.27,0.0
12422.0,-1.27,0.0
12422.0,-1.27,0.0
12423.0,-1.27,0.0
12424.0,-1.27,0.0
12424.0,-1.22,0.0
12425.0,-1.22,0.0
12425.0,-1.22,0.0
12426.0,-1.22,0.0
12426.0,-1.22,0.0
12427.0,-1.22,0.0
12428.0,-0.89,0.0
12428.0,-0.89,0.0
12429.0,-0.89,0.0
12429.0,-0.89,0.0
12430.0,-0.89,0.0
12431.0,-0.56,0.0
12431.0,-0.56,0.0
12432.0,-0.56,0.0
12432.0,-0.56,0.0
12433.0,-0.56,0.0
12433.0,-0.62,0.0
12434.0,-0.62,0.0
12435.0,-0.62,0.0
12435.0,-0.62,0.0
12436.0,-0.62,0.0
12436.0,-0.62,0.0
12437.0,-0.89,0.0
12438.0,-0.89,0.0
12438.0,-0.89,0.0
12439.0,-0.89,0.0
12439.0,-0.89,0.0
12440.0,-1.06,0.0
12440.0,-1.06,0.0
12441.0,-1.06,0.0
12442.0,-1.06,0.0
12442.0,-1.06,0.0
12443.0,-1.09,0.0
12443.0,-1.09,0.0
12444.0,-1.09,0.0
12445.0,-1.09,0.0
12445.0,-1.09,0.0
12446.0,-1.09,0.0
12446.0,-0.95,0.0
12447.0,-0.95,0.0
12448.0,-0.95,0.0
12448.0,-0.95,0.0
12449.0,-0.95,0.0
12449.0,-0.67,0.0
12450.0,-0.67,0.0
12450.0,-0.67,0.0
12451.0,-0.67,0.0
12452.0,-0.67,0.0
12452.0,-0.68,0.0
12453.0,-0.68,0.0
12453.0,-0.68,0.0
12454.0,-0.68,0.0
12455.0,-0.68,0.0
12455.0,-0.68,0.0
12456.0,-0.7,0.0
12456.0,-0.7,0.0
12457.0,-0.7,0.0
12458.0,-0.7,0.0
12458.0,-0.7,0.0
12459.0,-0.95,0.0
12459.0,-0.95,0.0
12460.0,-0.95,0.0
12460.0,-0.95,0.0
12461.0,-0.95,0.0
12462.0,-1.12,0.0
12462.0,-1.13,0.0
12463.0,-1.12,0.0
12463.0,-1.13,0.0
12464.0,-1.12,0.0
12465.0,-1.13,0.0
12465.0,-1.0,0.0
12466.0,-1.0,0.0
12466.0,-1.0,0.0
12467.0,-1.0,0.0
12467.0,-1.0,0.0
12468.0,-0.79,0.0
12469.0,-0.79,0.0
12469.0,-0.79,0.0
12470.0,-0.79,0.0
12470.0,-0.79,0.0
12471.0,-0.72,0.0
12472.0,-0.72,0.0
12472.0,-0.72,0.0
12473.0,-0.72,0.0
12473.0,-0.72,0.0
12474.0,-0.72,0.0
12475.0,-0.58,0.0
12475.0,-0.58,0.0
12476.0,-0.58,0.0
12476.0,-0.58,0.0
12477.0,-0.58,0.0
12477.0,-0.71,0.0
12478.0,-0.71,0.0
12479.0,-0.71,0.0
12479.0,-0.71,0.0
12480.0,-0.71,0.0
12480.0,-1.13,0.0
12481.0,-1.13,0.0
12482.0,-1.13,0.0
12482.0,-1.13,0.0
12483.0,-1.13,0.0
12483.0,-1.21,0.0
12484.0,-1.21,0.0
12484.0,-1.21,0.0
12485.0,-1.21,0.0
12486.0,-1.21,0.0
12486.0,-1.21,0.0
12487.0,-0.94,0.0
12487.0,-0.94,0.0
12488.0,-0.94,0.0
12489.0,-0.94,0.0
12489.0,-0.94,0.0
12490.0,-0.76,0.0
12490.0,-0.77,0.0
12491.0,-0.76,0.0
12492.0,-0.77,0.0
12492.0,-0.76,0.0
12493.0,-0.9,0.0
12493.0,-0.9,0.0
12494.0,-0.9,0.0
12494.0,-0.9,0.0
12495.0,-0.9,0.0
12496.0,-0.9,0.0
12496.0,-1.02,0.0
12497.0,-1.01,0.0
12497.0,-1.02,0.0
12498.0,-1.01,0.0
12499.0,-1.02,0.0
12499.0,-1.12,0.0
12500.0,-1.12,0.0
12500.0,-1.12,0.0
12501.0,-1.12,0.0
12502.0,-1.12,0.0
12502.0,-1.22,0.0
12503.0,-1.22,0.0
12503.0,-1.22,0.0
12504.0,-1.22,0.0
12505.0,-1.22,0.0
12505.0,-1.22,0.0
12506.0,-1.05,0.0
12506.0,-1.05,0.0
12507.0,-1.05,0.0
12507.0,-1.05,0.0
12508.0,-1.05,0.0
12509.0,-1.11,0.0
12509.0,-1.11,0.0
12510.0,-1.11,0.0
12510.0,-1.11,0.0
12511.0,-1.11,0.0
12512.0,-0.9,0.0
12512.0,-0.9,0.0
12513.0,-0.9,0.0
12513.0,-0.9,0.0
12514.0,-0.9,0.0
12514.0,-0.9,0.0
12515.0,-0.75,0.0
12516.0,-0.75,0.0
12516.0,-0.75,0.0
12517.0,-0.75,0.0
12517.0,-0.75,0.0
12518.0,-0.94,0.0
12519.0,-0.95,0.0
12519.0,-0.94,0.0
12520.0,-0.95,0.0
12520.0,-0.94,0.0
12521.0,-1.32,0.0
12522.0,-1.32,0.0
12522.0,-1.32,0.0
12523.0,-1.32,0.0
12523.0,-1.32,0.0
12524.0,-1.37,0.0
12524.0,-1.37,0.0
12525.0,-1.37,0.0
12526.0,-1.37,0.0
12526.0,-1.37,0.0
12527.0,-1.37,0.0
12527.0,-0.93,0.0
12528.0,-0.93,0.0
12529.0,-0.93,0.0
12529.0,-0.93,0.0
12530.0,-0.93,0.0
12530.0,-0.54,0.0
12531.0,-0.54,0.0
12532.0,-0.54,0.0
12532.0,-0.54,0.0
12533.0,-0.54,0.0
12533.0,-0.64,0.0
12534.0,-0.65,0.0
12534.0,-0.64,0.0
12535.0,-0.65,0.0
12536.0,-0.64,0.0
12536.0,-0.65,0.0
12537.0,-0.76,0.0
12537.0,-0.76,0.0
12538.0,-0.76,0.0
12539.0,-0.76,0.0
12539.0,-0.76,0.0
12540.0,-0.72,0.0
12540.0,-0.72,0.0
12541.0,-0.72,0.0
12541.0,-0.72,0.0
12542.0,-0.72,0.0
12543.0,-0.94,0.0
12543.0,-0.94,0.0
12544.0,-0.94,0.0
12544.0,-0.94,0.0
12545.0,-0.94,0.0
12546.0,-0.94,0.0
12546.0,-0.9,0.0
12547.0,-0.9,0.0
12547.0,-0.9,0.0
12548.0,-0.9,0.0
12549.0,-0.9,0.0
12549.0,-0.78,0.0
12550.0,-0.78,0.0
12550.0,-0.78,0.0
12551.0,-0.78,0.0
12551.0,-0.78,0.0
12552.0,-0.42,0.0
12553.0,-0.42,0.0
12553.0,-0.42,0.0
12554.0,-0.42,0.0
12554.0,-0.42,0.0
12555.0,-0.42,0.0
12556.0,-0.55,0.0
12556.0,-0.55,0.0
12557.0,-0.55,0.0
12557.0,-0.55,0.0
12558.0,-0.55,0.0
12558.0,-0.91,0.0
12559.0,-0.91,0.0
12560.0,-0.91,0.0
12560.0,-0.91,0.0
12561.0,-0.91,0.0
12561.0,-0.95,0.0
12562.0,-0.95,0.0
12563.0,-0.95,0.0
12563.0,-0.95,0.0
12564.0,-0.95,0.0
12564.0,-0.95,0.0
12565.0,-1.04,0.0
12566.0,-1.04,0.0
12566.0,-1.04,0.0
12567.0,-1.04,0.0
12567.0,-1.04,0.0
12568.0,-0.93,0.0
12568.0,-0.93,0.0
12569.0,-0.93,0.0
12570.0,-0.93,0.0
12570.0,-0.93,0.0
12571.0,-0.8,0.0
12571.0,-0.8,0.0
12572.0,-0.8,0.0
12573.0,-0.8,0.0
12573.0,-0.8,0.0
12574.0,-0.8,0.0
12574.0,-1.05,0.0
12575.0,-1.05,0.0
12575.0,-1.05,0.0
12576.0,-1.05,0.0
12577.0,-1.05,0.0
12577.0,-1.11,0.0
12578.0,-1.11,0.0
12578.0,-1.11,0.0
12579.0,-1.11,0.0
12580.0,-1.11,0.0
12580.0,-1.01,0.0
12581.0,-1.02,0.0
12581.0,-1.01,0.0
12582.0,-1.02,0.0
12583.0,-1.01,0.0
12583.0,-1.02,0.0
12584.0,-1.29,0.0
12584.0,-1.3,0.0
12585.0,-1.29,0.0
12585.0,-1.3,0.0
12586.0,-1.29,0.0
12587.0,-1.15,0.0
12587.0,-1.14,0.0
12588.0,-1.15,0.0
12588.0,-1.14,0.0
12589.0,-1.15,0.0
12590.0,-0.57,0.0
12590.0,-0.58,0.0
12591.0,-0.57,0.0
12591.0,-0.58,0.0
12592.0,-0.57,0.0
12592.0,-0.58,0.0
12593.0,-0.48,0.0
12594.0,-0.48,0.0
12594.0,-0.48,0.0
12595.0,-0.48,0.0
12595.0,-0.48,0.0
12596.0,-0.74,0.0
12597.0,-0.74,0.0
12597.0,-0.74,0.0
12598.0,-0.74,0.0
12598.0,-0.74,0.0
12599.0,-0.89,0.0
12600.0,-0.89,0.0
12600.0,-0.89,0.0
12601.0,-0.89,0.0
12601.0,-0.89,0.0
12602.0,-1.14,0.0
12603.0,-1.13,0.0
12603.0,-1.14,0.0
12604.0,-1.13,0.0
12604.0,-1.14,0.0
12605.0,-1.13,0.0
12605.0,-1.11,0.0
12606.0,-1.11,0.0
12607.0,-1.11,0.0
12607.0,-1.11,0.0
12608.0,-1.11,0.0
12608.0,-0.7,0.0
12609.0,-0.7,0.0
12610.0,-0.7,0.0
12610.0,-0.7,0.0
12611.0,-0.7,0.0
12611.0,-0.59,0.0
12612.0,-0.58,0.0
12613.0,-0.59,0.0
12613.0,-0.58,0.0
12614.0,-0.59,0.0
12614.0,-0.58,0.0
12615.0,-0.52,0.0
12615.0,-0.52,0.0
12616.0,-0.52,0.0
12617.0,-0.52,0.0
12617.0,-0.52,0.0
12618.0,-0.68,0.0
12618.0,-0.68,0.0
12619.0,-0.68,0.0
12620.0,-0.68,0.0
12620.0,-0.68,0.0
12621.0,-1.04,0.0
12621.0,-1.03,0.0
12622.0,-1.04,0.0
12622.0,-1.03,0.0
12623.0,-1.04,0.0
12624.0,-1.03,0.0
12624.0,-0.8,0.0
12625.0,-0.8,0.0
12625.0,-0.8,0.0
12626.0,-0.8,0.0
12627.0,-0.8,0.0
12627.0,-0.63,0.0
12628.0,-0.63,0.0
12628.0,-0.63,0.0
12629.0,-0.63,0.0
12630.0,-0.63,0.0
12630.0,-0.63,0.0
12631.0,-0.63,0.0
12631.0,-0.63,0.0
12632.0,-0.63,0.0
12632.0,-0.63,0.0
12633.0,-0.63,0.0
12634.0,-0.67,0.0
12634.0,-0.67,0.0
12635.0,-0.67,0.0
12635.0,-0.67,0.0
12636.0,-0.67,0.0
12637.0,-0.88,0.0
12637.0,-0.89,0.0
12638.0,-0.88,0.0
12638.0,-0.89,0.0
12639.0,-0.88,0.0
12640.0,-1.06,0.0
12640.0,-1.05,0.0
12641.0,-1.06,0.0
12641.0,-1.05,0.0
12642.0,-1.06,0.0
12642.0,-1.05,0.0
12643.0,-1.06,0.0
12644.0,-1.05,0.0
12644.0,-1.06,0.0
12645.0,-1.05,0.0
12645.0,-1.06,0.0
12646.0,-1.07,0.0
12647.0,-1.07,0.0
12647.0,-1.07,0.0
12648.0,-1.07,0.0
12648.0,-1.07,0.0
12649.0,-0.79,0.0
12649.0,-0.79,0.0
12650.0,-0.79,0.0
12651.0,-0.79,0.0
12651.0,-0.79,0.0
12652.0,-0.7,0.0
12652.0,-0.7,0.0
12653.0,-0.7,0.0
12654.0,-0.7,0.0
12654.0,-0.7,0.0
12655.0,-0.7,0.0
12655.0,-0.72,0.0
12656.0,-0.72,0.0
12657.0,-0.72,0.0
12657.0,-0.72,0.0
12658.0,-0.72,0.0
12658.0,-0.93,0.0
12659.0,-0.93,0.0
12659.0,-0.93,0.0
12660.0,-0.93,0.0
12661.0,-0.93,0.0
12661.0,-0.96,0.0
12662.0,-0.96,0.0
12662.0,-0.96,0.0
12663.0,-0.96,0.0
12664.0,-0.96,0.0
12664.0,-0.96,0.0
12665.0,-0.96,0.0
12665.0,-0.97,0.0
12666.0,-0.96,0.0
12666.0,-0.97,0.0
12667.0,-0.96,0.0
12668.0,-1.02,0.0
12668.0,-1.02,0.0
12669.0,-1.02,0.0
12669.0,-1.02,0.0
12670.0,-1.02,0.0
12671.0,-0.94,0.0
12671.0,-0.94,0.0
12672.0,-0.94,0.0
12672.0,-0.94,0.0
12673.0,-0.94,0.0
12674.0,-0.94,0.0
12674.0,-0.63,0.0
12675.0,-0.63,0.0
12675.0,-0.63,0.0
12676.0,-0.63,0.0
12676.0,-0.63,0.0
12677.0,-0.67,0.0
12678.0,-0.67,0.0
12678.0,-0.67,0.0
12679.0,-0.67,0.0
12679.0,-0.67,0.0
12680.0,-1.05,0.0
12681.0,-1.05,0.0
12681.0,-1.05,0.0
12682.0,-1.05,0.0
12682.0,-1.05,0.0
12683.0,-1.05,0.0
12683.0,-1.14,0.0
12684.0,-1.14,0.0
12685.0,-1.14,0.0
12685.0,-1.14,0.0
12686.0,-1.14,0.0
12686.0,-0.99,0.0
12687.0,-0.99,0.0
12688.0,-0.99,0.0
12688.0,-0.99,0.0
12689.0,-0.99,0.0
12689.0,-0.69,0.0
12690.0,-0.69,0.0
12691.0,-0.69,0.0
12691.0,-0.69,0.0
12692.0,-0.69,0.0
12692.0,-0.69,0.0
12693.0,-0.63,0.0
12693.0,-0.63,0.0
12694.0,-0.63,0.0
12695.0,-0.63,0.0
12695.0,-0.63,0.0
12696.0,-0.69,0.0
12696.0,-0.69,0.0
12697.0,-0.69,0.0
12698.0,-0.69,0.0
12698.0,-0.69,0.0
12699.0,-1.01,0.0
12699.0,-1.02,0.0
12700.0,-1.01,0.0
12700.0,-1.02,0.0
12701.0,-1.01,0.0
12702.0,-1.02,0.0
12702.0,-1.1,0.0
12703.0,-1.1,0.0
12704.0,-1.1,0.0
12704.0,-1.1,0.0
12705.0,-1.1,0.0
12705.0,-0.86,0.0
12706.0,-0.86,0.0
12706.0,-0.86,0.0
12707.0,-0.86,0.0
12708.0,-0.86,0.0
12708.0,-0.74,0.0
12709.0,-0.74,0.0
12709.0,-0.74,0.0
12710.0,-0.74,0.0
12711.0,-0.74,0.0
12711.0,-0.59,0.0
12712.0,-0.59,0.0
12712.0,-0.59,0.0
12713.0,-0.59,0.0
12714.0,-0.59,0.0
12714.0,-0.59,0.0
12715.0,-0.7,0.0
12715.0,-0.7,0.0
12716.0,-0.7,0.0
12716.0,-0.7,0.0
12717.0,-0.7,0.0
12718.0,-0.97,0.0
12718.0,-0.97,0.0
12719.0,-0.97,0.0
12719.0,-0.97,0.0
12720.0,-0.97,0.0
12721.0,-1.2,0.0
12721.0,-1.2,0.0
12722.0,-1.2,0.0
12722.0,-1.2,0.0
12723.0,-1.2,0.0
12723.0,-1.2,0.0
12724.0,-1.14,0.0
12725.0,-1.14,0.0
12725.0,-1.14,0.0
12726.0,-1.14,0.0
12726.0,-1.14,0.0
12727.0,-0.98,0.0
12728.0,-0.98,0.0
12728.0,-0.98,0.0
12729.0,-0.98,0.0
12729.0,-0.98,0.0
12730.0,-0.75,0.0
12730.0,-0.75,0.0
12731.0,-0.75,0.0
12732.0,-0.75,0.0
12732.0,-0.75,0.0
12733.0,-0.75,0.0
12733.0,-0.7,0.0
12734.0,-0.7,0.0
12735.0,-0.7,0.0
12735.0,-0.7,0.0
12736.0,-0.7,0.0
12736.0,-1.0,0.0
12737.0,-1.0,0.0
12738.0,-1.0,0.0
12738.0,-1.0,0.0
12739.0,-1.0,0.0
12739.0,-1.22,0.0
12740.0,-1.22,0.0
12740.0,-1.22,0.0
12741.0,-1.22,0.0
12742.0,-1.22,0.0
12742.0,-1.22,0.0
12743.0,-1.33,0.0
12743.0,-1.33,0.0
12744.0,-1.33,0.0
12745.0,-1.33,0.0
12745.0,-1.33,0.0
12746.0,-1.06,0.0
12746.0,-1.06,0.0
12747.0,-1.06,0.0
12748.0,-1.06,0.0
12748.0,-1.06,0.0
12749.0,-0.81,0.0
12749.0,-0.81,0.0
12750.0,-0.81,0.0
12750.0,-0.81,0.0
12751.0,-0.81,0.0
12752.0,-0.81,0.0
12752.0,-0.56,0.0
12753.0,-0.56,0.0
12753.0,-0.56,0.0
12754.0,-0.56,0.0
12755.0,-0.56,0.0
12755.0,-0.8,0.0
12756.0,-0.8,0.0
12756.0,-0.8,0.0
12757.0,-0.8,0.0
12757.0,-0.8,0.0
12758.0,-0.95,0.0
12759.0,-0.94,0.0
12759.0,-0.95,0.0
12760.0,-0.94,0.0
12760.0,-0.95,0.0
12761.0,-0.95,0.0
12762.0,-0.96,0.0
12762.0,-0.95,0.0
12763.0,-0.96,0.0
12763.0,-0.95,0.0
12764.0,-0.96,0.0
12765.0,-0.96,0.0
12765.0,-0.96,0.0
12766.0,-0.96,0.0
12766.0,-0.96,0.0
12767.0,-0.96,0.0
12767.0,-0.88,0.0
12768.0,-0.88,0.0
12769.0,-0.88,0.0
12769.0,-0.88,0.0
12770.0,-0.88,0.0
12770.0,-0.65,0.0
12771.0,-0.65,0.0
12772.0,-0.65,0.0
12772.0,-0.65,0.0
12773.0,-0.65,0.0
12773.0,-0.65,0.0
12774.0,-0.63,0.0
12774.0,-0.64,0.0
12775.0,-0.63,0.0
12776.0,-0.64,0.0
12776.0,-0.63,0.0
12777.0,-0.79,0.0
12777.0,-0.79,0.0
12778.0,-0.79,0.0
12779.0,-0.79,0.0
12779.0,-0.79,0.0
12780.0,-0.95,0.0
12780.0,-0.95,0.0
12781.0,-0.95,0.0
12782.0,-0.95,0.0
12782.0,-0.95,0.0
12783.0,-0.95,0.0
12783.0,-1.11,0.0
12784.0,-1.11,0.0
12784.0,-1.11,0.0
12785.0,-1.11,0.0
12786.0,-1.11,0.0
12786.0,-1.0,0.0
12787.0,-1.0,0.0
12787.0,-1.0,0.0
12788.0,-1.0,0.0
12789.0,-1.0,0.0
12789.0,-0.68,0.0
12790.0,-0.68,0.0
12790.0,-0.68,0.0
12791.0,-0.68,0.0
12791.0,-0.68,0.0
12792.0,-0.68,0.0
12793.0,-0.46,0.0
12793.0,-0.46,0.0
12794.0,-0.46,0.0
12794.0,-0.46,0.0
12795.0,-0.46,0.0
12796.0,-0.54,0.0
12796.0,-0.54,0.0
12797.0,-0.54,0.0
12797.0,-0.54,0.0
12798.0,-0.54,0.0
12799.0,-0.95,0.0
12799.0,-0.95,0.0
12800.0,-0.95,0.0
12800.0,-0.95,0.0
12801.0,-0.95,0.0
12801.0,-0.95,0.0
12802.0,-1.35,0.0
12803.0,-1.35,0.0
12803.0,-1.35,0.0
12804.0,-1.35,0.0
12804.0,-1.35,0.0
12805.0,-1.24,0.0
12806.0,-1.24,0.0
12806.0,-1.24,0.0
12807.0,-1.24,0.0
12807.0,-1.24,0.0
12808.0,-1.0,0.0
12809.0,-1.01,0.0
12809.0,-1.0,0.0
12810.0,-1.01,0.0
12810.0,-1.0,0.0
12811.0,-0.7,0.0
12812.0,-0.7,0.0
12812.0,-0.7,0.0
12813.0,-0.7,0.0
12813.0,-0.7,0.0
12814.0,-0.7,0.0
12814.0,-0.72,0.0
12815.0,-0.72,0.0
12816.0,-0.72,0.0
12816.0,-0.72,0.0
12817.0,-0.72,0.0
12817.0,-0.88,0.0
12818.0,-0.88,0.0
12819.0,-0.88,0.0
12819.0,-0.88,0.0
12820.0,-0.88,0.0
12820.0,-1.17,0.0
12821.0,-1.17,0.0
12821.0,-1.17,0.0
12822.0,-1.17,0.0
12823.0,-1.17,0.0
12823.0,-1.17,0.0
12824.0,-1.13,0.01
12824.0,-1.12,0.01
12825.0,-1.13,0.01
12825.0,-1.12,0.01
12826.0,-1.13,0.01
12827.0,-0.84,0.01
12827.0,-0.84,0.01
12828.0,-0.84,0.01
12828.0,-0.84,0.01
12829.0,-0.84,0.01
12830.0,-0.84,0.01
12830.0,-0.06,0.01
12831.0,-0.06,0.01
12831.0,-0.06,0.01
12832.0,-0.06,0.01
12832.0,-0.06,0.01
12833.0,0.59,0.02
12834.0,0.59,0.02
12834.0,0.59,0.02
12835.0,0.59,0.02
12835.0,0.59,0.02
12836.0,0.9,0.02
12836.0,0.9,0.02
12837.0,0.9,0.02
12838.0,0.9,0.02
12838.0,0.9,0.02
12839.0,0.9,0.02
12839.0,1.0,0.02
12840.0,1.0,0.02
12840.0,1.0,0.02
12841.0,1.0,0.02
12842.0,1.0,0.03
12842.0,1.23,0.03
12843.0,1.24,0.03
12843.0,1.23,0.03
12844.0,1.24,0.03
12845.0,1.23,0.03
12845.0,1.24,0.03
12846.0,1.7,0.03
12846.0,1.7,0.03
12847.0,1.7,0.03
12847.0,1.7,0.03
12848.0,1.7,0.03
12849.0,2.29,0.03
12849.0,2.29,0.03
12850.0,2.29,0.03
12850.0,2.29,0.03
12851.0,2.29,0.04
12851.0,2.29,0.04
12852.0,2.62,0.04
12853.0,2.62,0.04
12853.0,2.62,0.04
12854.0,2.62,0.04
12854.0,2.62,0.04
12855.0,2.92,0.04
12855.0,2.92,0.04
12856.0,2.92,0.04
12857.0,2.92,0.04
12857.0,2.92,0.04
12858.0,3.1,0.04
12858.0,3.09,0.04
12859.0,3.1,0.04
12860.0,3.09,0.04
12860.0,3.1,0.05
12861.0,3.09,0.05
12861.0,3.05,0.05
12862.0,3.04,0.05
12862.0,3.05,0.05
12863.0,3.04,0.05
12864.0,3.05,0.05
12864.0,3.16,0.05
12865.0,3.16,0.05
12865.0,3.16,0.05
12866.0,3.16,0.05
12866.0,3.16,0.05
12867.0,3.16,0.05
12868.0,3.59,0.05
12868.0,3.59,0.05
12869.0,3.59,0.05
12869.0,3.59,0.05
12870.0,3.59,0.06
12870.0,4.01,0.06
12871.0,4.01,0.06
12872.0,4.01,0.06
12872.0,4.01,0.06
12873.0,4.01,0.06
12873.0,4.09,0.06
12874.0,4.09,0.06
12875.0,4.09,0.06
12875.0,4.09,0.06
12876.0,4.09,0.06
12876.0,4.09,0.06
12877.0,4.04,0.06
12877.0,4.04,0.06
12878.0,4.04,0.06
12879.0,4.04,0.06
12879.0,4.04,0.07
12880.0,4.1,0.07
12880.0,4.1,0.07
12881.0,4.1,0.07
12881.0,4.1,0.07
12882.0,4.1,0.07
12883.0,4.1,0.07
12883.0,4.33,0.07
12884.0,4.33,0.07
12884.0,4.33,0.07
12885.0,4.33,0.07
12885.0,4.33,0.07
12886.0,4.54,0.07
12887.0,4.54,0.07
12887.0,4.54,0.07
12888.0,4.54,0.08
12888.0,4.54,0.08
12889.0,4.76,0.08
12890.0,4.75,0.08
12890.0,4.76,0.08
12891.0,4.75,0.08
12891.0,4.76,0.08
12892.0,4.75,0.08
12892.0,5.01,0.08
12893.0,5.01,0.08
12894.0,5.01,0.08
12894.0,5.01,0.08
12895.0,5.01,0.08
12895.0,4.89,0.08
12896.0,4.89,0.08
12896.0,4.89,0.08
12897.0,4.89,0.09
12898.0,4.89,0.09
12898.0,4.89,0.09
12899.0,4.8,0.09
12899.0,4.8,0.09
12900.0,4.8,0.09
12900.0,4.8,0.09
12901.0,4.8,0.09
12902.0,4.8,0.09
12902.0,4.8,0.09
12903.0,4.8,0.09
12903.0,4.8,0.09
12904.0,4.8,0.09
12905.0,4.82,0.09
12905.0,4.82,0.09
12906.0,4.82,0.09
12906.0,4.82,0.09
12907.0,4.82,0.1
12908.0,4.82,0.1
12908.0,4.78,0.1
12909.0,4.78,0.1
12909.0,4.78,0.1
12910.0,4.78,0.1
12910.0,4.78,0.1
12911.0,5.25,0.1
12912.0,5.25,0.1
12912.0,5.25,0.1
12913.0,5.25,0.1
12913.0,5.25,0.1
12914.0,5.28,0.1
12914.0,5.28,0.1
12915.0,5.28,0.1
12916.0,5.28,0.1
12916.0,5.28,0.11
12917.0,5.28,0.11
12917.0,5.1,0.11
12918.0,5.1,0.11
12918.0,5.1,0.11
12919.0,5.1,0.11
12920.0,5.1,0.11
12920.0,4.82,0.11
12921.0,4.82,0.11
12921.0,4.82,0.11
12922.0,4.82,0.11
12923.0,4.82,0.11
12923.0,4.82,0.11
12924.0,4.74,0.11
12924.0,4.73,0.11
12925.0,4.74,0.12
12925.0,4.73,0.12
12926.0,4.74,0.12
12927.0,5.04,0.12
12927.0,5.05,0.12
12928.0,5.04,0.12
12928.0,5.05,0.12
12929.0,5.04,0.12
12929.0,5.22,0.12
12930.0,5.22,0.12
12931.0,5.22,0.12
12931.0,5.22,0.12
12932.0,5.22,0.12
12932.0,5.22,0.12
12933.0,5.35,0.12
12933.0,5.35,0.12
12934.0,5.35,0.13
12935.0,5.35,0.13
12935.0,5.35,0.13
12936.0,5.32,0.13
12936.0,5.32,0.13
12937.0,5.32,0.13
12938.0,5.32,0.13
12938.0,5.32,0.13
12939.0,5.32,0.13
12939.0,5.24,0.13
12940.0,5.24,0.13
12940.0,5.24,0.13
12941.0,5.24,0.13
12942.0,5.24,0.13
12942.0,5.18,0.13
12943.0,5.18,0.13
12943.0,5.18,0.14
12944.0,5.18,0.14
12944.0,5.18,0.14
12945.0,5.18,0.14
12946.0,5.45,0.14
12946.0,5.45,0.14
12947.0,5.45,0.14
12947.0,5.45,0.14
12948.0,5.45,0.14
12948.0,5.85,0.14
12949.0,5.85,0.14
12950.0,5.85,0.14
12950.0,5.85,0.14
12951.0,5.85,0.14
12951.0,5.95,0.14
12952.0,5.95,0.14
12953.0,5.95,0.14
12953.0,5.95,0.15
12954.0,5.95,0.15
12954.0,5.95,0.15
12955.0,5.99,0.15
12955.0,5.99,0.15
12956.0,5.99,0.15
12957.0,5.99,0.15
12957.0,5.99,0.15
12958.0,6.04,0.15
12958.0,6.04,0.15
12959.0,6.04,0.15
12959.0,6.04,0.15
12960.0,6.04,0.15
12961.0,6.04,0.15
12961.0,5.68,0.15
12962.0,5.68,0.16
12962.0,5.68,0.16
12963.0,5.68,0.16
12963.0,5.68,0.16
12964.0,5.74,0.16
12965.0,5.74,0.16
12965.0,5.74,0.16
12966.0,5.74,0.16
12966.0,5.74,0.16
12967.0,6.13,0.16
12968.0,6.14,0.16
12968.0,6.13,0.16
12969.0,6.14,0.16
12969.0,6.13,0.16
12970.0,6.14,0.16
12970.0,6.49,0.16
12971.0,6.49,0.17
12972.0,6.49,0.17
12972.0,6.49,0.17
12973.0,6.49,0.17
12973.0,6.57,0.17
12974.0,6.57,0.17
12974.0,6.57,0.17
12975.0,6.57,0.17
12976.0,6.57,0.17
12976.0,6.57,0.17
12977.0,6.57,0.17
12977.0,6.57,0.17
12978.0,6.57,0.17
12978.0,6.57,0.17
12979.0,6.57,0.17
12980.0,6.59,0.17
12980.0,6.59,0.17
12981.0,6.59,0.18
12981.0,6.59,0.18
12982.0,6.59,0.18
12983.0,6.7,0.18
12983.0,6.7,0.18
12984.0,6.7,0.18
12984.0,6.7,0.18
12985.0,6.7,0.18
12985.0,6.7,0.18
12986.0,7.12,0.18
12987.0,7.12,0.18
12987.0,7.12,0.18
12988.0,7.12,0.18
12988.0,7.12,0.18
12989.0,7.6,0.18
12989.0,7.6,0.19
12990.0,7.6,0.19
12991.0,7.6,0.19
12991.0,7.6,0.19
12992.0,7.6,0.19
12992.0,8.4,0.19
12993.0,8.4,0.19
12993.0,8.4,0.19
12994.0,8.4,0.19
12995.0,8.4,0.19
12995.0,8.52,0.19
12996.0,8.51,0.19
12996.0,8.52,0.19
12997.0,8.51,0.19
12998.0,8.52,0.19
12998.0,8.15,0.19
12999.0,8.15,0.19
12999.0,8.15,0.2
13000.0,8.15,0.2
13000.0,8.15,0.2
13001.0,8.15,0.2
13002.0,8.45,0.2
13002.0,8.45,0.2
13003.0,8.45,0.2
13003.0,8.45,0.2
13004.0,8.45,0.2
13004.0,8.77,0.2
13005.0,8.77,0.2
13006.0,8.77,0.2
13006.0,8.77,0.2
13007.0,8.77,0.2
13007.0,9.12,0.2
13008.0,9.12,0.2
13009.0,9.12,0.21
13009.0,9.12,0.21
13010.0,9.12,0.21
13010.0,9.12,0.21
13011.0,9.63,0.21
13011.0,9.63,0.21
13012.0,9.63,0.21
13013.0,9.63,0.21
13013.0,9.63,0.21
13014.0,9.97,0.21
13014.0,9.97,0.21
13015.0,9.97,0.21
13016.0,9.97,0.21
13016.0,9.97,0.21
13017.0,9.97,0.21
13017.0,10.01,0.22
13018.0,10.0,0.22
13018.0,10.01,0.22
13019.0,10.0,0.22
13020.0,10.01,0.22
13020.0,10.29,0.22
13021.0,10.29,0.22
13021.0,10.29,0.22
13022.0,10.29,0.22
13022.0,10.29,0.22
13023.0,10.29,0.22
13024.0,10.45,0.22
13024.0,10.45,0.22
13025.0,10.45,0.22
13025.0,10.45,0.22
13026.0,10.45,0.22
13026.0,10.89,0.22
13027.0,10.89,0.23
13028.0,10.89,0.23
13028.0,10.89,0.23
13029.0,10.89,0.23
13029.0,11.73,0.23
13030.0,11.73,0.23
13031.0,11.73,0.23
13031.0,11.73,0.23
13032.0,11.73,0.23
13032.0,11.73,0.23
13033.0,12.24,0.23
13033.0,12.24,0.23
13034.0,12.24,0.23
13035.0,12.24,0.23
13035.0,12.24,0.23
13036.0,12.35,0.23
13036.0,12.34,0.24
13037.0,12.35,0.24
13037.0,12.34,0.24
13038.0,12.35,0.24
13039.0,12.34,0.24
13039.0,12.6,0.24
13040.0,12.6,0.24
13040.0,12.6,0.24
13041.0,12.6,0.24
13041.0,12.6,0.24
13042.0,12.76,0.24
13043.0,12.77,0.24
13043.0,12.76,0.24
13044.0,12.77,0.24
13044.0,12.76,0.24
13045.0,12.99,0.25
13046.0,12.99,0.25
13046.0,12.99,0.25
13047.0,12.99,0.25
13047.0,12.99,0.25
13048.0,12.99,0.25
13048.0,13.47,0.25
13049.0,13.47,0.25
13050.0,13.47,0.25
13050.0,13.47,0.25
13051.0,13.47,0.25
13051.0,14.22,0.25
13052.0,14.22,0.25
13052.0,14.22,0.25
13053.0,14.22,0.25
13054.0,14.22,0.25
13054.0,14.22,0.25
13055.0,14.54,0.26
13055.0,14.54,0.26
13056.0,14.54,0.26
13057.0,14.54,0.26
13057.0,14.54,0.26
13058.0,14.8,0.26
13058.0,14.8,0.26
13059.0,14.8,0.26
13059.0,14.8,0.26
13060.0,14.8,0.26
13061.0,14.83,0.26
13061.0,14.84,0.26
13062.0,14.83,0.26
13062.0,14.84,0.26
13063.0,14.83,0.26
13063.0,14.84,0.26
13064.0,15.06,0.27
13065.0,15.06,0.27
13065.0,15.06,0.27
13066.0,15.06,0.27
13066.0,15.06,0.27
13067.0,15.47,0.27
13067.0,15.46,0.27
13068.0,15.47,0.27
13069.0,15.46,0.27
13069.0,15.47,0.27
13070.0,15.46,0.27
13070.0,16.3,0.27
13071.0,16.29,0.27
13072.0,16.3,0.27
13072.0,16.29,0.27
13073.0,16.3,0.28
13073.0,16.62,0.28
13074.0,16.62,0.28
13074.0,16.62,0.28
13075.0,16.62,0.28
13076.0,16.62,0.28
13076.0,16.77,0.28
13077.0,16.77,0.28
13077.0,16.77,0.28
13078.0,16.77,0.28
13078.0,16.77,0.28
13079.0,16.77,0.28
13080.0,16.96,0.28
13080.0,16.96,0.28
13081.0,16.96,0.28
13081.0,16.96,0.28
13082.0,16.96,0.28
13082.0,17.41,0.29
13083.0,17.41,0.29
13084.0,17.41,0.29
13084.0,17.41,0.29
13085.0,17.41,0.29
13085.0,17.41,0.29
13086.0,17.85,0.29
13087.0,17.85,0.29
13087.0,17.85,0.29
13088.0,17.85,0.29
13088.0,17.85,0.29
13089.0,18.08,0.29
13089.0,18.08,0.29
13090.0,18.08,0.29
13091.0,18.08,0.29
13091.0,18.08,0.29
13092.0,18.35,0.3
13092.0,18.35,0.3
13093.0,18.35,0.3
13093.0,18.35,0.3
13094.0,18.35,0.3
13095.0,18.35,0.3
13095.0,18.94,0.3
13096.0,18.94,0.3
13096.0,18.94,0.3
13097.0,18.94,0.3
13097.0,18.94,0.3
13098.0,18.85,0.3
13099.0,18.85,0.3
13099.0,18.85,0.3
13100.0,18.85,0.3
13100.0,18.85,0.31
13101.0,18.85,0.31
13102.0,18.72,0.31
13102.0,18.72,0.31
13103.0,18.72,0.31
13103.0,18.72,0.31
13104.0,18.72,0.31
13104.0,19.19,0.31
13105.0,19.19,0.31
13106.0,19.19,0.31
13106.0,19.19,0.31
13107.0,19.19,0.31
13107.0,19.63,0.31
13108.0,19.63,0.31
13109.0,19.63,0.31
13109.0,19.63,0.31
13110.0,19.63,0.31
13110.0,19.63,0.32
13111.0,20.08,0.32
13111.0,20.08,0.32
13112.0,20.08,0.32
13113.0,20.08,0.32
13113.0,20.08,0.32
13114.0,20.33,0.32
13114.0,20.33,0.32
13115.0,20.33,0.32
13115.0,20.33,0.32
13116.0,20.33,0.32
13117.0,20.42,0.32
13117.0,20.42,0.32
13118.0,20.42,0.32
13118.0,20.42,0.32
13119.0,20.42,0.32
13120.0,20.42,0.33
13120.0,20.58,0.33
13121.0,20.58,0.33
13121.0,20.58,0.33
13122.0,20.58,0.33
13122.0,20.58,0.33
13123.0,20.69,0.33
13124.0,20.69,0.33
13124.0,20.69,0.33
13125.0,20.69,0.33
13125.0,20.69,0.33
13126.0,20.69,0.33
13126.0,20.98,0.33
13127.0,20.99,0.33
13128.0,20.98,0.33
13128.0,20.99,0.34
13129.0,20.98,0.34
13129.0,21.62,0.34
13130.0,21.62,0.34
13130.0,21.62,0.34
13131.0,21.62,0.34
13132.0,21.62,0.34
13132.0,21.62,0.34
13133.0,22.21,0.34
13133.0,22.21,0.34
13134.0,22.21,0.34
13135.0,22.21,0.34
13135.0,22.21,0.34
13136.0,22.24,0.34
13136.0,22.24,0.34
13137.0,22.24,0.34
13137.0,22.24,0.34
13138.0,22.24,0.35
13139.0,22.08,0.35
13139.0,22.07,0.35
13140.0,22.08,0.35
13140.0,22.07,0.35
13141.0,22.08,0.35
13141.0,22.07,0.35
13142.0,22.33,0.35
13143.0,22.33,0.35
13143.0,22.33,0.35
13144.0,22.33,0.35
13144.0,22.33,0.35
13145.0,22.65,0.35
13145.0,22.66,0.35
13146.0,22.65,0.35
13147.0,22.66,0.35
13147.0,22.65,0.36
13148.0,22.66,0.36
13148.0,23.18,0.36
13149.0,23.18,0.36
13150.0,23.18,0.36
13150.0,23.18,0.36
13151.0,23.18,0.36
13151.0,23.76,0.36
13152.0,23.76,0.36
13152.0,23.76,0.36
13153.0,23.76,0.36
13154.0,23.76,0.36
13154.0,23.91,0.36
13155.0,23.92,0.36
13155.0,23.91,0.36
13156.0,23.92,0.37
13156.0,23.91,0.37
13157.0,23.92,0.37
13158.0,23.92,0.37
13158.0,23.92,0.37
13159.0,23.92,0.37
13159.0,23.92,0.37
13160.0,23.92,0.37
13160.0,24.14,0.37
13161.0,24.14,0.37
13162.0,24.14,0.37
13162.0,24.14,0.37
13163.0,24.14,0.37
13163.0,24.14,0.37
13164.0,24.46,0.37
13165.0,24.46,0.37
13165.0,24.46,0.37
13166.0,24.46,0.38
13166.0,24.46,0.38
13167.0,24.84,0.38
13167.0,24.84,0.38
13168.0,24.84,0.38
13169.0,24.84,0.38
13169.0,24.84,0.38
13170.0,25.53,0.38
13170.0,25.53,0.38
13171.0,25.53,0.38
13171.0,25.53,0.38
13172.0,25.53,0.38
13173.0,25.53,0.38
13173.0,26.05,0.38
13174.0,26.04,0.38
13174.0,26.05,0.38
13175.0,26.04,0.39
13175.0,26.05,0.39
13176.0,26.34,0.39
13177.0,26.34,0.39
13177.0,26.34,0.39
13178.0,26.34,0.39
13178.0,26.34,0.39
13179.0,26.34,0.39
13180.0,26.6,0.39
13180.0,26.6,0.39
13181.0,26.6,0.39
13181.0,26.6,0.39
13182.0,26.6,0.39
13182.0,26.97,0.39
13183.0,26.97,0.39
13184.0,26.97,0.4
13184.0,26.97,0.4
13185.0,26.97,0.4
13185.0,27.27,0.4
13186.0,27.27,0.4
13186.0,27.27,0.4
13187.0,27.27,0.4
13188.0,27.27,0.4
13188.0,27.27,0.4
13189.0,27.79,0.4
13189.0,27.79,0.4
13190.0,27.79,0.4
13190.0,27.79,0.4
13191.0,27.79,0.4
13192.0,28.37,0.4
13192.0,28.37,0.4
13193.0,28.37,0.41
13193.0,28.37,0.41
13194.0,28.37,0.41
13195.0,28.37,0.41
13195.0,28.89,0.41
13196.0,28.89,0.41
13196.0,28.89,0.41
13197.0,28.89,0.41
13197.0,28.89,0.41
13198.0,29.15,0.41
13199.0,29.15,0.41
13199.0,29.15,0.41
13200.0,29.15,0.41
13200.0,29.15,0.41
13201.0,29.18,0.41
13201.0,29.18,0.41
13202.0,29.18,0.41
13203.0,29.18,0.42
13203.0,29.18,0.42
13204.0,29.18,0.42
13204.0,29.62,0.42
13205.0,29.62,0.42
13205.0,29.62,0.42
13206.0,29.62,0.42
13207.0,29.62,0.42
13207.0,30.47,0.42
13208.0,30.48,0.42
13208.0,30.47,0.42
13209.0,30.48,0.42
13210.0,30.47,0.42
13210.0,30.98,0.42
13211.0,30.97,0.42
13211.0,30.98,0.43
13212.0,30.97,0.43
13213.0,30.98,0.43
13213.0,30.97,0.43
13214.0,31.52,0.43
13214.0,31.52,0.43
13215.0,31.52,0.43
13215.0,31.52,0.43
13216.0,31.52,0.43
13217.0,31.81,0.43
13217.0,31.81,0.43
13218.0,31.81,0.43
13218.0,31.81,0.43
13219.0,31.81,0.43
13219.0,31.81,0.43
13220.0,32.11,0.43
13221.0,32.11,0.44
13221.0,32.11,0.44
13222.0,32.11,0.44
13222.0,32.11,0.44
13223.0,32.4,0.44
13223.0,32.4,0.44
13224.0,32.4,0.44
13225.0,32.4,0.44
13225.0,32.4,0.44
13226.0,32.4,0.44
13226.0,32.92,0.44
13227.0,32.91,0.44
13228.0,32.92,0.44
13228.0,32.91,0.44
13229.0,32.92,0.44
13229.0,33.46,0.44
13230.0,33.46,0.44
13230.0,33.46,0.45
13231.0,33.46,0.45
13232.0,33.46,0.45
13232.0,33.83,0.45
13233.0,33.82,0.45
13233.0,33.83,0.45
13234.0,33.82,0.45
13234.0,33.83,0.45
13235.0,33.82,0.45
13236.0,34.11,0.45
13236.0,34.11,0.45
13237.0,34.11,0.45
13237.0,34.11,0.45
13238.0,34.11,0.45
13239.0,34.16,0.45
13239.0,34.16,0.46
13240.0,34.16,0.46
13240.0,34.16,0.46
13241.0,34.16,0.46
13241.0,34.16,0.46
13242.0,34.63,0.46
13243.0,34.63,0.46
13243.0,34.63,0.46
13244.0,34.63,0.46
13244.0,34.63,0.46
13245.0,35.22,0.46
13245.0,35.22,0.46
13246.0,35.22,0.46
13247.0,35.22,0.46
13247.0,35.22,0.46
13248.0,35.71,0.46
13248.0,35.72,0.47
13249.0,35.71,0.47
13249.0,35.72,0.47
13250.0,35.71,0.47
13251.0,35.72,0.47
13251.0,36.52,0.47
13252.0,36.52,0.47
13252.0,36.52,0.47
13253.0,36.52,0.47
13254.0,36.52,0.47
13254.0,37.07,0.47
13255.0,37.07,0.47
13255.0,37.07,0.47
13256.0,37.07,0.47
13256.0,37.07,0.47
13257.0,37.07,0.47
13258.0,37.15,0.47
13258.0,37.15,0.48
13259.0,37.15,0.48
13259.0,37.15,0.48
13260.0,37.15,0.48
13260.0,37.43,0.48
13261.0,37.43,0.48
13262.0,37.43,0.48
13262.0,37.43,0.48
13263.0,37.43,0.48
13263.0,37.93,0.48
13264.0,37.93,0.48
13264.0,37.93,0.48
13265.0,37.93,0.48
13266.0,37.93,0.48
13266.0,37.93,0.48
13267.0,38.49,0.49
13267.0,38.49,0.49
13268.0,38.49,0.49
13269.0,38.49,0.49
13269.0,38.49,0.49
13270.0,39.3,0.49
13270.0,39.31,0.49
13271.0,39.3,0.49
13271.0,39.31,0.49
13272.0,39.3,0.49
13273.0,39.31,0.49
13273.0,38.67,0.49
13274.0,38.67,0.49
13274.0,38.67,0.49
13275.0,38.67,0.49
13275.0,38.67,0.49
13276.0,36.6,0.5
13277.0,36.6,0.5
13277.0,36.6,0.5
13278.0,36.6,0.5
13278.0,36.6,0.5
13279.0,36.28,0.5
13279.0,36.28,0.5
13280.0,36.28,0.5
13281.0,36.28,0.5
13281.0,36.28,0.5
13282.0,36.28,0.5
13282.0,36.65,0.5
13283.0,36.65,0.5
13284.0,36.65,0.5
13284.0,36.65,0.5
13285.0,36.65,0.5
13285.0,36.98,0.5
13286.0,36.98,0.51
13286.0,36.98,0.51
13287.0,36.98,0.51
13288.0,36.98,0.51
13288.0,36.98,0.51
13289.0,37.4,0.51
13289.0,37.4,0.51
13290.0,37.4,0.51
13290.0,37.4,0.51
13291.0,37.4,0.51
13292.0,36.64,0.51
13292.0,36.65,0.51
13293.0,36.64,0.51
13293.0,36.65,0.51
13294.0,36.64,0.51
13294.0,35.63,0.51
13295.0,35.63,0.52
13296.0,35.63,0.52
13296.0,35.63,0.52
13297.0,35.63,0.52
13297.0,35.63,0.52
13298.0,35.32,0.52
13299.0,35.32,0.52
13299.0,35.32,0.52
13300.0,35.32,0.52
13300.0,35.32,0.52
13301.0,35.42,0.52
13301.0,35.42,0.52
13302.0,35.42,0.52
13303.0,35.42,0.52
13303.0,35.42,0.52
13304.0,35.42,0.52
13304.0,35.74,0.53
13305.0,35.74,0.53
13305.0,35.74,0.53
13306.0,35.74,0.53
13307.0,35.74,0.53
13307.0,36.28,0.53
13308.0,36.28,0.53
13308.0,36.28,0.53
13309.0,36.28,0.53
13310.0,36.28,0.53
13310.0,36.85,0.53
13311.0,36.85,0.53
13311.0,36.85,0.53
13312.0,36.85,0.53
13312.0,36.85,0.53
13313.0,36.85,0.54
13314.0,37.22,0.54
13314.0,37.22,0.54
13315.0,37.22,0.54
13315.0,37.22,0.54
13316.0,37.22,0.54
13317.0,37.24,0.54
13317.0,37.24,0.54
13318.0,37.24,0.54
13318.0,37.24,0.54
13319.0,37.24,0.54
13319.0,37.24,0.54
13320.0,37.45,0.54
13321.0,37.45,0.54
13321.0,37.45,0.54
13322.0,37.45,0.54
13322.0,37.45,0.55
13323.0,37.69,0.55
13323.0,37.69,0.55
13324.0,37.69,0.55
13325.0,37.69,0.55
13325.0,37.69,0.55
13326.0,38.15,0.55
13326.0,38.15,0.55
13327.0,38.15,0.55
13327.0,38.15,0.55
13328.0,38.15,0.55
13329.0,38.15,0.55
13329.0,38.74,0.55
13330.0,38.74,0.55
13330.0,38.74,0.55
13331.0,38.74,0.55
13332.0,38.74,0.56
13332.0,39.08,0.56
13333.0,39.08,0.56
13333.0,39.08,0.56
13334.0,39.08,0.56
13334.0,39.08,0.56
13335.0,39.08,0.56
13336.0,39.43,0.56
13336.0,39.43,0.56
13337.0,39.43,0.56
13337.0,39.43,0.56
13338.0,39.43,0.56
13338.0,39.49,0.56
13339.0,39.49,0.56
13340.0,39.49,0.56
13340.0,39.49,0.56
13341.0,39.49,0.56
13341.0,39.37,0.57
13342.0,39.37,0.57
13342.0,39.37,0.57
13343.0,39.37,0.57
13344.0,39.37,0.57
13344.0,39.37,0.57
13345.0,40.0,0.57
13345.0,40.0,0.57
13346.0,40.0,0.57
13347.0,40.0,0.57
13347.0,40.0,0.57
13348.0,40.47,0.57
13348.0,40.47,0.57
13349.0,40.47,0.57
13349.0,40.47,0.57
13350.0,40.47,0.57
13351.0,40.47,0.58
13351.0,40.61,0.58
13352.0,40.61,0.58
13352.0,40.61,0.58
13353.0,40.61,0.58
13353.0,40.61,0.58
13354.0,41.05,0.58
13355.0,41.05,0.58
13355.0,41.05,0.58
13356.0,41.05,0.58
13356.0,41.05,0.58
13357.0,41.2,0.58
13357.0,41.2,0.58
13358.0,41.2,0.58
13359.0,41.2,0.58
13359.0,41.2,0.58
13360.0,41.2,0.59
13360.0,41.26,0.59
13361.0,41.26,0.59
13362.0,41.26,0.59
13362.0,41.26,0.59
13363.0,41.26,0.59
13363.0,41.55,0.59
13364.0,41.56,0.59
13364.0,41.55,0.59
13365.0,41.56,0.59
13366.0,41.55,0.59
13366.0,41.56,0.59
13367.0,41.75,0.59
13367.0,41.75,0.59
13368.0,41.75,0.59
13368.0,41.75,0.6
13369.0,41.75,0.6
13370.0,41.98,0.6
13370.0,41.98,0.6
13371.0,41.98,0.6
13371.0,41.98,0.6
13372.0,41.98,0.6
13372.0,41.07,0.6
13373.0,41.08,0.6
13374.0,41.07,0.6
13374.0,41.08,0.6
13375.0,41.07,0.6
13375.0,41.08,0.6
13376.0,28.59,0.6
13377.0,28.59,0.6
13377.0,28.59,0.6
13378.0,28.59,0.61
13378.0,28.59,0.61
13379.0,15.31,0.61
13379.0,15.31,0.61
13380.0,15.31,0.61
13381.0,15.31,0.61
13381.0,15.31,0.61
13382.0,15.31,0.61
13382.0,13.18,0.61
13383.0,13.18,0.61
13383.0,13.18,0.61
13384.0,13.18,0.61
13385.0,13.18,0.61
13385.0,12.94,0.61
13386.0,12.94,0.61
13386.0,12.94,0.61
13387.0,12.94,0.62
13387.0,12.94,0.62
13388.0,13.06,0.62
13389.0,13.06,0.62
13389.0,13.06,0.62
13390.0,13.06,0.62
13390.0,13.06,0.62
13391.0,13.06,0.62
13392.0,13.35,0.62
13392.0,13.35,0.62
13393.0,13.35,0.62
13393.0,13.35,0.62
13394.0,13.35,0.62
13394.0,13.16,0.62
13395.0,13.16,0.62
13396.0,13.16,0.62
13396.0,13.16,0.62
13397.0,13.16,0.63
13397.0,13.16,0.63
13398.0,12.68,0.63
13398.0,12.68,0.63
13399.0,12.68,0.63
13400.0,12.68,0.63
13400.0,12.68,0.63
13401.0,10.9,0.63
13401.0,10.9,0.63
13402.0,10.9,0.63
13403.0,10.9,0.63
13403.0,10.9,0.63
13404.0,6.06,0.63
13404.0,6.06,0.63
13405.0,6.06,0.63
13405.0,6.06,0.63
13406.0,6.06,0.64
13407.0,6.06,0.64
13407.0,3.64,0.64
13408.0,3.64,0.64
13408.0,3.64,0.64
13409.0,3.64,0.64
13410.0,3.64,0.64
13410.0,3.95,0.64
13411.0,3.95,0.64
13411.0,3.95,0.64
13412.0,3.95,0.64
13412.0,3.95,0.64
13413.0,3.95,0.64
13414.0,4.09,0.64
13414.0,4.08,0.64
13415.0,4.09,0.64
13415.0,4.08,0.65
13416.0,4.09,0.65
13416.0,3.79,0.65
13417.0,3.79,0.65
13418.0,3.79,0.65
13418.0,3.79,0.65
13419.0,3.79,0.65
13419.0,3.81,0.65
13420.0,3.81,0.65
13420.0,3.81,0.65
13421.0,3.81,0.65
13422.0,3.81,0.65
13422.0,3.81,0.65
13423.0,3.87,0.65
13423.0,3.87,0.65
13424.0,3.87,0.65
13425.0,3.87,0.66
13425.0,3.87,0.66
13426.0,4.07,0.66
13426.0,4.07,0.66
13427.0,4.07,0.66
13427.0,4.07,0.66
13428.0,4.07,0.66
13429.0,4.07,0.66
13429.0,4.71,0.66
13430.0,4.71,0.66
13430.0,4.71,0.66
13431.0,4.71,0.66
13431.0,4.71,0.66
13432.0,4.91,0.66
13433.0,4.91,0.66
13433.0,4.91,0.67
13434.0,4.91,0.67
13434.0,4.91,0.67
13435.0,4.81,0.67
13435.0,4.81,0.67
13436.0,4.81,0.67
13437.0,4.81,0.67
13437.0,4.81,0.67
13438.0,4.81,0.67
13438.0,4.76,0.67
13439.0,4.76,0.67
13440.0,4.76,0.67
13440.0,4.76,0.67
13441.0,4.76,0.67
13441.0,4.53,0.67
13442.0,4.53,0.67
13442.0,4.53,0.68
13443.0,4.53,0.68
13444.0,4.53,0.68
13444.0,4.53,0.68
13445.0,4.56,0.68
13445.0,4.56,0.68
13446.0,4.56,0.68
13446.0,4.56,0.68
13447.0,4.56,0.68
13448.0,4.84,0.68
13448.0,4.84,0.68
13449.0,4.84,0.68
13449.0,4.84,0.68
13450.0,4.84,0.68
13451.0,5.08,0.68
13451.0,5.08,0.68
13452.0,5.08,0.69
13452.0,5.08,0.69
13453.0,5.08,0.69
13453.0,5.08,0.69
13454.0,5.07,0.69
13455.0,5.06,0.69
13455.0,5.07,0.69
13456.0,5.06,0.69
13456.0,5.07,0.69
13457.0,5.12,0.69
13457.0,5.12,0.69
13458.0,5.12,0.69
13459.0,5.12,0.69
13459.0,5.12,0.69
13460.0,5.12,0.69
13460.0,5.17,0.69
13461.0,5.18,0.69
13461.0,5.17,0.7
13462.0,5.18,0.7
13463.0,5.17,0.7
13463.0,5.28,0.7
13464.0,5.28,0.7
13464.0,5.28,0.7
13465.0,5.28,0.7
13466.0,5.28,0.7
13466.0,5.26,0.7
13467.0,5.26,0.7
13467.0,5.26,0.7
13468.0,5.26,0.7
13468.0,5.26,0.7
13469.0,5.26,0.7
13470.0,5.35,0.7
13470.0,5.36,0.7
13471.0,5.35,0.71
13471.0,5.36,0.71
13472.0,5.35,0.71
13472.0,5.5,0.71
13473.0,5.5,0.71
13474.0,5.5,0.71
13474.0,5.5,0.71
13475.0,5.5,0.71
13475.0,5.5,0.71
13476.0,5.62,0.71
13476.0,5.62,0.71
13477.0,5.62,0.71
13478.0,5.62,0.71
13478.0,5.62,0.71
13479.0,5.39,0.71
13479.0,5.39,0.71
13480.0,5.39,0.72
13481.0,5.39,0.72
13481.0,5.39,0.72
13482.0,5.2,0.72
13482.0,5.2,0.72
13483.0,5.2,0.72
13483.0,5.2,0.72
13484.0,5.2,0.72
13485.0,5.2,0.72
13485.0,5.24,0.72
13486.0,5.24,0.72
13486.0,5.24,0.72
13487.0,5.24,0.72
13487.0,5.24,0.72
13488.0,5.4,0.72
13489.0,5.4,0.73
13489.0,5.4,0.73
13490.0,5.4,0.73
13490.0,5.4,0.73
13491.0,5.4,0.73
13491.0,5.6,0.73
13492.0,5.61,0.73
13493.0,5.6,0.73
13493.0,5.61,0.73
13494.0,5.6,0.73
13494.0,5.73,0.73
13495.0,5.73,0.73
13496.0,5.73,0.73
13496.0,5.73,0.73
13497.0,5.73,0.73
13497.0,5.62,0.73
13498.0,5.62,0.74
13498.0,5.62,0.74
13499.0,5.62,0.74
13500.0,5.62,0.74
13500.0,5.62,0.74
13501.0,5.3,0.74
13501.0,5.3,0.74
13502.0,5.3,0.74
13502.0,5.3,0.74
13503.0,5.3,0.74
13504.0,5.38,0.74
13504.0,5.38,0.74
13505.0,5.38,0.74
13505.0,5.38,0.74
13506.0,5.38,0.74
13506.0,5.38,0.74
13507.0,5.72,0.75
13508.0,5.72,0.75
13508.0,5.72,0.75
13509.0,5.72,0.75
13509.0,5.72,0.75
13510.0,5.95,0.75
13511.0,5.95,0.75
13511.0,5.95,0.75
13512.0,5.95,0.75
13512.0,5.95,0.75
13513.0,6.12,0.75
13514.0,6.12,0.75
13514.0,6.12,0.75
13515.0,6.12,0.75
13515.0,6.12,0.75
13516.0,6.12,0.75
13516.0,5.93,0.75
13517.0,5.93,0.76
13518.0,5.93,0.76
13518.0,5.93,0.76
13519.0,5.93,0.76
13519.0,5.67,0.76
13520.0,5.67,0.76
13520.0,5.67,0.76
13521.0,5.67,0.76
13522.0,5.67,0.76
13522.0,5.67,0.76
13523.0,5.81,0.76
13523.0,5.82,0.76
13524.0,5.81,0.76
13524.0,5.82,0.76
13525.0,5.81,0.76
13526.0,5.82,0.76
13526.0,5.82,0.77
13527.0,5.82,0.77
13527.0,5.82,0.77
13528.0,5.82,0.77
13529.0,6.02,0.77
13529.0,6.02,0.77
13530.0,6.02,0.77
13530.0,6.02,0.77
13531.0,6.02,0.77
13531.0,6.02,0.77
13532.0,6.08,0.77
13533.0,6.08,0.77
13533.0,6.08,0.77
13534.0,6.08,0.77
13534.0,6.08,0.77
13535.0,5.51,0.77
13535.0,5.51,0.78
13536.0,5.51,0.78
13537.0,5.51,0.78
13537.0,5.51,0.78
13538.0,5.51,0.78
13538.0,5.32,0.78
13539.0,5.31,0.78
13539.0,5.32,0.78
13540.0,5.31,0.78
13541.0,5.32,0.78
13541.0,5.28,0.78
13542.0,5.28,0.78
13542.0,5.28,0.78
13543.0,5.28,0.78
13544.0,5.28,0.78
13544.0,5.32,0.79
13545.0,5.32,0.79
13545.0,5.32,0.79
13546.0,5.32,0.79
13546.0,5.32,0.79
13547.0,5.32,0.79
13548.0,5.45,0.79
13548.0,5.44,0.79
13549.0,5.45,0.79
13549.0,5.44,0.79
13550.0,5.45,0.79
13550.0,5.71,0.79
13551.0,5.71,0.79
13552.0,5.71,0.79
13552.0,5.71,0.79
13553.0,5.71,0.79
13553.0,5.71,0.8
13554.0,5.64,0.8
13554.0,5.64,0.8
13555.0,5.64,0.8
13556.0,5.64,0.8
13556.0,5.64,0.8
13557.0,5.34,0.8
13557.0,5.34,0.8
13558.0,5.34,0.8
13559.0,5.34,0.8
13559.0,5.34,0.8
13560.0,5.04,0.8
13560.0,5.05,0.8
13561.0,5.04,0.8
13561.0,5.05,0.8
13562.0,5.04,0.8
13563.0,5.05,0.81
13563.0,4.97,0.81
13564.0,4.97,0.81
13564.0,4.97,0.81
13565.0,4.97,0.81
13565.0,4.97,0.81
13566.0,5.08,0.81
13567.0,5.08,0.81
13567.0,5.08,0.81
13568.0,5.08,0.81
13568.0,5.08,0.81
13569.0,5.08,0.81
13569.0,5.28,0.81
13570.0,5.28,0.81
13571.0,5.28,0.81
13571.0,5.28,0.81
13572.0,5.28,0.81
13572.0,5.28,0.82
13573.0,5.28,0.82
13574.0,5.28,0.82
13574.0,5.28,0.82
13575.0,5.28,0.82
13575.0,5.18,0.82
13576.0,5.18,0.82
13576.0,5.18,0.82
13577.0,5.18,0.82
13578.0,5.18,0.82
13578.0,5.18,0.82
13579.0,4.77,0.82
13579.0,4.77,0.82
13580.0,4.77,0.82
13580.0,4.77,0.82
13581.0,4.77,0.82
13582.0,4.65,0.83
13582.0,4.65,0.83
13583.0,4.65,0.83
13583.0,4.65,0.83
13584.0,4.65,0.83
13584.0,4.65,0.83
13585.0,4.94,0.83
13586.0,4.94,0.83
13586.0,4.94,0.83
13587.0,4.94,0.83
13587.0,4.94,0.83
13588.0,5.18,0.83
13589.0,5.18,0.83
13589.0,5.18,0.83
13590.0,5.18,0.83
13590.0,5.18,0.83
13591.0,5.18,0.84
13591.0,5.14,0.84
13592.0,5.14,0.84
13593.0,5.14,0.84
13593.0,5.14,0.84
13594.0,5.14,0.84
13594.0,4.89,0.84
13595.0,4.89,0.84
13595.0,4.89,0.84
13596.0,4.89,0.84
13597.0,4.89,0.84
13597.0,4.73,0.84
13598.0,4.73,0.84
13598.0,4.73,0.84
13599.0,4.73,0.84
13599.0,4.73,0.85
13600.0,4.73,0.85
13601.0,4.43,0.85
13601.0,4.43,0.85
13602.0,4.43,0.85
13602.0,4.43,0.85
13603.0,4.43,0.85
13604.0,4.44,0.85
13604.0,4.44,0.85
13605.0,4.44,0.85
13605.0,4.44,0.85
13606.0,4.44,0.85
13606.0,4.44,0.85
13607.0,4.71,0.85
13608.0,4.71,0.85
13608.0,4.71,0.85
13609.0,4.71,0.86
13609.0,4.71,0.86
13610.0,4.65,0.86
13610.0,4.65,0.86
13611.0,4.65,0.86
13612.0,4.65,0.86
13612.0,4.65,0.86
13613.0,4.78,0.86
13613.0,4.78,0.86
13614.0,4.78,0.86
13615.0,4.78,0.86
13615.0,4.78,0.86
13616.0,4.78,0.86
13616.0,4.81,0.86
13617.0,4.81,0.86
13617.0,4.81,0.86
13618.0,4.81,0.87
13619.0,4.81,0.87
13619.0,4.55,0.87
13620.0,4.55,0.87
13620.0,4.55,0.87
13621.0,4.55,0.87
13622.0,4.55,0.87
13622.0,4.29,0.87
13623.0,4.29,0.87
13623.0,4.29,0.87
13624.0,4.29,0.87
13624.0,4.29,0.87
13625.0,4.29,0.87
13626.0,4.34,0.87
13626.0,4.34,0.87
13627.0,4.34,0.87
13627.0,4.34,0.88
13628.0,4.34,0.88
13628.0,4.74,0.88
13629.0,4.74,0.88
13630.0,4.74,0.88
13630.0,4.74,0.88
13631.0,4.74,0.88
13631.0,4.74,0.88
13632.0,4.99,0.88
13632.0,4.99,0.88
13633.0,4.99,0.88
13634.0,4.99,0.88
13634.0,4.99,0.88
13635.0,4.95,0.88
13635.0,4.95,0.88
13636.0,4.95,0.88
13637.0,4.95,0.88
13637.0,4.95,0.89
13638.0,4.39,0.89
13638.0,4.38,0.89
13639.0,4.39,0.89
13639.0,4.38,0.89
13640.0,4.39,0.89
13641.0,4.38,0.89
13641.0,4.51,0.89
13642.0,4.5,0.89
13642.0,4.51,0.89
13643.0,4.5,0.89
13643.0,4.51,0.89
13644.0,4.74,0.89
13645.0,4.74,0.89
13645.0,4.74,0.89
13646.0,4.74,0.89
13646.0,4.74,0.9
13647.0,4.74,0.9
13647.0,4.84,0.9
13648.0,4.84,0.9
13649.0,4.84,0.9
13649.0,4.84,0.9
13650.0,4.84,0.9
13650.0,5.12,0.9
13651.0,5.12,0.9
13652.0,5.12,0.9
13652.0,5.12,0.9
13653.0,5.12,0.9
13653.0,4.86,0.9
13654.0,4.86,0.9
13654.0,4.86,0.9
13655.0,4.86,0.9
13656.0,4.86,0.91
13656.0,4.86,0.91
13657.0,4.71,0.91
13657.0,4.72,0.91
13658.0,4.71,0.91
13658.0,4.72,0.91
13659.0,4.71,0.91
13660.0,4.55,0.91
13660.0,4.54,0.91
13661.0,4.55,0.91
13661.0,4.54,0.91
13662.0,4.55,0.91
13662.0,4.54,0.91
13663.0,4.56,0.91
13664.0,4.56,0.91
13664.0,4.56,0.92
13665.0,4.56,0.92
13665.0,4.56,0.92
13666.0,4.7,0.92
13667.0,4.7,0.92
13667.0,4.7,0.92
13668.0,4.7,0.92
13668.0,4.7,0.92
13669.0,4.7,0.92
13669.0,4.9,0.92
13670.0,4.91,0.92
13671.0,4.9,0.92
13671.0,4.91,0.92
13672.0,4.9,0.92
13672.0,5.01,0.92
13673.0,5.0,0.92
13673.0,5.01,0.93
13674.0,5.0,0.93
13675.0,5.01,0.93
13675.0,4.95,0.93
13676.0,4.95,0.93
13676.0,4.95,0.93
13677.0,4.95,0.93
13677.0,4.95,0.93
13678.0,4.95,0.93
13679.0,4.73,0.93
13679.0,4.74,0.93
13680.0,4.73,0.93
13680.0,4.74,0.93
13681.0,4.73,0.93
13682.0,4.52,0.93
13682.0,4.52,0.93
13683.0,4.52,0.94
13683.0,4.52,0.94
13684.0,4.52,0.94
13684.0,4.52,0.94
13685.0,4.49,0.94
13686.0,4.49,0.94
13686.0,4.49,0.94
13687.0,4.49,0.94
13687.0,4.49,0.94
13688.0,4.58,0.94
13688.0,4.58,0.94
13689.0,4.58,0.94
13690.0,4.58,0.94
13690.0,4.58,0.94
13691.0,4.74,0.94
13691.0,4.74,0.94
13692.0,4.74,0.94
13692.0,4.74,0.95
13693.0,4.74,0.95
13694.0,4.74,0.95
13694.0,4.89,0.95
13695.0,4.89,0.95
13695.0,4.89,0.95
13696.0,4.89,0.95
13697.0,4.89,0.95
13697.0,4.7,0.95
13698.0,4.7,0.95
13698.0,4.7,0.95
13699.0,4.7,0.95
13699.0,4.7,0.95
13700.0,4.7,0.95
13701.0,4.47,0.95
13701.0,4.47,0.95
13702.0,4.47,0.96
13702.0,4.47,0.96
13703.0,4.47,0.96
13703.0,4.44,0.96
13704.0,4.44,0.96
13705.0,4.44,0.96
13705.0,4.44,0.96
13706.0,4.44,0.96
13706.0,4.49,0.96
13707.0,4.49,0.96
13707.0,4.49,0.96
13708.0,4.49,0.96
13709.0,4.49,0.96
13709.0,4.49,0.96
13710.0,4.74,0.96
13710.0,4.74,0.96
13711.0,4.74,0.97
13712.0,4.74,0.97
13712.0,4.74,0.97
13713.0,4.86,0.97
13713.0,4.86,0.97
13714.0,4.86,0.97
13715.0,4.86,0.97
13715.0,4.86,0.97
13716.0,4.67,0.97
13716.0,4.68,0.97
13717.0,4.67,0.97
13717.0,4.68,0.97
13718.0,4.67,0.97
13719.0,4.68,0.97
13719.0,4.46,0.97
13720.0,4.46,0.98
13720.0,4.46,0.98
13721.0,4.46,0.98
13721.0,4.46,0.98
13722.0,4.33,0.98
13723.0,4.33,0.98
13723.0,4.33,0.98
13724.0,4.33,0.98
13724.0,4.33,0.98
13725.0,4.33,0.98
13725.0,4.46,0.98
13726.0,4.46,0.98
13727.0,4.46,0.98
13727.0,4.46,0.98
13728.0,4.46,0.98
13728.0,4.51,0.98
13729.0,4.51,0.99
13730.0,4.51,0.99
13730.0,4.51,0.99
13731.0,4.51,0.99
13731.0,4.38,0.99
13732.0,4.38,0.99
13732.0,4.38,0.99
13733.0,4.38,0.99
13734.0,4.38,0.99
13734.0,4.38,0.99
13735.0,4.28,0.99
13735.0,4.28,0.99
13736.0,4.28,0.99
13736.0,4.28,0.99
13737.0,4.28,0.99
13738.0,4.13,0.99
13738.0,4.13,1.0
13739.0,4.13,1.0
13739.0,4.13,1.0
13740.0,4.13,1.0
13740.0,4.13,1.0
13741.0,3.93,1.0
13742.0,3.93,1.0
13742.0,3.93,1.0
13743.0,3.93,1.0
13743.0,3.93,1.0
13744.0,4.11,1.0
13745.0,4.11,1.0
13745.0,4.11,1.0
13746.0,4.11,1.0
13746.0,4.11,1.0
13747.0,4.11,1.0
13747.0,4.37,1.0
13748.0,4.37,1.01
13749.0,4.37,1.01
13749.0,4.37,1.01
13750.0,4.37,1.01
13750.0,4.36,1.01
13751.0,4.36,1.01
13751.0,4.36,1.01
13752.0,4.36,1.01
13753.0,4.36,1.01
13753.0,4.45,1.01
13754.0,4.45,1.01
13754.0,4.45,1.01
13755.0,4.45,1.01
13755.0,4.45,1.01
13756.0,4.45,1.01
13757.0,4.38,1.01
13757.0,4.38,1.02
13758.0,4.38,1.02
13758.0,4.38,1.02
13759.0,4.38,1.02
13760.0,4.16,1.02
13760.0,4.16,1.02
13761.0,4.16,1.02
13761.0,4.16,1.02
13762.0,4.16,1.02
13762.0,4.16,1.02
13763.0,4.13,1.02
13764.0,4.13,1.02
13764.0,4.13,1.02
13765.0,4.13,1.02
13765.0,4.13,1.02
13766.0,4.29,1.02
13766.0,4.29,1.03
13767.0,4.29,1.03
13768.0,4.29,1.03
13768.0,4.29,1.03
13769.0,4.47,1.03
13769.0,4.47,1.03
13771.0,4.47,1.03
13771.0,4.47,1.03
13772.0,4.53,1.03
13772.0,4.53,1.03
13773.0,4.53,1.03
13774.0,4.53,1.03
13774.0,4.53,1.03
13775.0,4.53,1.03
13775.0,4.53,1.03
13776.0,4.53,1.03
13776.0,4.53,1.04
13777.0,4.53,1.04
13778.0,4.53,1.04
13778.0,4.45,1.04
13779.0,4.45,1.04
13779.0,4.45,1.04
13780.0,4.45,1.04
13781.0,4.45,1.04
13781.0,4.45,1.04
13782.0,4.26,1.04
13782.0,4.26,1.04
13783.0,4.26,1.04
13783.0,4.26,1.04
13784.0,4.26,1.04
13785.0,4.43,1.04
13785.0,4.43,1.04
13786.0,4.43,1.05
13786.0,4.43,1.05
13787.0,4.43,1.05
13787.0,4.62,1.05
13788.0,4.62,1.05
13789.0,4.62,1.05
13789.0,4.62,1.05
13790.0,4.62,1.05
13790.0,4.62,1.05
13791.0,4.87,1.05
13791.0,4.87,1.05
13792.0,4.87,1.05
13793.0,4.87,1.05
13793.0,4.87,1.05
13794.0,4.88,1.05
13794.0,4.88,1.05
13795.0,4.88,1.06
13796.0,4.88,1.06
13796.0,4.88,1.06
13797.0,4.88,1.06
13797.0,4.62,1.06
13798.0,4.62,1.06
13798.0,4.62,1.06
13799.0,4.62,1.06
13800.0,4.62,1.06
13800.0,4.2,1.06
13801.0,4.19,1.06
13801.0,4.2,1.06
13802.0,4.19,1.06
13802.0,4.2,1.06
13803.0,4.18,1.06
13804.0,4.18,1.07
13804.0,4.18,1.07
13805.0,4.18,1.07
13805.0,4.18,1.07
13806.0,4.18,1.07
13806.0,4.19,1.07
13807.0,4.19,1.07
13808.0,4.19,1.07
13808.0,4.19,1.07
13809.0,4.19,1.07
13809.0,4.36,1.07
13810.0,4.35,1.07
13811.0,4.36,1.07
13811.0,4.35,1.07
13812.0,4.36,1.07
13812.0,4.35,1.07
13813.0,4.52,1.08
13814.0,4.52,1.08
13814.0,4.52,1.08
13815.0,4.52,1.08
13815.0,4.52,1.08
13816.0,4.44,1.08
13816.0,4.44,1.08
13817.0,4.44,1.08
13818.0,4.44,1.08
13818.0,4.44,1.08
13819.0,4.36,1.08
13819.0,4.36,1.08
13820.0,4.36,1.08
13820.0,4.36,1.08
13821.0,4.36,1.08
13822.0,4.36,1.08
13822.0,4.34,1.09
13823.0,4.34,1.09
13823.0,4.34,1.09
13824.0,4.34,1.09
13824.0,4.34,1.09
13825.0,4.55,1.09
13826.0,4.55,1.09
13826.0,4.55,1.09
13827.0,4.55,1.09
13827.0,4.55,1.09
13828.0,4.73,1.09
13829.0,4.73,1.09
13829.0,4.73,1.09
13830.0,4.73,1.09
13830.0,4.73,1.09
13831.0,4.73,1.09
13831.0,4.86,1.1
13832.0,4.86,1.1
13833.0,4.86,1.1
13833.0,4.86,1.1
13834.0,4.86,1.1
13834.0,4.81,1.1
13835.0,4.81,1.1
13835.0,4.81,1.1
13836.0,4.81,1.1
13837.0,4.81,1.1
13837.0,4.81,1.1
13838.0,4.72,1.1
13838.0,4.72,1.1
13839.0,4.72,1.1
13839.0,4.72,1.1
13840.0,4.72,1.1
13841.0,4.47,1.11
13841.0,4.47,1.11
13842.0,4.47,1.11
13842.0,4.47,1.11
13843.0,4.47,1.11
13844.0,4.47,1.11
13844.0,4.18,1.11
13845.0,4.17,1.11
13845.0,4.18,1.11
13846.0,4.17,1.11
13846.0,4.18,1.11
13847.0,4.53,1.11
13848.0,4.53,1.11
13848.0,4.53,1.11
13849.0,4.53,1.11
13849.0,4.53,1.11
13850.0,4.86,1.12
13850.0,4.85,1.12
13851.0,4.86,1.12
13852.0,4.85,1.12
13852.0,4.86,1.12
13853.0,4.85,1.12
13853.0,4.93,1.12
13854.0,4.93,1.12
13854.0,4.93,1.12
13855.0,4.93,1.12
13856.0,4.93,1.12
13856.0,4.82,1.12
13857.0,4.82,1.12
13857.0,4.82,1.12
13858.0,4.82,1.12
13859.0,4.82,1.12
13859.0,4.82,1.12
13860.0,4.65,1.13
13860.0,4.65,1.13
13861.0,4.65,1.13
13861.0,4.65,1.13
13862.0,4.65,1.13
13863.0,4.32,1.13
13863.0,4.31,1.13
13864.0,4.32,1.13
13864.0,4.31,1.13
13865.0,4.32,1.13
13865.0,4.5,1.13
13866.0,4.5,1.13
13867.0,4.5,1.13
13867.0,4.5,1.13
13868.0,4.5,1.13
13868.0,4.5,1.13
13869.0,4.94,1.14
13869.0,4.94,1.14
13870.0,4.94,1.14
13871.0,4.94,1.14
13871.0,4.94,1.14
13872.0,4.91,1.14
13872.0,4.91,1.14
13873.0,4.91,1.14
13874.0,4.91,1.14
13874.0,4.91,1.14
13875.0,4.91,1.14
13875.0,4.76,1.14
13876.0,4.76,1.14
13876.0,4.76,1.14
13877.0,4.76,1.14
13878.0,4.76,1.14
13878.0,4.61,1.15
13879.0,4.61,1.15
13879.0,4.61,1.15
13880.0,4.61,1.15
13880.0,4.61,1.15
13881.0,4.55,1.15
13882.0,4.55,1.15
13882.0,4.55,1.15
13883.0,4.55,1.15
13883.0,4.55,1.15
13884.0,4.55,1.15
13884.0,4.72,1.15
13885.0,4.72,1.15
13886.0,4.72,1.15
13886.0,4.72,1.15
13887.0,4.72,1.15
13887.0,4.69,1.16
13888.0,4.69,1.16
13889.0,4.69,1.16
13889.0,4.69,1.16
13890.0,4.69,1.16
13890.0,4.69,1.16
13891.0,4.86,1.16
13891.0,4.86,1.16
13892.0,4.86,1.16
13893.0,4.86,1.16
13893.0,4.86,1.16
13894.0,4.91,1.16
13894.0,4.91,1.16
13895.0,4.91,1.16
13895.0,4.91,1.16
13896.0,4.91,1.16
13897.0,4.83,1.17
13897.0,4.84,1.17
13898.0,4.83,1.17
13898.0,4.84,1.17
13899.0,4.83,1.17
13900.0,4.84,1.17
13900.0,4.5,1.17
13901.0,4.51,1.17
13901.0,4.5,1.17
13902.0,4.51,1.17
13902.0,4.5,1.17
13903.0,4.42,1.17
13904.0,4.42,1.17
13904.0,4.42,1.17
13905.0,4.42,1.17
13905.0,4.42,1.17
13906.0,4.42,1.18
13906.0,4.9,1.18
13907.0,4.9,1.18
13908.0,4.9,1.18
13908.0,4.9,1.18
13909.0,4.9,1.18
13909.0,5.05,1.18
13910.0,5.05,1.18
13910.0,5.05,1.18
13911.0,5.05,1.18
13912.0,5.05,1.18
13912.0,4.78,1.18
13913.0,4.78,1.18
13913.0,4.78,1.18
13914.0,4.78,1.18
13915.0,4.78,1.18
13915.0,4.78,1.19
13916.0,4.8,1.19
13916.0,4.8,1.19
13917.0,4.8,1.19
13917.0,4.8,1.19
13918.0,4.8,1.19
13919.0,4.75,1.19
13919.0,4.75,1.19
13920.0,4.75,1.19
13920.0,4.75,1.19
13921.0,4.75,1.19
13922.0,4.75,1.19
13922.0,4.57,1.19
13923.0,4.57,1.19
13923.0,4.57,1.19
13924.0,4.57,1.2
13924.0,4.57,1.2
13925.0,4.68,1.2
13926.0,4.68,1.2
13926.0,4.68,1.2
13927.0,4.68,1.2
13927.0,4.68,1.2
13928.0,5.01,1.2
13928.0,5.01,1.2
13929.0,5.01,1.2
13930.0,5.01,1.2
13930.0,5.01,1.2
13931.0,5.01,1.2
13931.0,5.29,1.2
13932.0,5.29,1.2
13932.0,5.29,1.2
13933.0,5.29,1.21
13934.0,5.29,1.21
13934.0,5.02,1.21
13935.0,5.02,1.21
13935.0,5.02,1.21
13936.0,5.02,1.21
13937.0,5.02,1.21
13937.0,5.02,1.21
13938.0,4.68,1.21
13938.0,4.67,1.21
13939.0,4.68,1.21
13939.0,4.67,1.21
13940.0,4.68,1.21
13941.0,4.65,1.21
13941.0,4.66,1.21
13942.0,4.65,1.21
13942.0,4.66,1.22
13943.0,4.65,1.22
13943.0,4.63,1.22
13944.0,4.63,1.22
13945.0,4.63,1.22
13945.0,4.63,1.22
13946.0,4.63,1.22
13946.0,4.63,1.22
13947.0,4.57,1.22
13947.0,4.56,1.22
13948.0,4.57,1.22
13949.0,4.56,1.22
13949.0,4.57,1.22
13950.0,4.65,1.22
13950.0,4.65,1.22
13951.0,4.65,1.22
13952.0,4.65,1.23
13952.0,4.65,1.23
13953.0,4.65,1.23
13953.0,4.81,1.23
13954.0,4.82,1.23
13954.0,4.81,1.23
13955.0,4.82,1.23
13956.0,4.81,1.23
13956.0,4.87,1.23
13957.0,4.87,1.23
13957.0,4.87,1.23
13958.0,4.87,1.23
13958.0,4.87,1.23
13959.0,4.64,1.23
13960.0,4.64,1.23
13960.0,4.64,1.23
13961.0,4.64,1.24
13961.0,4.64,1.24
13962.0,4.64,1.24
13963.0,4.38,1.24
13963.0,4.39,1.24
13964.0,4.38,1.24
13964.0,4.39,1.24
13965.0,4.38,1.24
13965.0,4.64,1.24
13966.0,4.64,1.24
13967.0,4.64,1.24
13967.0,4.64,1.24
13968.0,4.64,1.24
13968.0,4.64,1.24
13969.0,4.95,1.24
13969.0,4.95,1.24
13970.0,4.95,1.25
13971.0,4.95,1.25
13971.0,4.95,1.25
13972.0,4.98,1.25
13972.0,4.98,1.25
13973.0,4.98,1.25
13973.0,4.98,1.25
13974.0,4.98,1.25
13975.0,5.19,1.25
13975.0,5.19,1.25
13976.0,5.19,1.25
13976.0,5.19,1.25
13977.0,5.19,1.25
13978.0,5.19,1.25
13978.0,5.03,1.25
13979.0,5.03,1.25
13979.0,5.03,1.25
13980.0,5.03,1.26
13980.0,5.03,1.26
13981.0,5.07,1.26
13982.0,5.07,1.26
13982.0,5.07,1.26
13983.0,5.07,1.26
13983.0,5.07,1.26
13984.0,5.07,1.26
13984.0,4.87,1.26
13985.0,4.87,1.26
13986.0,4.87,1.26
13986.0,4.87,1.26
13987.0,4.87,1.26
13987.0,5.16,1.26
13988.0,5.15,1.26
13988.0,5.16,1.26
13989.0,5.15,1.27
13990.0,5.16,1.27
13990.0,5.54,1.27
13991.0,5.54,1.27
13991.0,5.54,1.27
13992.0,5.54,1.27
13993.0,5.54,1.27
13993.0,5.54,1.27
13994.0,5.6,1.27
13994.0,5.6,1.27
13995.0,5.6,1.27
13995.0,5.6,1.27
13996.0,5.6,1.27
13997.0,5.59,1.27
13997.0,5.58,1.27
13998.0,5.59,1.27
13998.0,5.58,1.28
13999.0,5.59,1.28
13999.0,5.58,1.28
14000.0,5.63,1.28
14001.0,5.63,1.28
14001.0,5.63,1.28
14002.0,5.63,1.28
14002.0,5.63,1.28
14003.0,5.69,1.28
14003.0,5.69,1.28
14004.0,5.69,1.28
14005.0,5.69,1.28
14005.0,5.69,1.28
14006.0,5.7,1.28
14006.0,5.7,1.28
14007.0,5.7,1.28
14008.0,5.7,1.29
14008.0,5.7,1.29
14009.0,5.7,1.29
14009.0,6.03,1.29
14010.0,6.03,1.29
14010.0,6.03,1.29
14011.0,6.03,1.29
14012.0,6.03,1.29
14012.0,6.34,1.29
14013.0,6.34,1.29
14013.0,6.34,1.29
14014.0,6.34,1.29
14014.0,6.34,1.29
14015.0,6.34,1.29
14016.0,6.15,1.29
14016.0,6.16,1.29
14017.0,6.15,1.3
14017.0,6.16,1.3
14018.0,6.15,1.3
14019.0,5.96,1.3
14019.0,5.96,1.3
14020.0,5.96,1.3
14020.0,5.96,1.3
14021.0,5.96,1.3
14021.0,6.06,1.3
14022.0,6.06,1.3
14023.0,6.06,1.3
14023.0,6.06,1.3
14024.0,6.06,1.3
14024.0,6.06,1.3
14025.0,6.06,1.3
14025.0,6.06,1.3
14026.0,6.06,1.31
14027.0,6.06,1.31
14027.0,6.06,1.31
14028.0,6.16,1.31
14028.0,6.16,1.31
14029.0,6.16,1.31
14030.0,6.16,1.31
14030.0,6.16,1.31
14031.0,6.16,1.31
14031.0,6.55,1.31
14032.0,6.55,1.31
14032.0,6.55,1.31
14033.0,6.55,1.31
14034.0,6.55,1.31
14034.0,6.67,1.31
14035.0,6.67,1.32
14035.0,6.67,1.32
14036.0,6.67,1.32
14036.0,6.67,1.32
14037.0,6.58,1.32
14038.0,6.58,1.32
14038.0,6.58,1.32
14039.0,6.58,1.32
14039.0,6.58,1.32
14040.0,6.58,1.32
14041.0,6.39,1.32
14041.0,6.39,1.32
14042.0,6.39,1.32
14042.0,6.39,1.32
14043.0,6.39,1.32
14043.0,6.34,1.32
14044.0,6.34,1.33
14045.0,6.34,1.33
14045.0,6.34,1.33
14046.0,6.34,1.33
14046.0,6.34,1.33
14047.0,6.15,1.33
14047.0,6.15,1.33
14048.0,6.15,1.33
14049.0,6.15,1.33
14049.0,6.15,1.33
14050.0,4.75,1.33
14050.0,4.75,1.33
14051.0,4.75,1.33
14051.0,4.75,1.33
14052.0,4.75,1.33
14053.0,4.5,1.33
14053.0,4.51,1.34
14054.0,4.5,1.34
14054.0,4.51,1.34
14055.0,4.5,1.34
14056.0,4.51,1.34
14056.0,4.79,1.34
14057.0,4.79,1.34
14057.0,4.79,1.34
14058.0,4.79,1.34
14058.0,4.79,1.34
14059.0,4.58,1.34
14060.0,4.58,1.34
14060.0,4.58,1.34
14061.0,4.58,1.34
14061.0,4.58,1.34
14062.0,4.58,1.34
14062.0,4.4,1.35
14063.0,4.4,1.35
14064.0,4.4,1.35
14064.0,4.4,1.35
14065.0,4.4,1.35
14065.0,4.63,1.35
14066.0,4.63,1.35
14066.0,4.63,1.35
14067.0,4.63,1.35
14068.0,4.63,1.35
14068.0,5.03,1.35
14069.0,5.03,1.35
14069.0,5.03,1.35
14070.0,5.03,1.35
14071.0,5.03,1.35
14071.0,5.03,1.35
14072.0,5.2,1.36
14072.0,5.2,1.36
14073.0,5.2,1.36
14073.0,5.2,1.36
14074.0,5.2,1.36
14075.0,5.02,1.36
14075.0,5.03,1.36
14076.0,5.02,1.36
14076.0,5.03,1.36
14077.0,5.02,1.36
14077.0,5.03,1.36
14078.0,4.78,1.36
14079.0,4.78,1.36
14079.0,4.78,1.36
14080.0,4.78,1.36
14080.0,4.78,1.36
14081.0,4.57,1.37
14081.0,4.57,1.37
14082.0,4.57,1.37
14083.0,4.57,1.37
14083.0,4.57,1.37
14084.0,4.72,1.37
14084.0,4.72,1.37
14085.0,4.72,1.37
14086.0,4.72,1.37
14086.0,4.72,1.37
14087.0,4.72,1.37
14087.0,5.08,1.37
14088.0,5.08,1.37
14088.0,5.08,1.37
14089.0,5.08,1.37
14090.0,5.08,1.37
14090.0,5.43,1.37
14091.0,5.42,1.38
14091.0,5.43,1.38
14092.0,5.42,1.38
14092.0,5.43,1.38
14093.0,5.42,1.38
14094.0,5.59,1.38
14094.0,5.59,1.38
14095.0,5.59,1.38
14095.0,5.59,1.38
14096.0,5.59,1.38
14096.0,5.51,1.38
14097.0,5.51,1.38
14098.0,5.51,1.38
14098.0,5.51,1.38
14099.0,5.51,1.38
14099.0,5.51,1.38
14100.0,5.43,1.39
14101.0,5.43,1.39
14101.0,5.43,1.39
14102.0,5.43,1.39
14102.0,5.43,1.39
14103.0,5.41,1.39
14103.0,5.4,1.39
14104.0,5.41,1.39
14105.0,5.4,1.39
14105.0,5.41,1.39
14106.0,5.69,1.39
14106.0,5.69,1.39
14107.0,5.69,1.39
14107.0,5.69,1.39
14108.0,5.69,1.39
14109.0,5.69,1.39
14109.0,5.99,1.4
14110.0,5.99,1.4
14110.0,5.99,1.4
14111.0,5.99,1.4
14111.0,5.99,1.4
14112.0,6.1,1.4
14113.0,6.1,1.4
14113.0,6.1,1.4
14114.0,6.1,1.4
14114.0,6.1,1.4
14115.0,6.1,1.4
14116.0,6.03,1.4
14116.0,6.03,1.4
14117.0,6.03,1.4
14117.0,6.03,1.4
14118.0,6.03,1.4
14119.0,6.13,1.41
14119.0,6.13,1.41
14120.0,6.13,1.41
14120.0,6.13,1.41
14121.0,6.13,1.41
14121.0,6.11,1.41
14122.0,6.11,1.41
14123.0,6.11,1.41
14123.0,6.11,1.41
14124.0,6.11,1.41
14124.0,6.11,1.41
14125.0,6.26,1.41
14125.0,6.26,1.41
14126.0,6.26,1.41
14127.0,6.26,1.41
14127.0,6.26,1.41
14128.0,6.38,1.42
14128.0,6.38,1.42
14129.0,6.38,1.42
14129.0,6.38,1.42
14130.0,6.38,1.42
14131.0,6.73,1.42
14131.0,6.73,1.42
14132.0,6.73,1.42
14132.0,6.73,1.42
14133.0,6.73,1.42
14134.0,6.73,1.42
14134.0,6.74,1.42
14135.0,6.74,1.42
14135.0,6.74,1.42
14136.0,6.74,1.42
14136.0,6.74,1.42
14137.0,6.7,1.43
14138.0,6.7,1.43
14138.0,6.7,1.43
14139.0,6.7,1.43
14139.0,6.7,1.43
14140.0,6.7,1.43
14140.0,6.43,1.43
14141.0,6.43,1.43
14142.0,6.43,1.43
14142.0,6.43,1.43
14143.0,6.43,1.43
14143.0,6.22,1.43
14144.0,6.22,1.43
14144.0,6.22,1.43
14145.0,6.22,1.43
14146.0,6.22,1.43
14146.0,6.24,1.44
14147.0,6.24,1.44
14147.0,6.24,1.44
14148.0,6.24,1.44
14149.0,6.24,1.44
14149.0,6.24,1.44
14150.0,6.24,1.44
14150.0,6.24,1.44
14151.0,6.24,1.44
14151.0,6.24,1.44
14152.0,6.24,1.44
14153.0,6.3,1.44
14153.0,6.3,1.44
14154.0,6.3,1.44
14154.0,6.3,1.44
14155.0,6.3,1.45
14155.0,6.3,1.45
14156.0,6.22,1.45
14157.0,6.22,1.45
14157.0,6.22,1.45
14158.0,6.22,1.45
14158.0,6.22,1.45
14159.0,5.88,1.45
14159.0,5.88,1.45
14160.0,5.88,1.45
14161.0,5.88,1.45
14161.0,5.88,1.45
14162.0,5.63,1.45
14162.0,5.63,1.45
14163.0,5.63,1.45
14164.0,5.63,1.45
14164.0,5.63,1.46
14165.0,5.63,1.46
14165.0,5.47,1.46
14166.0,5.47,1.46
14166.0,5.47,1.46
14167.0,5.47,1.46
14168.0,5.47,1.46
14168.0,5.48,1.46
14169.0,5.48,1.46
14169.0,5.48,1.46
14170.0,5.48,1.46
14170.0,5.48,1.46
14171.0,5.48,1.46
14172.0,5.66,1.46
14172.0,5.66,1.46
14173.0,5.66,1.46
14173.0,5.66,1.47
14174.0,5.66,1.47
14174.0,5.46,1.47
14175.0,5.46,1.47
14176.0,5.46,1.47
14176.0,5.46,1.47
14177.0,5.46,1.47
14177.0,5.01,1.47
14178.0,5.01,1.47
14179.0,5.01,1.47
14179.0,5.01,1.47
14180.0,5.01,1.47
14180.0,5.01,1.47
14181.0,4.67,1.47
14181.0,4.67,1.47
14182.0,4.67,1.47
14183.0,4.67,1.48
14183.0,4.67,1.48
14184.0,4.61,1.48
14184.0,4.6,1.48
14185.0,4.61,1.48
14185.0,4.6,1.48
14186.0,4.61,1.48
14187.0,4.6,1.48
14187.0,4.75,1.48
14188.0,4.75,1.48
14188.0,4.75,1.48
14189.0,4.75,1.48
14189.0,4.75,1.48
14190.0,4.98,1.48
14191.0,4.98,1.48
14191.0,4.98,1.48
14192.0,4.98,1.49
14192.0,4.98,1.49
14193.0,4.98,1.49
14194.0,4.93,1.49
14194.0,4.93,1.49
14195.0,4.93,1.49
14195.0,4.93,1.49
14196.0,4.93,1.49
14196.0,4.74,1.49
14197.0,4.74,1.49
14198.0,4.74,1.49
14198.0,4.74,1.49
14199.0,4.74,1.49
14199.0,4.49,1.49
14200.0,4.49,1.49
14200.0,4.49,1.49
14201.0,4.49,1.5
14202.0,4.49,1.5
14202.0,4.49,1.5
14203.0,4.25,1.5
14203.0,4.25,1.5
14204.0,4.25,1.5
14204.0,4.25,1.5
14205.0,4.25,1.5
14206.0,4.16,1.5
14206.0,4.15,1.5
14207.0,4.16,1.5
14207.0,4.15,1.5
14208.0,4.16,1.5
14209.0,4.15,1.5
14209.0,4.37,1.5
14210.0,4.37,1.5
14210.0,4.37,1.5
14211.0,4.37,1.51
14211.0,4.37,1.51
14212.0,4.39,1.51
14213.0,4.39,1.51
14213.0,4.39,1.51
14214.0,4.39,1.51
14214.0,4.39,1.51
14215.0,4.09,1.51
14215.0,4.09,1.51
14216.0,4.09,1.51
14217.0,4.09,1.51
14217.0,4.09,1.51
14218.0,4.09,1.51
14218.0,3.97,1.51
14219.0,3.97,1.51
14220.0,3.97,1.51
14220.0,3.97,1.52
14221.0,3.97,1.52
14221.0,3.82,1.52
14222.0,3.83,1.52
14222.0,3.82,1.52
14223.0,3.83,1.52
14224.0,3.82,1.52
14224.0,3.84,1.52
14225.0,3.83,1.52
14225.0,3.84,1.52
14226.0,3.83,1.52
14227.0,3.84,1.52
14227.0,3.83,1.52
14228.0,4.09,1.52
14228.0,4.09,1.52
14229.0,4.09,1.52
14229.0,4.09,1.53
14230.0,4.09,1.53
14231.0,4.44,1.53
14231.0,4.44,1.53
14232.0,4.44,1.53
14232.0,4.44,1.53
14233.0,4.44,1.53
14233.0,4.44,1.53
14234.0,4.29,1.53
14235.0,4.29,1.53
14235.0,4.29,1.53
14236.0,4.29,1.53
14236.0,4.29,1.53
14237.0,3.88,1.53
14237.0,3.88,1.53
14238.0,3.88,1.53
14239.0,3.88,1.54
14239.0,3.88,1.54
14240.0,3.73,1.54
14240.0,3.73,1.54
14241.0,3.73,1.54
14242.0,3.73,1.54
14242.0,3.73,1.54
14243.0,3.73,1.54
14243.0,3.71,1.54
14244.0,3.71,1.54
14244.0,3.71,1.54
14245.0,3.71,1.54
14246.0,3.71,1.54
14246.0,3.84,1.54
14247.0,3.83,1.54
14247.0,3.84,1.54
14248.0,3.83,1.55
14248.0,3.84,1.55
14249.0,3.83,1.55
14250.0,4.06,1.55
14250.0,4.06,1.55
14251.0,4.06,1.55
14251.0,4.06,1.55
14252.0,4.06,1.55
14252.0,3.93,1.55
14253.0,3.93,1.55
14254.0,3.93,1.55
14254.0,3.93,1.55
14255.0,3.93,1.55
14255.0,3.53,1.55
14256.0,3.53,1.55
14257.0,3.53,1.55
14257.0,3.53,1.56
14258.0,3.53,1.56
14258.0,3.53,1.56
14259.0,3.34,1.56
14259.0,3.33,1.56
14260.0,3.34,1.56
14261.0,3.33,1.56
14261.0,3.34,1.56
14262.0,3.26,1.56
14262.0,3.27,1.56
14263.0,3.26,1.56
14263.0,3.27,1.56
14264.0,3.26,1.56
14265.0,3.27,1.56
14265.0,3.71,1.56
14266.0,3.71,1.57
14266.0,3.71,1.57
14267.0,3.71,1.57
14267.0,3.71,1.57
14268.0,4.0,1.57
14269.0,4.0,1.57
14269.0,4.0,1.57
14270.0,4.0,1.57
14270.0,4.0,1.57
14271.0,4.0,1.57
14272.0,4.18,1.57
14272.0,4.18,1.57
14273.0,4.18,1.57
14273.0,4.18,1.57
14274.0,4.18,1.57
14274.0,4.22,1.57
14275.0,4.22,1.58
14276.0,4.22,1.58
14276.0,4.22,1.58
14277.0,4.22,1.58
14277.0,4.01,1.58
14278.0,4.0,1.58
14278.0,4.01,1.58
14279.0,4.0,1.58
14280.0,4.01,1.58
14280.0,4.0,1.58
14281.0,3.99,1.58
14281.0,3.99,1.58
14282.0,3.99,1.58
14282.0,3.99,1.58
14283.0,3.99,1.58
14284.0,4.19,1.58
14284.0,4.19,1.59
14285.0,4.19,1.59
14285.0,4.19,1.59
14286.0,4.19,1.59
14287.0,4.19,1.59
14287.0,4.41,1.59
14288.0,4.41,1.59
14288.0,4.41,1.59
14289.0,4.41,1.59
14289.0,4.41,1.59
14290.0,4.53,1.59
14291.0,4.53,1.59
14291.0,4.53,1.59
14292.0,4.53,1.59
14292.0,4.53,1.59
14293.0,4.85,1.59
14293.0,4.86,1.6
14294.0,4.85,1.6
14295.0,4.86,1.6
14295.0,4.85,1.6
14296.0,4.86,1.6
14296.0,4.87,1.6
14297.0,4.87,1.6
14297.0,4.87,1.6
14298.0,4.87,1.6
14299.0,4.87,1.6
14299.0,4.84,1.6
14300.0,4.84,1.6
14300.0,4.84,1.6
14301.0,4.84,1.6
14302.0,4.84,1.6
14302.0,4.84,1.6
14303.0,4.78,1.61
14303.0,4.78,1.61
14304.0,4.78,1.61
14304.0,4.78,1.61
14305.0,4.78,1.61
14306.0,5.0,1.61
14306.0,5.0,1.61
14307.0,5.0,1.61
14307.0,5.0,1.61
14308.0,5.0,1.61
14308.0,5.31,1.61
14309.0,5.31,1.61
14310.0,5.31,1.61
14310.0,5.31,1.61
14311.0,5.31,1.61
14311.0,5.31,1.61
14312.0,5.82,1.62
14312.0,5.82,1.62
14313.0,5.82,1.62
14314.0,5.82,1.62
14314.0,5.82,1.62
14315.0,6.05,1.62
14315.0,6.05,1.62
14316.0,6.05,1.62
14317.0,6.05,1.62
14317.0,6.05,1.62
14318.0,6.05,1.62
14318.0,5.72,1.62
14319.0,5.72,1.62
14320.0,5.72,1.62
14320.0,5.72,1.62
14321.0,5.72,1.62
14321.0,5.45,1.62
14322.0,5.45,1.63
14322.0,5.45,1.63
14323.0,5.45,1.63
14324.0,5.45,1.63
14324.0,5.64,1.63
14325.0,5.64,1.63
14325.0,5.64,1.63
14326.0,5.64,1.63
14326.0,5.64,1.63
14327.0,5.64,1.63
14328.0,5.89,1.63
14328.0,5.89,1.63
14329.0,5.89,1.63
14329.0,5.89,1.63
14330.0,5.89,1.63
14330.0,6.0,1.63
14331.0,6.0,1.64
14332.0,6.0,1.64
14332.0,6.0,1.64
14333.0,6.0,1.64
14333.0,6.07,1.64
14334.0,6.07,1.64
14335.0,6.07,1.64
14335.0,6.07,1.64
14336.0,6.07,1.64
14336.0,6.07,1.64
14337.0,6.03,1.64
14337.0,6.03,1.64
14338.0,6.03,1.64
14339.0,6.03,1.64
14339.0,6.03,1.64
14340.0,6.09,1.64
14340.0,6.08,1.65
14341.0,6.09,1.65
14341.0,6.08,1.65
14342.0,6.09,1.65
14343.0,6.08,1.65
14343.0,6.0,1.65
14344.0,6.0,1.65
14344.0,6.0,1.65
14345.0,6.0,1.65
14345.0,6.0,1.65
14346.0,6.16,1.65
14347.0,6.16,1.65
14347.0,6.16,1.65
14348.0,6.16,1.65
14348.0,6.16,1.65
14349.0,6.16,1.65
14350.0,6.57,1.66
14350.0,6.57,1.66
14351.0,6.57,1.66
14351.0,6.57,1.66
14352.0,6.57,1.66
14352.0,6.66,1.66
14353.0,6.66,1.66
14354.0,6.66,1.66
14354.0,6.66,1.66
14355.0,6.66,1.66
14355.0,6.45,1.66
14356.0,6.45,1.66
14356.0,6.45,1.66
14357.0,6.45,1.66
14358.0,6.45,1.66
14358.0,6.45,1.66
14359.0,6.29,1.67
14359.0,6.3,1.67
14360.0,6.29,1.67
14360.0,6.3,1.67
14361.0,6.29,1.67
14362.0,6.22,1.67
14362.0,6.22,1.67
14363.0,6.22,1.67
14363.0,6.22,1.67
14364.0,6.22,1.67
14365.0,6.22,1.67
14365.0,6.29,1.67
14366.0,6.29,1.67
14366.0,6.29,1.67
14367.0,6.29,1.67
14367.0,6.29,1.67
14368.0,6.61,1.68
14369.0,6.61,1.68
14369.0,6.61,1.68
14370.0,6.61,1.68
14370.0,6.61,1.68
14371.0,7.04,1.68
14371.0,7.04,1.68
14372.0,7.04,1.68
14373.0,7.04,1.68
14373.0,7.04,1.68
14374.0,7.04,1.68
14374.0,7.27,1.68
14375.0,7.27,1.68
14375.0,7.27,1.68
14376.0,7.27,1.68
14377.0,7.27,1.68
14377.0,7.17,1.69
14378.0,7.18,1.69
14378.0,7.17,1.69
14379.0,7.18,1.69
14380.0,7.17,1.69
14380.0,7.18,1.69
14381.0,6.93,1.69
14381.0,6.93,1.69
14382.0,6.93,1.69
14382.0,6.93,1.69
14383.0,6.93,1.69
14384.0,6.97,1.69
14384.0,6.97,1.69
14385.0,6.97,1.69
14385.0,6.97,1.69
14386.0,6.97,1.7
14386.0,7.26,1.7
14387.0,7.26,1.7
14388.0,7.26,1.7
14388.0,7.26,1.7
14389.0,7.26,1.7
14389.0,7.26,1.7
14390.0,7.31,1.7
14390.0,7.31,1.7
14391.0,7.31,1.7
14392.0,7.31,1.7
14392.0,7.31,1.7
14393.0,7.29,1.7
14393.0,7.29,1.7
14394.0,7.29,1.7
14395.0,7.29,1.7
14395.0,7.29,1.71
14396.0,7.29,1.71
14396.0,7.43,1.71
14397.0,7.43,1.71
14397.0,7.43,1.71
14398.0,7.43,1.71
14399.0,7.43,1.71
14399.0,7.51,1.71
14400.0,7.51,1.71
14400.0,7.51,1.71
14401.0,7.51,1.71
14401.0,7.51,1.71
14402.0,7.24,1.71
14403.0,7.24,1.71
14403.0,7.24,1.71
14404.0,7.24,1.71
14404.0,7.24,1.72
14405.0,7.24,1.72
14405.0,6.99,1.72
14406.0,6.98,1.72
14407.0,6.99,1.72
14407.0,6.98,1.72
14408.0,6.99,1.72
14408.0,7.45,1.72
14409.0,7.45,1.72
14410.0,7.45,1.72
14410.0,7.45,1.72
14411.0,7.45,1.72
14411.0,7.45,1.72
14412.0,7.87,1.72
14412.0,7.87,1.72
14413.0,7.87,1.72
14414.0,7.87,1.73
14414.0,7.87,1.73
14415.0,7.57,1.73
14415.0,7.57,1.73
14416.0,7.57,1.73
14416.0,7.57,1.73
14417.0,7.57,1.73
14418.0,6.97,1.73
14418.0,6.97,1.73
14419.0,6.97,1.73
14419.0,6.97,1.73
14420.0,6.97,1.73
14421.0,6.97,1.73
14421.0,6.5,1.73
14422.0,6.5,1.73
14422.0,6.5,1.73
14423.0,6.5,1.74
14423.0,6.5,1.74
14424.0,6.68,1.74
14425.0,6.68,1.74
14425.0,6.68,1.74
14426.0,6.68,1.74
14426.0,6.68,1.74
14427.0,6.68,1.74
14428.0,7.03,1.74
14428.0,7.03,1.74
14429.0,7.03,1.74
14429.0,7.03,1.74
14430.0,7.03,1.74
14430.0,7.43,1.74
14431.0,7.43,1.74
14432.0,7.43,1.74
14432.0,7.43,1.75
14433.0,7.43,1.75
14433.0,7.38,1.75
14434.0,7.38,1.75
14434.0,7.38,1.75
14435.0,7.38,1.75
14436.0,7.38,1.75
14436.0,7.38,1.75
14437.0,7.25,1.75
14437.0,7.25,1.75
14438.0,7.25,1.75
14438.0,7.25,1.75
14439.0,7.25,1.75
14440.0,6.97,1.75
14440.0,6.97,1.75
14441.0,6.97,1.75
14441.0,6.97,1.75
14442.0,6.97,1.76
14443.0,6.97,1.76
14443.0,7.0,1.76
14444.0,7.0,1.76
14444.0,7.0,1.76
14445.0,7.0,1.76
14445.0,7.0,1.76
14446.0,7.15,1.76
14447.0,7.15,1.76
14447.0,7.15,1.76
14448.0,7.15,1.76
14448.0,7.15,1.76
14449.0,7.52,1.76
14449.0,7.52,1.76
14450.0,7.52,1.76
14451.0,7.52,1.76
14451.0,7.52,1.77
14452.0,7.52,1.77
14452.0,7.66,1.77
14453.0,7.66,1.77
14453.0,7.66,1.77
14454.0,7.66,1.77
14455.0,7.66,1.77
14455.0,7.73,1.77
14456.0,7.73,1.77
14456.0,7.73,1.77
14457.0,7.73,1.77
14458.0,7.73,1.77
14458.0,7.73,1.77
14459.0,7.67,1.77
14459.0,7.67,1.77
14460.0,7.67,1.77
14460.0,7.67,1.78
14461.0,7.67,1.78
14462.0,7.61,1.78
14462.0,7.61,1.78
14463.0,7.61,1.78
14463.0,7.61,1.78
14464.0,7.61,1.78
14464.0,7.67,1.78
14465.0,7.67,1.78
14466.0,7.67,1.78
14466.0,7.67,1.78
14467.0,7.67,1.78
14467.0,7.67,1.78
14468.0,7.84,1.78
14468.0,7.84,1.78
14469.0,7.84,1.78
14470.0,7.84,1.79
14470.0,7.84,1.79
14471.0,8.16,1.79
14471.0,8.16,1.79
14472.0,8.16,1.79
14473.0,8.16,1.79
14473.0,8.16,1.79
14474.0,8.16,1.79
14474.0,8.29,1.79
14475.0,8.29,1.79
14475.0,8.29,1.79
14476.0,8.29,1.79
14477.0,8.29,1.79
14477.0,8.06,1.79
14478.0,8.06,1.79
14478.0,8.06,1.79
14479.0,8.06,1.8
14479.0,8.06,1.8
14480.0,7.97,1.8
14481.0,7.97,1.8
14481.0,7.97,1.8
14482.0,7.97,1.8
14482.0,7.97,1.8
14483.0,7.97,1.8
14483.0,7.97,1.8
14484.0,7.97,1.8
14485.0,7.97,1.8
14485.0,7.97,1.8
14486.0,7.97,1.8
14486.0,8.21,1.8
14487.0,8.21,1.8
14488.0,8.21,1.8
14488.0,8.21,1.81
14489.0,8.21,1.81
14489.0,8.21,1.81
14490.0,8.57,1.81
14490.0,8.57,1.81
14491.0,8.57,1.81
14492.0,8.57,1.81
14492.0,8.57,1.81
14493.0,8.8,1.81
14493.0,8.8,1.81
14494.0,8.8,1.81
14494.0,8.8,1.81
14495.0,8.8,1.81
14496.0,8.74,1.81
14496.0,8.74,1.81
14497.0,8.74,1.82
14497.0,8.74,1.82
14498.0,8.74,1.82
14498.0,8.74,1.82
14499.0,8.37,1.82
14500.0,8.37,1.82
14500.0,8.37,1.82
14501.0,8.37,1.82
14501.0,8.37,1.82
14502.0,8.45,1.82
14503.0,8.45,1.82
14503.0,8.45,1.82
14504.0,8.45,1.82
14504.0,8.45,1.82
14505.0,8.45,1.82
14505.0,8.61,1.82
14506.0,8.61,1.83
14507.0,8.61,1.83
14507.0,8.61,1.83
14508.0,8.61,1.83
14508.0,8.82,1.83
14509.0,8.82,1.83
14509.0,8.82,1.83
14510.0,8.82,1.83
14511.0,8.82,1.83
14511.0,9.17,1.83
14512.0,9.18,1.83
14512.0,9.17,1.83
14513.0,9.18,1.83
14513.0,9.17,1.83
14514.0,9.18,1.83
14515.0,9.03,1.83
14515.0,9.03,1.84
14516.0,9.03,1.84
14516.0,9.03,1.84
14517.0,9.03,1.84
14518.0,8.92,1.84
14518.0,8.92,1.84
14519.0,8.92,1.84
14519.0,8.92,1.84
14520.0,8.92,1.84
14521.0,8.92,1.84
14521.0,8.98,1.84
14522.0,8.98,1.84
14522.0,8.98,1.84
14523.0,8.98,1.84
14523.0,8.98,1.84
14524.0,8.92,1.84
14525.0,8.92,1.85
14525.0,8.92,1.85
14526.0,8.92,1.85
14526.0,8.92,1.85
14527.0,8.95,1.85
14527.0,8.95,1.85
14528.0,8.95,1.85
14529.0,8.95,1.85
14529.0,8.95,1.85
14530.0,8.95,1.85
14530.0,9.34,1.85
14531.0,9.34,1.85
14531.0,9.34,1.85
14532.0,9.34,1.85
14533.0,9.34,1.85
14533.0,9.51,1.85
14534.0,9.51,1.86
14534.0,9.51,1.86
14535.0,9.51,1.86
14536.0,9.51,1.86
14536.0,9.51,1.86
14537.0,9.47,1.86
14537.0,9.48,1.86
14538.0,9.47,1.86
14538.0,9.48,1.86
14539.0,9.47,1.86
14540.0,9.29,1.86
14540.0,9.29,1.86
14541.0,9.29,1.86
14541.0,9.29,1.86
14542.0,9.29,1.86
14542.0,9.25,1.86
14543.0,9.25,1.87
14544.0,9.25,1.87
14544.0,9.25,1.87
14545.0,9.25,1.87
14545.0,9.25,1.87
14546.0,9.14,1.87
14546.0,9.14,1.87
14547.0,9.14,1.87
14548.0,9.14,1.87
14548.0,9.14,1.87
14549.0,9.37,1.87
14549.0,9.37,1.87
14550.0,9.37,1.87
14551.0,9.37,1.87
14551.0,9.37,1.87
14552.0,9.37,1.87
14552.0,9.52,1.87
14553.0,9.52,1.88
14553.0,9.52,1.88
14554.0,9.52,1.88
14555.0,9.52,1.88
14555.0,9.17,1.88
14556.0,9.17,1.88
14556.0,9.17,1.88
14557.0,9.17,1.88
14557.0,9.17,1.88
14558.0,9.05,1.88
14559.0,9.05,1.88
14559.0,9.05,1.88
14560.0,9.05,1.88
14560.0,9.05,1.88
14561.0,9.05,1.88
14561.0,9.15,1.88
14562.0,9.15,1.89
14563.0,9.15,1.89
14563.0,9.15,1.89
14564.0,9.15,1.89
14564.0,9.33,1.89
14565.0,9.33,1.89
14566.0,9.33,1.89
14566.0,9.33,1.89
14567.0,9.33,1.89
14567.0,9.33,1.89
14568.0,9.29,1.89
14568.0,9.29,1.89
14569.0,9.29,1.89
14570.0,9.29,1.89
14570.0,9.29,1.89
14571.0,9.4,1.89
14571.0,9.4,1.9
14572.0,9.4,1.9
14572.0,9.4,1.9
14573.0,9.4,1.9
14574.0,8.66,1.9
14574.0,8.66,1.9
14575.0,8.66,1.9
14575.0,8.66,1.9
14576.0,8.66,1.9
14576.0,8.66,1.9
14577.0,4.46,1.9
14578.0,4.47,1.9
14578.0,4.46,1.9
14579.0,4.47,1.9
14579.0,4.46,1.9
14580.0,2.33,1.9
14581.0,2.33,1.91
14581.0,2.33,1.91
14582.0,2.33,1.91
14582.0,2.33,1.91
14583.0,2.33,1.91
14583.0,2.35,1.91
14584.0,2.35,1.91
14585.0,2.35,1.91
14585.0,2.35,1.91
14586.0,2.35,1.91
14586.0,2.3,1.91
14587.0,2.31,1.91
14587.0,2.3,1.91
14588.0,2.31,1.91
14589.0,2.3,1.91
14589.0,2.55,1.91
14590.0,2.54,1.92
14590.0,2.55,1.92
14591.0,2.54,1.92
14591.0,2.55,1.92
14592.0,2.54,1.92
14593.0,2.87,1.92
14593.0,2.87,1.92
14594.0,2.87,1.92
14594.0,2.87,1.92
14595.0,2.87,1.92
14596.0,2.65,1.92
14596.0,2.65,1.92
14597.0,2.65,1.92
14597.0,2.65,1.92
14598.0,2.65,1.92
14598.0,2.65,1.92
14599.0,2.7,1.93
14600.0,2.7,1.93
14600.0,2.7,1.93
14601.0,2.7,1.93
14601.0,2.7,1.93
14602.0,2.71,1.93
14602.0,2.71,1.93
14603.0,2.71,1.93
14604.0,2.71,1.93
14604.0,2.71,1.93
14605.0,2.71,1.93
14605.0,2.81,1.93
14606.0,2.8,1.93
14606.0,2.81,1.93
14607.0,2.8,1.93
14608.0,2.81,1.93
14608.0,3.12,1.94
14609.0,3.12,1.94
14609.0,3.12,1.94
14610.0,3.12,1.94
14611.0,3.12,1.94
14611.0,3.16,1.94
14612.0,3.16,1.94
14612.0,3.16,1.94
14613.0,3.16,1.94
14613.0,3.16,1.94
14614.0,3.16,1.94
14615.0,3.22,1.94
14615.0,3.22,1.94
14616.0,3.22,1.94
14616.0,3.22,1.94
14617.0,3.22,1.95
14617.0,2.74,1.95
14618.0,2.74,1.95
14619.0,2.74,1.95
14619.0,2.74,1.95
14620.0,2.74,1.95
14620.0,2.74,1.95
14621.0,2.21,1.95
14622.0,2.21,1.95
14622.0,2.21,1.95
14623.0,2.21,1.95
14623.0,2.21,1.95
14624.0,2.07,1.95
14624.0,2.07,1.95
14625.0,2.07,1.95
14626.0,2.07,1.95
14626.0,2.07,1.96
14627.0,2.24,1.96
14627.0,2.24,1.96
14628.0,2.24,1.96
14629.0,2.24,1.96
14629.0,2.24,1.96
14630.0,2.24,1.96
14630.0,2.62,1.96
14631.0,2.62,1.96
14631.0,2.62,1.96
14632.0,2.62,1.96
14633.0,2.62,1.96
14633.0,2.71,1.96
14634.0,2.71,1.96
14634.0,2.71,1.96
14635.0,2.71,1.96
14635.0,2.71,1.97
14636.0,2.7,1.97
14637.0,2.7,1.97
14637.0,2.7,1.97
14638.0,2.7,1.97
14638.0,2.7,1.97
14639.0,2.7,1.97
14639.0,2.59,1.97
14640.0,2.59,1.97
14641.0,2.59,1.97
14641.0,2.59,1.97
14642.0,2.59,1.97
14642.0,2.43,1.97
14643.0,2.43,1.97
14644.0,2.43,1.97
14644.0,2.43,1.97
14645.0,2.43,1.98
14645.0,2.43,1.98
14646.0,2.65,1.98
14646.0,2.65,1.98
14647.0,2.65,1.98
14648.0,2.65,1.98
14648.0,2.65,1.98
14649.0,2.9,1.98
14649.0,2.9,1.98
14650.0,2.9,1.98
14650.0,2.9,1.98
14651.0,2.9,1.98
14652.0,3.01,1.98
14652.0,3.01,1.98
14653.0,3.01,1.98
14653.0,3.01,1.98
14654.0,3.01,1.99
14654.0,3.01,1.99
14655.0,2.85,1.99
14656.0,2.84,1.99
14656.0,2.85,1.99
14657.0,2.84,1.99
14657.0,2.85,1.99
14658.0,2.38,1.99
14659.0,2.38,1.99
14659.0,2.38,1.99
14660.0,2.38,1.99
14660.0,2.38,1.99
14661.0,2.38,1.99
14661.0,2.02,1.99
14662.0,2.02,1.99
14663.0,2.02,1.99
14663.0,2.02,2.0
14664.0,2.02,2.0
14664.0,1.95,2.0
14665.0,1.95,2.0
14665.0,1.95,2.0
14666.0,1.95,2.0
14667.0,1.95,2.0
14667.0,2.11,2.0
14668.0,2.11,2.0
14668.0,2.11,2.0
14669.0,2.11,2.0
14669.0,2.11,2.0
14670.0,2.11,2.0
14671.0,2.3,2.0
14671.0,2.3,2.0
14672.0,2.3,2.0
14672.0,2.3,2.01
14673.0,2.3,2.01
14674.0,2.18,2.01
14674.0,2.18,2.01
14675.0,2.18,2.01
14675.0,2.18,2.01
14676.0,2.18,2.01
14676.0,2.18,2.01
14677.0,1.99,2.01
14678.0,1.99,2.01
14678.0,1.99,2.01
14679.0,1.99,2.01
14679.0,1.99,2.01
14680.0,1.97,2.01
14680.0,1.97,2.01
14681.0,1.97,2.01
14682.0,1.97,2.02
14682.0,1.97,2.02
14683.0,1.97,2.02
14683.0,2.16,2.02
14684.0,2.16,2.02
14684.0,2.16,2.02
14685.0,2.16,2.02
14686.0,2.16,2.02
14686.0,2.49,2.02
14687.0,2.49,2.02
14687.0,2.49,2.02
14688.0,2.49,2.02
14689.0,2.49,2.02
14689.0,2.45,2.02
14690.0,2.45,2.02
14690.0,2.45,2.02
14691.0,2.45,2.03
14691.0,2.45,2.03
14692.0,2.45,2.03
14693.0,2.59,2.03
14693.0,2.59,2.03
14694.0,2.59,2.03
14694.0,2.59,2.03
14695.0,2.59,2.03
14695.0,2.67,2.03
14696.0,2.67,2.03
14697.0,2.67,2.03
14697.0,2.67,2.03
14698.0,2.67,2.03
14698.0,2.67,2.03
14699.0,2.38,2.03
14699.0,2.38,2.03
14700.0,2.38,2.04
14701.0,2.38,2.04
14701.0,2.38,2.04
14702.0,2.34,2.04
14702.0,2.34,2.04
14703.0,2.34,2.04
14704.0,2.34,2.04
14704.0,2.34,2.04
14705.0,2.49,2.04
14705.0,2.49,2.04
14706.0,2.49,2.04
14706.0,2.49,2.04
14707.0,2.49,2.04
14708.0,2.49,2.04
14708.0,2.91,2.04
14709.0,2.91,2.04
14709.0,2.91,2.05
14710.0,2.91,2.05
14710.0,2.91,2.05
14711.0,3.13,2.05
14712.0,3.13,2.05
14712.0,3.13,2.05
14713.0,3.13,2.05
14713.0,3.13,2.05
14714.0,3.13,2.05
14714.0,3.0,2.05
14715.0,3.0,2.05
14716.0,3.0,2.05
14716.0,3.0,2.05
14717.0,3.0,2.05
14717.0,2.68,2.05
14718.0,2.68,2.05
14719.0,2.68,2.06
14719.0,2.68,2.06
14720.0,2.68,2.06
14720.0,2.43,2.06
14721.0,2.43,2.06
14721.0,2.43,2.06
14722.0,2.43,2.06
14723.0,2.43,2.06
14723.0,2.43,2.06
14724.0,2.61,2.06
14724.0,2.61,2.06
14725.0,2.61,2.06
14726.0,2.61,2.06
14726.0,2.61,2.06
14727.0,2.85,2.06
14727.0,2.84,2.06
14728.0,2.85,2.07
14728.0,2.84,2.07
14729.0,2.85,2.07
14730.0,3.19,2.07
14730.0,3.19,2.07
14731.0,3.19,2.07
14731.0,3.19,2.07
14732.0,3.19,2.07
14732.0,3.19,2.07
14733.0,3.11,2.07
14734.0,3.11,2.07
14734.0,3.11,2.07
14735.0,3.11,2.07
14735.0,3.11,2.07
14736.0,3.14,2.07
14737.0,3.14,2.07
14737.0,3.14,2.08
14738.0,3.14,2.08
14738.0,3.14,2.08
14739.0,3.14,2.08
14739.0,3.04,2.08
14740.0,3.04,2.08
14741.0,3.04,2.08
14741.0,3.04,2.08
14742.0,3.04,2.08
14742.0,2.75,2.08
14743.0,2.75,2.08
14743.0,2.75,2.08
14744.0,2.75,2.08
14745.0,2.75,2.08
14745.0,2.85,2.08
14746.0,2.85,2.08
14746.0,2.85,2.09
14747.0,2.85,2.09
14747.0,2.85,2.09
14748.0,2.85,2.09
14749.0,3.08,2.09
14749.0,3.08,2.09
14750.0,3.08,2.09
14750.0,3.08,2.09
14751.0,3.08,2.09
14752.0,3.24,2.09
14752.0,3.24,2.09
14753.0,3.24,2.09
14753.0,3.24,2.09
14754.0,3.24,2.09
14754.0,3.24,2.09
14755.0,3.14,2.09
14756.0,3.14,2.1
14756.0,3.14,2.1
14757.0,3.14,2.1
14757.0,3.14,2.1
14758.0,2.9,2.1
14758.0,2.9,2.1
14759.0,2.9,2.1
14760.0,2.9,2.1
14760.0,2.9,2.1
14761.0,2.72,2.1
14761.0,2.72,2.1
14762.0,2.72,2.1
14762.0,2.72,2.1
14763.0,2.72,2.1
14764.0,2.72,2.1
14764.0,2.74,2.1
14765.0,2.74,2.11
14765.0,2.74,2.11
14766.0,2.74,2.11
14767.0,2.74,2.11
14767.0,3.09,2.11
14768.0,3.09,2.11
14768.0,3.09,2.11
14769.0,3.09,2.11
14769.0,3.09,2.11
14770.0,3.09,2.11
14771.0,3.34,2.11
14771.0,3.33,2.11
14772.0,3.34,2.11
14772.0,3.33,2.11
14773.0,3.34,2.11
14773.0,3.27,2.11
14774.0,3.28,2.12
14775.0,3.27,2.12
14775.0,3.28,2.12
14776.0,3.27,2.12
14776.0,3.28,2.12
14777.0,2.99,2.12
14777.0,2.99,2.12
14778.0,2.99,2.12
14779.0,2.99,2.12
14779.0,2.99,2.12
14780.0,2.98,2.12
14780.0,2.98,2.12
14781.0,2.98,2.12
14782.0,2.98,2.12
14782.0,2.98,2.12
14783.0,3.02,2.12
14783.0,3.02,2.12
14784.0,3.02,2.13
14784.0,3.02,2.13
14785.0,3.02,2.13
14786.0,3.02,2.13
14786.0,3.44,2.13
14787.0,3.44,2.13
14787.0,3.44,2.13
14788.0,3.44,2.13
14788.0,3.44,2.13
14789.0,3.66,2.13
14790.0,3.66,2.13
14790.0,3.66,2.13
14791.0,3.66,2.13
14791.0,3.66,2.13
14792.0,3.66,2.13
14792.0,3.51,2.13
14793.0,3.5,2.14
14794.0,3.51,2.14
14794.0,3.5,2.14
14795.0,3.51,2.14
14795.0,3.19,2.14
14796.0,3.19,2.14
14797.0,3.19,2.14
14797.0,3.19,2.14
14798.0,3.19,2.14
14798.0,2.91,2.14
14799.0,2.91,2.14
14799.0,2.91,2.14
14800.0,2.91,2.14
14801.0,2.91,2.14
14801.0,2.91,2.14
14802.0,2.65,2.14
14802.0,2.65,2.15
14803.0,2.65,2.15
14803.0,2.65,2.15
14804.0,2.65,2.15
14805.0,2.75,2.15
14805.0,2.75,2.15
14806.0,2.75,2.15
14806.0,2.75,2.15
14807.0,2.75,2.15
14808.0,2.75,2.15
14808.0,3.16,2.15
14809.0,3.16,2.15
14809.0,3.16,2.15
14810.0,3.16,2.15
14810.0,3.16,2.15
14811.0,3.27,2.15
14812.0,3.26,2.16
14812.0,3.27,2.16
14813.0,3.26,2.16
14813.0,3.27,2.16
14814.0,3.24,2.16
14814.0,3.24,2.16
14815.0,3.24,2.16
14816.0,3.24,2.16
14816.0,3.24,2.16
14817.0,3.24,2.16
14817.0,3.26,2.16
14818.0,3.27,2.16
14818.0,3.26,2.16
14819.0,3.27,2.16
14820.0,3.26,2.16
14820.0,3.2,2.16
14821.0,3.2,2.17
14821.0,3.2,2.17
14822.0,3.2,2.17
14823.0,3.2,2.17
14823.0,3.09,2.17
14824.0,3.09,2.17
14824.0,3.09,2.17
14825.0,3.09,2.17
14825.0,3.09,2.17
14826.0,3.09,2.17
14827.0,3.54,2.17
14827.0,3.55,2.17
14828.0,3.54,2.17
14828.0,3.55,2.17
14829.0,3.54,2.17
14830.0,3.69,2.17
14830.0,3.69,2.18
14831.0,3.69,2.18
14831.0,3.69,2.18
14832.0,3.69,2.18
14832.0,3.69,2.18
14833.0,3.64,2.18
14834.0,3.64,2.18
14834.0,3.64,2.18
14835.0,3.64,2.18
14835.0,3.64,2.18
14836.0,3.48,2.18
14836.0,3.48,2.18
14837.0,3.48,2.18
14838.0,3.48,2.18
14838.0,3.48,2.18
14839.0,3.35,2.18
14839.0,3.34,2.19
14840.0,3.35,2.19
14840.0,3.34,2.19
14841.0,3.35,2.19
14842.0,3.34,2.19
14842.0,3.35,2.19
14843.0,3.35,2.19
14843.0,3.35,2.19
14844.0,3.35,2.19
14845.0,3.35,2.19
14845.0,3.6,2.19
14846.0,3.6,2.19
14846.0,3.6,2.19
14847.0,3.6,2.19
14847.0,3.6,2.19
14848.0,3.6,2.19
14849.0,3.82,2.2
14849.0,3.82,2.2
14850.0,3.82,2.2
14850.0,3.82,2.2
14851.0,3.82,2.2
14851.0,3.97,2.2
14852.0,3.97,2.2
14853.0,3.97,2.2
14853.0,3.97,2.2
14854.0,3.97,2.2
14854.0,3.97,2.2
14855.0,3.98,2.2
14855.0,3.98,2.2
14856.0,3.98,2.2
14857.0,3.98,2.2
14857.0,3.98,2.2
14858.0,4.02,2.21
14858.0,4.03,2.21
14859.0,4.02,2.21
14860.0,4.03,2.21
14860.0,4.02,2.21
14861.0,3.91,2.21
14861.0,3.91,2.21
14862.0,3.91,2.21
14862.0,3.91,2.21
14863.0,3.91,2.21
14864.0,3.91,2.21
14864.0,3.79,2.21
14865.0,3.78,2.21
14865.0,3.79,2.21
14866.0,3.78,2.21
14866.0,3.79,2.21
14867.0,4.33,2.22
14868.0,4.34,2.22
14868.0,4.33,2.22
14869.0,4.34,2.22
14869.0,4.33,2.22
14870.0,4.34,2.22
14871.0,4.64,2.22
14871.0,4.64,2.22
14872.0,4.64,2.22
14872.0,4.64,2.22
14873.0,4.64,2.22
14873.0,4.69,2.22
14874.0,4.69,2.22
14875.0,4.69,2.22
14875.0,4.69,2.22
14876.0,4.69,2.22
14876.0,4.49,2.23
14877.0,4.49,2.23
14877.0,4.49,2.23
14878.0,4.49,2.23
14879.0,4.49,2.23
14879.0,4.49,2.23
14880.0,4.15,2.23
14880.0,4.16,2.23
14881.0,4.15,2.23
14881.0,4.16,2.23
14882.0,4.15,2.23
14883.0,4.33,2.23
14883.0,4.33,2.23
14884.0,4.33,2.23
14884.0,4.33,2.23
14885.0,4.33,2.23
14886.0,4.33,2.24
14886.0,4.65,2.24
14887.0,4.65,2.24
14887.0,4.65,2.24
14888.0,4.65,2.24
14888.0,4.65,2.24
14889.0,4.95,2.24
14890.0,4.95,2.24
14890.0,4.95,2.24
14891.0,4.95,2.24
14891.0,4.95,2.24
14892.0,5.19,2.24
14892.0,5.19,2.24
14893.0,5.19,2.24
14894.0,5.19,2.24
14894.0,5.19,2.24
14895.0,5.19,2.25
14895.0,5.16,2.25
14896.0,5.16,2.25
14896.0,5.16,2.25
14897.0,5.16,2.25
14898.0,5.16,2.25
14898.0,4.72,2.25
14899.0,4.72,2.25
14899.0,4.72,2.25
14900.0,4.72,2.25
14901.0,4.72,2.25
14901.0,4.72,2.25
14902.0,4.53,2.25
14902.0,4.53,2.25
14903.0,4.53,2.25
14903.0,4.53,2.26
14904.0,4.53,2.26
14905.0,4.86,2.26
14905.0,4.86,2.26
14906.0,4.86,2.26
14906.0,4.86,2.26
14907.0,4.86,2.26
14907.0,4.97,2.26
14908.0,4.97,2.26
14909.0,4.97,2.26
14909.0,4.97,2.26
14910.0,4.97,2.26
14910.0,4.97,2.26
14911.0,5.19,2.26
14911.0,5.19,2.26
14912.0,5.19,2.26
14913.0,5.19,2.27
14913.0,5.19,2.27
14914.0,5.14,2.27
14914.0,5.14,2.27
14915.0,5.14,2.27
14916.0,5.14,2.27
14916.0,5.14,2.27
14917.0,5.14,2.27
14917.0,4.18,2.27
14918.0,4.17,2.27
14918.0,4.18,2.27
14919.0,4.17,2.27
14920.0,4.18,2.27
14920.0,2.88,2.27
14921.0,2.88,2.27
14921.0,2.88,2.27
14922.0,2.88,2.28
14922.0,2.88,2.28
14923.0,2.42,2.28
14924.0,2.42,2.28
14924.0,2.42,2.28
14925.0,2.42,2.28
14925.0,2.42,2.28
14926.0,2.42,2.28
14927.0,2.65,2.28
14927.0,2.65,2.28
14928.0,2.65,2.28
14928.0,2.65,2.28
14929.0,2.65,2.28
14929.0,2.91,2.28
14930.0,2.91,2.28
14931.0,2.91,2.28
14931.0,2.91,2.29
14932.0,2.91,2.29
14932.0,2.91,2.29
14933.0,3.08,2.29
14934.0,3.08,2.29
14934.0,3.08,2.29
14935.0,3.08,2.29
14935.0,3.08,2.29
14936.0,2.82,2.29
14936.0,2.81,2.29
14937.0,2.82,2.29
14938.0,2.81,2.29
14938.0,2.82,2.29
14939.0,2.82,2.29
14939.0,2.82,2.29
14940.0,2.82,2.29
14940.0,2.82,2.3
14941.0,2.82,2.3
14942.0,2.82,2.3
14942.0,2.81,2.3
14943.0,2.81,2.3
14943.0,2.81,2.3
14944.0,2.81,2.3
14944.0,2.81,2.3
14945.0,2.97,2.3
14946.0,2.97,2.3
14946.0,2.97,2.3
14947.0,2.97,2.3
14947.0,2.97,2.3
14948.0,2.97,2.3
14949.0,3.19,2.3
14949.0,3.19,2.3
14950.0,3.19,2.31
14950.0,3.19,2.31
14951.0,3.19,2.31
14951.0,3.13,2.31
14952.0,3.13,2.31
14953.0,3.13,2.31
14953.0,3.13,2.31
14954.0,3.13,2.31
14954.0,3.06,2.31
14955.0,3.06,2.31
14955.0,3.06,2.31
14956.0,3.06,2.31
14957.0,3.06,2.31
14957.0,3.06,2.31
14958.0,2.99,2.31
14958.0,2.99,2.31
14959.0,2.99,2.32
14959.0,2.99,2.32
14960.0,2.99,2.32
14961.0,2.73,2.32
14961.0,2.73,2.32
14962.0,2.73,2.32
14962.0,2.73,2.32
14963.0,2.73,2.32
14964.0,2.73,2.32
14964.0,2.53,2.32
14965.0,2.54,2.32
14965.0,2.53,2.32
14966.0,2.54,2.32
14966.0,2.53,2.32
14967.0,2.76,2.32
14968.0,2.76,2.32
14968.0,2.76,2.33
14969.0,2.76,2.33
14969.0,2.76,2.33
14970.0,2.89,2.33
14970.0,2.89,2.33
14971.0,2.89,2.33
14972.0,2.89,2.33
14972.0,2.89,2.33
14973.0,2.89,2.33
14973.0,3.02,2.33
14974.0,3.03,2.33
14974.0,3.02,2.33
14975.0,3.03,2.33
14976.0,3.02,2.33
14976.0,2.81,2.33
14977.0,2.8,2.33
14977.0,2.81,2.34
14978.0,2.8,2.34
14979.0,2.81,2.34
14979.0,2.8,2.34
14980.0,2.45,2.34
14980.0,2.45,2.34
14981.0,2.45,2.34
14981.0,2.45,2.34
14982.0,2.45,2.34
14983.0,2.39,2.34
14983.0,2.39,2.34
14984.0,2.39,2.34
14984.0,2.39,2.34
14985.0,2.39,2.34
14985.0,2.53,2.34
14986.0,2.53,2.34
14987.0,2.53,2.35
14987.0,2.53,2.35
14988.0,2.53,2.35
14988.0,2.53,2.35
14989.0,2.53,2.35
14989.0,2.52,2.35
14990.0,2.53,2.35
14991.0,2.52,2.35
14991.0,2.53,2.35
14992.0,2.71,2.35
14992.0,2.71,2.35
14993.0,2.71,2.35
14994.0,2.71,2.35
14994.0,2.71,2.35
14995.0,2.71,2.35
14995.0,2.89,2.35
14996.0,2.89,2.36
14996.0,2.89,2.36
14997.0,2.89,2.36
14998.0,2.89,2.36
14998.0,2.4,2.36
14999.0,2.4,2.36
14999.0,2.4,2.36
15000.0,2.4,2.36
15000.0,2.4,2.36
15001.0,2.29,2.36
15002.0,2.29,2.36
15002.0,2.29,2.36
15003.0,2.29,2.36
15003.0,2.29,2.36
15004.0,2.29,2.36
15004.0,2.34,2.36
15005.0,2.34,2.37
15006.0,2.34,2.37
15006.0,2.34,2.37
15007.0,2.34,2.37
15007.0,2.45,2.37
15008.0,2.45,2.37
15009.0,2.45,2.37
15009.0,2.45,2.37
15010.0,2.45,2.37
15010.0,2.45,2.37
15011.0,2.73,2.37
15011.0,2.73,2.37
15012.0,2.73,2.37
15013.0,2.73,2.37
15013.0,2.73,2.37
15014.0,2.93,2.37
15014.0,2.93,2.37
15015.0,2.93,2.38
15015.0,2.93,2.38
15016.0,2.93,2.38
15017.0,2.91,2.38
15017.0,2.91,2.38
15018.0,2.91,2.38
15018.0,2.91,2.38
15019.0,2.91,2.38
15019.0,2.91,2.38
15020.0,2.67,2.38
15021.0,2.67,2.38
15021.0,2.67,2.38
15022.0,2.67,2.38
15022.0,2.67,2.38
15023.0,2.7,2.38
15024.0,2.7,2.38
15024.0,2.7,2.39
15025.0,2.7,2.39
15025.0,2.7,2.39
15026.0,2.7,2.39
15027.0,2.7,2.39
15027.0,2.7,2.39
15028.0,2.7,2.39
15028.0,2.7,2.39
15029.0,2.7,2.39
15029.0,2.95,2.39
15030.0,2.95,2.39
15031.0,2.95,2.39
15031.0,2.95,2.39
15032.0,2.95,2.39
15032.0,2.96,2.39
15033.0,2.96,2.39
15033.0,2.96,2.4
15034.0,2.96,2.4
15035.0,2.96,2.4
15035.0,2.96,2.4
15036.0,2.87,2.4
15036.0,2.87,2.4
15037.0,2.87,2.4
15037.0,2.87,2.4
15038.0,2.87,2.4
15039.0,2.85,2.4
15039.0,2.85,2.4
15040.0,2.85,2.4
15040.0,2.85,2.4
15041.0,2.85,2.4
15042.0,2.85,2.4
15042.0,2.83,2.4
15043.0,2.82,2.41
15043.0,2.83,2.41
15044.0,2.82,2.41
15044.0,2.83,2.41
15045.0,2.95,2.41
15046.0,2.95,2.41
15046.0,2.95,2.41
15047.0,2.95,2.41
15047.0,2.95,2.41
15048.0,3.12,2.41
15048.0,3.12,2.41
15049.0,3.12,2.41
15050.0,3.12,2.41
15050.0,3.12,2.41
15051.0,3.12,2.41
15051.0,3.47,2.41
15052.0,3.47,2.42
15052.0,3.47,2.42
15053.0,3.47,2.42
15054.0,3.47,2.42
15054.0,3.13,2.42
15055.0,3.13,2.42
15055.0,3.13,2.42
15056.0,3.13,2.42
15057.0,3.13,2.42
15057.0,3.13,2.42
15058.0,2.77,2.42
15058.0,2.77,2.42
15059.0,2.77,2.42
15059.0,2.77,2.42
15060.0,2.77,2.42
15061.0,2.41,2.42
15061.0,2.41,2.43
15062.0,2.41,2.43
15062.0,2.41,2.43
15063.0,2.41,2.43
15063.0,2.08,2.43
15064.0,2.08,2.43
15065.0,2.08,2.43
15065.0,2.08,2.43
15066.0,2.08,2.43
15066.0,2.08,2.43
15067.0,2.51,2.43
15067.0,2.51,2.43
15068.0,2.51,2.43
15069.0,2.51,2.43
15069.0,2.51,2.43
15070.0,2.8,2.43
15070.0,2.8,2.44
15071.0,2.8,2.44
15072.0,2.8,2.44
15072.0,2.8,2.44
15073.0,2.8,2.44
15073.0,2.97,2.44
15074.0,2.97,2.44
15074.0,2.97,2.44
15075.0,2.97,2.44
15076.0,2.97,2.44
15076.0,2.81,2.44
15077.0,2.81,2.44
15077.0,2.81,2.44
15078.0,2.81,2.44
15078.0,2.81,2.44
15079.0,2.43,2.44
15080.0,2.43,2.45
15080.0,2.43,2.45
15081.0,2.43,2.45
15081.0,2.43,2.45
15082.0,2.43,2.45
15082.0,2.44,2.45
15083.0,2.44,2.45
15084.0,2.44,2.45
15084.0,2.44,2.45
15085.0,2.44,2.45
15085.0,2.69,2.45
15086.0,2.69,2.45
15087.0,2.69,2.45
15087.0,2.69,2.45
15088.0,2.69,2.45
15088.0,2.69,2.45
15089.0,3.11,2.46
15089.0,3.11,2.46
15090.0,3.11,2.46
15091.0,3.11,2.46
15091.0,3.11,2.46
15092.0,3.35,2.46
15092.0,3.34,2.46
15093.0,3.35,2.46
15093.0,3.34,2.46
15094.0,3.35,2.46
15095.0,3.01,2.46
15095.0,3.01,2.46
15096.0,3.01,2.46
15096.0,3.01,2.46
15097.0,3.01,2.46
15097.0,3.01,2.46
15098.0,2.45,2.47
15099.0,2.45,2.47
15099.0,2.45,2.47
15100.0,2.45,2.47
15100.0,2.45,2.47
15101.0,2.52,2.47
15102.0,2.51,2.47
15102.0,2.52,2.47
15103.0,2.51,2.47
15103.0,2.52,2.47
15104.0,2.51,2.47
15104.0,2.86,2.47
15105.0,2.86,2.47
15106.0,2.86,2.47
15106.0,2.86,2.47
15107.0,2.86,2.47
15107.0,3.05,2.48
15108.0,3.05,2.48
15108.0,3.05,2.48
15109.0,3.05,2.48
15110.0,3.05,2.48
15110.0,3.05,2.48
15111.0,3.29,2.48
15111.0,3.3,2.48
15112.0,3.29,2.48
15112.0,3.3,2.48
15113.0,3.29,2.48
15114.0,3.36,2.48
15114.0,3.36,2.48
15115.0,3.36,2.48
15115.0,3.36,2.48
15116.0,3.36,2.48
15117.0,3.16,2.49
15117.0,3.16,2.49
15118.0,3.16,2.49
15118.0,3.16,2.49
15119.0,3.16,2.49
15119.0,3.16,2.49
15120.0,2.75,2.49
15121.0,2.75,2.49
15121.0,2.75,2.49
15122.0,2.75,2.49
15122.0,2.75,2.49
15123.0,2.67,2.49
15123.0,2.67,2.49
15124.0,2.67,2.49
15125.0,2.67,2.49
15125.0,2.67,2.49
15126.0,2.67,2.5
15126.0,2.93,2.5
15127.0,2.93,2.5
15128.0,2.93,2.5
15128.0,2.93,2.5
15129.0,2.93,2.5
15129.0,2.93,2.5
15130.0,2.93,2.5
15130.0,2.93,2.5
15131.0,2.93,2.5
15132.0,2.93,2.5
15132.0,2.66,2.5
15133.0,2.66,2.5
15133.0,2.66,2.5
15134.0,2.66,2.5
15135.0,2.66,2.51
15135.0,2.66,2.51
15136.0,2.15,2.51
15136.0,2.15,2.51
15137.0,2.15,2.51
15137.0,2.15,2.51
15138.0,2.15,2.51
15139.0,1.94,2.51
15139.0,1.95,2.51
15140.0,1.94,2.51
15140.0,1.95,2.51
15141.0,1.94,2.51
15141.0,1.92,2.51
15142.0,1.92,2.51
15143.0,1.92,2.51
15143.0,1.92,2.51
15144.0,1.92,2.52
15144.0,1.92,2.52
15145.0,1.96,2.52
15145.0,1.95,2.52
15146.0,1.96,2.52
15147.0,1.95,2.52
15147.0,1.96,2.52
15148.0,2.22,2.52
15148.0,2.22,2.52
15149.0,2.22,2.52
15150.0,2.22,2.52
15150.0,2.22,2.52
15151.0,2.22,2.52
15151.0,2.26,2.52
15152.0,2.26,2.52
15152.0,2.26,2.52
15153.0,2.26,2.53
15154.0,2.26,2.53
15154.0,2.36,2.53
15155.0,2.35,2.53
15155.0,2.36,2.53
15156.0,2.35,2.53
15156.0,2.36,2.53
15157.0,2.33,2.53
15158.0,2.33,2.53
15158.0,2.33,2.53
15159.0,2.33,2.53
15159.0,2.33,2.53
15160.0,2.33,2.53
15160.0,2.01,2.53
15161.0,2.01,2.53
15162.0,2.01,2.53
15162.0,2.01,2.54
15163.0,2.01,2.54
15163.0,1.99,2.54
15164.0,1.99,2.54
15165.0,1.99,2.54
15165.0,1.99,2.54
15166.0,1.99,2.54
15166.0,1.99,2.54
15167.0,2.48,2.54
15167.0,2.48,2.54
15168.0,2.48,2.54
15169.0,2.48,2.54
15169.0,2.48,2.54
15170.0,2.63,2.54
15170.0,2.63,2.54
15171.0,2.63,2.54
15171.0,2.63,2.55
15172.0,2.63,2.55
15173.0,2.42,2.55
15173.0,2.42,2.55
15174.0,2.42,2.55
15174.0,2.42,2.55
15175.0,2.42,2.55
15175.0,2.42,2.55
15176.0,2.13,2.55
15177.0,2.13,2.55
15177.0,2.13,2.55
15178.0,2.13,2.55
15178.0,2.13,2.55
15179.0,1.92,2.55
15180.0,1.92,2.55
15180.0,1.92,2.55
15181.0,1.92,2.56
15181.0,1.92,2.56
15182.0,1.92,2.56
15182.0,2.0,2.56
15183.0,2.0,2.56
15184.0,2.0,2.56
15184.0,2.0,2.56
15185.0,2.0,2.56
15185.0,2.26,2.56
15186.0,2.26,2.56
15186.0,2.26,2.56
15187.0,2.26,2.56
15188.0,2.26,2.56
15188.0,2.26,2.56
15189.0,2.43,2.56
15189.0,2.43,2.56
15190.0,2.43,2.57
15190.0,2.43,2.57
15191.0,2.43,2.57
15192.0,2.48,2.57
15192.0,2.48,2.57
15193.0,2.48,2.57
15193.0,2.48,2.57
15194.0,2.48,2.57
15195.0,2.53,2.57
15195.0,2.53,2.57
15196.0,2.53,2.57
15196.0,2.53,2.57
15197.0,2.53,2.57
15197.0,2.53,2.57
15198.0,2.3,2.57
15199.0,2.29,2.57
15199.0,2.3,2.58
15200.0,2.29,2.58
15200.0,2.3,2.58
15201.0,2.17,2.58
15201.0,2.17,2.58
15202.0,2.17,2.58
15203.0,2.17,2.58
15203.0,2.17,2.58
15204.0,2.17,2.58
15204.0,2.14,2.58
15205.0,2.14,2.58
15205.0,2.14,2.58
15206.0,2.14,2.58
15207.0,2.14,2.58
15207.0,2.31,2.58
15208.0,2.3,2.58
15208.0,2.31,2.59
15209.0,2.3,2.59
15210.0,2.31,2.59
15210.0,2.55,2.59
15211.0,2.55,2.59
15211.0,2.55,2.59
15212.0,2.55,2.59
15212.0,2.55,2.59
15213.0,2.55,2.59
15214.0,2.66,2.59
15214.0,2.66,2.59
15215.0,2.66,2.59
15215.0,2.66,2.59
15216.0,2.66,2.59
15216.0,2.56,2.59
15217.0,2.56,2.59
15218.0,2.56,2.6
15218.0,2.56,2.6
15219.0,2.56,2.6
15219.0,2.56,2.6
15220.0,2.31,2.6
15220.0,2.3,2.6
15221.0,2.31,2.6
15222.0,2.3,2.6
15222.0,2.31,2.6
15223.0,2.22,2.6
15223.0,2.22,2.6
15224.0,2.22,2.6
15225.0,2.22,2.6
15225.0,2.22,2.6
15226.0,2.34,2.6
15226.0,2.34,2.6
15227.0,2.34,2.61
15228.0,2.34,2.61
15228.0,2.34,2.61
15229.0,2.34,2.61
15229.0,2.47,2.61
15230.0,2.47,2.61
15230.0,2.47,2.61
15231.0,2.47,2.61
15232.0,2.47,2.61
15232.0,2.29,2.61
15233.0,2.29,2.61
15233.0,2.29,2.61
15234.0,2.29,2.61
15234.0,2.29,2.61
15235.0,2.15,2.61
15236.0,2.15,2.61
15236.0,2.15,2.62
15237.0,2.15,2.62
15237.0,2.15,2.62
15238.0,2.15,2.62
15238.0,1.98,2.62
15239.0,1.97,2.62
15240.0,1.98,2.62
15240.0,1.97,2.62
15241.0,1.98,2.62
15241.0,1.9,2.62
15242.0,1.9,2.62
15243.0,1.9,2.62
15243.0,1.9,2.62
15244.0,1.9,2.62
15244.0,1.9,2.62
15245.0,1.98,2.62
15245.0,1.98,2.62
15246.0,1.98,2.63
15247.0,1.98,2.63
15247.0,1.98,2.63
15248.0,2.14,2.63
15248.0,2.14,2.63
15249.0,2.14,2.63
15249.0,2.14,2.63
15250.0,2.14,2.63
15251.0,2.41,2.63
15251.0,2.41,2.63
15252.0,2.41,2.63
15252.0,2.41,2.63
15253.0,2.41,2.63
15253.0,2.41,2.63
15254.0,2.69,2.63
15255.0,2.69,2.63
15255.0,2.69,2.64
15256.0,2.69,2.64
15256.0,2.69,2.64
15257.0,2.43,2.64
15258.0,2.43,2.64
15258.0,2.43,2.64
15259.0,2.43,2.64
15259.0,2.43,2.64
15260.0,2.43,2.64
15260.0,2.13,2.64
15261.0,2.13,2.64
15262.0,2.13,2.64
15262.0,2.13,2.64
15263.0,2.13,2.64
15263.0,2.12,2.64
15264.0,2.12,2.64
15264.0,2.12,2.65
15265.0,2.12,2.65
15266.0,2.12,2.65
15266.0,2.12,2.65
15267.0,2.33,2.65
15267.0,2.33,2.65
15268.0,2.33,2.65
15268.0,2.33,2.65
15269.0,2.33,2.65
15270.0,2.53,2.65
15270.0,2.53,2.65
15271.0,2.53,2.65
15271.0,2.53,2.65
15272.0,2.53,2.65
15273.0,2.77,2.65
15273.0,2.77,2.65
15274.0,2.77,2.66
15274.0,2.77,2.66
15275.0,2.77,2.66
15275.0,2.77,2.66
15276.0,2.72,2.66
15277.0,2.72,2.66
15277.0,2.72,2.66
15278.0,2.72,2.66
15278.0,2.72,2.66
15279.0,2.48,2.66
15279.0,2.48,2.66
15280.0,2.48,2.66
15281.0,2.48,2.66
15281.0,2.48,2.66
15282.0,2.48,2.66
15282.0,2.2,2.66
15283.0,2.2,2.67
15283.0,2.2,2.67
15284.0,2.2,2.67
15285.0,2.2,2.67
15285.0,2.24,2.67
15286.0,2.24,2.67
15286.0,2.24,2.67
15287.0,2.24,2.67
15288.0,2.24,2.67
15288.0,2.41,2.67
15289.0,2.41,2.67
15289.0,2.41,2.67
15290.0,2.41,2.67
15290.0,2.41,2.67
15291.0,2.41,2.67
15292.0,2.38,2.67
15292.0,2.38,2.68
15293.0,2.38,2.68
15293.0,2.38,2.68
15294.0,2.38,2.68
15294.0,2.54,2.68
15295.0,2.54,2.68
15296.0,2.54,2.68
15296.0,2.54,2.68
15297.0,2.54,2.68
15297.0,2.54,2.68
15298.0,2.3,2.68
15298.0,2.3,2.68
15299.0,2.3,2.68
15300.0,2.3,2.68
15300.0,2.3,2.68
15301.0,2.15,2.68
15301.0,2.15,2.69
15302.0,2.15,2.69
15303.0,2.15,2.69
15303.0,2.15,2.69
15304.0,2.19,2.69
15304.0,2.19,2.69
15305.0,2.19,2.69
15305.0,2.19,2.69
15306.0,2.19,2.69
15307.0,2.19,2.69
15307.0,2.37,2.69
15308.0,2.37,2.69
15308.0,2.37,2.69
15309.0,2.37,2.69
15309.0,2.37,2.69
15310.0,2.36,2.69
15311.0,2.36,2.7
15311.0,2.36,2.7
15312.0,2.36,2.7
15312.0,2.36,2.7
15313.0,2.36,2.7
15313.0,2.45,2.7
15314.0,2.45,2.7
15315.0,2.45,2.7
15315.0,2.45,2.7
15316.0,2.45,2.7
15316.0,2.39,2.7
15317.0,2.39,2.7
15318.0,2.39,2.7
15318.0,2.39,2.7
15319.0,2.39,2.7
15319.0,2.29,2.7
15320.0,2.28,2.71
15320.0,2.29,2.71
15321.0,2.28,2.71
15322.0,2.29,2.71
15322.0,2.28,2.71
15323.0,2.15,2.71
15323.0,2.15,2.71
15324.0,2.15,2.71
15324.0,2.15,2.71
15325.0,2.15,2.71
15326.0,2.27,2.71
15326.0,2.27,2.71
15327.0,2.27,2.71
15327.0,2.27,2.71
15328.0,2.27,2.71
15329.0,2.49,2.71
15329.0,2.49,2.72
15330.0,2.49,2.72
15330.0,2.49,2.72
15331.0,2.49,2.72
15331.0,2.49,2.72
15332.0,2.6,2.72
15333.0,2.6,2.72
15333.0,2.6,2.72
15334.0,2.6,2.72
15334.0,2.6,2.72
15335.0,2.36,2.72
15336.0,2.37,2.72
15336.0,2.36,2.72
15337.0,2.37,2.72
15337.0,2.36,2.72
15338.0,2.37,2.72
15338.0,2.2,2.73
15339.0,2.2,2.73
15340.0,2.2,2.73
15340.0,2.2,2.73
15341.0,2.2,2.73
15341.0,1.98,2.73
15342.0,1.98,2.73
15342.0,1.98,2.73
15343.0,1.98,2.73
15344.0,1.98,2.73
15344.0,1.99,2.73
15345.0,1.99,2.73
15345.0,1.99,2.73
15346.0,1.99,2.73
15346.0,1.99,2.73
15347.0,1.99,2.73
15348.0,2.25,2.74
15348.0,2.25,2.74
15349.0,2.25,2.74
15349.0,2.25,2.74
15350.0,2.25,2.74
15351.0,2.51,2.74
15351.0,2.51,2.74
15352.0,2.51,2.74
15352.0,2.51,2.74
15353.0,2.51,2.74
15353.0,2.51,2.74
15354.0,2.45,2.74
15355.0,2.45,2.74
15355.0,2.45,2.74
15356.0,2.45,2.74
15356.0,2.45,2.74
15357.0,2.37,2.75
15357.0,2.37,2.75
15358.0,2.37,2.75
15359.0,2.37,2.75
15359.0,2.37,2.75
15360.0,2.37,2.75
15360.0,2.3,2.75
15361.0,2.3,2.75
15361.0,2.3,2.75
15362.0,2.3,2.75
15363.0,2.3,2.75
15363.0,2.36,2.75
15364.0,2.36,2.75
15364.0,2.36,2.75
15365.0,2.36,2.75
15366.0,2.36,2.76
15366.0,2.3,2.76
15367.0,2.31,2.76
15367.0,2.3,2.76
15368.0,2.31,2.76
15368.0,2.3,2.76
15369.0,2.31,2.76
15370.0,2.53,2.76
15370.0,2.53,2.76
15371.0,2.53,2.76
15371.0,2.53,2.76
15372.0,2.53,2.76
15372.0,2.48,2.76
15373.0,2.48,2.76
15374.0,2.48,2.76
15374.0,2.48,2.76
15375.0,2.48,2.77
15375.0,2.48,2.77
15376.0,2.35,2.77
15376.0,2.35,2.77
15377.0,2.35,2.77
15378.0,2.35,2.77
15378.0,2.35,2.77
15379.0,2.17,2.77
15379.0,2.17,2.77
15380.0,2.17,2.77
15381.0,2.17,2.77
15381.0,2.17,2.77
15382.0,1.97,2.77
15382.0,1.97,2.77
15383.0,1.97,2.77
15383.0,1.97,2.77
15384.0,1.97,2.78
15385.0,1.97,2.78
15385.0,2.18,2.78
15386.0,2.18,2.78
15386.0,2.18,2.78
15387.0,2.18,2.78
15387.0,2.18,2.78
15388.0,2.54,2.78
15389.0,2.54,2.78
15389.0,2.54,2.78
15390.0,2.54,2.78
15390.0,2.54,2.78
15391.0,2.54,2.78
15391.0,2.53,2.78
15392.0,2.53,2.78
15393.0,2.53,2.78
15393.0,2.53,2.79
15394.0,2.53,2.79
15394.0,2.45,2.79
15395.0,2.45,2.79
15396.0,2.45,2.79
15396.0,2.45,2.79
15397.0,2.45,2.79
15397.0,2.04,2.79
15398.0,2.04,2.79
15398.0,2.04,2.79
15399.0,2.04,2.79
15400.0,2.04,2.79
15400.0,2.04,2.79
15401.0,2.04,2.79
15401.0,2.04,2.79
15402.0,2.04,2.79
15402.0,2.04,2.8
15403.0,2.04,2.8
15404.0,2.13,2.8
15404.0,2.13,2.8
15405.0,2.13,2.8
15405.0,2.13,2.8
15406.0,2.13,2.8
15406.0,2.13,2.8
15407.0,2.17,2.8
15408.0,2.17,2.8
15408.0,2.17,2.8
15409.0,2.17,2.8
15409.0,2.17,2.8
15410.0,2.39,2.8
15411.0,2.39,2.8
15411.0,2.39,2.8
15412.0,2.39,2.81
15412.0,2.39,2.81
15413.0,2.12,2.81
15413.0,2.12,2.81
15414.0,2.12,2.81
15415.0,2.12,2.81
15415.0,2.12,2.81
15416.0,2.12,2.81
15416.0,2.13,2.81
15417.0,2.13,2.81
15417.0,2.13,2.81
15418.0,2.13,2.81
15419.0,2.13,2.81
15419.0,2.04,2.81
15420.0,2.04,2.81
15420.0,2.04,2.81
15421.0,2.04,2.82
15421.0,2.04,2.82
15422.0,2.04,2.82
15423.0,1.85,2.82
15423.0,1.85,2.82
15424.0,1.85,2.82
15424.0,1.85,2.82
15425.0,1.85,2.82
15426.0,2.18,2.82
15426.0,2.18,2.82
15427.0,2.18,2.82
15427.0,2.18,2.82
15428.0,2.18,2.82
15428.0,2.41,2.82
15429.0,2.41,2.82
15430.0,2.41,2.82
15430.0,2.41,2.83
15431.0,2.41,2.83
15431.0,2.41,2.83
15432.0,2.36,2.83
15433.0,2.36,2.83
15433.0,2.36,2.83
15434.0,2.36,2.83
15434.0,2.36,2.83
15435.0,2.1,2.83
15435.0,2.1,2.83
15436.0,2.1,2.83
15437.0,2.1,2.83
15437.0,2.1,2.83
15438.0,2.1,2.83
15438.0,1.99,2.83
15439.0,1.98,2.83
15439.0,1.99,2.84
15440.0,1.98,2.84
15441.0,1.99,2.84
15441.0,2.07,2.84
15442.0,2.07,2.84
15442.0,2.07,2.84
15443.0,2.07,2.84
15444.0,2.07,2.84
15444.0,2.23,2.84
15445.0,2.23,2.84
15445.0,2.23,2.84
15446.0,2.23,2.84
15446.0,2.23,2.84
15447.0,2.23,2.84
15448.0,2.35,2.84
15448.0,2.34,2.84
15449.0,2.35,2.85
15449.0,2.34,2.85
15450.0,2.35,2.85
15450.0,2.68,2.85
15451.0,2.68,2.85
15452.0,2.68,2.85
15452.0,2.68,2.85
15453.0,2.68,2.85
15453.0,2.68,2.85
15454.0,2.57,2.85
15454.0,2.58,2.85
15455.0,2.57,2.85
15456.0,2.58,2.85
15456.0,2.57,2.85
15457.0,2.29,2.85
15457.0,2.29,2.85
15458.0,2.29,2.86
15459.0,2.29,2.86
15459.0,2.29,2.86
15460.0,1.92,2.86
15460.0,1.92,2.86
15461.0,1.92,2.86
15461.0,1.92,2.86
15462.0,1.92,2.86
15463.0,1.92,2.86
15463.0,1.93,2.86
15464.0,1.93,2.86
15464.0,1.93,2.86
15465.0,1.93,2.86
15465.0,1.93,2.86
15466.0,2.05,2.86
15467.0,2.05,2.86
15467.0,2.05,2.87
15468.0,2.05,2.87
15468.0,2.05,2.87
15469.0,2.05,2.87
15469.0,2.06,2.87
15470.0,2.05,2.87
15471.0,2.06,2.87
15471.0,2.05,2.87
15472.0,2.06,2.87
15472.0,2.2,2.87
15473.0,2.2,2.87
15474.0,2.2,2.87
15474.0,2.2,2.87
15475.0,2.2,2.87
15475.0,2.28,2.87
15476.0,2.28,2.87
15476.0,2.28,2.87
15477.0,2.28,2.88
15478.0,2.28,2.88
15478.0,2.28,2.88
15479.0,2.35,2.88
15479.0,2.35,2.88
15480.0,2.35,2.88
15480.0,2.35,2.88
15481.0,2.35,2.88
15482.0,2.17,2.88
15482.0,2.17,2.88
15483.0,2.17,2.88
15483.0,2.17,2.88
15484.0,2.17,2.88
15484.0,2.17,2.88
15485.0,2.06,2.88
15486.0,2.07,2.88
15486.0,2.06,2.89
15487.0,2.07,2.89
15487.0,2.06,2.89
15488.0,2.41,2.89
15489.0,2.41,2.89
15489.0,2.41,2.89
15490.0,2.41,2.89
15490.0,2.41,2.89
15491.0,2.73,2.89
15491.0,2.73,2.89
15492.0,2.73,2.89
15493.0,2.73,2.89
15493.0,2.73,2.89
15494.0,2.73,2.89
15494.0,2.57,2.89
15495.0,2.58,2.89
15495.0,2.57,2.9
15496.0,2.58,2.9
15497.0,2.57,2.9
15497.0,2.08,2.9
15498.0,2.08,2.9
15498.0,2.08,2.9
15499.0,2.08,2.9
15499.0,2.08,2.9
15500.0,2.08,2.9
15501.0,1.91,2.9
15501.0,1.91,2.9
15502.0,1.91,2.9
15502.0,1.91,2.9
15503.0,1.91,2.9
15504.0,1.92,2.9
15504.0,1.92,2.9
15505.0,1.92,2.91
15505.0,1.92,2.91
15506.0,1.92,2.91
15506.0,2.18,2.91
15507.0,2.18,2.91
15508.0,2.18,2.91
15508.0,2.18,2.91
15509.0,2.18,2.91
15509.0,2.18,2.91
15510.0,2.52,2.91
15510.0,2.51,2.91
15511.0,2.52,2.91
15512.0,2.51,2.91
15512.0,2.52,2.91
15513.0,2.27,2.91
15513.0,2.27,2.91
15514.0,2.27,2.92
15514.0,2.27,2.92
15515.0,2.27,2.92
15516.0,2.27,2.92
15516.0,2.09,2.92
15517.0,2.09,2.92
15517.0,2.09,2.92
15518.0,2.09,2.92
15519.0,2.09,2.92
15519.0,2.06,2.92
15520.0,2.06,2.92
15520.0,2.06,2.92
15521.0,2.06,2.92
15521.0,2.06,2.92
15522.0,2.06,2.92
15523.0,2.16,2.92
15523.0,2.16,2.93
15524.0,2.16,2.93
15524.0,2.16,2.93
15525.0,2.16,2.93
15525.0,2.24,2.93
15526.0,2.24,2.93
15527.0,2.24,2.93
15527.0,2.24,2.93
15528.0,2.24,2.93
15528.0,2.43,2.93
15529.0,2.43,2.93
15529.0,2.43,2.93
15530.0,2.43,2.93
15531.0,2.43,2.93
15531.0,2.43,2.93
15532.0,2.41,2.93
15532.0,2.41,2.94
15533.0,2.41,2.94
15534.0,2.41,2.94
15534.0,2.41,2.94
15535.0,2.34,2.94
15535.0,2.34,2.94
15536.0,2.34,2.94
15537.0,2.34,2.94
15537.0,2.34,2.94
15538.0,2.29,2.94
15538.0,2.28,2.94
15539.0,2.29,2.94
15539.0,2.28,2.94
15540.0,2.29,2.94
15541.0,2.28,2.94
15541.0,2.21,2.94
15542.0,2.21,2.95
15542.0,2.21,2.95
15543.0,2.21,2.95
15543.0,2.21,2.95
15544.0,2.2,2.95
15545.0,2.2,2.95
15545.0,2.2,2.95
15546.0,2.2,2.95
15546.0,2.2,2.95
15547.0,2.2,2.95
15547.0,2.43,2.95
15548.0,2.43,2.95
15549.0,2.43,2.95
15549.0,2.43,2.95
15550.0,2.43,2.95
15550.0,2.51,2.95
15551.0,2.5,2.96
15552.0,2.51,2.96
15552.0,2.5,2.96
15553.0,2.51,2.96
15553.0,2.55,2.96
15554.0,2.55,2.96
15554.0,2.55,2.96
15555.0,2.55,2.96
15556.0,2.55,2.96
15556.0,2.55,2.96
15557.0,2.35,2.96
15557.0,2.35,2.96
15558.0,2.35,2.96
15558.0,2.35,2.96
15559.0,2.35,2.96
15560.0,2.19,2.96
15560.0,2.19,2.97
15561.0,2.19,2.97
15561.0,2.19,2.97
15562.0,2.19,2.97
15562.0,2.19,2.97
15563.0,2.01,2.97
15564.0,2.0,2.97
15564.0,2.01,2.97
15565.0,2.0,2.97
15565.0,2.01,2.97
15566.0,2.17,2.97
15567.0,2.17,2.97
15567.0,2.17,2.97
15568.0,2.17,2.97
15568.0,2.17,2.97
15569.0,2.59,2.97
15569.0,2.59,2.98
15570.0,2.59,2.98
15571.0,2.59,2.98
15571.0,2.59,2.98
15572.0,2.59,2.98
15572.0,2.69,2.98
15573.0,2.69,2.98
15573.0,2.69,2.98
15574.0,2.69,2.98
15575.0,2.69,2.98
15575.0,2.4,2.98
15576.0,2.4,2.98
15576.0,2.4,2.98
15577.0,2.4,2.98
15577.0,2.4,2.98
15578.0,2.4,2.98
15579.0,1.99,2.99
15579.0,1.99,2.99
15580.0,1.99,2.99
15580.0,1.99,2.99
15581.0,1.99,2.99
15582.0,1.85,2.99
15582.0,1.85,2.99
15583.0,1.85,2.99
15583.0,1.85,2.99
15584.0,1.85,2.99
15584.0,2.04,2.99
15585.0,2.04,2.99
15586.0,2.04,2.99
15586.0,2.04,2.99
15587.0,2.04,2.99
15587.0,2.04,2.99
15588.0,2.51,3.0
15588.0,2.52,3.0
15589.0,2.51,3.0
15590.0,2.52,3.0
15590.0,2.51,3.0
15591.0,2.65,3.0
15591.0,2.65,3.0
15592.0,2.65,3.0
15592.0,2.65,3.0
15593.0,2.65,3.0
15594.0,2.65,3.0
15594.0,2.6,3.0
15595.0,2.6,3.0
15595.0,2.6,3.0
15596.0,2.6,3.0
15597.0,2.6,3.01
15597.0,2.38,3.01
15598.0,2.38,3.01
15598.0,2.38,3.01
15599.0,2.38,3.01
15599.0,2.38,3.01
15600.0,2.0,3.01
15601.0,1.99,3.01
15601.0,2.0,3.01
15602.0,1.99,3.01
15602.0,2.0,3.01
15603.0,1.99,3.01
15603.0,1.98,3.01
15604.0,1.97,3.01
15605.0,1.98,3.01
15605.0,1.97,3.01
15606.0,1.98,3.02
15606.0,2.07,3.02
15607.0,2.08,3.02
15607.0,2.07,3.02
15608.0,2.08,3.02
15609.0,2.07,3.02
15609.0,2.08,3.02
15610.0,2.3,3.02
15610.0,2.3,3.02
15611.0,2.3,3.02
15612.0,2.3,3.02
15612.0,2.3,3.02
15613.0,2.38,3.02
15613.0,2.38,3.02
15614.0,2.38,3.02
15614.0,2.38,3.02
15615.0,2.38,3.03
15616.0,2.38,3.03
15616.0,2.31,3.03
15617.0,2.31,3.03
15617.0,2.31,3.03
15618.0,2.31,3.03
15618.0,2.31,3.03
15619.0,2.13,3.03
15620.0,2.13,3.03
15620.0,2.13,3.03
15621.0,2.13,3.03
15621.0,2.13,3.03
15622.0,2.09,3.03
15622.0,2.09,3.03
15623.0,2.09,3.03
15624.0,2.09,3.03
15624.0,2.09,3.04
15625.0,2.09,3.04
15625.0,2.13,3.04
15626.0,2.13,3.04
15627.0,2.13,3.04
15627.0,2.13,3.04
15628.0,2.13,3.04
15628.0,2.44,3.04
15629.0,2.44,3.04
15629.0,2.44,3.04
15630.0,2.44,3.04
15631.0,2.44,3.04
15631.0,2.51,3.04
15632.0,2.5,3.04
15632.0,2.51,3.04
15633.0,2.5,3.04
15634.0,2.51,3.05
15634.0,2.5,3.05
15635.0,2.33,3.05
15635.0,2.32,3.05
15636.0,2.33,3.05
15636.0,2.32,3.05
15637.0,2.33,3.05
15638.0,2.18,3.05
15638.0,2.18,3.05
15639.0,2.18,3.05
15639.0,2.18,3.05
15640.0,2.18,3.05
15640.0,2.18,3.05
15641.0,2.04,3.05
15642.0,2.05,3.05
15642.0,2.04,3.05
15643.0,2.05,3.06
15643.0,2.04,3.06
15644.0,2.17,3.06
15645.0,2.17,3.06
15645.0,2.17,3.06
15646.0,2.17,3.06
15646.0,2.17,3.06
15647.0,2.33,3.06
15647.0,2.33,3.06
15648.0,2.33,3.06
15649.0,2.33,3.06
15649.0,2.33,3.06
15650.0,2.33,3.06
15650.0,2.43,3.06
15651.0,2.43,3.06
15651.0,2.43,3.06
15652.0,2.43,3.07
15653.0,2.43,3.07
15653.0,2.41,3.07
15654.0,2.41,3.07
15654.0,2.41,3.07
15655.0,2.41,3.07
15655.0,2.41,3.07
15656.0,2.41,3.07
15657.0,2.22,3.07
15657.0,2.22,3.07
15658.0,2.22,3.07
15658.0,2.22,3.07
15659.0,2.22,3.07
15660.0,2.13,3.07
15660.0,2.13,3.07
15661.0,2.13,3.07
15661.0,2.13,3.08
15662.0,2.13,3.08
15662.0,2.04,3.08
15663.0,2.04,3.08
15664.0,2.04,3.08
15664.0,2.04,3.08
15665.0,2.04,3.08
15665.0,2.04,3.08
15666.0,2.31,3.08
15666.0,2.31,3.08
15667.0,2.31,3.08
15668.0,2.31,3.08
15668.0,2.31,3.08
15669.0,2.35,3.08
15669.0,2.35,3.08
15670.0,2.35,3.08
15670.0,2.35,3.09
15671.0,2.35,3.09
15672.0,2.35,3.09
15672.0,2.47,3.09
15673.0,2.47,3.09
15673.0,2.47,3.09
15674.0,2.47,3.09
15675.0,2.47,3.09
15675.0,2.36,3.09
15676.0,2.35,3.09
15676.0,2.36,3.09
15677.0,2.35,3.09
15677.0,2.36,3.09
15678.0,2.23,3.09
15679.0,2.23,3.09
15679.0,2.23,3.09
15680.0,2.23,3.1
15680.0,2.23,3.1
15681.0,2.23,3.1
15681.0,2.21,3.1
15682.0,2.21,3.1
15683.0,2.21,3.1
15683.0,2.21,3.1
15684.0,2.21,3.1
15684.0,2.34,3.1
15685.0,2.34,3.1
15685.0,2.34,3.1
15686.0,2.34,3.1
15687.0,2.34,3.1
15687.0,2.34,3.1
15688.0,2.43,3.1
15688.0,2.43,3.1
15689.0,2.43,3.11
15690.0,2.43,3.11
15690.0,2.43,3.11
15691.0,2.65,3.11
15691.0,2.65,3.11
15692.0,2.65,3.11
15692.0,2.65,3.11
15693.0,2.65,3.11
15694.0,2.65,3.11
15694.0,2.49,3.11
15695.0,2.49,3.11
15695.0,2.49,3.11
15696.0,2.49,3.11
15696.0,2.49,3.11
15697.0,2.3,3.11
15698.0,2.3,3.11
15698.0,2.3,3.12
15699.0,2.3,3.12
15699.0,2.3,3.12
15700.0,2.11,3.12
15701.0,2.11,3.12
15701.0,2.11,3.12
15702.0,2.11,3.12
15702.0,2.11,3.12
15703.0,2.11,3.12
15703.0,2.04,3.12
15704.0,2.05,3.12
15705.0,2.04,3.12
15705.0,2.05,3.12
15706.0,2.04,3.12
15706.0,2.45,3.12
15707.0,2.45,3.12
15707.0,2.45,3.12
15708.0,2.45,3.13
15709.0,2.45,3.13
15709.0,2.45,3.13
15710.0,2.57,3.13
15710.0,2.57,3.13
15711.0,2.57,3.13
15711.0,2.57,3.13
15712.0,2.57,3.13
15713.0,2.28,3.13
15713.0,2.28,3.13
15714.0,2.28,3.13
15714.0,2.28,3.13
15715.0,2.28,3.13
15716.0,2.16,3.13
15716.0,2.16,3.13
15717.0,2.16,3.13
15717.0,2.16,3.14
15718.0,2.16,3.14
15718.0,2.16,3.14
15719.0,2.13,3.14
15720.0,2.13,3.14
15720.0,2.13,3.14
15721.0,2.13,3.14
15721.0,2.13,3.14
15722.0,2.14,3.14
15722.0,2.14,3.14
15723.0,2.14,3.14
15724.0,2.14,3.14
15724.0,2.14,3.14
15725.0,2.14,3.14
15725.0,2.34,3.14
15726.0,2.34,3.14
15726.0,2.34,3.15
15727.0,2.34,3.15
15728.0,2.34,3.15
15728.0,2.56,3.15
15729.0,2.55,3.15
15729.0,2.56,3.15
15730.0,2.55,3.15
15731.0,2.56,3.15
15731.0,2.62,3.15
15732.0,2.62,3.15
15732.0,2.62,3.15
15733.0,2.62,3.15
15733.0,2.62,3.15
15734.0,2.62,3.15
15735.0,2.37,3.15
15735.0,2.37,3.15
15736.0,2.37,3.16
15736.0,2.37,3.16
15737.0,2.37,3.16
15738.0,2.1,3.16
15738.0,2.1,3.16
15739.0,2.1,3.16
15739.0,2.1,3.16
15740.0,2.1,3.16
15740.0,2.07,3.16
15741.0,2.07,3.16
15742.0,2.07,3.16
15742.0,2.07,3.16
15743.0,2.07,3.16
15743.0,2.07,3.16
15744.0,2.09,3.16
15744.0,2.09,3.16
15745.0,2.09,3.17
15746.0,2.09,3.17
15746.0,2.09,3.17
15747.0,2.42,3.17
15747.0,2.42,3.17
15748.0,2.42,3.17
15749.0,2.42,3.17
15749.0,2.42,3.17
15750.0,2.42,3.17
15750.0,2.51,3.17
15751.0,2.51,3.17
15751.0,2.51,3.17
15752.0,2.51,3.17
15753.0,2.51,3.17
15753.0,2.37,3.17
15754.0,2.37,3.17
15754.0,2.37,3.18
15755.0,2.37,3.18
15755.0,2.37,3.18
15756.0,2.11,3.18
15757.0,2.11,3.18
15757.0,2.11,3.18
15758.0,2.11,3.18
15758.0,2.11,3.18
15759.0,2.11,3.18
15759.0,1.86,3.18
15760.0,1.85,3.18
15761.0,1.86,3.18
15761.0,1.85,3.18
15762.0,1.86,3.18
15762.0,1.97,3.18
15763.0,1.98,3.18
15764.0,1.97,3.19
15764.0,1.98,3.19
15765.0,1.97,3.19
15765.0,1.98,3.19
15766.0,2.08,3.19
15766.0,2.09,3.19
15767.0,2.08,3.19
15768.0,2.09,3.19
15768.0,2.08,3.19
15769.0,2.46,3.19
15769.0,2.46,3.19
15770.0,2.46,3.19
15770.0,2.46,3.19
15771.0,2.46,3.19
15772.0,2.46,3.19
15772.0,2.56,3.19
15773.0,2.55,3.2
15773.0,2.56,3.2
15774.0,2.55,3.2
15774.0,2.56,3.2
15775.0,2.26,3.2
15776.0,2.26,3.2
15776.0,2.26,3.2
15777.0,2.26,3.2
15777.0,2.26,3.2
15778.0,1.98,3.2
15779.0,1.97,3.2
15779.0,1.98,3.2
15780.0,1.97,3.2
15780.0,1.98,3.2
15781.0,1.97,3.2
15781.0,1.94,3.2
15782.0,1.94,3.21
15783.0,1.94,3.21
15783.0,1.94,3.21
15784.0,1.94,3.21
15784.0,2.19,3.21
15785.0,2.19,3.21
15785.0,2.19,3.21
15786.0,2.19,3.21
15787.0,2.19,3.21
15787.0,2.19,3.21
15788.0,2.41,3.21
15788.0,2.41,3.21
15789.0,2.41,3.21
15789.0,2.41,3.21
15790.0,2.41,3.21
15791.0,2.55,3.21
15791.0,2.55,3.22
15792.0,2.55,3.22
15792.0,2.55,3.22
15793.0,2.55,3.22
15794.0,2.46,3.22
15794.0,2.46,3.22
15795.0,2.46,3.22
15795.0,2.46,3.22
15796.0,2.46,3.22
15796.0,2.46,3.22
15797.0,2.27,3.22
15798.0,2.27,3.22
15798.0,2.27,3.22
15799.0,2.27,3.22
15799.0,2.27,3.22
15800.0,2.06,3.22
15800.0,2.05,3.23
15801.0,2.06,3.23
15802.0,2.05,3.23
15802.0,2.06,3.23
15803.0,2.05,3.23
15803.0,2.12,3.23
15804.0,2.11,3.23
15804.0,2.12,3.23
15805.0,2.11,3.23
15806.0,2.12,3.23
15806.0,2.34,3.23
15807.0,2.34,3.23
15807.0,2.34,3.23
15808.0,2.34,3.23
15809.0,2.34,3.23
15809.0,2.43,3.23
15810.0,2.43,3.24
15810.0,2.43,3.24
15811.0,2.43,3.24
15811.0,2.43,3.24
15812.0,2.43,3.24
15813.0,2.34,3.24
15813.0,2.34,3.24
15814.0,2.34,3.24
15814.0,2.34,3.24
15815.0,2.34,3.24
15815.0,2.34,3.24
15816.0,2.34,3.24
15817.0,2.34,3.24
15817.0,2.34,3.24
15818.0,2.34,3.24
15818.0,2.34,3.24
15819.0,2.16,3.25
15819.0,2.16,3.25
15820.0,2.16,3.25
15821.0,2.16,3.25
15821.0,2.16,3.25
15822.0,1.92,3.25
15822.0,1.92,3.25
15823.0,1.92,3.25
15824.0,1.92,3.25
15824.0,1.92,3.25
15825.0,2.09,3.25
15825.0,2.1,3.25
15826.0,2.09,3.25
15826.0,2.1,3.25
15827.0,2.09,3.25
15828.0,2.1,3.26
15828.0,2.48,3.26
15829.0,2.48,3.26
15829.0,2.48,3.26
15830.0,2.48,3.26
15830.0,2.48,3.26
15831.0,2.61,3.26
15832.0,2.6,3.26
15832.0,2.61,3.26
15833.0,2.6,3.26
15833.0,2.61,3.26
15834.0,2.6,3.26
15835.0,2.6,3.26
15835.0,2.6,3.26
15836.0,2.6,3.26
15836.0,2.6,3.26
15837.0,2.6,3.27
15837.0,2.42,3.27
15838.0,2.42,3.27
15839.0,2.42,3.27
15839.0,2.42,3.27
15840.0,2.42,3.27
15840.0,2.15,3.27
15841.0,2.15,3.27
15842.0,2.15,3.27
15842.0,2.15,3.27
15843.0,2.15,3.27
15843.0,2.15,3.27
15844.0,2.03,3.27
15844.0,2.02,3.27
15845.0,2.03,3.27
15846.0,2.02,3.27
15846.0,2.03,3.28
15847.0,2.21,3.28
15847.0,2.21,3.28
15848.0,2.21,3.28
15848.0,2.21,3.28
15849.0,2.21,3.28
15850.0,2.21,3.28
15850.0,2.53,3.28
15851.0,2.53,3.28
15851.0,2.53,3.28
15852.0,2.53,3.28
15852.0,2.53,3.28
15853.0,2.4,3.28
15854.0,2.4,3.28
15854.0,2.4,3.28
15855.0,2.4,3.28
15855.0,2.4,3.29
15856.0,2.31,3.29
15857.0,2.31,3.29
15857.0,2.31,3.29
15858.0,2.31,3.29
15858.0,2.31,3.29
15859.0,2.31,3.29
15859.0,2.17,3.29
15860.0,2.17,3.29
15861.0,2.17,3.29
15861.0,2.17,3.29
15862.0,2.17,3.29
15862.0,1.87,3.29
15863.0,1.87,3.29
15863.0,1.87,3.29
15864.0,1.87,3.29
15865.0,1.87,3.3
15865.0,1.87,3.3
15866.0,2.09,3.3
15866.0,2.08,3.3
15867.0,2.09,3.3
15867.0,2.08,3.3
15868.0,2.09,3.3
15869.0,2.3,3.3
15869.0,2.31,3.3
15870.0,2.3,3.3
15870.0,2.31,3.3
15871.0,2.3,3.3
15872.0,2.36,3.3
15872.0,2.35,3.3
15873.0,2.36,3.3
15873.0,2.35,3.3
15874.0,2.36,3.31
15874.0,2.35,3.31
15875.0,2.29,3.31
15876.0,2.28,3.31
15876.0,2.29,3.31
15877.0,2.28,3.31
15877.0,2.29,3.31
15878.0,2.19,3.31
15878.0,2.19,3.31
15879.0,2.19,3.31
15880.0,2.19,3.31
15880.0,2.19,3.31
15881.0,2.19,3.31
15881.0,2.13,3.31
15882.0,2.13,3.31
15882.0,2.13,3.31
15883.0,2.13,3.32
15884.0,2.13,3.32
15884.0,2.16,3.32
15885.0,2.16,3.32
15885.0,2.16,3.32
15886.0,2.16,3.32
15887.0,2.16,3.32
15887.0,2.35,3.32
15888.0,2.35,3.32
15888.0,2.35,3.32
15889.0,2.35,3.32
15889.0,2.35,3.32
15890.0,2.35,3.32
15891.0,2.36,3.32
15891.0,2.36,3.32
15892.0,2.36,3.32
15892.0,2.36,3.33
15893.0,2.36,3.33
15893.0,2.51,3.33
15894.0,2.5,3.33
15895.0,2.51,3.33
15895.0,2.5,3.33
15896.0,2.51,3.33
15896.0,2.5,3.33
15897.0,2.28,3.33
15897.0,2.27,3.33
15898.0,2.28,3.33
15899.0,2.27,3.33
15899.0,2.28,3.33
15900.0,2.1,3.33
15900.0,2.11,3.33
15901.0,2.1,3.33
15902.0,2.11,3.34
15902.0,2.1,3.34
15903.0,2.12,3.34
15903.0,2.12,3.34
15904.0,2.12,3.34
15904.0,2.12,3.34
15905.0,2.12,3.34
15906.0,2.12,3.34
15906.0,2.17,3.34
15907.0,2.17,3.34
15907.0,2.17,3.34
15908.0,2.17,3.34
15908.0,2.17,3.34
15909.0,2.35,3.34
15910.0,2.36,3.34
15910.0,2.35,3.34
15911.0,2.36,3.35
15911.0,2.35,3.35
15912.0,2.36,3.35
15912.0,2.45,3.35
15913.0,2.45,3.35
15914.0,2.45,3.35
15914.0,2.45,3.35
15915.0,2.45,3.35
15915.0,2.3,3.35
15916.0,2.3,3.35
15917.0,2.3,3.35
15917.0,2.3,3.35
15918.0,2.3,3.35
15918.0,2.0,3.35
15919.0,2.0,3.35
15919.0,2.0,3.35
15920.0,2.0,3.36
15921.0,2.0,3.36
15921.0,2.0,3.36
15922.0,1.86,3.36
15922.0,1.86,3.36
15923.0,1.86,3.36
15923.0,1.86,3.36
15924.0,1.86,3.36
15925.0,2.16,3.36
15925.0,2.16,3.36
15926.0,2.16,3.36
15926.0,2.16,3.36
15927.0,2.16,3.36
15927.0,2.16,3.36
15928.0,2.4,3.36
15929.0,2.4,3.36
15929.0,2.4,3.37
15930.0,2.4,3.37
15930.0,2.4,3.37
15931.0,2.6,3.37
15932.0,2.61,3.37
15932.0,2.6,3.37
15933.0,2.61,3.37
15933.0,2.6,3.37
15934.0,2.61,3.37
15935.0,2.38,3.37
15935.0,2.38,3.37
15936.0,2.38,3.37
15936.0,2.38,3.37
15937.0,2.38,3.37
15937.0,2.23,3.37
15938.0,2.23,3.37
15939.0,2.23,3.37
15939.0,2.23,3.38
15940.0,2.23,3.38
15940.0,2.09,3.38
15941.0,2.09,3.38
15941.0,2.09,3.38
15942.0,2.09,3.38
15943.0,2.09,3.38
15943.0,2.09,3.38
15944.0,1.99,3.38
15944.0,2.0,3.38
15945.0,1.99,3.38
15945.0,2.0,3.38
15946.0,1.99,3.38
15947.0,2.12,3.38
15947.0,2.12,3.38
15948.0,2.12,3.38
15948.0,2.12,3.39
15949.0,2.12,3.39
15950.0,2.42,3.39
15950.0,2.42,3.39
15951.0,2.42,3.39
15951.0,2.42,3.39
15952.0,2.42,3.39
15952.0,2.42,3.39
15953.0,2.25,3.39
15954.0,2.25,3.39
15954.0,2.25,3.39
15955.0,2.25,3.39
15955.0,2.25,3.39
15956.0,2.01,3.39
15956.0,2.0,3.39
15957.0,2.01,3.39
15958.0,2.0,3.4
15958.0,2.01,3.4
15959.0,2.0,3.4
15959.0,2.01,3.4
15960.0,2.0,3.4
15960.0,2.01,3.4
15961.0,2.0,3.4
15962.0,2.01,3.4
15962.0,2.07,3.4
15963.0,2.07,3.4
15963.0,2.07,3.4
15964.0,2.07,3.4
15965.0,2.07,3.4
15965.0,2.08,3.4
15966.0,2.08,3.4
15966.0,2.08,3.4
15967.0,2.08,3.41
15967.0,2.08,3.41
15968.0,2.08,3.41
15969.0,2.31,3.41
15969.0,2.3,3.41
15970.0,2.31,3.41
15970.0,2.3,3.41
15971.0,2.31,3.41
15971.0,2.3,3.41
15972.0,2.31,3.41
15973.0,2.3,3.41
15973.0,2.31,3.41
15974.0,2.3,3.41
15974.0,2.31,3.41
15975.0,2.22,3.41
15975.0,2.22,3.41
15976.0,2.22,3.42
15977.0,2.22,3.42
15977.0,2.22,3.42
15978.0,2.13,3.42
15978.0,2.13,3.42
15979.0,2.13,3.42
15980.0,2.13,3.42
15980.0,2.13,3.42
15981.0,2.13,3.42
15981.0,2.13,3.42
15982.0,2.13,3.42
15982.0,2.13,3.42
15983.0,2.13,3.42
15984.0,2.13,3.42
15984.0,2.09,3.42
15985.0,2.1,3.42
15985.0,2.09,3.43
15986.0,2.1,3.43
15986.0,2.09,3.43
15987.0,2.09,3.43
15988.0,2.09,3.43
15988.0,2.09,3.43
15989.0,2.09,3.43
15989.0,2.09,3.43
15990.0,2.09,3.43
15990.0,2.35,3.43
15991.0,2.35,3.43
15992.0,2.35,3.43
15992.0,2.35,3.43
15993.0,2.35,3.43
15993.0,2.45,3.43
15994.0,2.45,3.43
15995.0,2.45,3.44
15995.0,2.45,3.44
15996.0,2.45,3.44
15996.0,2.16,3.44
15997.0,2.16,3.44
15997.0,2.16,3.44
15998.0,2.16,3.44
15999.0,2.16,3.44
15999.0,2.16,3.44
16000.0,1.84,3.44
16000.0,1.84,3.44
16001.0,1.84,3.44
16001.0,1.84,3.44
16002.0,1.84,3.44
16003.0,1.46,3.44
16003.0,1.47,3.44
16004.0,1.46,3.45
16004.0,1.47,3.45
16005.0,1.46,3.45
16005.0,1.47,3.45
16006.0,1.77,3.45
16007.0,1.77,3.45
16007.0,1.77,3.45
16008.0,1.77,3.45
16008.0,1.77,3.45
16009.0,2.13,3.45
16010.0,2.13,3.45
16010.0,2.13,3.45
16011.0,2.13,3.45
16011.0,2.13,3.45
16012.0,2.46,3.45
16012.0,2.46,3.45
16013.0,2.46,3.46
16014.0,2.46,3.46
16014.0,2.46,3.46
16015.0,2.46,3.46
16015.0,2.55,3.46
16016.0,2.55,3.46
16016.0,2.55,3.46
16017.0,2.55,3.46
16018.0,2.55,3.46
16018.0,2.24,3.46
16019.0,2.24,3.46
16019.0,2.24,3.46
16020.0,2.24,3.46
16020.0,2.24,3.46
16021.0,2.24,3.46
16022.0,2.01,3.46
16022.0,2.01,3.47
16023.0,2.01,3.47
16023.0,2.01,3.47
16024.0,2.01,3.47
16025.0,2.12,3.47
16025.0,2.12,3.47
16026.0,2.12,3.47
16026.0,2.12,3.47
16027.0,2.12,3.47
16027.0,2.12,3.47
16028.0,2.42,3.47
16029.0,2.42,3.47
16029.0,2.42,3.47
16030.0,2.42,3.47
16030.0,2.42,3.47
16031.0,2.52,3.47
16031.0,2.51,3.48
16032.0,2.52,3.48
16033.0,2.51,3.48
16033.0,2.52,3.48
16034.0,2.59,3.48
16034.0,2.59,3.48
16035.0,2.59,3.48
16036.0,2.59,3.48
16036.0,2.59,3.48
16037.0,2.59,3.48
16037.0,2.27,3.48
16038.0,2.27,3.48
16038.0,2.27,3.48
16039.0,2.27,3.48
16040.0,2.27,3.48
16040.0,1.93,3.48
16041.0,1.93,3.49
16041.0,1.93,3.49
16042.0,1.93,3.49
16043.0,1.93,3.49
16043.0,1.85,3.49
16044.0,1.85,3.49
16044.0,1.85,3.49
16045.0,1.85,3.49
16045.0,1.85,3.49
16046.0,1.85,3.49
16047.0,2.16,3.49
16047.0,2.16,3.49
16048.0,2.16,3.49
16048.0,2.16,3.49
16049.0,2.16,3.49
16049.0,2.39,3.49
16050.0,2.39,3.5
16051.0,2.39,3.5
16051.0,2.39,3.5
16052.0,2.39,3.5
16052.0,2.39,3.5
16053.0,2.44,3.5
16053.0,2.44,3.5
16054.0,2.44,3.5
16055.0,2.44,3.5
16055.0,2.44,3.5
16056.0,2.32,3.5
16056.0,2.32,3.5
16057.0,2.32,3.5
16058.0,2.32,3.5
16058.0,2.32,3.5
16059.0,2.01,3.51
16059.0,2.0,3.51
16060.0,2.01,3.51
16060.0,2.0,3.51
16061.0,2.01,3.51
16062.0,2.0,3.51
16062.0,1.77,3.51
16063.0,1.77,3.51
16063.0,1.77,3.51
16064.0,1.77,3.51
16064.0,1.77,3.51
16065.0,2.0,3.51
16066.0,2.0,3.51
16066.0,2.0,3.51
16067.0,2.0,3.51
16067.0,2.0,3.51
16068.0,2.0,3.52
16068.0,2.4,3.52
16069.0,2.4,3.52
16070.0,2.4,3.52
16070.0,2.4,3.52
16071.0,2.4,3.52
16071.0,2.46,3.52
16072.0,2.46,3.52
16073.0,2.46,3.52
16073.0,2.46,3.52
16074.0,2.46,3.52
16074.0,2.39,3.52
16075.0,2.39,3.52
16075.0,2.39,3.52
16076.0,2.39,3.52
16077.0,2.39,3.52
16077.0,2.39,3.53
16078.0,2.28,3.53
16078.0,2.29,3.53
16079.0,2.28,3.53
16079.0,2.29,3.53
16080.0,2.28,3.53
16081.0,1.91,3.53
16081.0,1.91,3.53
16082.0,1.91,3.53
16082.0,1.91,3.53
16083.0,1.91,3.53
16083.0,1.91,3.53
16084.0,2.04,3.53
16085.0,2.04,3.53
16085.0,2.04,3.53
16086.0,2.04,3.53
16086.0,2.04,3.54
16087.0,2.33,3.54
16088.0,2.33,3.54
16088.0,2.33,3.54
16089.0,2.33,3.54
16089.0,2.33,3.54
16090.0,2.49,3.54
16090.0,2.49,3.54
16091.0,2.49,3.54
16092.0,2.49,3.54
16092.0,2.49,3.54
16093.0,2.49,3.54
16093.0,2.55,3.54
16094.0,2.54,3.54
16094.0,2.55,3.54
16095.0,2.54,3.54
16096.0,2.55,3.55
16096.0,2.34,3.55
16097.0,2.35,3.55
16097.0,2.34,3.55
16098.0,2.35,3.55
16098.0,2.34,3.55
16099.0,2.35,3.55
16100.0,1.96,3.55
16100.0,1.97,3.55
16101.0,1.96,3.55
16101.0,1.97,3.55
16102.0,1.96,3.55
16103.0,1.95,3.55
16103.0,1.94,3.55
16104.0,1.95,3.55
16104.0,1.94,3.55
16105.0,1.95,3.56
16105.0,1.94,3.56
16106.0,2.07,3.56
16107.0,2.07,3.56
16107.0,2.07,3.56
16108.0,2.07,3.56
16108.0,2.07,3.56
16109.0,2.39,3.56
16109.0,2.39,3.56
16110.0,2.39,3.56
16111.0,2.39,3.56
16111.0,2.39,3.56
16112.0,2.62,3.56
16112.0,2.62,3.56
16113.0,2.62,3.56
16113.0,2.62,3.56
16114.0,2.62,3.57
16115.0,2.62,3.57
16115.0,2.46,3.57
16116.0,2.46,3.57
16116.0,2.46,3.57
16117.0,2.46,3.57
16118.0,2.46,3.57
16118.0,2.03,3.57
16119.0,2.03,3.57
16119.0,2.03,3.57
16120.0,2.03,3.57
16120.0,2.03,3.57
16121.0,2.03,3.57
16122.0,2.19,3.57
16122.0,2.19,3.57
16123.0,2.19,3.57
16123.0,2.19,3.58
16124.0,2.19,3.58
16124.0,2.21,3.58
16125.0,2.21,3.58
16126.0,2.21,3.58
16126.0,2.21,3.58
16127.0,2.21,3.58
16127.0,2.4,3.58
16128.0,2.4,3.58
16128.0,2.4,3.58
16129.0,2.4,3.58
16130.0,2.4,3.58
16130.0,2.4,3.58
16131.0,2.51,3.58
16131.0,2.51,3.58
16132.0,2.51,3.58
16133.0,2.51,3.59
16133.0,2.51,3.59
16134.0,2.4,3.59
16134.0,2.4,3.59
16135.0,2.4,3.59
16135.0,2.4,3.59
16136.0,2.4,3.59
16137.0,2.08,3.59
16137.0,2.09,3.59
16138.0,2.08,3.59
16138.0,2.09,3.59
16139.0,2.08,3.59
16140.0,2.09,3.59
16140.0,1.9,3.59
16141.0,1.9,3.59
16141.0,1.9,3.59
16142.0,1.9,3.6
16142.0,1.9,3.6
16143.0,1.79,3.6
16144.0,1.79,3.6
16144.0,1.79,3.6
16145.0,1.79,3.6
16145.0,1.79,3.6
16146.0,1.79,3.6
16146.0,2.09,3.6
16147.0,2.08,3.6
16148.0,2.09,3.6
16148.0,2.08,3.6
16149.0,2.09,3.6
16149.0,2.45,3.6
16150.0,2.45,3.6
16151.0,2.45,3.6
16151.0,2.45,3.61
16152.0,2.45,3.61
16152.0,2.44,3.61
16153.0,2.44,3.61
16153.0,2.44,3.61
16154.0,2.44,3.61
16155.0,2.44,3.61
16155.0,2.44,3.61
16156.0,2.34,3.61
16156.0,2.34,3.61
16157.0,2.34,3.61
16157.0,2.34,3.61
16158.0,2.34,3.61
16159.0,2.18,3.61
16159.0,2.18,3.61
16160.0,2.18,3.61
16160.0,2.18,3.62
16161.0,2.18,3.62
16161.0,2.18,3.62
16162.0,2.06,3.62
16163.0,2.06,3.62
16163.0,2.06,3.62
16164.0,2.06,3.62
16164.0,2.06,3.62
16165.0,2.34,3.62
16166.0,2.33,3.62
16166.0,2.34,3.62
16167.0,2.33,3.62
16167.0,2.34,3.62
16168.0,2.53,3.62
16168.0,2.53,3.62
16169.0,2.53,3.62
16170.0,2.53,3.62
16170.0,2.53,3.63
16171.0,2.53,3.63
16171.0,2.65,3.63
16172.0,2.65,3.63
16172.0,2.65,3.63
16173.0,2.65,3.63
16174.0,2.65,3.63
16174.0,2.44,3.63
16175.0,2.44,3.63
16175.0,2.44,3.63
16176.0,2.44,3.63
16176.0,2.44,3.63
16177.0,2.44,3.63
16178.0,2.21,3.63
16178.0,2.21,3.63
16179.0,2.21,3.63
16179.0,2.21,3.64
16180.0,2.21,3.64
16181.0,1.98,3.64
16181.0,1.98,3.64
16182.0,1.98,3.64
16182.0,1.98,3.64
16183.0,1.98,3.64
16183.0,1.98,3.64
16184.0,2.08,3.64
16185.0,2.09,3.64
16185.0,2.08,3.64
16186.0,2.09,3.64
16186.0,2.08,3.64
16187.0,2.18,3.64
16187.0,2.18,3.64
16188.0,2.18,3.64
16189.0,2.18,3.65
16189.0,2.18,3.65
16190.0,2.3,3.65
16190.0,2.3,3.65
16191.0,2.3,3.65
16191.0,2.3,3.65
16192.0,2.3,3.65
16193.0,2.3,3.65
16193.0,2.24,3.65
16194.0,2.24,3.65
16194.0,2.24,3.65
16195.0,2.24,3.65
16196.0,2.24,3.65
16196.0,2.06,3.65
16197.0,2.06,3.65
16197.0,2.06,3.65
16198.0,2.06,3.66
16198.0,2.06,3.66
16199.0,2.06,3.66
16200.0,1.89,3.66
16200.0,1.89,3.66
16201.0,1.89,3.66
16201.0,1.89,3.66
16202.0,1.89,3.66
16202.0,1.93,3.66
16203.0,1.93,3.66
16204.0,1.93,3.66
16204.0,1.93,3.66
16205.0,1.93,3.66
16205.0,2.12,3.66
16206.0,2.11,3.66
16206.0,2.12,3.66
16207.0,2.11,3.67
16208.0,2.12,3.67
16208.0,2.11,3.67
16209.0,2.3,3.67
16209.0,2.29,3.67
16210.0,2.3,3.67
16211.0,2.29,3.67
16211.0,2.3,3.67
16212.0,2.43,3.67
16212.0,2.43,3.67
16213.0,2.43,3.67
16213.0,2.43,3.67
16214.0,2.43,3.67
16215.0,2.43,3.67
16215.0,2.4,3.67
16216.0,2.4,3.67
16216.0,2.4,3.68
16217.0,2.4,3.68
16217.0,2.4,3.68
16218.0,2.26,3.68
16219.0,2.26,3.68
16219.0,2.26,3.68
16220.0,2.26,3.68
16220.0,2.26,3.68
16221.0,2.06,3.68
16221.0,2.07,3.68
16222.0,2.06,3.68
16223.0,2.07,3.68
16223.0,2.06,3.68
16224.0,2.07,3.68
16224.0,2.04,3.68
16225.0,2.04,3.68
16226.0,2.04,3.69
16226.0,2.04,3.69
16227.0,2.04,3.69
16227.0,2.19,3.69
16228.0,2.19,3.69
16228.0,2.19,3.69
16229.0,2.19,3.69
16230.0,2.19,3.69
16230.0,2.19,3.69
16231.0,2.29,3.69
16231.0,2.29,3.69
16232.0,2.29,3.69
16232.0,2.29,3.69
16233.0,2.29,3.69
16234.0,2.32,3.69
16234.0,2.32,3.69
16235.0,2.32,3.7
16235.0,2.32,3.7
16236.0,2.32,3.7
16236.0,2.21,3.7
16237.0,2.21,3.7
16238.0,2.21,3.7
16238.0,2.21,3.7
16239.0,2.21,3.7
16239.0,2.21,3.7
16240.0,1.94,3.7
16241.0,1.94,3.7
16241.0,1.94,3.7
16242.0,1.94,3.7
16242.0,1.94,3.7
16243.0,1.97,3.7
16244.0,1.98,3.7
16244.0,1.97,3.71
16245.0,1.98,3.71
16245.0,1.97,3.71
16246.0,2.24,3.71
16246.0,2.24,3.71
16247.0,2.24,3.71
16248.0,2.24,3.71
16248.0,2.24,3.71
16249.0,2.24,3.71
16249.0,2.48,3.71
16250.0,2.48,3.71
16250.0,2.48,3.71
16251.0,2.48,3.71
16252.0,2.48,3.71
16252.0,2.55,3.71
16253.0,2.56,3.71
16253.0,2.55,3.72
16254.0,2.56,3.72
16254.0,2.55,3.72
16255.0,2.56,3.72
16256.0,2.19,3.72
16256.0,2.19,3.72
16257.0,2.19,3.72
16257.0,2.19,3.72
16258.0,2.19,3.72
16259.0,2.04,3.72
16259.0,2.04,3.72
16260.0,2.04,3.72
16260.0,2.04,3.72
16261.0,2.04,3.72
16261.0,2.04,3.72
16262.0,2.0,3.72
16263.0,2.0,3.73
16263.0,2.0,3.73
16264.0,2.0,3.73
16264.0,2.0,3.73
16265.0,2.02,3.73
16265.0,2.03,3.73
16266.0,2.02,3.73
16267.0,2.03,3.73
16267.0,2.02,3.73
16268.0,2.4,3.73
16268.0,2.4,3.73
16269.0,2.4,3.73
16269.0,2.4,3.73
16270.0,2.4,3.73
16271.0,2.4,3.73
16271.0,2.35,3.73
16272.0,2.35,3.74
16272.0,2.35,3.74
16273.0,2.35,3.74
16274.0,2.35,3.74
16274.0,2.1,3.74
16275.0,2.11,3.74
16275.0,2.1,3.74
16276.0,2.11,3.74
16276.0,2.1,3.74
16277.0,2.11,3.74
16278.0,1.98,3.74
16278.0,1.99,3.74
16279.0,1.98,3.74
16279.0,1.99,3.74
16280.0,1.98,3.74
16280.0,2.02,3.74
16281.0,2.02,3.75
16282.0,2.02,3.75
16282.0,2.02,3.75
16283.0,2.02,3.75
16283.0,2.17,3.75
16284.0,2.17,3.75
16284.0,2.17,3.75
16285.0,2.17,3.75
16286.0,2.17,3.75
16286.0,2.17,3.75
16287.0,2.41,3.75
16287.0,2.41,3.75
16288.0,2.41,3.75
16289.0,2.41,3.75
16289.0,2.41,3.75
16290.0,2.55,3.76
16290.0,2.55,3.76
16291.0,2.55,3.76
16291.0,2.55,3.76
16292.0,2.55,3.76
16293.0,2.55,3.76
16293.0,2.29,3.76
16294.0,2.29,3.76
16294.0,2.29,3.76
16295.0,2.29,3.76
16295.0,2.29,3.76
16296.0,2.11,3.76
16297.0,2.11,3.76
16297.0,2.11,3.76
16298.0,2.11,3.76
16298.0,2.11,3.76
16299.0,2.15,3.77
16299.0,2.15,3.77
16300.0,2.15,3.77
16301.0,2.15,3.77
16301.0,2.15,3.77
16302.0,2.15,3.77
16302.0,2.17,3.77
16303.0,2.17,3.77
16304.0,2.17,3.77
16304.0,2.17,3.77
16305.0,2.17,3.77
16305.0,2.08,3.77
16306.0,2.08,3.77
16306.0,2.08,3.77
16307.0,2.08,3.77
16308.0,2.08,3.77
16308.0,2.08,3.78
16309.0,2.37,3.78
16309.0,2.37,3.78
16310.0,2.37,3.78
16310.0,2.37,3.78
16311.0,2.37,3.78
16312.0,2.6,3.78
16312.0,2.6,3.78
16313.0,2.6,3.78
16313.0,2.6,3.78
16314.0,2.6,3.78
16314.0,2.51,3.78
16315.0,2.51,3.78
16316.0,2.51,3.78
16316.0,2.51,3.78
16317.0,2.51,3.78
16317.0,2.51,3.79
16318.0,2.37,3.79
16319.0,2.37,3.79
16319.0,2.37,3.79
16320.0,2.37,3.79
16320.0,2.37,3.79
16321.0,2.18,3.79
16321.0,2.18,3.79
16322.0,2.18,3.79
16323.0,2.18,3.79
16323.0,2.18,3.79
16324.0,2.18,3.79
16324.0,2.3,3.79
16325.0,2.29,3.79
16325.0,2.3,3.79
16326.0,2.29,3.79
16327.0,2.3,3.8
16327.0,2.26,3.8
16328.0,2.27,3.8
16328.0,2.26,3.8
16329.0,2.27,3.8
16329.0,2.26,3.8
16330.0,2.45,3.8
16331.0,2.45,3.8
16331.0,2.45,3.8
16332.0,2.45,3.8
16332.0,2.45,3.8
16333.0,2.45,3.8
16334.0,2.46,3.8
16334.0,2.46,3.8
16335.0,2.46,3.8
16335.0,2.46,3.8
16336.0,2.46,3.81
16336.0,2.11,3.81
16337.0,2.11,3.81
16338.0,2.11,3.81
16338.0,2.11,3.81
16339.0,2.11,3.81
16339.0,2.11,3.81
16340.0,2.07,3.81
16341.0,2.07,3.81
16341.0,2.07,3.81
16342.0,2.07,3.81
16342.0,2.07,3.81
16343.0,1.95,3.81
16343.0,1.95,3.81
16344.0,1.95,3.81
16345.0,1.95,3.81
16345.0,1.95,3.82
16346.0,2.15,3.82
16346.0,2.15,3.82
16347.0,2.15,3.82
16347.0,2.15,3.82
16348.0,2.15,3.82
16349.0,2.15,3.82
16349.0,2.46,3.82
16350.0,2.46,3.82
16350.0,2.46,3.82
16351.0,2.46,3.82
16352.0,2.46,3.82
16352.0,2.41,3.82
16353.0,2.41,3.82
16353.0,2.41,3.82
16354.0,2.41,3.82
16354.0,2.41,3.83
16355.0,2.41,3.83
16356.0,2.21,3.83
16356.0,2.21,3.83
16357.0,2.21,3.83
16357.0,2.21,3.83
16358.0,2.21,3.83
16358.0,2.11,3.83
16359.0,2.12,3.83
16360.0,2.11,3.83
16360.0,2.12,3.83
16361.0,2.11,3.83
16361.0,2.02,3.83
16362.0,2.01,3.83
16362.0,2.02,3.83
16363.0,2.01,3.83
16364.0,2.02,3.84
16364.0,2.01,3.84
16365.0,2.12,3.84
16365.0,2.11,3.84
16366.0,2.12,3.84
16367.0,2.11,3.84
16367.0,2.12,3.84
16368.0,2.45,3.84
16368.0,2.45,3.84
16369.0,2.45,3.84
16369.0,2.45,3.84
16370.0,2.45,3.84
16371.0,2.45,3.84
16371.0,2.54,3.84
16372.0,2.54,3.84
16372.0,2.54,3.84
16373.0,2.54,3.85
16373.0,2.54,3.85
16374.0,2.55,3.85
16375.0,2.54,3.85
16375.0,2.55,3.85
16376.0,2.54,3.85
16376.0,2.55,3.85
16377.0,2.21,3.85
16377.0,2.21,3.85
16378.0,2.21,3.85
16379.0,2.21,3.85
16379.0,2.21,3.85
16380.0,2.21,3.85
16380.0,1.98,3.85
16381.0,1.98,3.85
16382.0,1.98,3.85
16382.0,1.98,3.86
16383.0,1.98,3.86
16383.0,2.12,3.86
16384.0,2.12,3.86
16384.0,2.12,3.86
16385.0,2.12,3.86
16386.0,2.12,3.86
16386.0,2.12,3.86
16387.0,2.14,3.86
16387.0,2.14,3.86
16388.0,2.14,3.86
16388.0,2.14,3.86
16389.0,2.14,3.86
16390.0,2.35,3.86
16390.0,2.35,3.86
16391.0,2.35,3.86
16391.0,2.35,3.87
16392.0,2.35,3.87
16392.0,2.49,3.87
16393.0,2.49,3.87
16394.0,2.49,3.87
16394.0,2.49,3.87
16395.0,2.49,3.87
16395.0,2.49,3.87
16396.0,2.43,3.87
16397.0,2.43,3.87
16397.0,2.43,3.87
16398.0,2.43,3.87
16398.0,2.43,3.87
16399.0,2.05,3.87
16399.0,2.05,3.87
16400.0,2.05,3.87
16401.0,2.05,3.87
16401.0,2.05,3.88
16402.0,2.05,3.88
16402.0,1.7,3.88
16403.0,1.7,3.88
16403.0,1.7,3.88
16404.0,1.7,3.88
16405.0,1.7,3.88
16405.0,2.03,3.88
16406.0,2.03,3.88
16406.0,2.03,3.88
16407.0,2.03,3.88
16407.0,2.03,3.88
16408.0,2.41,3.88
16409.0,2.41,3.88
16409.0,2.41,3.88
16410.0,2.41,3.88
16410.0,2.41,3.89
16411.0,2.41,3.89
16412.0,2.58,3.89
16412.0,2.59,3.89
16413.0,2.58,3.89
16413.0,2.59,3.89
16414.0,2.58,3.89
16414.0,2.38,3.89
16415.0,2.38,3.89
16416.0,2.38,3.89
16416.0,2.38,3.89
16417.0,2.38,3.89
16417.0,2.38,3.89
16418.0,1.98,3.89
16418.0,1.97,3.89
16419.0,1.98,3.89
16420.0,1.97,3.9
16420.0,1.98,3.9
16421.0,1.88,3.9
16421.0,1.88,3.9
16422.0,1.88,3.9
16422.0,1.88,3.9
16423.0,1.88,3.9
16424.0,1.93,3.9
16424.0,1.93,3.9
16425.0,1.93,3.9
16425.0,1.93,3.9
16426.0,1.93,3.9
16427.0,1.93,3.9
16427.0,2.21,3.9
16428.0,2.21,3.9
16428.0,2.21,3.9
16429.0,2.21,3.91
16429.0,2.21,3.91
16430.0,2.41,3.91
16431.0,2.41,3.91
16431.0,2.41,3.91
16432.0,2.41,3.91
16432.0,2.41,3.91
16433.0,2.41,3.91
16433.0,2.33,3.91
16434.0,2.33,3.91
16435.0,2.33,3.91
16435.0,2.33,3.91
16436.0,2.33,3.91
16436.0,2.02,3.91
16437.0,2.01,3.91
16438.0,2.02,3.91
16438.0,2.01,3.92
16439.0,2.02,3.92
16439.0,1.9,3.92
16440.0,1.9,3.92
16440.0,1.9,3.92
16441.0,1.9,3.92
16442.0,1.9,3.92
16442.0,1.9,3.92
16443.0,2.05,3.92
16443.0,2.06,3.92
16444.0,2.05,3.92
16445.0,2.06,3.92
16445.0,2.05,3.92
16446.0,2.18,3.92
16446.0,2.18,3.92
16447.0,2.18,3.92
16447.0,2.18,3.93
16448.0,2.18,3.93
16449.0,2.18,3.93
16449.0,2.48,3.93
16450.0,2.48,3.93
16450.0,2.48,3.93
16451.0,2.48,3.93
16451.0,2.48,3.93
16452.0,2.37,3.93
16453.0,2.37,3.93
16453.0,2.37,3.93
16454.0,2.37,3.93
16454.0,2.37,3.93
16455.0,2.11,3.93
16455.0,2.11,3.93
16456.0,2.11,3.93
16457.0,2.11,3.94
16457.0,2.11,3.94
16458.0,2.11,3.94
16458.0,2.19,3.94
16459.0,2.19,3.94
16460.0,2.19,3.94
16460.0,2.19,3.94
16461.0,2.19,3.94
16461.0,2.33,3.94
16462.0,2.33,3.94
16462.0,2.33,3.94
16463.0,2.33,3.94
16464.0,2.33,3.94
16464.0,2.33,3.94
16465.0,2.25,3.94
16465.0,2.26,3.94
16466.0,2.25,3.95
16466.0,2.26,3.95
16467.0,2.25,3.95
16468.0,2.46,3.95
16468.0,2.46,3.95
16469.0,2.46,3.95
16469.0,2.46,3.95
16470.0,2.46,3.95
16470.0,2.57,3.95
16471.0,2.57,3.95
16472.0,2.57,3.95
16472.0,2.57,3.95
16473.0,2.57,3.95
16473.0,2.57,3.95
16474.0,2.3,3.95
16475.0,2.3,3.95
16475.0,2.3,3.96
16476.0,2.3,3.96
16476.0,2.3,3.96
16477.0,1.99,3.96
16477.0,1.99,3.96
16478.0,1.99,3.96
16479.0,1.99,3.96
16479.0,1.99,3.96
16480.0,1.99,3.96
16480.0,1.98,3.96
16481.0,1.97,3.96
16481.0,1.98,3.96
16482.0,1.97,3.96
16483.0,1.98,3.96
16483.0,1.88,3.96
16484.0,1.88,3.96
16484.0,1.88,3.97
16485.0,1.88,3.97
16485.0,1.88,3.97
16486.0,1.95,3.97
16487.0,1.95,3.97
16487.0,1.95,3.97
16488.0,1.95,3.97
16488.0,1.95,3.97
16489.0,1.95,3.97
16490.0,2.15,3.97
16490.0,2.15,3.97
16491.0,2.15,3.97
16491.0,2.15,3.97
16492.0,2.15,3.97
16492.0,2.48,3.97
16493.0,2.48,3.97
16494.0,2.48,3.98
16494.0,2.48,3.98
16495.0,2.48,3.98
16495.0,2.48,3.98
16496.0,2.4,3.98
16496.0,2.4,3.98
16497.0,2.4,3.98
16498.0,2.4,3.98
16498.0,2.4,3.98
16499.0,2.02,3.98
16499.0,2.02,3.98
16500.0,2.02,3.98
16500.0,2.02,3.98
16501.0,2.02,3.98
16502.0,2.0,3.98
16502.0,2.0,3.98
16503.0,2.0,3.99
16503.0,2.0,3.99
16504.0,2.0,3.99
16505.0,2.0,3.99
16505.0,2.15,3.99
16506.0,2.15,3.99
16506.0,2.15,3.99
16507.0,2.15,3.99
16507.0,2.15,3.99
16508.0,2.2,3.99
16509.0,2.2,3.99
16509.0,2.2,3.99
16510.0,2.2,3.99
16510.0,2.2,3.99
16511.0,2.2,3.99
16511.0,2.59,3.99
16512.0,2.59,4.0
16513.0,2.59,4.0
16513.0,2.59,4.0
16514.0,2.59,4.0
16514.0,2.24,4.0
16515.0,2.24,4.0
16516.0,2.24,4.0
16516.0,2.24,4.0
16517.0,2.24,4.0
16517.0,2.24,4.0
16518.0,1.89,4.0
16518.0,1.89,4.0
16519.0,1.89,4.0
16520.0,1.89,4.0
16520.0,1.89,4.0
16521.0,1.93,4.01
16521.0,1.93,4.01
16522.0,1.93,4.01
16522.0,1.93,4.01
16523.0,1.93,4.01
16524.0,1.99,4.01
16524.0,2.0,4.01
16525.0,1.99,4.01
16525.0,2.0,4.01
16526.0,1.99,4.01
16526.0,2.0,4.01
16527.0,2.3,4.01
16528.0,2.31,4.01
16528.0,2.3,4.01
16529.0,2.31,4.01
16529.0,2.3,4.01
16530.0,2.42,4.01
16531.0,2.42,4.02
16531.0,2.42,4.02
16532.0,2.42,4.02
16532.0,2.42,4.02
16533.0,2.42,4.02
16533.0,2.3,4.02
16534.0,2.3,4.02
16535.0,2.3,4.02
16535.0,2.3,4.02
16536.0,2.3,4.02
16536.0,2.21,4.02
16537.0,2.21,4.02
16537.0,2.21,4.02
16538.0,2.21,4.02
16539.0,2.21,4.02
16539.0,1.92,4.03
16540.0,1.92,4.03
16540.0,1.92,4.03
16541.0,1.92,4.03
16542.0,1.92,4.03
16542.0,1.92,4.03
16543.0,2.07,4.03
16543.0,2.07,4.03
16544.0,2.07,4.03
16544.0,2.07,4.03
16545.0,2.07,4.03
16546.0,2.31,4.03
16546.0,2.31,4.03
16547.0,2.31,4.03
16547.0,2.31,4.03
16548.0,2.31,4.03
16548.0,2.55,4.03
16549.0,2.54,4.04
16550.0,2.55,4.04
16550.0,2.54,4.04
16551.0,2.55,4.04
16551.0,2.54,4.04
16552.0,2.5,4.04
16553.0,2.5,4.04
16553.0,2.5,4.04
16554.0,2.5,4.04
16554.0,2.5,4.04
16555.0,2.3,4.04
16555.0,2.3,4.04
16556.0,2.3,4.04
16557.0,2.3,4.04
16557.0,2.3,4.04
16558.0,2.3,4.05
16558.0,2.22,4.05
16559.0,2.22,4.05
16559.0,2.22,4.05
16560.0,2.22,4.05
16561.0,2.22,4.05
16561.0,1.95,4.05
16562.0,1.95,4.05
16562.0,1.95,4.05
16563.0,1.95,4.05
16564.0,1.95,4.05
16564.0,2.07,4.05
16565.0,2.07,4.05
16565.0,2.07,4.05
16566.0,2.07,4.05
16566.0,2.07,4.05
16567.0,2.07,4.05
16568.0,2.34,4.06
16568.0,2.34,4.06
16569.0,2.34,4.06
16569.0,2.34,4.06
16570.0,2.34,4.06
16570.0,2.65,4.06
16571.0,2.65,4.06
16572.0,2.65,4.06
16572.0,2.65,4.06
16573.0,2.65,4.06
16573.0,2.65,4.06
16574.0,2.41,4.06
16574.0,2.41,4.06
16575.0,2.41,4.06
16576.0,2.41,4.06
16576.0,2.41,4.07
16577.0,2.04,4.07
16577.0,2.04,4.07
16578.0,2.04,4.07
16579.0,2.04,4.07
16579.0,2.04,4.07
16580.0,1.97,4.07
16580.0,1.96,4.07
16581.0,1.97,4.07
16581.0,1.96,4.07
16582.0,1.97,4.07
16583.0,1.96,4.07
16583.0,2.08,4.07
16584.0,2.07,4.07
16584.0,2.08,4.07
16585.0,2.07,4.07
16585.0,2.08,4.07
16586.0,2.19,4.08
16587.0,2.19,4.08
16587.0,2.19,4.08
16588.0,2.19,4.08
16588.0,2.19,4.08
16589.0,2.19,4.08
16589.0,2.49,4.08
16590.0,2.49,4.08
16591.0,2.49,4.08
16591.0,2.49,4.08
16592.0,2.49,4.08
16592.0,2.53,4.08
16593.0,2.53,4.08
16594.0,2.53,4.08
16594.0,2.53,4.08
16595.0,2.53,4.09
16595.0,2.53,4.09
16596.0,2.53,4.09
16596.0,2.52,4.09
16597.0,2.53,4.09
16598.0,2.52,4.09
16598.0,2.53,4.09
16599.0,2.13,4.09
16599.0,2.13,4.09
16600.0,2.13,4.09
16600.0,2.13,4.09
16601.0,2.13,4.09
16602.0,1.87,4.09
16602.0,1.87,4.09
16603.0,1.87,4.09
16603.0,1.87,4.09
16604.0,1.87,4.09
16604.0,1.87,4.1
16605.0,2.02,4.1
16606.0,2.02,4.1
16606.0,2.02,4.1
16607.0,2.02,4.1
16607.0,2.02,4.1
16608.0,2.3,4.1
16609.0,2.31,4.1
16609.0,2.3,4.1
16610.0,2.31,4.1
16610.0,2.3,4.1
16611.0,2.31,4.1
16611.0,2.07,4.1
16612.0,2.08,4.1
16613.0,2.07,4.1
16613.0,2.08,4.11
16614.0,2.07,4.11
16614.0,2.19,4.11
16615.0,2.19,4.11
16615.0,2.19,4.11
16616.0,2.19,4.11
16617.0,2.19,4.11
16617.0,2.03,4.11
16618.0,2.03,4.11
16618.0,2.03,4.11
16619.0,2.03,4.11
16619.0,2.03,4.11
16620.0,2.03,4.11
16621.0,1.78,4.11
16621.0,1.78,4.11
16622.0,1.78,4.11
16622.0,1.78,4.11
16623.0,1.78,4.12
16624.0,1.98,4.12
16624.0,1.98,4.12
16625.0,1.98,4.12
16625.0,1.98,4.12
16626.0,1.98,4.12
16626.0,1.98,4.12
16627.0,2.29,4.12
16628.0,2.28,4.12
16628.0,2.29,4.12
16629.0,2.28,4.12
16629.0,2.29,4.12
16630.0,2.52,4.12
16630.0,2.52,4.12
16631.0,2.52,4.12
16632.0,2.52,4.12
16632.0,2.52,4.13
16633.0,2.5,4.13
16633.0,2.5,4.13
16634.0,2.5,4.13
16634.0,2.5,4.13
16635.0,2.5,4.13
16636.0,2.5,4.13
16636.0,2.07,4.13
16637.0,2.07,4.13
16637.0,2.07,4.13
16638.0,2.07,4.13
16639.0,2.07,4.13
16639.0,1.94,4.13
16640.0,1.94,4.13
16640.0,1.94,4.13
16641.0,1.94,4.14
16642.0,1.94,4.14
16642.0,1.88,4.14
16643.0,1.88,4.14
16643.0,1.88,4.14
16644.0,1.88,4.14
16644.0,1.88,4.14
16645.0,1.88,4.14
16646.0,1.97,4.14
16646.0,1.97,4.14
16647.0,1.97,4.14
16647.0,1.97,4.14
16648.0,1.97,4.14
16648.0,2.37,4.14
16649.0,2.37,4.14
16650.0,2.37,4.14
16650.0,2.37,4.14
16651.0,2.37,4.15
16651.0,2.37,4.15
16652.0,2.58,4.15
16652.0,2.58,4.15
16653.0,2.58,4.15
16654.0,2.58,4.15
16654.0,2.58,4.15
16655.0,2.54,4.15
16655.0,2.53,4.15
16656.0,2.54,4.15
16657.0,2.53,4.15
16657.0,2.54,4.15
16658.0,2.21,4.15
16658.0,2.21,4.15
16659.0,2.21,4.15
16659.0,2.21,4.16
16660.0,2.21,4.16
16661.0,2.21,4.16
16661.0,2.12,4.16
16662.0,2.12,4.16
16662.0,2.12,4.16
16663.0,2.12,4.16
16663.0,2.12,4.16
16664.0,2.01,4.16
16665.0,2.0,4.16
16665.0,2.01,4.16
16666.0,2.0,4.16
16666.0,2.01,4.16
16667.0,2.0,4.16
16667.0,2.19,4.16
16668.0,2.19,4.16
16669.0,2.19,4.16
16669.0,2.19,4.17
16670.0,2.19,4.17
16670.0,2.44,4.17
16671.0,2.44,4.17
16672.0,2.44,4.17
16672.0,2.44,4.17
16673.0,2.44,4.17
16673.0,2.44,4.17
16674.0,2.59,4.17
16674.0,2.6,4.17
16675.0,2.59,4.17
16676.0,2.6,4.17
16676.0,2.59,4.17
16677.0,2.2,4.17
16677.0,2.2,4.17
16678.0,2.2,4.18
16678.0,2.2,4.18
16679.0,2.2,4.18
16680.0,1.71,4.18
16680.0,1.72,4.18
16681.0,1.71,4.18
16681.0,1.72,4.18
16682.0,1.71,4.18
16682.0,1.72,4.18
16683.0,1.94,4.18
16684.0,1.94,4.18
16684.0,1.94,4.18
16685.0,1.94,4.18
16685.0,1.94,4.18
16686.0,2.14,4.18
16687.0,2.14,4.18
16687.0,2.14,4.18
16688.0,2.14,4.19
16688.0,2.14,4.19
16689.0,2.14,4.19
16689.0,2.52,4.19
16690.0,2.51,4.19
16691.0,2.52,4.19
16691.0,2.51,4.19
16692.0,2.52,4.19
16692.0,2.78,4.19
16693.0,2.78,4.19
16693.0,2.78,4.19
16694.0,2.78,4.19
16695.0,2.78,4.19
16695.0,2.47,4.19
16696.0,2.47,4.19
16696.0,2.47,4.2
16697.0,2.47,4.2
16697.0,2.47,4.2
16698.0,2.47,4.2
16699.0,2.1,4.2
16699.0,2.1,4.2
16700.0,2.1,4.2
16700.0,2.1,4.2
16701.0,2.1,4.2
16702.0,2.09,4.2
16702.0,2.09,4.2
16703.0,2.09,4.2
16703.0,2.09,4.2
16704.0,2.09,4.2
16704.0,2.09,4.2
16705.0,2.18,4.2
16706.0,2.18,4.2
16706.0,2.18,4.21
16707.0,2.18,4.21
16707.0,2.18,4.21
16708.0,2.26,4.21
16708.0,2.26,4.21
16709.0,2.26,4.21
16710.0,2.26,4.21
16710.0,2.26,4.21
16711.0,2.47,4.21
16711.0,2.47,4.21
16712.0,2.47,4.21
16712.0,2.47,4.21
16713.0,2.47,4.21
16714.0,2.47,4.21
16714.0,2.45,4.21
16715.0,2.45,4.22
16715.0,2.45,4.22
16716.0,2.45,4.22
16717.0,2.45,4.22
16717.0,2.13,4.22
16718.0,2.13,4.22
16718.0,2.13,4.22
16719.0,2.13,4.22
16719.0,2.13,4.22
16720.0,2.13,4.22
16721.0,1.83,4.22
16721.0,1.83,4.22
16722.0,1.83,4.22
16722.0,1.83,4.22
16723.0,1.83,4.22
16723.0,1.66,4.22
16724.0,1.66,4.22
16725.0,1.66,4.23
16725.0,1.66,4.23
16726.0,1.66,4.23
16726.0,1.84,4.23
16727.0,1.83,4.23
16727.0,1.84,4.23
16728.0,1.83,4.23
16729.0,1.84,4.23
16729.0,1.83,4.23
16730.0,2.19,4.23
16730.0,2.19,4.23
16731.0,2.19,4.23
16732.0,2.19,4.23
16732.0,2.19,4.23
16733.0,2.14,4.23
16733.0,2.14,4.24
16734.0,2.14,4.24
16734.0,2.14,4.24
16735.0,2.14,4.24
16736.0,2.14,4.24
16736.0,2.15,4.24
16737.0,2.15,4.24
16737.0,2.15,4.24
16738.0,2.15,4.24
16738.0,2.15,4.24
16739.0,1.97,4.24
16740.0,1.97,4.24
16740.0,1.97,4.24
16741.0,1.97,4.24
16741.0,1.97,4.24
16742.0,1.92,4.24
16743.0,1.92,4.24
16743.0,1.92,4.25
16744.0,1.92,4.25
16744.0,1.92,4.25
16745.0,1.92,4.25
16745.0,2.21,4.25
16746.0,2.21,4.25
16747.0,2.21,4.25
16747.0,2.21,4.25
16748.0,2.21,4.25
16748.0,2.4,4.25
16749.0,2.4,4.25
16750.0,2.4,4.25
16750.0,2.4,4.25
16751.0,2.4,4.25
16751.0,2.4,4.25
16752.0,2.57,4.26
16752.0,2.57,4.26
16753.0,2.57,4.26
16754.0,2.57,4.26
16754.0,2.57,4.26
16755.0,2.47,4.26
16755.0,2.47,4.26
16756.0,2.47,4.26
16756.0,2.47,4.26
16757.0,2.47,4.26
16758.0,2.08,4.26
16758.0,2.08,4.26
16759.0,2.08,4.26
16759.0,2.08,4.26
16760.0,2.08,4.26
16760.0,2.08,4.26
16761.0,1.98,4.26
16762.0,1.98,4.27
16762.0,1.98,4.27
16763.0,1.98,4.27
16763.0,1.98,4.27
16764.0,2.02,4.27
16765.0,2.02,4.27
16765.0,2.02,4.27
16766.0,2.02,4.27
16766.0,2.02,4.27
16767.0,2.02,4.27
16767.0,2.18,4.27
16768.0,2.18,4.27
16769.0,2.18,4.27
16769.0,2.18,4.27
16770.0,2.18,4.27
16770.0,2.28,4.28
16771.0,2.27,4.28
16771.0,2.28,4.28
16772.0,2.27,4.28
16773.0,2.28,4.28
16773.0,2.37,4.28
16774.0,2.37,4.28
16774.0,2.37,4.28
16775.0,2.37,4.28
16775.0,2.37,4.28
16776.0,2.37,4.28
16777.0,2.09,4.28
16777.0,2.09,4.28
16778.0,2.09,4.28
16778.0,2.09,4.28
16779.0,2.09,4.28
16780.0,2.0,4.28
16780.0,2.0,4.29
16781.0,2.0,4.29
16781.0,2.0,4.29
16782.0,2.0,4.29
16782.0,2.0,4.29
16783.0,1.98,4.29
16784.0,1.97,4.29
16784.0,1.98,4.29
16785.0,1.97,4.29
16785.0,1.98,4.29
16786.0,2.2,4.29
16786.0,2.2,4.29
16787.0,2.2,4.29
16788.0,2.2,4.29
16788.0,2.2,4.29
16789.0,2.51,4.3
16789.0,2.5,4.3
16790.0,2.51,4.3
16790.0,2.5,4.3
16791.0,2.51,4.3
16792.0,2.5,4.3
16792.0,2.49,4.3
16793.0,2.49,4.3
16793.0,2.49,4.3
16794.0,2.49,4.3
16795.0,2.49,4.3
16795.0,2.25,4.3
16796.0,2.25,4.3
16796.0,2.25,4.3
16797.0,2.25,4.3
16797.0,2.25,4.3
16798.0,2.25,4.3
16799.0,2.24,4.31
16799.0,2.24,4.31
16800.0,2.24,4.31
16800.0,2.24,4.31
16801.0,2.24,4.31
16801.0,2.13,4.31
16802.0,2.13,4.31
16803.0,2.13,4.31
16803.0,2.13,4.31
16804.0,2.13,4.31
16804.0,2.14,4.31
16805.0,2.14,4.31
16805.0,2.14,4.31
16806.0,2.14,4.31
16807.0,2.14,4.31
16807.0,2.14,4.32
16808.0,2.38,4.32
16808.0,2.38,4.32
16809.0,2.38,4.32
16810.0,2.38,4.32
16810.0,2.38,4.32
16811.0,2.24,4.32
16811.0,2.24,4.32
16812.0,2.24,4.32
16812.0,2.24,4.32
16813.0,2.24,4.32
16814.0,2.24,4.32
16814.0,2.04,4.32
16815.0,2.04,4.32
16815.0,2.04,4.32
16816.0,2.04,4.32
16816.0,2.04,4.32
16817.0,1.93,4.33
16818.0,1.93,4.33
16818.0,1.93,4.33
16819.0,1.93,4.33
16819.0,1.93,4.33
16820.0,1.93,4.33
16820.0,1.93,4.33
16821.0,1.93,4.33
16822.0,1.93,4.33
16822.0,1.93,4.33
16823.0,1.93,4.33
16823.0,2.14,4.33
16824.0,2.14,4.33
16825.0,2.14,4.33
16825.0,2.14,4.33
16826.0,2.14,4.34
16826.0,2.33,4.34
16827.0,2.33,4.34
16827.0,2.33,4.34
16828.0,2.33,4.34
16829.0,2.33,4.34
16829.0,2.33,4.34
16830.0,2.45,4.34
16830.0,2.45,4.34
16831.0,2.45,4.34
16831.0,2.45,4.34
16832.0,2.45,4.34
16833.0,2.42,4.34
16833.0,2.42,4.34
16834.0,2.42,4.34
16834.0,2.42,4.34
16835.0,2.42,4.34
16835.0,2.42,4.35
16836.0,2.37,4.35
16837.0,2.37,4.35
16837.0,2.37,4.35
16838.0,2.37,4.35
16838.0,2.37,4.35
16839.0,2.31,4.35
16840.0,2.32,4.35
16840.0,2.31,4.35
16841.0,2.32,4.35
16841.0,2.31,4.35
16842.0,2.33,4.35
16842.0,2.32,4.35
16843.0,2.33,4.35
16844.0,2.32,4.35
16844.0,2.33,4.36
16845.0,2.32,4.36
16845.0,2.24,4.36
16846.0,2.24,4.36
16847.0,2.24,4.36
16847.0,2.24,4.36
16848.0,2.24,4.36
16848.0,2.16,4.36
16849.0,2.16,4.36
16849.0,2.16,4.36
16850.0,2.16,4.36
16851.0,2.16,4.36
16851.0,2.37,4.36
16852.0,2.37,4.36
16852.0,2.37,4.36
16853.0,2.37,4.36
16853.0,2.37,4.36
16854.0,2.37,4.37
16855.0,2.33,4.37
16855.0,2.32,4.37
16856.0,2.33,4.37
16856.0,2.32,4.37
16857.0,2.33,4.37
16858.0,2.15,4.37
16858.0,2.15,4.37
16859.0,2.15,4.37
16859.0,2.15,4.37
16860.0,2.15,4.37
16860.0,2.15,4.37
16861.0,2.02,4.37
16862.0,2.02,4.37
16862.0,2.02,4.37
16863.0,2.02,4.37
16863.0,2.02,4.38
16864.0,1.9,4.38
16864.0,1.9,4.38
16865.0,1.9,4.38
16866.0,1.9,4.38
16866.0,1.9,4.38
16867.0,2.16,4.38
16867.0,2.16,4.38
16868.0,2.16,4.38
16868.0,2.16,4.38
16869.0,2.16,4.38
16870.0,2.16,4.38
16870.0,2.43,4.38
16871.0,2.43,4.38
16871.0,2.43,4.38
16872.0,2.43,4.39
16873.0,2.43,4.39
16873.0,2.16,4.39
16874.0,2.16,4.39
16874.0,2.16,4.39
16875.0,2.16,4.39
16875.0,2.16,4.39
16876.0,2.16,4.39
16877.0,2.15,4.39
16877.0,2.15,4.39
16878.0,2.15,4.39
16878.0,2.15,4.39
16879.0,2.15,4.39
16879.0,2.05,4.39
16880.0,2.06,4.39
16881.0,2.05,4.39
16881.0,2.06,4.39
16882.0,2.05,4.4
16882.0,1.89,4.4
16883.0,1.89,4.4
16883.0,1.89,4.4
16884.0,1.89,4.4
16885.0,1.89,4.4
16885.0,1.89,4.4
16886.0,2.14,4.4
16886.0,2.14,4.4
16887.0,2.14,4.4
16888.0,2.14,4.4
16888.0,2.14,4.4
16889.0,2.28,4.4
16889.0,2.28,4.4
16890.0,2.28,4.4
16890.0,2.28,4.41
16891.0,2.28,4.41
16892.0,2.28,4.41
16892.0,2.5,4.41
16893.0,2.5,4.41
16893.0,2.5,4.41
16894.0,2.5,4.41
16894.0,2.5,4.41
16895.0,2.3,4.41
16896.0,2.3,4.41
16896.0,2.3,4.41
16897.0,2.3,4.41
16897.0,2.3,4.41
16898.0,1.95,4.41
16898.0,1.95,4.41
16899.0,1.95,4.41
16900.0,1.95,4.41
16900.0,1.95,4.42
16901.0,1.95,4.42
16901.0,1.88,4.42
16902.0,1.88,4.42
16903.0,1.88,4.42
16903.0,1.88,4.42
16904.0,1.88,4.42
16904.0,1.88,4.42
16905.0,1.88,4.42
16905.0,1.88,4.42
16906.0,1.88,4.42
16907.0,1.88,4.42
16907.0,1.88,4.42
16908.0,1.98,4.42
16908.0,1.98,4.42
16909.0,1.98,4.43
16909.0,1.98,4.43
16910.0,1.98,4.43
16911.0,2.22,4.43
16911.0,2.22,4.43
16912.0,2.22,4.43
16912.0,2.22,4.43
16913.0,2.22,4.43
16913.0,2.22,4.43
16914.0,2.2,4.43
16915.0,2.2,4.43
16915.0,2.2,4.43
16916.0,2.2,4.43
16916.0,2.2,4.43
16917.0,2.05,4.43
16918.0,2.05,4.43
16918.0,2.05,4.43
16919.0,2.05,4.44
16919.0,2.05,4.44
16920.0,1.92,4.44
16920.0,1.92,4.44
16921.0,1.92,4.44
16922.0,1.92,4.44
16922.0,1.92,4.44
16923.0,1.92,4.44
16923.0,2.01,4.44
16924.0,2.01,4.44
16924.0,2.01,4.44
16925.0,2.01,4.44
16926.0,2.01,4.44
16926.0,2.13,4.44
16927.0,2.13,4.44
16927.0,2.13,4.45
16928.0,2.13,4.45
16928.0,2.13,4.45
16929.0,2.13,4.45
16930.0,2.46,4.45
16930.0,2.46,4.45
16931.0,2.46,4.45
16931.0,2.46,4.45
16932.0,2.46,4.45
16933.0,2.51,4.45
16933.0,2.51,4.45
16934.0,2.51,4.45
16934.0,2.51,4.45
16935.0,2.51,4.45
16935.0,2.39,4.45
16936.0,2.39,4.45
16937.0,2.39,4.45
16937.0,2.39,4.46
16938.0,2.39,4.46
16938.0,2.39,4.46
16939.0,2.01,4.46
16939.0,2.01,4.46
16940.0,2.01,4.46
16941.0,2.01,4.46
16941.0,2.01,4.46
16942.0,2.16,4.46
16942.0,2.16,4.46
16943.0,2.16,4.46
16943.0,2.16,4.46
16944.0,2.16,4.46
16945.0,2.4,4.46
16945.0,2.4,4.46
16946.0,2.4,4.47
16946.0,2.4,4.47
16947.0,2.4,4.47
16948.0,2.4,4.47
16948.0,2.35,4.47
16949.0,2.35,4.47
16949.0,2.35,4.47
16950.0,2.35,4.47
16951.0,2.35,4.47
16951.0,2.38,4.47
16952.0,2.38,4.47
16952.0,2.38,4.47
16953.0,2.38,4.47
16953.0,2.38,4.47
16954.0,2.38,4.47
16955.0,2.58,4.47
16955.0,2.58,4.47
16956.0,2.58,4.47
16956.0,2.58,4.47
16957.0,2.58,4.47
16958.0,2.32,4.47
16958.0,2.32,4.47
16959.0,2.32,4.47
16959.0,2.32,4.47
16960.0,2.32,4.47
16960.0,2.2,4.47
16961.0,2.2,4.47
16962.0,2.2,4.47
16962.0,2.2,4.47
16963.0,2.2,4.47
16963.0,2.17,4.47
16964.0,2.17,4.47
16965.0,2.17,4.47
16965.0,2.17,4.47
16966.0,2.17,4.47
16966.0,2.17,4.47
16967.0,2.26,4.47
16968.0,2.25,4.47
16968.0,2.26,4.47
16969.0,2.25,4.47
16969.0,2.26,4.47
16970.0,2.35,4.47
16970.0,2.35,4.47
16971.0,2.35,4.47
16972.0,2.35,4.47
16972.0,2.35,4.47
16973.0,2.26,4.47
16973.0,2.26,4.47
16974.0,2.26,4.47
16975.0,2.26,4.47
16975.0,2.26,4.47
16976.0,2.26,4.47
16976.0,2.35,4.47
16977.0,2.34,4.47
16977.0,2.35,4.47
16978.0,2.34,4.47
16979.0,2.35,4.47
16979.0,2.29,4.47
16980.0,2.3,4.47
16980.0,2.29,4.47
16981.0,2.3,4.47
16982.0,2.29,4.47
16982.0,2.2,4.47
16983.0,2.2,4.47
16983.0,2.2,4.47
16984.0,2.2,4.47
16985.0,2.2,4.47
16985.0,2.2,4.47
16986.0,2.34,4.47
16986.0,2.34,4.47
16987.0,2.34,4.47
16987.0,2.34,4.47
16988.0,2.34,4.47
16989.0,2.48,4.47
16989.0,2.48,4.47
16990.0,2.48,4.47
16990.0,2.48,4.47
16991.0,2.48,4.47
16992.0,2.48,4.47
16992.0,2.48,4.47
16993.0,2.48,4.47
16993.0,2.48,4.47
16994.0,2.48,4.47
16994.0,2.48,4.47
16995.0,2.28,4.47
16996.0,2.28,4.47
16996.0,2.28,4.47
16997.0,2.28,4.47
16997.0,2.28,4.47
16998.0,2.01,4.47
16999.0,2.02,4.47
16999.0,2.01,4.47
17000.0,2.02,4.47
17000.0,2.01,4.47
17001.0,1.98,4.47
17002.0,1.97,4.47
17002.0,1.98,4.47
17003.0,1.97,4.47
17003.0,1.98,4.47
17004.0,1.97,4.47
17004.0,2.14,4.47
17005.0,2.14,4.47
17006.0,2.14,4.47
17006.0,2.14,4.47
17007.0,2.14,4.47
17007.0,2.22,4.47
17008.0,2.22,4.47
17009.0,2.22,4.47
17009.0,2.22,4.47
17010.0,2.22,4.47
17010.0,2.35,4.47
17011.0,2.34,4.47
17012.0,2.35,4.47
17012.0,2.34,4.47
17013.0,2.35,4.47
17013.0,2.34,4.47
17014.0,2.33,4.47
17014.0,2.33,4.47
17015.0,2.33,4.47
17016.0,2.33,4.47
17016.0,2.33,4.47
17017.0,2.13,4.47
17017.0,2.13,4.47
17018.0,2.13,4.47
17019.0,2.13,4.47
17019.0,2.13,4.47
17020.0,2.01,4.47
17020.0,2.01,4.47
17021.0,2.01,4.47
17021.0,2.01,4.47
17022.0,2.01,4.47
17023.0,2.01,4.47
17023.0,1.87,4.47
17024.0,1.86,4.47
17024.0,1.87,4.47
17025.0,1.86,4.47
17026.0,1.87,4.47
17026.0,2.12,4.47
17027.0,2.12,4.47
17027.0,2.12,4.47
17028.0,2.12,4.47
17028.0,2.12,4.47
17029.0,2.54,4.47
17030.0,2.54,4.47
17030.0,2.54,4.47
17031.0,2.54,4.47
17031.0,2.54,4.47
17032.0,2.54,4.47
17033.0,2.39,4.47
17033.0,2.39,4.47
17034.0,2.39,4.47
17034.0,2.39,4.47
17035.0,2.39,4.47
17036.0,2.2,4.47
17036.0,2.2,4.47
17037.0,2.2,4.47
17037.0,2.2,4.47
17038.0,2.2,4.47
17038.0,2.15,4.47
17039.0,2.15,4.47
17040.0,2.15,4.47
17040.0,2.15,4.47
17041.0,2.15,4.47
17041.0,2.06,4.47
17042.0,2.06,4.47
17043.0,2.06,4.47
17043.0,2.06,4.47
17044.0,2.06,4.47
17044.0,2.06,4.47
17045.0,2.07,4.47
17046.0,2.08,4.47
17046.0,2.07,4.47
17047.0,2.08,4.47
17047.0,2.07,4.47
17048.0,2.27,4.47
17049.0,2.26,4.47
17049.0,2.27,4.47
17050.0,2.26,4.47
17050.0,2.27,4.47
17051.0,2.24,4.47
17051.0,2.24,4.47
17052.0,2.24,4.47
17053.0,2.24,4.47
17053.0,2.24,4.47
17054.0,2.24,4.47
17054.0,2.21,4.47
17055.0,2.21,4.47
17056.0,2.21,4.47
17056.0,2.21,4.47
17057.0,2.21,4.47
17057.0,2.07,4.47
17058.0,2.06,4.47
17059.0,2.07,4.47
17059.0,2.06,4.47
17060.0,2.07,4.47
17060.0,2.04,4.47
17061.0,2.04,4.47
17061.0,2.04,4.47
17062.0,2.04,4.47
17063.0,2.04,4.47
17063.0,2.04,4.47
17064.0,2.08,4.47
17064.0,2.09,4.47
17065.0,2.08,4.47
17066.0,2.09,4.47
17066.0,2.08,4.47
17067.0,2.1,4.47
17067.0,2.09,4.47
17068.0,2.1,4.47
17068.0,2.09,4.47
17069.0,2.1,4.47
17070.0,2.33,4.47
17070.0,2.34,4.47
17071.0,2.33,4.47
17071.0,2.34,4.47
17072.0,2.33,4.47
17073.0,2.45,4.47
17073.0,2.45,4.47
17074.0,2.45,4.47
17074.0,2.45,4.47
17075.0,2.45,4.47
17076.0,2.45,4.47
17076.0,2.11,4.47
17077.0,2.11,4.47
17077.0,2.11,4.47
17078.0,2.11,4.47
17078.0,2.11,4.47
17079.0,1.95,4.47
17080.0,1.95,4.47
17080.0,1.95,4.47
17081.0,1.95,4.47
17081.0,1.95,4.47
17082.0,2.26,4.47
17083.0,2.25,4.47
17083.0,2.26,4.47
17084.0,2.25,4.47
17084.0,2.26,4.47
17085.0,2.25,4.47
17085.0,2.11,4.47
17086.0,2.11,4.47
17087.0,2.11,4.47
17087.0,2.11,4.47
17088.0,2.11,4.47
17088.0,2.31,4.47
17089.0,2.31,4.47
17090.0,2.31,4.47
17090.0,2.31,4.47
17091.0,2.31,4.47
17091.0,2.37,4.47
17092.0,2.37,4.47
17093.0,2.37,4.47
17093.0,2.37,4.47
17094.0,2.37,4.47
17094.0,2.37,4.47
17095.0,2.39,4.47
17095.0,2.39,4.47
17096.0,2.39,4.47
17097.0,2.39,4.47
17097.0,2.39,4.47
17098.0,2.24,4.47
17098.0,2.24,4.47
17099.0,2.24,4.47
17100.0,2.24,4.47
17100.0,2.24,4.47
17101.0,2.07,4.47
17101.0,2.07,4.47
17102.0,2.07,4.47
17102.0,2.07,4.47
17103.0,2.07,4.47
17104.0,2.07,4.47
17104.0,2.03,4.47
17105.0,2.03,4.47
17105.0,2.03,4.47
17106.0,2.03,4.47
17107.0,2.03,4.47
17107.0,2.34,4.47
17108.0,2.34,4.47
17108.0,2.34,4.47
17109.0,2.34,4.47
17110.0,2.34,4.47
17110.0,2.53,4.47
17111.0,2.52,4.47
17111.0,2.53,4.47
17112.0,2.52,4.47
17112.0,2.53,4.47
17113.0,2.52,4.47
17114.0,2.44,4.47
17114.0,2.44,4.47
17115.0,2.44,4.47
17115.0,2.44,4.47
17116.0,2.44,4.47
17117.0,2.33,4.47
17117.0,2.33,4.47
17118.0,2.33,4.47
17118.0,2.33,4.47
17119.0,2.33,4.47
17120.0,2.1,4.47
17120.0,2.1,4.47
17121.0,2.1,4.47
17121.0,2.1,4.47
17122.0,2.1,4.47
17122.0,2.1,4.47
17123.0,2.04,4.47
17124.0,2.04,4.47
17124.0,2.04,4.47
17125.0,2.04,4.47
17125.0,2.04,4.47
17126.0,2.3,4.47
17127.0,2.3,4.47
17127.0,2.3,4.47
17128.0,2.3,4.47
17128.0,2.3,4.47
17129.0,2.43,4.47
17129.0,2.43,4.47
17130.0,2.43,4.47
17131.0,2.43,4.47
17131.0,2.43,4.47
17132.0,2.43,4.47
17132.0,2.57,4.47
17133.0,2.57,4.47
17134.0,2.57,4.47
17134.0,2.57,4.47
17135.0,2.57,4.47
17135.0,2.21,4.47
17136.0,2.21,4.47
17137.0,2.21,4.47
17137.0,2.21,4.47
17138.0,2.21,4.47
17138.0,1.98,4.47
17139.0,1.98,4.47
17139.0,1.98,4.47
17140.0,1.98,4.47
17141.0,1.98,4.47
17141.0,1.98,4.47
17142.0,1.97,4.47
17142.0,1.96,4.47
17143.0,1.97,4.47
17144.0,1.96,4.47
17144.0,1.97,4.47
17145.0,2.1,4.47
17145.0,2.11,4.47
17146.0,2.1,4.47
17146.0,2.11,4.47
17147.0,2.1,4.47
17148.0,2.56,4.47
17148.0,2.56,4.47
17149.0,2.56,4.47
17150.0,2.56,4.47
17150.0,2.56,4.47
17151.0,2.79,4.47
17151.0,2.79,4.47
17152.0,2.79,4.47
17152.0,2.79,4.47
17153.0,2.79,4.47
17154.0,2.79,4.47
17154.0,2.51,4.47
17155.0,2.51,4.47
17155.0,2.51,4.47
17156.0,2.51,4.47
17157.0,2.51,4.47
17157.0,2.03,4.47
17158.0,2.03,4.47
17158.0,2.03,4.47
17159.0,2.03,4.47
17159.0,2.03,4.47
17160.0,2.0,4.47
17161.0,2.0,4.47
17161.0,2.0,4.47
17162.0,2.0,4.47
17162.0,2.0,4.47
17163.0,2.0,4.47
17164.0,2.04,4.47
17164.0,2.04,4.47
17165.0,2.04,4.47
17165.0,2.04,4.47
17166.0,2.04,4.47
17167.0,2.18,4.47
17167.0,2.18,4.47
17168.0,2.18,4.47
17168.0,2.18,4.47
17169.0,2.18,4.47
17169.0,2.55,4.47
17170.0,2.55,4.47
17171.0,2.55,4.47
17171.0,2.55,4.47
17172.0,2.55,4.47
17172.0,2.55,4.47
17173.0,2.71,4.47
17174.0,2.71,4.47
17174.0,2.71,4.47
17175.0,2.71,4.47
17175.0,2.71,4.47
17176.0,2.53,4.47
17176.0,2.53,4.47
17177.0,2.53,4.47
17178.0,2.53,4.47
17178.0,2.53,4.47
17179.0,2.1,4.47
17179.0,2.11,4.47
17180.0,2.1,4.47
17181.0,2.11,4.47
17181.0,2.1,4.47
17182.0,2.11,4.47
17182.0,1.93,4.47
17183.0,1.93,4.47
17184.0,1.93,4.47
17184.0,1.93,4.47
17185.0,1.93,4.47
17185.0,2.27,4.47
17186.0,2.27,4.47
17186.0,2.27,4.47
17187.0,2.27,4.47
17188.0,2.27,4.47
17188.0,2.52,4.47
17189.0,2.52,4.47
17189.0,2.52,4.47
17190.0,2.52,4.47
17191.0,2.52,4.47
17191.0,2.74,4.47
17192.0,2.74,4.47
17192.0,2.74,4.47
17193.0,2.74,4.47
17194.0,2.74,4.47
17194.0,2.74,4.47
17195.0,2.27,4.47
17195.0,2.26,4.47
17196.0,2.27,4.47
17196.0,2.26,4.47
17197.0,2.27,4.47
17198.0,1.94,4.47
17198.0,1.94,4.47
17199.0,1.94,4.47
17199.0,1.94,4.47
17200.0,1.94,4.47
17201.0,1.92,4.47
17201.0,1.92,4.47
17202.0,1.92,4.47
17202.0,1.92,4.47
17203.0,1.92,4.47
17203.0,1.92,4.47
17204.0,2.04,4.47
17205.0,2.04,4.47
17205.0,2.04,4.47
17206.0,2.04,4.47
17206.0,2.04,4.47
17207.0,2.16,4.47
17208.0,2.16,4.47
17208.0,2.16,4.47
17209.0,2.16,4.47
17209.0,2.16,4.47
17210.0,2.31,4.47
17210.0,2.3,4.47
17211.0,2.31,4.47
17212.0,2.3,4.47
17212.0,2.31,4.47
17213.0,2.3,4.47
17213.0,2.31,4.47
17214.0,2.31,4.47
17215.0,2.31,4.47
17215.0,2.31,4.47
17216.0,2.31,4.47
17216.0,2.19,4.47
17217.0,2.19,4.47
17218.0,2.19,4.47
17218.0,2.19,4.47
17219.0,2.19,4.47
17219.0,2.11,4.47
17220.0,2.11,4.47
17220.0,2.11,4.47
17221.0,2.11,4.47
17222.0,2.11,4.47
17222.0,2.11,4.47
17223.0,2.09,4.47
17223.0,2.08,4.47
17224.0,2.09,4.47
17225.0,2.08,4.47
17225.0,2.09,4.47
17226.0,2.22,4.47
17226.0,2.22,4.47
17227.0,2.22,4.47
17228.0,2.22,4.47
17228.0,2.22,4.47
17229.0,2.48,4.47
17229.0,2.48,4.47
17230.0,2.48,4.47
17230.0,2.48,4.47
17231.0,2.48,4.47
17232.0,2.48,4.47
17232.0,2.58,4.47
17233.0,2.58,4.47
17233.0,2.58,4.47
17234.0,2.58,4.47
17235.0,2.58,4.47
17235.0,2.44,4.47
17236.0,2.44,4.47
17236.0,2.44,4.47
17237.0,2.44,4.47
17237.0,2.44,4.47
17238.0,2.04,4.47
17239.0,2.04,4.47
17239.0,2.04,4.47
17240.0,2.04,4.47
17240.0,2.04,4.47
17241.0,2.04,4.47
17242.0,1.95,4.47
17242.0,1.95,4.47
17243.0,1.95,4.47
17243.0,1.95,4.47
17244.0,1.95,4.47
17245.0,2.14,4.47
17245.0,2.14,4.47
17246.0,2.14,4.47
17246.0,2.14,4.47
17247.0,2.14,4.47
17247.0,2.34,4.47
17248.0,2.34,4.47
17249.0,2.34,4.47
17249.0,2.34,4.47
17250.0,2.34,4.47
17250.0,2.19,4.47
17251.0,2.19,4.47
17252.0,2.19,4.47
17252.0,2.19,4.47
17253.0,2.19,4.47
17253.0,2.19,4.47
17254.0,2.09,4.47
17255.0,2.1,4.47
17255.0,2.09,4.47
17256.0,2.1,4.47
17256.0,2.09,4.47
17257.0,2.1,4.47
17258.0,2.1,4.47
17258.0,2.1,4.47
17259.0,2.1,4.47
17259.0,2.1,4.47
17260.0,1.78,4.47
17260.0,1.78,4.47
17261.0,1.78,4.47
17262.0,1.78,4.47
17262.0,1.78,4.47
17263.0,1.78,4.47
17263.0,1.87,4.47
17264.0,1.87,4.47
17265.0,1.87,4.47
17265.0,1.87,4.47
17266.0,1.87,4.47
17266.0,2.16,4.47
17267.0,2.16,4.47
17267.0,2.16,4.47
17268.0,2.16,4.47
17269.0,2.16,4.47
17269.0,2.64,4.47
17270.0,2.64,4.47
17270.0,2.64,4.47
17271.0,2.64,4.47
17272.0,2.64,4.47
17272.0,2.64,4.47
17273.0,2.95,4.47
17273.0,2.95,4.47
17274.0,2.95,4.47
17275.0,2.95,4.47
17275.0,2.95,4.47
17276.0,2.43,4.47
17276.0,2.43,4.47
17277.0,2.43,4.47
17277.0,2.43,4.47
17278.0,2.43,4.47
17279.0,1.8,4.47
17279.0,1.8,4.47
17280.0,1.8,4.47
17280.0,1.8,4.47
17281.0,1.8,4.47
17282.0,1.8,4.47
17282.0,1.83,4.47
17283.0,1.84,4.47
17283.0,1.83,4.47
17284.0,1.84,4.47
17284.0,1.83,4.47
17285.0,2.04,4.47
17286.0,2.03,4.47
17286.0,2.04,4.47
17287.0,2.03,4.47
17287.0,2.04,4.47
17288.0,2.32,4.47
17289.0,2.33,4.47
17289.0,2.32,4.47
17290.0,2.33,4.47
17290.0,2.32,4.47
17291.0,2.33,4.47
17292.0,2.32,4.47
17292.0,2.32,4.47
17293.0,2.32,4.47
17293.0,2.32,4.47
17294.0,2.32,4.47
17294.0,2.01,4.47
17295.0,2.01,4.47
17296.0,2.01,4.47
17296.0,2.01,4.47
17297.0,2.01,4.47
17297.0,1.83,4.47
17298.0,1.84,4.47
17299.0,1.83,4.47
17299.0,1.84,4.47
17300.0,1.83,4.47
17300.0,1.84,4.47
17301.0,1.85,4.47
17302.0,1.85,4.47
17302.0,1.85,4.47
17303.0,1.85,4.47
17303.0,1.85,4.47
17304.0,1.82,4.47
17304.0,1.82,4.47
17305.0,1.82,4.47
17306.0,1.82,4.47
17306.0,1.82,4.47
17307.0,2.21,4.47
17307.0,2.21,4.47
17308.0,2.21,4.47
17309.0,2.21,4.47
17309.0,2.21,4.47
17310.0,2.39,4.47
17310.0,2.39,4.47
17311.0,2.39,4.47
17311.0,2.39,4.47
17312.0,2.39,4.47
17313.0,2.39,4.47
17313.0,2.3,4.47
17314.0,2.29,4.47
17314.0,2.3,4.47
17315.0,2.29,4.47
17316.0,2.3,4.47
17316.0,2.21,4.47
17317.0,2.21,4.47
17317.0,2.21,4.47
17318.0,2.21,4.47
17318.0,2.21,4.47
17319.0,1.94,4.47
17320.0,1.94,4.47
17320.0,1.94,4.47
17321.0,1.94,4.47
17321.0,1.94,4.47
17322.0,1.94,4.47
17323.0,1.81,4.47
17323.0,1.81,4.47
17324.0,1.81,4.47
17324.0,1.81,4.47
17325.0,1.81,4.47
17326.0,2.35,4.47
17326.0,2.35,4.47
17327.0,2.35,4.47
17327.0,2.35,4.47
17328.0,2.35,4.47
17328.0,2.68,4.47
17329.0,2.68,4.47
17330.0,2.68,4.47
17330.0,2.68,4.47
17331.0,2.68,4.47
17331.0,2.68,4.47
17332.0,2.27,4.47
17333.0,2.27,4.47
17333.0,2.27,4.47
17334.0,2.27,4.47
17334.0,2.27,4.47
17335.0,2.31,4.47
17336.0,2.31,4.47
17336.0,2.31,4.47
17337.0,2.31,4.47
17337.0,2.31,4.47
17338.0,1.98,4.47
17338.0,1.98,4.47
17339.0,1.98,4.47
17340.0,1.98,4.47
17340.0,1.98,4.47
17341.0,1.98,4.47
17341.0,1.73,4.47
17342.0,1.72,4.47
17343.0,1.73,4.47
17343.0,1.72,4.47
17344.0,1.73,4.47
17344.0,2.04,4.47
17345.0,2.04,4.47
17345.0,2.04,4.47
17346.0,2.04,4.47
17347.0,2.04,4.47
17347.0,2.2,4.47
17348.0,2.2,4.47
17348.0,2.2,4.47
17349.0,2.2,4.47
17350.0,2.2,4.47
17350.0,2.24,4.47
17351.0,2.24,4.47
17351.0,2.24,4.47
17352.0,2.24,4.47
17353.0,2.24,4.47
17353.0,2.24,4.47
17354.0,2.44,4.47
17354.0,2.44,4.47
17355.0,2.44,4.47
17356.0,2.44,4.47
17356.0,2.44,4.47
17357.0,2.26,4.47
17357.0,2.26,4.47
17358.0,2.26,4.47
17358.0,2.26,4.47
17359.0,2.26,4.47
17360.0,2.1,4.47
17360.0,2.11,4.47
17361.0,2.1,4.47
17361.0,2.11,4.47
17362.0,2.1,4.47
17363.0,2.11,4.47
17363.0,2.17,4.47
17364.0,2.17,4.47
17364.0,2.17,4.47
17365.0,2.17,4.47
17366.0,2.17,4.47
17366.0,2.19,4.47
17367.0,2.19,4.47
17367.0,2.19,4.47
17368.0,2.19,4.47
17368.0,2.19,4.47
17369.0,2.46,4.47
17370.0,2.46,4.47
17370.0,2.46,4.47
17371.0,2.46,4.47
17371.0,2.46,4.47
17372.0,2.46,4.47
17373.0,2.5,4.47
17373.0,2.5,4.47
17374.0,2.5,4.47
17374.0,2.5,4.47
17375.0,2.5,4.47
17375.0,2.2,4.47
17376.0,2.2,4.47
17377.0,2.2,4.47
17377.0,2.2,4.47
17378.0,2.2,4.47
17378.0,2.35,4.47
17379.0,2.36,4.47
17380.0,2.35,4.47
17380.0,2.36,4.47
17381.0,2.35,4.47
17381.0,2.36,4.47
17382.0,2.27,4.47
17383.0,2.28,4.47
17383.0,2.27,4.47
17384.0,2.28,4.47
17384.0,2.27,4.47
17385.0,2.38,4.47
17385.0,2.38,4.47
17386.0,2.38,4.47
17387.0,2.38,4.47
17387.0,2.38,4.47
17388.0,2.54,4.47
17388.0,2.54,4.47
17389.0,2.54,4.47
17390.0,2.54,4.47
17390.0,2.54,4.47
17391.0,2.54,4.47
17391.0,2.43,4.47
17392.0,2.43,4.47
17392.0,2.43,4.47
17393.0,2.43,4.47
17394.0,2.43,4.47
17394.0,2.31,4.47
17395.0,2.3,4.47
17395.0,2.31,4.47
17396.0,2.3,4.47
17397.0,2.31,4.47
17397.0,2.48,4.47
17398.0,2.48,4.47
17398.0,2.48,4.47
17399.0,2.48,4.47
17400.0,2.48,4.47
17400.0,2.48,4.47
17401.0,2.21,4.47
17401.0,2.21,4.47
17402.0,2.21,4.47
17402.0,2.21,4.47
17403.0,2.21,4.47
17404.0,2.12,4.47
17404.0,2.12,4.47
17405.0,2.12,4.47
17405.0,2.12,4.47
17406.0,2.12,4.47
17407.0,2.32,4.47
17407.0,2.32,4.47
17408.0,2.32,4.47
17408.0,2.32,4.47
17409.0,2.32,4.47
17410.0,2.32,4.47
17410.0,2.3,4.47
17411.0,2.3,4.47
17411.0,2.3,4.47
17412.0,2.3,4.47
17412.0,2.3,4.47
17413.0,2.43,4.47
17414.0,2.43,4.47
17414.0,2.43,4.47
17415.0,2.43,4.47
17415.0,2.43,4.47
17416.0,2.43,4.47
17417.0,2.43,4.47
17417.0,2.43,4.47
17418.0,2.43,4.47
17418.0,2.43,4.47
17419.0,2.43,4.47
17419.0,2.18,4.47
17420.0,2.18,4.47
17421.0,2.18,4.47
17421.0,2.18,4.47
17422.0,2.18,4.47
17422.0,2.12,4.47
17423.0,2.12,4.47
17424.0,2.12,4.47
17424.0,2.12,4.47
17425.0,2.12,4.47
17425.0,2.32,4.47
17426.0,2.32,4.47
17427.0,2.32,4.47
17427.0,2.32,4.47
17428.0,2.32,4.47
17428.0,2.4,4.47
17429.0,2.4,4.47
17429.0,2.4,4.47
17430.0,2.4,4.47
17431.0,2.4,4.47
17431.0,2.4,4.47
17432.0,2.46,4.47
17432.0,2.46,4.47
17433.0,2.46,4.47
17434.0,2.46,4.47
17434.0,2.46,4.47
17435.0,2.14,4.47
17435.0,2.14,4.47
17436.0,2.14,4.47
17436.0,2.14,4.47
17437.0,2.14,4.47
17438.0,1.8,4.47
17438.0,1.8,4.47
17439.0,1.8,4.47
17439.0,1.8,4.47
17440.0,1.8,4.47
17441.0,1.8,4.47
17441.0,1.74,4.47
17442.0,1.74,4.47
17442.0,1.74,4.47
17443.0,1.74,4.47
17444.0,1.74,4.47
17444.0,1.78,4.47
17445.0,1.78,4.47
17445.0,1.78,4.47
17446.0,1.78,4.47
17446.0,1.78,4.47
17447.0,1.88,4.47
17448.0,1.88,4.47
17448.0,1.88,4.47
17449.0,1.88,4.47
17449.0,1.88,4.47
17450.0,1.88,4.47
17451.0,2.25,4.47
17451.0,2.25,4.47
17452.0,2.25,4.47
17452.0,2.25,4.47
17453.0,2.25,4.47
17454.0,2.36,4.47
17454.0,2.37,4.47
17455.0,2.36,4.47
17455.0,2.37,4.47
17456.0,2.36,4.47
17457.0,2.31,4.47
17457.0,2.31,4.47
17458.0,2.31,4.47
17458.0,2.31,4.47
17459.0,2.31,4.47
17459.0,2.31,4.47
17460.0,2.2,4.47
17461.0,2.2,4.47
17461.0,2.2,4.47
17462.0,2.2,4.47
17462.0,2.2,4.47
17463.0,1.86,4.47
17464.0,1.87,4.47
17464.0,1.86,4.47
17465.0,1.87,4.47
17465.0,1.86,4.47
17466.0,1.9,4.47
17466.0,1.9,4.47
17467.0,1.9,4.47
17468.0,1.9,4.47
17468.0,1.9,4.47
17469.0,1.9,4.47
17469.0,2.35,4.47
17470.0,2.35,4.47
17471.0,2.35,4.47
17471.0,2.35,4.47
17472.0,2.35,4.47
17472.0,2.54,4.47
17473.0,2.55,4.47
17474.0,2.54,4.47
17474.0,2.55,4.47
17475.0,2.54,4.47
17475.0,2.36,4.47
17476.0,2.36,4.47
17476.0,2.36,4.47
17477.0,2.36,4.47
17478.0,2.36,4.47
17478.0,2.1,4.47
17479.0,2.1,4.47
17479.0,2.1,4.47
17480.0,2.1,4.47
17481.0,2.1,4.47
17481.0,2.1,4.47
17482.0,1.89,4.47
17482.0,1.89,4.47
17483.0,1.89,4.47
17484.0,1.89,4.47
17484.0,1.89,4.47
17485.0,2.21,4.47
17485.0,2.21,4.47
17486.0,2.21,4.47
17486.0,2.21,4.47
17487.0,2.21,4.47
17488.0,2.25,4.47
17488.0,2.25,4.47
17489.0,2.25,4.47
17489.0,2.25,4.47
17490.0,2.25,4.47
17491.0,2.25,4.47
17491.0,2.16,4.47
17492.0,2.16,4.47
17492.0,2.16,4.47
17493.0,2.16,4.47
17493.0,2.16,4.47
17494.0,2.33,4.47
17495.0,2.33,4.47
17495.0,2.33,4.47
17496.0,2.33,4.47
17496.0,2.33,4.47
17497.0,2.13,4.47
17498.0,2.13,4.47
17498.0,2.13,4.47
17499.0,2.13,4.47
17499.0,2.13,4.47
17500.0,2.13,4.47
17500.0,2.06,4.47
17501.0,2.07,4.47
17502.0,2.06,4.47
17502.0,2.07,4.47
17503.0,2.06,4.47
17503.0,2.17,4.47
17504.0,2.17,4.47
17505.0,2.17,4.47
17505.0,2.17,4.47
17506.0,2.17,4.47
17506.0,2.31,4.47
17507.0,2.31,4.47
17508.0,2.31,4.47
17508.0,2.31,4.47
17509.0,2.31,4.47
17509.0,2.31,4.47
17510.0,2.7,4.47
17510.0,2.7,4.47
17511.0,2.7,4.47
17512.0,2.7,4.47
17512.0,2.7,4.47
17513.0,2.78,4.47
17513.0,2.77,4.47
17514.0,2.78,4.47
17515.0,2.77,4.47
17515.0,2.78,4.47
17516.0,2.16,4.47
17516.0,2.16,4.47
17517.0,2.16,4.47
17518.0,2.16,4.47
17518.0,2.16,4.47
17519.0,2.16,4.47
17519.0,1.86,4.47
17520.0,1.86,4.47
17520.0,1.86,4.47
17521.0,1.86,4.47
17522.0,1.86,4.47
17522.0,2.07,4.47
17523.0,2.06,4.47
17523.0,2.07,4.47
17524.0,2.06,4.47
17525.0,2.07,4.47
17525.0,2.25,4.47
17526.0,2.25,4.47
17526.0,2.25,4.47
17527.0,2.25,4.47
17527.0,2.25,4.47
17528.0,2.25,4.47
17529.0,2.44,4.47
17529.0,2.44,4.47
17530.0,2.44,4.47
17530.0,2.44,4.47
17531.0,2.44,4.47
17532.0,2.53,4.47
17532.0,2.52,4.47
17533.0,2.53,4.47
17533.0,2.52,4.47
17534.0,2.53,4.47
17535.0,2.1,4.47
17535.0,2.1,4.47
17536.0,2.1,4.47
17536.0,2.1,4.47
17537.0,2.1,4.47
17537.0,2.1,4.47
17538.0,1.96,4.47
17539.0,1.97,4.47
17539.0,1.96,4.47
17540.0,1.97,4.47
17540.0,1.96,4.47
17541.0,1.98,4.47
17542.0,1.97,4.47
17542.0,1.98,4.47
17543.0,1.97,4.47
17543.0,1.98,4.47
17544.0,2.0,4.47
17544.0,2.01,4.47
17545.0,2.0,4.47
17546.0,2.01,4.47
17546.0,2.0,4.47
17547.0,2.16,4.47
17547.0,2.16,4.47
17548.0,2.16,4.47
17549.0,2.16,4.47
17549.0,2.16,4.47
17550.0,2.16,4.47
17550.0,2.27,4.47
17551.0,2.27,4.47
17552.0,2.27,4.47
17552.0,2.27,4.47
17553.0,2.27,4.47
17553.0,2.25,4.47
17554.0,2.25,4.47
17555.0,2.25,4.47
17555.0,2.25,4.47
17556.0,2.25,4.47
17556.0,2.26,4.47
17557.0,2.26,4.47
17557.0,2.26,4.47
17558.0,2.26,4.47
17559.0,2.26,4.47
17559.0,2.26,4.47
17560.0,2.11,4.47
17560.0,2.11,4.47
17561.0,2.11,4.47
17562.0,2.11,4.47
17562.0,2.11,4.47
17563.0,2.09,4.47
17563.0,2.09,4.47
17564.0,2.09,4.47
17565.0,2.09,4.47
17565.0,2.09,4.47
17566.0,2.48,4.47
17566.0,2.48,4.47
17567.0,2.48,4.47
17567.0,2.48,4.47
17568.0,2.48,4.47
17569.0,2.48,4.47
17569.0,2.71,4.47
17570.0,2.71,4.47
17570.0,2.71,4.47
17571.0,2.71,4.47
17572.0,2.71,4.47
17572.0,2.66,4.47
17573.0,2.66,4.47
17573.0,2.66,4.47
17574.0,2.66,4.47
17574.0,2.66,4.47
17575.0,2.31,4.47
17576.0,2.31,4.47
17576.0,2.31,4.47
17577.0,2.31,4.47
17577.0,2.31,4.47
17578.0,2.31,4.47
17579.0,2.22,4.47
17579.0,2.22,4.47
17580.0,2.22,4.47
17580.0,2.22,4.47
17581.0,2.22,4.47
17582.0,2.22,4.47
17582.0,2.22,4.47
17583.0,2.22,4.47
17583.0,2.22,4.47
17584.0,2.22,4.47
17584.0,2.03,4.47
17585.0,2.02,4.47
17586.0,2.03,4.47
17586.0,2.02,4.47
17587.0,2.03,4.47
17587.0,2.3,4.47
17588.0,2.31,4.47
17589.0,2.3,4.47
17589.0,2.31,4.47
17590.0,2.3,4.47
17590.0,2.31,4.47
17591.0,2.71,4.47
17592.0,2.71,4.47
17592.0,2.71,4.47
17593.0,2.71,4.47
17593.0,2.71,4.47
17594.0,2.44,4.47
17594.0,2.44,4.47
17595.0,2.44,4.47
17596.0,2.44,4.47
17596.0,2.44,4.47
17597.0,2.02,4.47
17597.0,2.02,4.47
17598.0,2.02,4.47
17599.0,2.02,4.47
17599.0,2.02,4.47
17600.0,2.02,4.47
17600.0,1.85,4.47
17601.0,1.86,4.47
17601.0,1.85,4.47
17602.0,1.86,4.47
17603.0,1.85,4.47
17603.0,2.02,4.47
17604.0,2.01,4.47
17604.0,2.02,4.47
17605.0,2.01,4.47
17606.0,2.02,4.47
17606.0,2.47,4.47
17607.0,2.47,4.47
17607.0,2.47,4.47
17608.0,2.47,4.47
17609.0,2.47,4.47
17609.0,2.47,4.47
17610.0,2.65,4.47
17610.0,2.65,4.47
17611.0,2.65,4.47
17611.0,2.65,4.47
17612.0,2.65,4.47
17613.0,2.37,4.47
17613.0,2.37,4.47
17614.0,2.37,4.47
17614.0,2.37,4.47
17615.0,2.37,4.47
17616.0,2.04,4.47
17616.0,2.04,4.47
17617.0,2.04,4.47
17617.0,2.04,4.47
17618.0,2.04,4.47
17618.0,2.04,4.47
17619.0,1.95,4.47
17620.0,1.95,4.47
17620.0,1.95,4.47
17621.0,1.95,4.47
17621.0,1.95,4.47
17622.0,1.98,4.47
17623.0,1.97,4.47
17623.0,1.98,4.47
17624.0,1.97,4.47
17624.0,1.98,4.47
17625.0,2.22,4.47
17626.0,2.22,4.47
17626.0,2.22,4.47
17627.0,2.22,4.47
17627.0,2.22,4.47
17628.0,2.22,4.47
17628.0,2.31,4.47
17629.0,2.32,4.47
17630.0,2.31,4.47
17630.0,2.32,4.47
17631.0,2.31,4.47
17631.0,2.35,4.47
17632.0,2.34,4.47
17633.0,2.35,4.47
17633.0,2.34,4.47
17634.0,2.35,4.47
17634.0,2.33,4.47
17635.0,2.33,4.47
17635.0,2.33,4.47
17636.0,2.33,4.47
17637.0,2.33,4.47
17637.0,2.33,4.47
17638.0,1.99,4.47
17638.0,2.0,4.47
17639.0,1.99,4.47
17640.0,2.0,4.47
17640.0,1.99,4.47
17641.0,1.69,4.47
17641.0,1.69,4.47
17642.0,1.69,4.47
17643.0,1.69,4.47
17643.0,1.69,4.47
17644.0,1.97,4.47
17644.0,1.97,4.47
17645.0,1.97,4.47
17645.0,1.97,4.47
17646.0,1.97,4.47
17647.0,1.97,4.47
17647.0,2.2,4.47
17648.0,2.2,4.47
17648.0,2.2,4.47
17649.0,2.2,4.47
17650.0,2.2,4.47
17650.0,2.5,4.47
17651.0,2.5,4.47
17651.0,2.5,4.47
17652.0,2.5,4.47
17652.0,2.5,4.47
17653.0,2.27,4.47
17654.0,2.28,4.47
17654.0,2.27,4.47
17655.0,2.28,4.47
17656.0,2.27,4.47
17656.0,2.03,4.47
17657.0,2.03,4.47
17657.0,2.03,4.47
17658.0,2.03,4.47
17658.0,2.03,4.47
17659.0,2.03,4.47
17660.0,2.01,4.47
17660.0,2.0,4.47
17661.0,2.01,4.47
17661.0,2.0,4.47
17662.0,2.01,4.47
17663.0,2.13,4.47
17663.0,2.13,4.47
17664.0,2.13,4.47
17664.0,2.13,4.47
17665.0,2.13,4.47
17665.0,2.24,4.47
17666.0,2.24,4.47
17667.0,2.24,4.47
17667.0,2.24,4.47
17668.0,2.24,4.47
17668.0,2.24,4.47
17669.0,2.38,4.47
17670.0,2.38,4.47
17670.0,2.38,4.47
17671.0,2.38,4.47
17671.0,2.38,4.47
17672.0,2.39,4.47
17673.0,2.39,4.47
17673.0,2.39,4.47
17674.0,2.39,4.47
17674.0,2.39,4.47
17675.0,2.37,4.47
17675.0,2.37,4.47
17676.0,2.37,4.47
17677.0,2.37,4.47
17677.0,2.37,4.47
17678.0,2.37,4.47
17678.0,2.27,4.47
17679.0,2.26,4.47
17680.0,2.27,4.47
17680.0,2.26,4.47
17681.0,2.27,4.47
17681.0,1.86,4.47
17682.0,1.87,4.47
17682.0,1.86,4.47
17683.0,1.87,4.47
17684.0,1.86,4.47
17684.0,1.62,4.47
17685.0,1.61,4.47
17685.0,1.62,4.47
17686.0,1.61,4.47
17687.0,1.62,4.47
17687.0,1.61,4.47
17688.0,2.14,4.47
17688.0,2.14,4.47
17689.0,2.14,4.47
17690.0,2.14,4.47
17690.0,2.14,4.47
17691.0,2.41,4.47
17691.0,2.41,4.47
17692.0,2.41,4.47
17692.0,2.41,4.47
17693.0,2.41,4.47
17694.0,2.46,4.47
17694.0,2.46,4.47
17695.0,2.46,4.47
17695.0,2.46,4.47
17696.0,2.46,4.47
17697.0,2.46,4.47
17697.0,2.24,4.47
17698.0,2.24,4.47
17698.0,2.24,4.47
17699.0,2.24,4.47
17700.0,2.24,4.47
17700.0,2.02,4.47
17701.0,2.02,4.47
17701.0,2.02,4.47
17702.0,2.02,4.47
17702.0,2.02,4.47
17703.0,2.08,4.47
17704.0,2.07,4.47
17704.0,2.08,4.47
17705.0,2.07,4.47
17705.0,2.08,4.47
17706.0,2.07,4.47
17707.0,2.6,4.47
17707.0,2.6,4.47
17708.0,2.6,4.47
17708.0,2.6,4.47
17709.0,2.6,4.47
17709.0,2.8,4.47
17710.0,2.8,4.47
17711.0,2.8,4.47
17711.0,2.8,4.47
17712.0,2.8,4.47
17712.0,2.45,4.47
17713.0,2.45,4.47
17714.0,2.45,4.47
17714.0,2.45,4.47
17715.0,2.45,4.47
17715.0,2.08,4.47
17716.0,2.08,4.47
17717.0,2.08,4.47
17717.0,2.08,4.47
17718.0,2.08,4.47
17718.0,2.08,4.47
17719.0,1.94,4.47
17719.0,1.95,4.47
17720.0,1.94,4.47
17721.0,1.95,4.47
17721.0,1.94,4.47
17722.0,1.93,4.47
17722.0,1.93,4.47
17723.0,1.93,4.47
17724.0,1.93,4.47
17724.0,1.93,4.47
17725.0,2.06,4.47
17725.0,2.06,4.47
17726.0,2.06,4.47
17726.0,2.06,4.47
17727.0,2.06,4.47
17728.0,2.06,4.47
17728.0,2.12,4.47
17729.0,2.12,4.47
17729.0,2.12,4.47
17730.0,2.12,4.47
17731.0,2.12,4.47
17731.0,2.26,4.47
17732.0,2.26,4.47
17732.0,2.26,4.47
17733.0,2.26,4.47
17734.0,2.26,4.47
17734.0,2.05,4.47
17735.0,2.05,4.47
17735.0,2.05,4.47
17736.0,2.05,4.47
17736.0,2.05,4.47
17737.0,2.05,4.47
17738.0,2.01,4.47
17738.0,2.01,4.47
17739.0,2.01,4.47
17739.0,2.01,4.47
17740.0,2.01,4.47
17741.0,2.06,4.47
17741.0,2.06,4.47
17742.0,2.06,4.47
17742.0,2.06,4.47
17743.0,2.06,4.47
17743.0,2.22,4.47
17744.0,2.22,4.47
17745.0,2.22,4.47
17745.0,2.22,4.47
17746.0,2.22,4.47
17746.0,2.22,4.47
17747.0,2.26,4.47
17748.0,2.26,4.47
17748.0,2.26,4.47
17749.0,2.26,4.47
17749.0,2.26,4.47
17750.0,2.55,4.47
17751.0,2.55,4.47
17751.0,2.55,4.47
17752.0,2.55,4.47
17752.0,2.55,4.47
17753.0,2.46,4.47
17753.0,2.46,4.47
17754.0,2.46,4.47
17755.0,2.46,4.47
17755.0,2.46,4.47
17756.0,2.14,4.47
17756.0,2.14,4.47
17757.0,2.14,4.47
17758.0,2.14,4.47
17758.0,2.14,4.47
17759.0,2.14,4.47
17759.0,2.0,4.47
17760.0,2.0,4.47
17761.0,2.0,4.47
17761.0,2.0,4.47
17762.0,2.0,4.47
17762.0,2.13,4.47
17763.0,2.13,4.47
17764.0,2.13,4.47
17764.0,2.13,4.47
17765.0,2.13,4.47
17765.0,2.13,4.47
17766.0,2.13,4.47
17766.0,2.13,4.47
17767.0,2.13,4.47
17768.0,2.13,4.47
17768.0,2.13,4.47
17769.0,2.39,4.47
17769.0,2.39,4.47
17770.0,2.39,4.47
17771.0,2.39,4.47
17771.0,2.39,4.47
17772.0,2.5,4.47
17772.0,2.5,4.47
17773.0,2.5,4.47
17774.0,2.5,4.47
17774.0,2.5,4.47
17775.0,2.38,4.47
17775.0,2.38,4.47
17776.0,2.38,4.47
17776.0,2.38,4.47
17777.0,2.38,4.47
17778.0,2.38,4.47
17778.0,2.29,4.47
17779.0,2.29,4.47
17779.0,2.29,4.47
17780.0,2.29,4.47
17781.0,2.29,4.47
17781.0,2.22,4.47
17782.0,2.22,4.47
17782.0,2.22,4.47
17783.0,2.22,4.47
17783.0,2.22,4.47
17784.0,2.2,4.47
17785.0,2.2,4.47
17785.0,2.2,4.47
17786.0,2.2,4.47
17786.0,2.2,4.47
17787.0,2.2,4.47
17788.0,2.45,4.47
17788.0,2.45,4.47
17789.0,2.45,4.47
17789.0,2.45,4.47
17790.0,2.45,4.47
17790.0,2.51,4.47
17791.0,2.51,4.47
17792.0,2.51,4.47
17792.0,2.51,4.47
17793.0,2.51,4.47
17793.0,2.43,4.47
17794.0,2.43,4.47
17795.0,2.43,4.47
17795.0,2.43,4.47
17796.0,2.43,4.47
17796.0,2.43,4.47
17797.0,2.15,4.47
17798.0,2.15,4.47
17798.0,2.15,4.47
17799.0,2.15,4.47
17799.0,2.15,4.47
17800.0,1.98,4.47
17800.0,1.98,4.47
17801.0,1.98,4.47
17802.0,1.98,4.47
17802.0,1.98,4.47
17803.0,2.11,4.47
17803.0,2.11,4.47
17804.0,2.11,4.47
17805.0,2.11,4.47
17805.0,2.11,4.47
17806.0,2.11,4.47
17806.0,2.4,4.47
17807.0,2.4,4.47
17808.0,2.4,4.47
17808.0,2.4,4.47
17809.0,2.4,4.47
17809.0,2.44,4.47
17810.0,2.44,4.47
17810.0,2.44,4.47
17811.0,2.44,4.47
17812.0,2.44,4.47
17812.0,2.33,4.47
17813.0,2.33,4.47
17813.0,2.33,4.47
17814.0,2.33,4.47
17815.0,2.33,4.47
17815.0,2.33,4.47
17816.0,2.09,4.47
17816.0,2.09,4.47
17817.0,2.09,4.47
17817.0,2.09,4.47
17818.0,2.09,4.47
17819.0,1.72,4.47
17819.0,1.73,4.47
17820.0,1.72,4.47
17820.0,1.73,4.47
17821.0,1.72,4.47
17822.0,1.7,4.47
17822.0,1.7,4.47
17823.0,1.7,4.47
17823.0,1.7,4.47
17824.0,1.7,4.47
17825.0,1.7,4.47
17825.0,1.66,4.47
17826.0,1.66,4.47
17826.0,1.66,4.47
17827.0,1.66,4.47
17827.0,1.66,4.47
17828.0,1.97,4.47
17829.0,1.97,4.47
17829.0,1.97,4.47
17830.0,1.97,4.47
17830.0,1.97,4.47
17831.0,2.4,4.47
17832.0,2.4,4.47
17832.0,2.4,4.47
17833.0,2.4,4.47
17833.0,2.4,4.47
17834.0,2.23,4.47
17834.0,2.23,4.47
17835.0,2.23,4.47
17836.0,2.23,4.47
17836.0,2.23,4.47
17837.0,2.23,4.47
17837.0,1.9,4.47
17838.0,1.9,4.47
17839.0,1.9,4.47
17839.0,1.9,4.47
17840.0,1.9,4.47
17840.0,1.96,4.47
17841.0,1.96,4.47
17842.0,1.96,4.47
17842.0,1.96,4.47
17843.0,1.96,4.47
17843.0,1.97,4.47
17844.0,1.98,4.47
17844.0,1.97,4.47
17845.0,1.98,4.47
17846.0,1.97,4.47
17846.0,1.98,4.47
17847.0,2.29,4.47
17847.0,2.29,4.47
17848.0,2.29,4.47
17849.0,2.29,4.47
17849.0,2.29,4.47
17850.0,2.52,4.47
17850.0,2.51,4.47
17851.0,2.52,4.47
17851.0,2.51,4.47
17852.0,2.52,4.47
17853.0,2.31,4.47
17853.0,2.31,4.47
17854.0,2.31,4.47
17854.0,2.31,4.47
17855.0,2.31,4.47
17856.0,2.31,4.47
17856.0,2.14,4.47
17857.0,2.14,4.47
17857.0,2.14,4.47
17858.0,2.14,4.47
17859.0,2.14,4.47
17859.0,2.08,4.47
17860.0,2.08,4.47
17860.0,2.08,4.47
17861.0,2.08,4.47
17862.0,2.08,4.47
17862.0,2.1,4.47
17863.0,2.1,4.47
17863.0,2.1,4.47
17864.0,2.1,4.47
17864.0,2.1,4.47
17865.0,2.38,4.47
17866.0,2.38,4.47
17866.0,2.38,4.47
17867.0,2.38,4.47
17867.0,2.38,4.47
17868.0,2.38,4.47
17869.0,2.54,4.47
17869.0,2.54,4.47
17870.0,2.54,4.47
17870.0,2.54,4.47
17871.0,2.54,4.47
17872.0,2.44,4.47
17872.0,2.44,4.47
17873.0,2.44,4.47
17873.0,2.44,4.47
17874.0,2.44,4.47
17874.0,2.17,4.47
17875.0,2.17,4.47
17876.0,2.17,4.47
17876.0,2.17,4.47
17877.0,2.17,4.47
17877.0,2.17,4.47
17878.0,2.13,4.47
17879.0,2.13,4.47
17879.0,2.13,4.47
17880.0,2.13,4.47
17880.0,2.13,4.47
17881.0,2.16,4.47
17882.0,2.16,4.47
17882.0,2.16,4.47
17883.0,2.16,4.47
17883.0,2.16,4.47
17884.0,2.16,4.47
17884.0,2.16,4.47
17885.0,2.16,4.47
17886.0,2.16,4.47
17886.0,2.16,4.47
17887.0,2.16,4.47
17887.0,2.42,4.47
17888.0,2.42,4.47
17889.0,2.42,4.47
17889.0,2.42,4.47
17890.0,2.42,4.47
17890.0,2.62,4.47
17891.0,2.62,4.47
17891.0,2.62,4.47
17892.0,2.62,4.47
17893.0,2.62,4.47
17893.0,2.34,4.47
17894.0,2.34,4.47
17894.0,2.34,4.47
17895.0,2.34,4.47
17896.0,2.34,4.47
17896.0,2.34,4.47
17897.0,2.08,4.47
17897.0,2.08,4.47
17898.0,2.08,4.47
17899.0,2.08,4.47
17899.0,2.08,4.47
17900.0,1.89,4.47
17900.0,1.89,4.47
17901.0,1.89,4.47
17901.0,1.89,4.47
17902.0,1.89,4.47
17903.0,2.07,4.47
17903.0,2.07,4.47
17904.0,2.07,4.47
17904.0,2.07,4.47
17905.0,2.07,4.47
17906.0,2.07,4.47
17906.0,2.19,4.47
17907.0,2.19,4.47
17907.0,2.19,4.47
17908.0,2.19,4.47
17908.0,2.19,4.47
17909.0,2.33,4.47
17910.0,2.33,4.47
17910.0,2.33,4.47
17911.0,2.33,4.47
17911.0,2.33,4.47
17912.0,2.3,4.47
17913.0,2.3,4.47
17913.0,2.3,4.47
17914.0,2.3,4.47
17914.0,2.3,4.47
17915.0,2.3,4.47
17916.0,2.11,4.47
17916.0,2.11,4.47
17917.0,2.11,4.47
17917.0,2.11,4.47
17918.0,2.11,4.47
17918.0,1.96,4.47
17919.0,1.97,4.47
17920.0,1.96,4.47
17920.0,1.97,4.47
17921.0,1.96,4.47
17921.0,1.84,4.47
17922.0,1.83,4.47
17923.0,1.84,4.47
17923.0,1.83,4.47
17924.0,1.84,4.47
17924.0,1.83,4.47
17925.0,1.75,4.47
17925.0,1.75,4.47
17926.0,1.75,4.47
17927.0,1.75,4.47
17927.0,1.75,4.47
17928.0,2.2,4.47
17928.0,2.2,4.47
17929.0,2.2,4.47
17930.0,2.2,4.47
17930.0,2.2,4.47
17931.0,2.21,4.47
17931.0,2.21,4.47
17932.0,2.21,4.47
17933.0,2.21,4.47
17933.0,2.21,4.47
17934.0,2.21,4.47
17934.0,2.09,4.47
17935.0,2.09,4.47
17935.0,2.09,4.47
17936.0,2.09,4.47
17937.0,2.09,4.47
17937.0,1.97,4.47
17938.0,1.97,4.47
17938.0,1.97,4.47
17939.0,1.97,4.47
17940.0,1.97,4.47
17940.0,1.91,4.47
17941.0,1.91,4.47
17941.0,1.91,4.47
17942.0,1.91,4.47
17942.0,1.91,4.47
17943.0,1.91,4.47
17944.0,2.24,4.47
17944.0,2.24,4.47
17945.0,2.24,4.47
17945.0,2.24,4.47
17946.0,2.24,4.47
17947.0,2.59,4.47
17947.0,2.59,4.47
17948.0,2.59,4.47
17948.0,2.59,4.47
17949.0,2.59,4.47
17950.0,2.65,4.47
17950.0,2.65,4.47
17951.0,2.65,4.47
17951.0,2.65,4.47
17952.0,2.65,4.47
17952.0,2.48,4.47
17953.0,2.48,4.47
17954.0,2.48,4.47
17954.0,2.48,4.47
17955.0,2.48,4.47
17955.0,2.48,4.47
17956.0,2.24,4.47
17957.0,2.24,4.47
17957.0,2.24,4.47
17958.0,2.24,4.47
17958.0,2.24,4.47
17959.0,2.12,4.47
17960.0,2.11,4.47
17960.0,2.12,4.47
17961.0,2.11,4.47
17961.0,2.12,4.47
17962.0,2.05,4.47
17963.0,2.06,4.47
17963.0,2.05,4.47
17964.0,2.06,4.47
17964.0,2.05,4.47
17965.0,2.06,4.47
17965.0,2.01,4.47
17966.0,2.02,4.47
17967.0,2.01,4.47
17967.0,2.02,4.47
17968.0,2.01,4.47
17968.0,2.34,4.47
17969.0,2.34,4.47
17970.0,2.34,4.47
17970.0,2.34,4.47
17971.0,2.34,4.47
17971.0,2.65,4.47
17972.0,2.65,4.47
17972.0,2.65,4.47
17973.0,2.65,4.47
17974.0,2.65,4.47
17974.0,2.65,4.47
17975.0,2.15,4.47
17975.0,2.15,4.47
17976.0,2.15,4.47
17977.0,2.15,4.47
17977.0,2.15,4.47
17978.0,1.87,4.47
17978.0,1.87,4.47
17979.0,1.87,4.47
17980.0,1.87,4.47
17980.0,1.87,4.47
17981.0,1.89,4.47
17981.0,1.89,4.47
17982.0,1.89,4.47
17982.0,1.89,4.47
17983.0,1.89,4.47
17984.0,2.09,4.47
17984.0,2.08,4.47
17985.0,2.09,4.47
17985.0,2.08,4.47
17986.0,2.09,4.47
17987.0,2.08,4.47
17987.0,2.37,4.47
17988.0,2.36,4.47
17988.0,2.37,4.47
17989.0,2.36,4.47
17990.0,2.37,4.47
17990.0,2.51,4.47
17991.0,2.52,4.47
17991.0,2.51,4.47
17992.0,2.52,4.47
17992.0,2.51,4.47
17993.0,2.22,4.47
17994.0,2.22,4.47
17994.0,2.22,4.47
17995.0,2.22,4.47
17995.0,2.22,4.47
17996.0,2.22,4.47
17997.0,2.41,4.47
17997.0,2.41,4.47
17998.0,2.41,4.47
17998.0,2.41,4.47
17999.0,2.41,4.47
17999.0,2.39,4.47
18000.0,2.39,4.47
18001.0,2.39,4.47
18001.0,2.39,4.47
18002.0,2.39,4.47
18002.0,2.26,4.47
18003.0,2.26,4.47
18004.0,2.26,4.47
18004.0,2.26,4.47
18005.0,2.26,4.47
18005.0,2.26,4.47
18006.0,2.23,4.47
18007.0,2.23,4.47
18007.0,2.23,4.47
18008.0,2.23,4.47
18008.0,2.23,4.47
18009.0,2.28,4.47
18009.0,2.28,4.47
18010.0,2.28,4.47
18011.0,2.28,4.47
18011.0,2.28,4.47
18012.0,2.28,4.47
18012.0,2.27,4.47
18013.0,2.28,4.47
18014.0,2.27,4.47
18014.0,2.28,4.47
18015.0,2.27,4.47
18015.0,2.42,4.47
18016.0,2.42,4.47
18016.0,2.42,4.47
18017.0,2.42,4.47
18018.0,2.42,4.47
18018.0,2.21,4.47
18019.0,2.21,4.47
18019.0,2.21,4.47
18020.0,2.21,4.47
18021.0,2.21,4.47
18021.0,1.97,4.47
18022.0,1.96,4.47
18022.0,1.97,4.47
18023.0,1.96,4.47
18024.0,1.97,4.47
18024.0,1.96,4.47
18025.0,2.16,4.47
18025.0,2.16,4.47
18026.0,2.16,4.47
18026.0,2.16,4.47
18027.0,2.16,4.47
18028.0,2.37,4.47
18028.0,2.37,4.47
18029.0,2.37,4.47
18029.0,2.37,4.47
18030.0,2.37,4.47
18031.0,2.45,4.47
18031.0,2.45,4.47
18032.0,2.45,4.47
18032.0,2.45,4.47
18033.0,2.45,4.47
18033.0,2.45,4.47
18034.0,2.37,4.47
18035.0,2.37,4.47
18035.0,2.37,4.47
18036.0,2.37,4.47
18036.0,2.37,4.47
18037.0,1.92,4.47
18038.0,1.92,4.47
18038.0,1.92,4.47
18039.0,1.92,4.47
18039.0,1.92,4.47
18040.0,2.0,4.47
18041.0,1.99,4.47
18041.0,2.0,4.47
18042.0,1.99,4.47
18042.0,2.0,4.47
18043.0,1.99,4.47
18043.0,2.4,4.47
18044.0,2.4,4.47
18045.0,2.4,4.47
18045.0,2.4,4.47
18046.0,2.4,4.47
18046.0,2.5,4.47
18047.0,2.5,4.47
18048.0,2.5,4.47
18048.0,2.5,4.47
18049.0,2.5,4.47
18049.0,2.52,4.47
18050.0,2.52,4.47
18050.0,2.52,4.47
18051.0,2.52,4.47
18052.0,2.52,4.47
18052.0,2.52,4.47
18053.0,2.53,4.47
18053.0,2.52,4.47
18054.0,2.53,4.47
18055.0,2.52,4.47
18055.0,2.53,4.47
18056.0,2.34,4.47
18056.0,2.34,4.47
18057.0,2.34,4.47
18058.0,2.34,4.47
18058.0,2.34,4.47
18059.0,2.23,4.47
18059.0,2.23,4.47
18060.0,2.23,4.47
18061.0,2.23,4.47
18061.0,2.23,4.47
18062.0,2.08,4.47
18062.0,2.08,4.47
18063.0,2.08,4.47
18064.0,2.08,4.47
18064.0,2.08,4.47
18065.0,2.08,4.47
18065.0,2.18,4.47
18066.0,2.18,4.47
18066.0,2.18,4.47
18067.0,2.18,4.47
18068.0,2.18,4.47
18068.0,2.58,4.47
18069.0,2.58,4.47
18069.0,2.58,4.47
18070.0,2.58,4.47
18071.0,2.58,4.47
18071.0,2.45,4.47
18072.0,2.45,4.47
18072.0,2.45,4.47
18073.0,2.45,4.47
18073.0,2.45,4.47
18074.0,2.45,4.47
18075.0,2.31,4.47
18075.0,2.31,4.47
18076.0,2.31,4.47
18076.0,2.31,4.47
18077.0,2.31,4.47
18078.0,2.28,4.47
18078.0,2.27,4.47
18079.0,2.28,4.47
18079.0,2.27,4.47
18080.0,2.28,4.47
18080.0,2.09,4.47
18081.0,2.09,4.47
18082.0,2.09,4.47
18082.0,2.09,4.47
18083.0,2.09,4.47
18083.0,2.09,4.47
18084.0,2.32,4.47
18085.0,2.32,4.47
18085.0,2.32,4.47
18086.0,2.32,4.47
18086.0,2.32,4.47
18087.0,2.33,4.47
18088.0,2.33,4.47
18088.0,2.33,4.47
18089.0,2.33,4.47
18089.0,2.33,4.47
18090.0,2.39,4.47
18090.0,2.39,4.47
18091.0,2.39,4.47
18092.0,2.39,4.47
18092.0,2.39,4.47
18093.0,2.39,4.47
18093.0,2.32,4.47
18094.0,2.33,4.47
18095.0,2.32,4.47
18095.0,2.33,4.47
18096.0,2.32,4.47
18096.0,2.22,4.47
18097.0,2.22,4.47
18098.0,2.22,4.47
18098.0,2.22,4.47
18099.0,2.22,4.47
18099.0,1.84,4.47
18100.0,1.85,4.47
18100.0,1.84,4.47
18101.0,1.85,4.47
18102.0,1.84,4.47
18102.0,1.9,4.47
18103.0,1.9,4.47
18103.0,1.9,4.47
18104.0,1.9,4.47
18105.0,1.9,4.47
18105.0,1.9,4.47
18106.0,2.09,4.47
18106.0,2.08,4.47
18107.0,2.09,4.47
18107.0,2.08,4.47
18108.0,2.09,4.47
18109.0,2.15,4.47
18109.0,2.15,4.47
18110.0,2.15,4.47
18110.0,2.15,4.47
18111.0,2.15,4.47
18112.0,2.26,4.47
18112.0,2.26,4.47
18113.0,2.26,4.47
18113.0,2.26,4.47
18114.0,2.26,4.47
18115.0,2.26,4.47
18115.0,2.09,4.47
18116.0,2.08,4.47
18116.0,2.09,4.47
18117.0,2.08,4.47
18117.0,2.09,4.47
18118.0,1.83,4.47
18119.0,1.83,4.47
18119.0,1.83,4.47
18120.0,1.83,4.47
18120.0,1.83,4.47
18121.0,1.88,4.47
18122.0,1.88,4.47
18122.0,1.88,4.47
18123.0,1.88,4.47
18123.0,1.88,4.47
18124.0,1.88,4.47
18124.0,2.13,4.47
18125.0,2.13,4.47
18126.0,2.13,4.47
18126.0,2.13,4.47
18127.0,2.13,4.47
18127.0,2.46,4.47
18128.0,2.46,4.47
18129.0,2.46,4.47
18129.0,2.46,4.47
18130.0,2.46,4.47
18130.0,2.61,4.47
18131.0,2.61,4.47
18132.0,2.61,4.47
18132.0,2.61,4.47
18133.0,2.61,4.47
18133.0,2.61,4.47
18134.0,2.31,4.47
18134.0,2.3,4.47
18135.0,2.31,4.47
18136.0,2.3,4.47
18136.0,2.31,4.47
18137.0,2.3,4.47
18137.0,2.31,4.47
18138.0,2.3,4.47
18139.0,2.31,4.47
18139.0,2.3,4.47
18140.0,2.37,4.47
18140.0,2.37,4.47
18141.0,2.37,4.47
18141.0,2.37,4.47
18142.0,2.37,4.47
18143.0,2.37,4.47
18143.0,2.19,4.47
18144.0,2.19,4.47
18144.0,2.19,4.47
18145.0,2.19,4.47
18146.0,2.19,4.47
18146.0,2.23,4.47
18147.0,2.23,4.47
18147.0,2.23,4.47
18148.0,2.23,4.47
18149.0,2.23,4.47
18149.0,2.45,4.47
18150.0,2.45,4.47
18150.0,2.45,4.47
18151.0,2.45,4.47
18151.0,2.45,4.47
18152.0,2.45,4.47
18153.0,2.52,4.47
18153.0,2.52,4.47
18154.0,2.52,4.47
18154.0,2.52,4.47
18155.0,2.52,4.47
18156.0,2.31,4.47
18156.0,2.31,4.47
18157.0,2.31,4.47
18157.0,2.31,4.47
18158.0,2.31,4.47
18159.0,2.02,4.47
18159.0,2.01,4.47
18160.0,2.02,4.47
18160.0,2.01,4.47
18161.0,2.02,4.47
18162.0,2.02,4.47
18162.0,2.03,4.47
18163.0,2.02,4.47
18163.0,2.03,4.47
18164.0,2.02,4.47
18164.0,2.03,4.47
18165.0,2.11,4.47
18166.0,2.12,4.47
18166.0,2.11,4.47
18167.0,2.12,4.47
18167.0,2.11,4.47
18168.0,2.47,4.47
18169.0,2.47,4.47
18169.0,2.47,4.47
18170.0,2.47,4.47
18170.0,2.47,4.47
18171.0,2.66,4.47
18172.0,2.66,4.47
18172.0,2.66,4.47
18173.0,2.66,4.47
18173.0,2.66,4.47
18174.0,2.66,4.47
18174.0,2.58,4.47
18175.0,2.58,4.47
18176.0,2.58,4.47
18176.0,2.58,4.47
18177.0,2.58,4.47
18177.0,2.31,4.47
18178.0,2.31,4.47
18179.0,2.31,4.47
18179.0,2.31,4.47
18180.0,2.31,4.47
18180.0,2.28,4.47
18181.0,2.29,4.47
18181.0,2.28,4.47
18182.0,2.29,4.47
18183.0,2.28,4.47
18183.0,2.29,4.47
18184.0,2.23,4.47
18184.0,2.23,4.47
18185.0,2.23,4.47
18186.0,2.23,4.47
18186.0,2.23,4.47
18187.0,2.43,4.47
18187.0,2.43,4.47
18188.0,2.43,4.47
18189.0,2.43,4.47
18189.0,2.43,4.47
18190.0,2.56,4.47
18190.0,2.56,4.47
18191.0,2.56,4.47
18191.0,2.56,4.47
18192.0,2.56,4.47
18193.0,2.56,4.47
18193.0,2.48,4.47
18194.0,2.48,4.47
18194.0,2.48,4.47
18195.0,2.48,4.47
18196.0,2.48,4.47
18196.0,2.17,4.47
18197.0,2.17,4.47
18197.0,2.17,4.47
18198.0,2.17,4.47
18198.0,2.17,4.47
18199.0,2.02,4.47
18200.0,2.03,4.47
18200.0,2.02,4.47
18201.0,2.03,4.47
18201.0,2.02,4.47
18202.0,2.03,4.47
18203.0,1.88,4.47
18203.0,1.88,4.47
18204.0,1.88,4.47
18204.0,1.88,4.47
18205.0,1.88,4.47
18206.0,2.04,4.47
18206.0,2.04,4.47
18207.0,2.04,4.47
18207.0,2.04,4.47
18208.0,2.04,4.47
18208.0,2.32,4.47
18209.0,2.32,4.47
18210.0,2.32,4.47
18210.0,2.32,4.47
18211.0,2.32,4.47
18211.0,2.32,4.47
18212.0,2.41,4.47
18213.0,2.41,4.47
18213.0,2.41,4.47
18214.0,2.41,4.47
18214.0,2.41,4.47
18215.0,2.32,4.47
18215.0,2.32,4.47
18216.0,2.32,4.47
18217.0,2.32,4.47
18217.0,2.32,4.47
18218.0,2.05,4.47
18218.0,2.05,4.47
18219.0,2.05,4.47
18220.0,2.05,4.47
18220.0,2.05,4.47
18221.0,2.05,4.47
18221.0,2.05,4.47
18222.0,2.05,4.47
18223.0,2.05,4.47
18223.0,2.05,4.47
18224.0,2.05,4.47
18224.0,2.36,4.47
18225.0,2.35,4.47
18225.0,2.36,4.47
18226.0,2.35,4.47
18227.0,2.36,4.47
18227.0,2.57,4.47
18228.0,2.58,4.47
18228.0,2.57,4.47
18229.0,2.58,4.47
18230.0,2.57,4.47
18230.0,2.49,4.47
18231.0,2.49,4.47
18231.0,2.49,4.47
18232.0,2.49,4.47
18232.0,2.49,4.47
18233.0,2.49,4.47
18234.0,2.54,4.47
18234.0,2.53,4.47
18235.0,2.54,4.47
18235.0,2.53,4.47
18236.0,2.54,4.47
18237.0,2.29,4.47
18237.0,2.3,4.47
18238.0,2.29,4.47
18238.0,2.3,4.47
18239.0,2.29,4.47
18240.0,1.74,4.47
18240.0,1.74,4.47
18241.0,1.74,4.47
18241.0,1.74,4.47
18242.0,1.74,4.47
18242.0,1.74,4.47
18243.0,1.78,4.47
18244.0,1.78,4.47
18244.0,1.78,4.47
18245.0,1.78,4.47
18245.0,1.78,4.47
18246.0,2.3,4.47
18247.0,2.31,4.47
18247.0,2.3,4.47
18248.0,2.31,4.47
18248.0,2.3,4.47
18249.0,2.52,4.47
18249.0,2.52,4.47
18250.0,2.52,4.47
18251.0,2.52,4.47
18251.0,2.52,4.47
18252.0,2.52,4.47
18252.0,2.44,4.47
18253.0,2.44,4.47
18254.0,2.44,4.47
18254.0,2.44,4.47
18255.0,2.44,4.47
18255.0,2.37,4.47
18256.0,2.37,4.47
18257.0,2.37,4.47
18257.0,2.37,4.47
18258.0,2.37,4.47
18258.0,2.24,4.47
18259.0,2.24,4.47
18259.0,2.24,4.47
18260.0,2.24,4.47
18261.0,2.24,4.47
18261.0,2.16,4.47
18262.0,2.16,4.47
18262.0,2.16,4.47
18263.0,2.16,4.47
18264.0,2.16,4.47
18264.0,2.16,4.47
18265.0,2.23,4.47
18265.0,2.23,4.47
18266.0,2.23,4.47
18267.0,2.23,4.47
18267.0,2.23,4.47
18268.0,2.43,4.47
18268.0,2.43,4.47
18269.0,2.43,4.47
18270.0,2.43,4.47
18270.0,2.43,4.47
18271.0,2.52,4.47
18271.0,2.52,4.47
18272.0,2.52,4.47
18272.0,2.52,4.47
18273.0,2.52,4.47
18274.0,2.52,4.47
18274.0,2.22,4.47
18275.0,2.22,4.47
18275.0,2.22,4.47
18276.0,2.22,4.47
18277.0,2.22,4.47
18277.0,2.0,4.47
18278.0,2.0,4.47
18278.0,2.0,4.47
18279.0,2.0,4.47
18280.0,2.0,4.47
18280.0,2.18,4.47
18281.0,2.18,4.47
18281.0,2.18,4.47
18282.0,2.18,4.47
18282.0,2.18,4.47
18283.0,2.18,4.47
18284.0,2.05,4.47
18284.0,2.05,4.47
18285.0,2.05,4.47
18285.0,2.05,4.47
18286.0,2.05,4.47
18287.0,2.01,4.47
18287.0,2.0,4.47
18288.0,2.01,4.47
18288.0,2.0,4.47
18289.0,2.01,4.47
18289.0,2.26,4.47
18290.0,2.26,4.47
18291.0,2.26,4.47
18291.0,2.26,4.47
18292.0,2.26,4.47
18292.0,2.26,4.47
18293.0,2.25,4.47
18294.0,2.26,4.47
18294.0,2.25,4.47
18295.0,2.26,4.47
18295.0,2.25,4.47
18296.0,2.16,4.47
18297.0,2.16,4.47
18297.0,2.16,4.47
18298.0,2.16,4.47
18298.0,2.16,4.47
18299.0,1.86,4.47
18299.0,1.86,4.47
18300.0,1.86,4.47
18301.0,1.86,4.47
18301.0,1.86,4.47
18302.0,1.86,4.47
18302.0,1.77,4.47
18303.0,1.77,4.47
18304.0,1.77,4.47
18304.0,1.77,4.47
18305.0,1.77,4.47
18305.0,2.12,4.47
18306.0,2.12,4.47
18306.0,2.12,4.47
18307.0,2.12,4.47
18308.0,2.12,4.47
18308.0,2.49,4.47
18309.0,2.49,4.47
18309.0,2.49,4.47
18310.0,2.49,4.47
18311.0,2.49,4.47
18311.0,2.49,4.47
18312.0,2.41,4.47
18312.0,2.41,4.47
18313.0,2.41,4.47
18314.0,2.41,4.47
18314.0,2.41,4.47
18315.0,2.29,4.47
18315.0,2.28,4.47
18316.0,2.29,4.47
18316.0,2.28,4.47
18317.0,2.29,4.47
18318.0,2.1,4.47
18318.0,2.11,4.47
18319.0,2.1,4.47
18319.0,2.11,4.47
18320.0,2.1,4.47
18321.0,2.11,4.47
18321.0,2.02,4.47
18322.0,2.02,4.47
18322.0,2.02,4.47
18323.0,2.02,4.47
18323.0,2.02,4.47
18324.0,2.29,4.47
18325.0,2.29,4.47
18325.0,2.29,4.47
18326.0,2.29,4.47
18326.0,2.29,4.47
18327.0,2.56,4.47
18328.0,2.56,4.47
18328.0,2.56,4.47
18329.0,2.56,4.47
18329.0,2.56,4.47
18330.0,2.56,4.47
18331.0,2.56,4.47
18331.0,2.56,4.47
18332.0,2.56,4.47
18332.0,2.56,4.47
18333.0,2.56,4.47
18333.0,2.35,4.47
18334.0,2.35,4.47
18335.0,2.35,4.47
18335.0,2.35,4.47
18336.0,2.35,4.47
18336.0,2.29,4.47
18337.0,2.29,4.47
18338.0,2.29,4.47
18338.0,2.29,4.47
18339.0,2.29,4.47
18339.0,2.07,4.47
18340.0,2.07,4.47
18340.0,2.07,4.47
18341.0,2.07,4.47
18342.0,2.07,4.47
18342.0,2.07,4.47
18343.0,2.05,4.47
18343.0,2.05,4.47
18344.0,2.05,4.47
18345.0,2.05,4.47
18345.0,2.05,4.47
18346.0,2.12,4.47
18346.0,2.12,4.47
18347.0,2.12,4.47
18348.0,2.12,4.47
18348.0,2.12,4.47
18349.0,2.29,4.47
18349.0,2.29,4.47
18350.0,2.29,4.47
18350.0,2.29,4.47
18351.0,2.29,4.47
18352.0,2.29,4.47
18352.0,2.48,4.47
18353.0,2.48,4.47
18353.0,2.48,4.47
18354.0,2.48,4.47
18355.0,2.48,4.47
18355.0,2.34,4.47
18356.0,2.35,4.47
18356.0,2.34,4.47
18357.0,2.35,4.47
18357.0,2.34,4.47
18358.0,2.08,4.47
18359.0,2.07,4.47
18359.0,2.08,4.47
18360.0,2.07,4.47
18360.0,2.08,4.47
18361.0,2.07,4.47
18362.0,1.88,4.47
18362.0,1.88,4.47
18363.0,1.88,4.47
18363.0,1.88,4.47
18364.0,1.88,4.47
18365.0,2.07,4.47
18365.0,2.07,4.47
18366.0,2.07,4.47
18366.0,2.07,4.47
18367.0,2.07,4.47
18368.0,2.5,4.47
18368.0,2.5,4.47
18369.0,2.5,4.47
18369.0,2.5,4.47
18370.0,2.5,4.47
18371.0,2.5,4.47
18371.0,2.62,4.47
18372.0,2.62,4.47
18372.0,2.62,4.47
18373.0,2.62,4.47
18373.0,2.62,4.47
18374.0,2.32,4.47
18375.0,2.32,4.47
18375.0,2.32,4.47
18376.0,2.32,4.47
18376.0,2.32,4.47
18377.0,2.16,4.47
18378.0,2.16,4.47
18378.0,2.16,4.47
18379.0,2.16,4.47
18379.0,2.16,4.47
18380.0,2.17,4.47
18380.0,2.17,4.47
18381.0,2.17,4.47
18382.0,2.17,4.47
18382.0,2.17,4.47
18383.0,2.17,4.47
18383.0,2.05,4.47
18384.0,2.05,4.47
18385.0,2.05,4.47
18385.0,2.05,4.47
18386.0,2.05,4.47
18386.0,2.22,4.47
18387.0,2.22,4.47
18388.0,2.22,4.47
18388.0,2.22,4.47
18389.0,2.22,4.47
18389.0,2.41,4.47
18390.0,2.41,4.47
18390.0,2.41,4.47
18391.0,2.41,4.47
18392.0,2.41,4.47
18392.0,2.41,4.47
18393.0,2.37,4.47
18393.0,2.37,4.47
18394.0,2.37,4.47
18395.0,2.37,4.47
18395.0,2.37,4.47
18396.0,2.19,4.47
18396.0,2.19,4.47
18397.0,2.19,4.47
18397.0,2.19,4.47
18398.0,2.19,4.47
18399.0,1.87,4.47
18399.0,1.87,4.47
18400.0,1.87,4.47
18400.0,1.87,4.47
18401.0,1.87,4.47
18402.0,1.87,4.47
18402.0,1.97,4.47
18403.0,1.98,4.47
18403.0,1.97,4.47
18404.0,1.98,4.47
18405.0,1.97,4.47
18405.0,2.43,4.47
18406.0,2.43,4.47
18406.0,2.43,4.47
18407.0,2.43,4.47
18407.0,2.43,4.47
18408.0,2.64,4.47
18409.0,2.64,4.47
18409.0,2.64,4.47
18410.0,2.64,4.47
18410.0,2.64,4.47
18411.0,2.64,4.47
18412.0,2.63,4.47
18412.0,2.63,4.47
18413.0,2.63,4.47
18413.0,2.63,4.47
18414.0,2.63,4.47
18414.0,2.38,4.47
18415.0,2.38,4.47
18416.0,2.38,4.47
18416.0,2.38,4.47
18417.0,2.38,4.47
18417.0,2.21,4.47
18418.0,2.21,4.47
18419.0,2.21,4.47
18419.0,2.21,4.47
18420.0,2.21,4.47
18420.0,2.21,4.47
18421.0,2.15,4.47
18422.0,2.15,4.47
18422.0,2.15,4.47
18423.0,2.15,4.47
18423.0,2.15,4.47
18424.0,2.26,4.47
18424.0,2.26,4.47
18425.0,2.26,4.47
18426.0,2.26,4.47
18426.0,2.26,4.47
18427.0,2.38,4.47
18427.0,2.38,4.47
18428.0,2.38,4.47
18429.0,2.38,4.47
18429.0,2.38,4.47
18430.0,2.38,4.47
18430.0,2.62,4.47
18431.0,2.62,4.47
18431.0,2.62,4.47
18432.0,2.62,4.47
18433.0,2.62,4.47
18433.0,2.52,4.47
18434.0,2.52,4.47
18434.0,2.52,4.47
18435.0,2.52,4.47
18436.0,2.52,4.47
18436.0,2.28,4.47
18437.0,2.28,4.47
18437.0,2.28,4.47
18438.0,2.28,4.47
18439.0,2.28,4.47
18439.0,2.28,4.47
18440.0,2.15,4.47
18440.0,2.15,4.47
18441.0,2.15,4.47
18441.0,2.15,4.47
18442.0,2.15,4.47
18443.0,2.15,4.47
18443.0,2.15,4.47
18444.0,2.15,4.47
18444.0,2.15,4.47
18445.0,2.15,4.47
18446.0,2.26,4.47
18446.0,2.26,4.47
18447.0,2.26,4.47
18447.0,2.26,4.47
18448.0,2.26,4.47
18449.0,2.26,4.47
18449.0,2.53,4.47
18450.0,2.53,4.47
18450.0,2.53,4.47
18451.0,2.53,4.47
18451.0,2.53,4.47
18452.0,2.54,4.47
18453.0,2.53,4.47
18453.0,2.54,4.47
18454.0,2.53,4.47
18454.0,2.54,4.47
18455.0,2.19,4.47
18456.0,2.19,4.47
18456.0,2.19,4.47
18457.0,2.19,4.47
18457.0,2.19,4.47
18458.0,2.07,4.47
18458.0,2.06,4.47
18459.0,2.07,4.47
18460.0,2.06,4.47
18460.0,2.07,4.47
18461.0,2.06,4.47
18461.0,2.1,4.47
18462.0,2.1,4.47
18463.0,2.1,4.47
18463.0,2.1,4.47
18464.0,2.1,4.47
18464.0,2.18,4.47
18465.0,2.18,4.47
18466.0,2.18,4.47
18466.0,2.18,4.47
18467.0,2.18,4.47
18467.0,2.52,4.47
18468.0,2.51,4.47
18469.0,2.52,4.47
18469.0,2.51,4.47
18470.0,2.52,4.47
18470.0,2.51,4.47
18471.0,2.72,4.47
18471.0,2.72,4.47
18472.0,2.72,4.47
18473.0,2.72,4.47
18473.0,2.72,4.47
18474.0,2.45,4.47
18474.0,2.45,4.47
18475.0,2.45,4.47
18476.0,2.45,4.47
18476.0,2.45,4.47
18477.0,2.2,4.47
18477.0,2.2,4.47
18478.0,2.2,4.47
18479.0,2.2,4.47
18479.0,2.2,4.47
18480.0,2.2,4.47
18480.0,2.03,4.47
18481.0,2.03,4.47
18481.0,2.03,4.47
18482.0,2.03,4.47
18483.0,2.03,4.47
18483.0,2.05,4.47
18484.0,2.06,4.47
18484.0,2.05,4.47
18485.0,2.06,4.47
18486.0,2.05,4.47
18486.0,2.18,4.47
18487.0,2.18,4.47
18487.0,2.18,4.47
18488.0,2.18,4.47
18488.0,2.18,4.47
18489.0,2.18,4.47
18490.0,2.49,4.47
18490.0,2.49,4.47
18491.0,2.49,4.47
18491.0,2.49,4.47
18492.0,2.49,4.47
18493.0,2.53,4.47
18493.0,2.53,4.47
18494.0,2.53,4.47
18494.0,2.53,4.47
18495.0,2.53,4.47
18496.0,2.18,4.47
18496.0,2.18,4.47
18497.0,2.18,4.47
18497.0,2.18,4.47
18498.0,2.18,4.47
18498.0,2.18,4.47
18499.0,1.98,4.47
18500.0,1.98,4.47
18500.0,1.98,4.47
18501.0,1.98,4.47
18501.0,1.98,4.47
18502.0,2.18,4.47
18503.0,2.18,4.47
18503.0,2.18,4.47
18504.0,2.18,4.47
18504.0,2.18,4.47
18505.0,2.02,4.47
18505.0,2.02,4.47
18506.0,2.02,4.47
18507.0,2.02,4.47
18507.0,2.02,4.47
18508.0,2.29,4.47
18508.0,2.3,4.47
18509.0,2.29,4.47
18510.0,2.3,4.47
18510.0,2.29,4.47
18511.0,2.3,4.47
18511.0,2.78,4.47
18512.0,2.78,4.47
18513.0,2.78,4.47
18513.0,2.78,4.47
18514.0,2.78,4.47
18514.0,2.6,4.47
18515.0,2.59,4.47
18515.0,2.6,4.47
18516.0,2.59,4.47
18517.0,2.6,4.47
18517.0,2.26,4.47
18518.0,2.26,4.47
18518.0,2.26,4.47
18519.0,2.26,4.47
18520.0,2.26,4.47
18520.0,2.26,4.47
18521.0,2.15,4.47
18521.0,2.15,4.47
18522.0,2.15,4.47
18522.0,2.15,4.47
18523.0,2.15,4.47
18524.0,2.36,4.47
18524.0,2.36,4.47
18525.0,2.36,4.47
18525.0,2.36,4.47
18526.0,2.36,4.47
18527.0,2.4,4.47
18527.0,2.4,4.47
18528.0,2.4,4.47
18528.0,2.4,4.47
18529.0,2.4,4.47
18530.0,2.4,4.47
18530.0,2.36,4.47
18531.0,2.36,4.47
18531.0,2.36,4.47
18532.0,2.36,4.47
18532.0,2.36,4.47
18533.0,2.39,4.47
18534.0,2.39,4.47
18534.0,2.39,4.47
18535.0,2.39,4.47
18535.0,2.39,4.47
18536.0,2.13,4.47
18537.0,2.13,4.47
18537.0,2.13,4.47
18538.0,2.13,4.47
18538.0,2.13,4.47
18539.0,2.13,4.47
18539.0,1.76,4.47
18540.0,1.76,4.47
18541.0,1.76,4.47
18541.0,1.76,4.47
18542.0,1.76,4.47
18542.0,1.79,4.47
18543.0,1.79,4.47
18544.0,1.79,4.47
18544.0,1.79,4.47
18545.0,1.79,4.47
18545.0,2.03,4.47
18546.0,2.03,4.47
18547.0,2.03,4.47
18547.0,2.03,4.47
18548.0,2.03,4.47
18548.0,2.03,4.47
18549.0,2.4,4.47
18549.0,2.4,4.47
18550.0,2.4,4.47
18551.0,2.4,4.47
18551.0,2.4,4.47
18552.0,2.34,4.47
18552.0,2.33,4.47
18553.0,2.34,4.47
18554.0,2.33,4.47
18554.0,2.34,4.47
18555.0,2.16,4.47
18555.0,2.16,4.47
18556.0,2.16,4.47
18557.0,2.16,4.47
18557.0,2.16,4.47
18558.0,2.16,4.47
18558.0,2.18,4.47
18559.0,2.18,4.47
18559.0,2.18,4.47
18560.0,2.18,4.47
18561.0,2.18,4.47
18561.0,1.97,4.47
18562.0,1.97,4.47
18562.0,1.97,4.47
18563.0,1.97,4.47
18564.0,1.97,4.47
18564.0,2.15,4.47
18565.0,2.15,4.47
18565.0,2.15,4.47
18566.0,2.15,4.47
18567.0,2.15,4.47
18567.0,2.22,4.47
18568.0,2.22,4.47
18568.0,2.22,4.47
18569.0,2.22,4.47
18570.0,2.22,4.47
18570.0,2.22,4.47
18571.0,2.26,4.47
18571.0,2.26,4.47
18572.0,2.26,4.47
18572.0,2.26,4.47
18573.0,2.26,4.47
18574.0,2.37,4.47
18574.0,2.37,4.47
18575.0,2.37,4.47
18575.0,2.37,4.47
18576.0,2.37,4.47
18577.0,2.13,4.47
18577.0,2.13,4.47
18578.0,2.13,4.47
18578.0,2.13,4.47
18579.0,2.13,4.47
18579.0,2.13,4.47
18580.0,1.82,4.47
18581.0,1.82,4.47
18581.0,1.82,4.47
18582.0,1.82,4.47
18582.0,1.82,4.47
18583.0,1.81,4.47
18584.0,1.82,4.47
18584.0,1.81,4.47
18585.0,1.82,4.47
18585.0,1.81,4.47
18586.0,2.05,4.47
18587.0,2.05,4.47
18587.0,2.05,4.47
18588.0,2.05,4.47
18588.0,2.05,4.47
18589.0,2.05,4.47
18589.0,2.49,4.47
18590.0,2.49,4.47
18591.0,2.49,4.47
18591.0,2.49,4.47
18592.0,2.49,4.47
18592.0,2.35,4.47
18593.0,2.35,4.47
18594.0,2.35,4.47
18594.0,2.35,4.47
18595.0,2.35,4.47
18595.0,2.09,4.47
18596.0,2.08,4.47
18596.0,2.09,4.47
18597.0,2.08,4.47
18598.0,2.09,4.47
18598.0,2.08,4.47
18599.0,2.14,4.47
18599.0,2.14,4.47
18600.0,2.14,4.47
18601.0,2.14,4.47
18601.0,2.14,4.47
18602.0,1.86,4.47
18602.0,1.87,4.47
18603.0,1.86,4.47
18604.0,1.87,4.47
18604.0,1.86,4.47
18605.0,2.01,4.47
18605.0,2.0,4.47
18606.0,2.01,4.47
18606.0,2.0,4.47
18607.0,2.01,4.47
18608.0,2.0,4.47
18608.0,2.47,4.47
18609.0,2.47,4.47
18609.0,2.47,4.47
18610.0,2.47,4.47
18611.0,2.47,4.47
18611.0,2.42,4.47
18612.0,2.42,4.47
18612.0,2.42,4.47
18613.0,2.42,4.47
18613.0,2.42,4.47
18614.0,2.22,4.47
18615.0,2.22,4.47
18615.0,2.22,4.47
18616.0,2.22,4.47
18616.0,2.22,4.47
18617.0,2.22,4.47
18618.0,2.3,4.47
18618.0,2.3,4.47
18619.0,2.3,4.47
18619.0,2.3,4.47
18620.0,2.3,4.47
18621.0,2.12,4.47
18621.0,2.12,4.47
18622.0,2.12,4.47
18622.0,2.12,4.47
18623.0,2.12,4.47
18623.0,2.14,4.47
18624.0,2.14,4.47
18625.0,2.14,4.47
18625.0,2.14,4.47
18626.0,2.14,4.47
18626.0,2.46,4.47
18627.0,2.46,4.47
18628.0,2.46,4.47
18628.0,2.46,4.47
18629.0,2.46,4.47
18629.0,2.46,4.47
18630.0,2.51,4.47
18630.0,2.52,4.47
18631.0,2.51,4.47
18632.0,2.52,4.47
18632.0,2.51,4.47
18633.0,2.34,4.47
18633.0,2.33,4.47
18634.0,2.34,4.47
18635.0,2.33,4.47
18635.0,2.34,4.47
18636.0,2.15,4.47
18636.0,2.15,4.47
18637.0,2.15,4.47
18638.0,2.15,4.47
18638.0,2.15,4.47
18639.0,2.15,4.47
18639.0,1.87,4.47
18640.0,1.87,4.47
18640.0,1.87,4.47
18641.0,1.87,4.47
18642.0,1.87,4.47
18642.0,1.71,4.47
18643.0,1.71,4.47
18643.0,1.71,4.47
18644.0,1.71,4.47
18645.0,1.71,4.47
18645.0,1.9,4.47
18646.0,1.9,4.47
18646.0,1.9,4.47
18647.0,1.9,4.47
18647.0,1.9,4.47
18648.0,1.9,4.47
18649.0,2.23,4.47
18649.0,2.23,4.47
18650.0,2.23,4.47
18650.0,2.23,4.47
18651.0,2.23,4.47
18652.0,2.37,4.47
18652.0,2.37,4.47
18653.0,2.37,4.47
18653.0,2.37,4.47
18654.0,2.37,4.47
18655.0,2.11,4.47
18655.0,2.12,4.47
18656.0,2.11,4.47
18656.0,2.12,4.47
18657.0,2.11,4.47
18657.0,2.12,4.47
18658.0,2.09,4.47
18659.0,2.09,4.47
18659.0,2.09,4.47
18660.0,2.09,4.47
18660.0,2.09,4.47
18661.0,2.09,4.47
18662.0,2.09,4.47
18662.0,2.09,4.47
18663.0,2.09,4.47
18663.0,2.09,4.47
18664.0,2.3,4.47
18665.0,2.3,4.47
18665.0,2.3,4.47
18666.0,2.3,4.47
18666.0,2.3,4.47
18667.0,2.48,4.47
18668.0,2.48,4.47
18668.0,2.48,4.47
18669.0,2.48,4.47
18669.0,2.48,4.47
18670.0,2.48,4.47
18670.0,2.43,4.47
18671.0,2.43,4.47
18672.0,2.43,4.47
18672.0,2.43,4.47
18673.0,2.43,4.47
18673.0,2.2,4.47
18674.0,2.2,4.47
18675.0,2.2,4.47
18675.0,2.2,4.47
18676.0,2.2,4.47
18676.0,2.09,4.47
18677.0,2.08,4.47
18678.0,2.09,4.47
18678.0,2.08,4.47
18679.0,2.09,4.47
18679.0,2.08,4.47
18680.0,2.16,4.47
18680.0,2.16,4.47
18681.0,2.16,4.47
18682.0,2.16,4.47
18682.0,2.16,4.47
18683.0,2.06,4.47
18683.0,2.06,4.47
18684.0,2.06,4.47
18685.0,2.06,4.47
18685.0,2.06,4.47
18686.0,2.01,4.47
18686.0,2.01,4.47
18687.0,2.01,4.47
18687.0,2.01,4.47
18688.0,2.01,4.47
18689.0,2.01,4.47
18689.0,2.39,4.47
18690.0,2.39,4.47
18690.0,2.39,4.47
18691.0,2.39,4.47
18692.0,2.39,4.47
18692.0,2.38,4.47
18693.0,2.38,4.47
18693.0,2.38,4.47
18694.0,2.38,4.47
18695.0,2.38,4.47
18695.0,2.26,4.47
18696.0,2.26,4.47
18696.0,2.26,4.47
18697.0,2.26,4.47
18697.0,2.26,4.47
18698.0,2.26,4.47
18699.0,1.95,4.47
18699.0,1.94,4.47
18700.0,1.95,4.47
18700.0,1.94,4.47
18701.0,1.95,4.47
18702.0,1.78,4.47
18702.0,1.78,4.47
18703.0,1.78,4.47
18703.0,1.78,4.47
18704.0,1.78,4.47
18704.0,2.24,4.47
18705.0,2.24,4.47
18706.0,2.24,4.47
18706.0,2.24,4.47
18707.0,2.24,4.47
18707.0,2.24,4.47
18708.0,2.48,4.47
18709.0,2.48,4.47
18709.0,2.48,4.47
18710.0,2.48,4.47
18710.0,2.48,4.47
18711.0,2.34,4.47
18712.0,2.34,4.47
18712.0,2.34,4.47
18713.0,2.34,4.47
18713.0,2.34,4.47
18714.0,2.29,4.47
18714.0,2.29,4.47
18715.0,2.29,4.47
18716.0,2.29,4.47
18716.0,2.29,4.47
18717.0,2.29,4.47
18717.0,2.49,4.47
18718.0,2.49,4.47
18719.0,2.49,4.47
18719.0,2.49,4.47
18720.0,2.49,4.47
18720.0,2.24,4.47
18721.0,2.24,4.47
18721.0,2.24,4.47
18722.0,2.24,4.47
18723.0,2.24,4.47
18723.0,1.96,4.47
18724.0,1.95,4.47
18724.0,1.96,4.47
18725.0,1.95,4.47
18726.0,1.96,4.47
18726.0,1.95,4.47
18727.0,2.18,4.47
18727.0,2.18,4.47
18728.0,2.18,4.47
18729.0,2.18,4.47
18729.0,2.18,4.47
18730.0,2.67,4.47
18730.0,2.67,4.47
18731.0,2.67,4.47
18731.0,2.67,4.47
18732.0,2.67,4.47
18733.0,2.58,4.47
18733.0,2.58,4.47
18734.0,2.58,4.47
18734.0,2.58,4.47
18735.0,2.58,4.47
18736.0,2.58,4.47
18736.0,2.07,4.47
18737.0,2.07,4.47
18737.0,2.07,4.47
18738.0,2.07,4.47
18739.0,2.07,4.47
18739.0,1.77,4.47
18740.0,1.77,4.47
18740.0,1.77,4.47
18741.0,1.77,4.47
18741.0,1.77,4.47
18742.0,1.89,4.47
18743.0,1.89,4.47
18743.0,1.89,4.47
18744.0,1.89,4.47
18744.0,1.89,4.47
18745.0,1.98,4.47
18746.0,1.98,4.47
18746.0,1.98,4.47
18747.0,1.98,4.47
18747.0,1.98,4.47
18748.0,1.98,4.47
18748.0,2.09,4.47
18749.0,2.09,4.47
18750.0,2.09,4.47
18750.0,2.09,4.47
18751.0,2.09,4.47
18751.0,2.3,4.47
18752.0,2.3,4.47
18753.0,2.3,4.47
18753.0,2.3,4.47
18754.0,2.3,4.47
18754.0,2.1,4.47
18755.0,2.1,4.47
18755.0,2.1,4.47
18756.0,2.1,4.47
18757.0,2.1,4.47
18757.0,2.1,4.47
18758.0,1.95,4.47
18758.0,1.95,4.47
18759.0,1.95,4.47
18760.0,1.95,4.47
18760.0,1.95,4.47
18761.0,1.98,4.47
18761.0,1.98,4.47
18762.0,1.98,4.47
18763.0,1.98,4.47
18763.0,1.98,4.47
18764.0,2.09,4.47
18764.0,2.09,4.47
18765.0,2.09,4.47
18765.0,2.09,4.47
18766.0,2.09,4.47
18767.0,2.09,4.47
18767.0,2.28,4.47
18768.0,2.28,4.47
18769.0,2.28,4.47
18769.0,2.28,4.47
18770.0,2.28,4.47
18770.0,2.32,4.47
18771.0,2.32,4.47
18771.0,2.32,4.47
18772.0,2.32,4.47
18773.0,2.32,4.47
18773.0,2.36,4.47
18774.0,2.36,4.47
18774.0,2.36,4.47
18775.0,2.36,4.47
18776.0,2.36,4.47
18776.0,2.06,4.47
18777.0,2.06,4.47
18777.0,2.06,4.47
18778.0,2.06,4.47
18778.0,2.06,4.47
18779.0,2.06,4.47
18780.0,1.76,4.47
18780.0,1.76,4.47
18781.0,1.76,4.47
18781.0,1.76,4.47
18782.0,1.76,4.47
18783.0,1.81,4.47
18783.0,1.81,4.47
18784.0,1.81,4.47
18784.0,1.81,4.47
18785.0,1.81,4.47
18786.0,2.27,4.47
18786.0,2.27,4.47
18787.0,2.27,4.47
18787.0,2.27,4.47
18788.0,2.27,4.47
18788.0,2.27,4.47
18789.0,2.63,4.47
18790.0,2.63,4.47
18790.0,2.63,4.47
18791.0,2.63,4.47
18791.0,2.63,4.47
18792.0,2.36,4.47
18793.0,2.37,4.47
18793.0,2.36,4.47
18794.0,2.37,4.47
18794.0,2.36,4.47
18795.0,2.17,4.47
18795.0,2.17,4.47
18796.0,2.17,4.47
18797.0,2.17,4.47
18797.0,2.17,4.47
18798.0,2.17,4.47
18798.0,2.11,4.47
18799.0,2.11,4.47
18800.0,2.11,4.47
18800.0,2.11,4.47
18801.0,2.11,4.47
18801.0,2.01,4.47
18802.0,2.01,4.47
18803.0,2.01,4.47
18803.0,2.01,4.47
18804.0,2.01,4.47
18804.0,2.21,4.47
18805.0,2.21,4.47
18805.0,2.21,4.47
18806.0,2.21,4.47
18807.0,2.21,4.47
18807.0,2.21,4.47
18808.0,2.22,4.47
18808.0,2.22,4.47
18809.0,2.22,4.47
18810.0,2.22,4.47
18810.0,2.22,4.47
18811.0,2.19,4.47
18811.0,2.19,4.47
18812.0,2.19,4.47
18812.0,2.19,4.47
18813.0,2.19,4.47
18814.0,2.45,4.47
18814.0,2.45,4.47
18815.0,2.45,4.47
18815.0,2.45,4.47
18816.0,2.45,4.47
18817.0,2.45,4.47
18817.0,2.09,4.47
18818.0,2.09,4.47
18818.0,2.09,4.47
18819.0,2.09,4.47
18820.0,2.09,4.47
18820.0,1.75,4.47
18821.0,1.75,4.47
18821.0,1.75,4.47
18822.0,1.75,4.47
18822.0,1.75,4.47
18823.0,1.89,4.47
18824.0,1.89,4.47
18824.0,1.89,4.47
18825.0,1.89,4.47
18825.0,1.89,4.47
18826.0,1.89,4.47
18827.0,2.16,4.47
18827.0,2.16,4.47
18828.0,2.16,4.47
18828.0,2.16,4.47
18829.0,2.16,4.47
18829.0,2.4,4.47
18830.0,2.4,4.47
18831.0,2.4,4.47
18831.0,2.4,4.47
18832.0,2.4,4.47
18832.0,2.42,4.47
18833.0,2.42,4.47
18834.0,2.42,4.47
18834.0,2.42,4.47
18835.0,2.42,4.47
18835.0,2.42,4.47
18836.0,2.01,4.47
18837.0,2.01,4.47
18837.0,2.01,4.47
18838.0,2.01,4.47
18838.0,2.01,4.47
18839.0,1.81,4.47
18839.0,1.81,4.47
18840.0,1.81,4.47
18841.0,1.81,4.47
18841.0,1.81,4.47
18842.0,2.06,4.47
18842.0,2.05,4.47
18843.0,2.06,4.47
18844.0,2.05,4.47
18844.0,2.06,4.47
18845.0,2.05,4.47
18845.0,2.11,4.47
18846.0,2.11,4.47
18847.0,2.11,4.47
18847.0,2.11,4.47
18848.0,2.11,4.47
18848.0,2.43,4.47
18849.0,2.43,4.47
18849.0,2.43,4.47
18850.0,2.43,4.47
18851.0,2.43,4.47
18851.0,2.52,4.47
18852.0,2.52,4.47
18852.0,2.52,4.47
18853.0,2.52,4.47
18854.0,2.52,4.47
18854.0,2.52,4.47
18855.0,2.2,4.47
18855.0,2.2,4.47
18856.0,2.2,4.47
18856.0,2.2,4.47
18857.0,2.2,4.47
18858.0,2.04,4.47
18858.0,2.04,4.47
18859.0,2.04,4.47
18859.0,2.04,4.47
18860.0,2.04,4.47
18861.0,2.25,4.47
18861.0,2.25,4.47
18862.0,2.25,4.47
18862.0,2.25,4.47
18863.0,2.25,4.47
18864.0,2.32,4.47
18864.0,2.32,4.47
18865.0,2.32,4.47
18865.0,2.32,4.47
18866.0,2.32,4.47
18866.0,2.32,4.47
18867.0,2.45,4.47
18868.0,2.45,4.47
18868.0,2.45,4.47
18869.0,2.45,4.47
18869.0,2.45,4.47
18870.0,2.4,4.47
18871.0,2.4,4.47
18871.0,2.4,4.47
18872.0,2.4,4.47
18872.0,2.4,4.47
18873.0,2.11,4.47
18874.0,2.12,4.47
18874.0,2.11,4.47
18875.0,2.12,4.47
18875.0,2.11,4.47
18876.0,2.12,4.47
18877.0,2.17,4.47
18877.0,2.17,4.47
18878.0,2.17,4.47
18878.0,2.17,4.47
18879.0,2.17,4.47
18879.0,2.0,4.47
18880.0,2.0,4.47
18881.0,2.0,4.47
18881.0,2.0,4.47
18882.0,2.0,4.47
18882.0,1.93,4.47
18883.0,1.93,4.47
18884.0,1.93,4.47
18884.0,1.93,4.47
18885.0,1.93,4.47
18885.0,1.93,4.47
18886.0,2.19,4.47
18886.0,2.19,4.47
18887.0,2.19,4.47
18888.0,2.19,4.47
18888.0,2.19,4.47
18889.0,2.5,4.47
18889.0,2.5,4.47
18890.0,2.5,4.47
18891.0,2.5,4.47
18891.0,2.5,4.47
18892.0,2.32,4.47
18892.0,2.32,4.47
18893.0,2.32,4.47
18894.0,2.32,4.47
18894.0,2.32,4.47
18895.0,2.39,4.47
18895.0,2.39,4.47
18896.0,2.39,4.47
18896.0,2.39,4.47
18897.0,2.39,4.47
18898.0,2.39,4.47
18898.0,2.27,4.47
18899.0,2.26,4.47
18899.0,2.27,4.47
18900.0,2.26,4.47
18901.0,2.27,4.47
18901.0,2.22,4.47
18902.0,2.22,4.47
18902.0,2.22,4.47
18903.0,2.22,4.47
18903.0,2.22,4.47
18904.0,2.43,4.47
18905.0,2.43,4.47
18905.0,2.43,4.47
18906.0,2.43,4.47
18906.0,2.43,4.47
18907.0,2.43,4.47
18908.0,2.6,4.47
18908.0,2.59,4.47
18909.0,2.6,4.47
18909.0,2.59,4.47
18910.0,2.6,4.47
18911.0,2.57,4.47
18911.0,2.58,4.47
18912.0,2.57,4.47
18912.0,2.58,4.47
18913.0,2.57,4.47
18913.0,2.54,4.47
18914.0,2.53,4.47
18915.0,2.54,4.47
18915.0,2.53,4.47
18916.0,2.54,4.47
18916.0,2.53,4.47
18917.0,2.4,4.47
18918.0,2.4,4.47
18918.0,2.4,4.47
18919.0,2.4,4.47
18919.0,2.4,4.47
18920.0,2.4,4.47
18921.0,2.4,4.47
18921.0,2.4,4.47
18922.0,2.4,4.47
18922.0,2.4,4.47
18923.0,2.0,4.47
18923.0,2.0,4.47
18924.0,2.0,4.47
18925.0,2.0,4.47
18925.0,2.0,4.47
18926.0,2.0,4.47
18926.0,2.05,4.47
18927.0,2.05,4.47
18928.0,2.05,4.47
18928.0,2.05,4.47
18929.0,2.05,4.47
18929.0,2.45,4.47
18930.0,2.45,4.47
18930.0,2.45,4.47
18931.0,2.45,4.47
18932.0,2.45,4.47
18932.0,2.37,4.47
18933.0,2.37,4.47
18933.0,2.37,4.47
18934.0,2.37,4.47
18935.0,2.37,4.47
18935.0,2.37,4.47
18936.0,2.11,4.47
18936.0,2.1,4.47
18937.0,2.11,4.47
18937.0,2.1,4.47
18938.0,2.11,4.47
18939.0,2.2,4.47
18939.0,2.2,4.47
18940.0,2.2,4.47
18940.0,2.2,4.47
18941.0,2.2,4.47
18942.0,2.11,4.47
18942.0,2.11,4.47
18943.0,2.11,4.47
18943.0,2.11,4.47
18944.0,2.11,4.47
18945.0,2.11,4.47
18945.0,2.16,4.47
18946.0,2.16,4.47
18946.0,2.16,4.47
18947.0,2.16,4.47
18947.0,2.16,4.47
18948.0,2.45,4.47
18949.0,2.45,4.47
18949.0,2.45,4.47
18950.0,2.45,4.47
18950.0,2.45,4.47
18951.0,2.14,4.47
18952.0,2.14,4.47
18952.0,2.14,4.47
18953.0,2.14,4.47
18953.0,2.14,4.47
18954.0,2.14,4.47
18955.0,2.11,4.47
18955.0,2.1,4.47
18956.0,2.11,4.47
18956.0,2.1,4.47
18957.0,2.11,4.47
18957.0,2.2,4.47
18958.0,2.2,4.47
18959.0,2.2,4.47
18959.0,2.2,4.47
18960.0,2.2,4.47
18960.0,1.93,4.47
18961.0,1.93,4.47
18962.0,1.93,4.47
18962.0,1.93,4.47
18963.0,1.93,4.47
18963.0,1.93,4.47
18964.0,2.01,4.47
18964.0,2.0,4.47
18965.0,2.01,4.47
18966.0,2.0,4.47
18966.0,2.01,4.47
18967.0,2.1,4.47
18967.0,2.1,4.47
18968.0,2.1,4.47
18969.0,2.1,4.47
18969.0,2.1,4.47
18970.0,2.28,4.47
18970.0,2.28,4.47
18971.0,2.28,4.47
18972.0,2.28,4.47
18972.0,2.28,4.47
18973.0,2.35,4.47
18973.0,2.35,4.47
18974.0,2.35,4.47
18975.0,2.35,4.47
18975.0,2.35,4.47
18976.0,2.35,4.47
18976.0,1.92,4.47
18977.0,1.92,4.47
18977.0,1.92,4.47
18978.0,1.92,4.47
18979.0,1.92,4.47
18979.0,1.95,4.47
18980.0,1.94,4.47
18980.0,1.95,4.47
18981.0,1.94,4.47
18982.0,1.95,4.47
18982.0,2.19,4.47
18983.0,2.19,4.47
18983.0,2.19,4.47
18984.0,2.19,4.47
18985.0,2.19,4.47
18985.0,2.19,4.47
18986.0,2.18,4.47
18986.0,2.18,4.47
18987.0,2.18,4.47
18987.0,2.18,4.47
18988.0,2.18,4.47
18989.0,2.36,4.47
18989.0,2.36,4.47
18990.0,2.36,4.47
18990.0,2.36,4.47
18991.0,2.36,4.47
18992.0,2.45,4.47
18992.0,2.45,4.47
18993.0,2.45,4.47
18993.0,2.45,4.47
18994.0,2.45,4.47
18994.0,2.45,4.47
18995.0,2.24,4.47
18996.0,2.24,4.47
18996.0,2.24,4.47
18997.0,2.24,4.47
18997.0,2.24,4.47
18998.0,2.18,4.47
18999.0,2.18,4.47
18999.0,2.18,4.47
19000.0,2.18,4.47
19000.0,2.18,4.47
19001.0,2.14,4.47
19002.0,2.14,4.47
19002.0,2.14,4.47
19003.0,2.14,4.47
19003.0,2.14,4.47
19004.0,2.14,4.47
19004.0,2.22,4.47
19005.0,2.22,4.47
19006.0,2.22,4.47
19006.0,2.22,4.47
19007.0,2.22,4.47
19007.0,2.37,4.47
19008.0,2.37,4.47
19009.0,2.37,4.47
19009.0,2.37,4.47
19010.0,2.37,4.47
19010.0,2.65,4.47
19011.0,2.65,4.47
19011.0,2.65,4.47
19012.0,2.65,4.47
19013.0,2.65,4.47
19013.0,2.44,4.47
19014.0,2.44,4.47
19014.0,2.44,4.47
19015.0,2.44,4.47
19016.0,2.44,4.47
19016.0,2.44,4.47
19017.0,2.34,4.47
19017.0,2.34,4.47
19018.0,2.34,4.47
19019.0,2.34,4.47
19019.0,2.34,4.47
19020.0,2.04,4.47
19020.0,2.04,4.47
19021.0,2.04,4.47
19021.0,2.04,4.47
19022.0,2.04,4.47
19023.0,1.85,4.47
19023.0,1.85,4.47
19024.0,1.85,4.47
19024.0,1.85,4.47
19025.0,1.85,4.47
19026.0,1.85,4.47
19026.0,2.07,4.47
19027.0,2.07,4.47
19027.0,2.07,4.47
19028.0,2.07,4.47
19029.0,2.07,4.47
19029.0,2.48,4.47
19030.0,2.48,4.47
19030.0,2.48,4.47
19031.0,2.48,4.47
19031.0,2.48,4.47
19032.0,2.47,4.47
19033.0,2.47,4.47
19033.0,2.47,4.47
19034.0,2.47,4.47
19034.0,2.47,4.47
19035.0,2.47,4.47
19036.0,2.49,4.47
19036.0,2.49,4.47
19037.0,2.49,4.47
19037.0,2.49,4.47
19038.0,2.49,4.47
19038.0,2.18,4.47
19039.0,2.18,4.47
19040.0,2.18,4.47
19040.0,2.18,4.47
19041.0,2.18,4.47
19041.0,2.16,4.47
19042.0,2.16,4.47
19043.0,2.16,4.47
19043.0,2.16,4.47
19044.0,2.16,4.47
19044.0,2.16,4.47
19045.0,2.45,4.47
19045.0,2.45,4.47
19046.0,2.45,4.47
19047.0,2.45,4.47
19047.0,2.45,4.47
19048.0,2.51,4.47
19048.0,2.52,4.47
19049.0,2.51,4.47
19050.0,2.52,4.47
19050.0,2.51,4.47
19051.0,2.52,4.47
19051.0,2.52,4.47
19052.0,2.52,4.47
19053.0,2.52,4.47
19053.0,2.52,4.47
19054.0,2.52,4.47
19054.0,2.39,4.47
19055.0,2.39,4.47
19055.0,2.39,4.47
19056.0,2.39,4.47
19057.0,2.39,4.47
19057.0,2.1,4.47
19058.0,2.1,4.47
19058.0,2.1,4.47
19059.0,2.1,4.47
19060.0,2.1,4.47
19060.0,2.08,4.47
19061.0,2.07,4.47
19061.0,2.08,4.47
19062.0,2.07,4.47
19063.0,2.08,4.47
19063.0,2.07,4.47
19064.0,2.12,4.47
19064.0,2.12,4.47
19065.0,2.12,4.47
19065.0,2.12,4.47
19066.0,2.12,4.47
19067.0,2.34,4.47
19067.0,2.34,4.47
19068.0,2.34,4.47
19068.0,2.34,4.47
19069.0,2.34,4.47
19070.0,2.58,4.47
19070.0,2.57,4.47
19071.0,2.58,4.47
19071.0,2.57,4.47
19072.0,2.58,4.47
19073.0,2.57,4.47
19073.0,2.58,4.47
19074.0,2.57,4.47
19074.0,2.58,4.47
19075.0,2.57,4.47
19076.0,2.58,4.47
19076.0,2.21,4.47
19077.0,2.21,4.47
19077.0,2.21,4.47
19078.0,2.21,4.47
19078.0,2.21,4.47
19079.0,2.08,4.47
19080.0,2.07,4.47
19080.0,2.08,4.47
19081.0,2.07,4.47
19081.0,2.08,4.47
19082.0,2.14,4.47
19083.0,2.14,4.47
19083.0,2.14,4.47
19084.0,2.14,4.47
19084.0,2.14,4.47
19085.0,2.14,4.47
19085.0,2.2,4.47
19086.0,2.2,4.47
19087.0,2.2,4.47
19087.0,2.2,4.47
19088.0,2.2,4.47
19088.0,2.44,4.47
19089.0,2.44,4.47
19090.0,2.44,4.47
19090.0,2.44,4.47
19091.0,2.44,4.47
19091.0,2.65,4.47
19092.0,2.65,4.47
19093.0,2.65,4.47
19093.0,2.65,4.47
19094.0,2.65,4.47
19094.0,2.65,4.47
19095.0,2.63,4.47
19095.0,2.63,4.47
19096.0,2.63,4.47
19097.0,2.63,4.47
19097.0,2.63,4.47
19098.0,2.35,4.47
19098.0,2.35,4.47
19099.0,2.35,4.47
19100.0,2.35,4.47
19100.0,2.35,4.47
19101.0,2.1,4.47
19101.0,2.1,4.47
19102.0,2.1,4.47
19102.0,2.1,4.47
19103.0,2.1,4.47
19104.0,2.1,4.47
19104.0,2.22,4.47
19105.0,2.22,4.47
19105.0,2.22,4.47
19106.0,2.22,4.47
19107.0,2.22,4.47
19107.0,2.3,4.47
19108.0,2.29,4.47
19108.0,2.3,4.47
19109.0,2.29,4.47
19110.0,2.3,4.47
19110.0,2.18,4.47
19111.0,2.18,4.47
19111.0,2.18,4.47
19112.0,2.18,4.47
19112.0,2.18,4.47
19113.0,2.18,4.47
19114.0,2.33,4.47
19114.0,2.33,4.47
19115.0,2.33,4.47
19115.0,2.33,4.47
19116.0,2.33,4.47
19117.0,2.13,4.47
19117.0,2.13,4.47
19118.0,2.13,4.47
19118.0,2.13,4.47
19119.0,2.13,4.47
19119.0,1.71,4.47
19120.0,1.72,4.47
19121.0,1.71,4.47
19121.0,1.72,4.47
19122.0,1.71,4.47
19122.0,1.72,4.47
19123.0,1.76,4.47
19124.0,1.76,4.47
19124.0,1.76,4.47
19125.0,1.76,4.47
19125.0,1.76,4.47
19126.0,2.23,4.47
19127.0,2.23,4.47
19127.0,2.23,4.47
19128.0,2.23,4.47
19128.0,2.23,4.47
19129.0,2.34,4.47
19129.0,2.34,4.47
19130.0,2.34,4.47
19131.0,2.34,4.47
19131.0,2.34,4.47
19132.0,2.28,4.47
19132.0,2.28,4.47
19133.0,2.28,4.47
19134.0,2.28,4.47
19134.0,2.28,4.47
19135.0,2.28,4.47
19135.0,2.06,4.47
19136.0,2.06,4.47
19137.0,2.06,4.47
19137.0,2.06,4.47
19138.0,2.06,4.47
19138.0,2.08,4.47
19139.0,2.08,4.47
19139.0,2.08,4.47
19140.0,2.08,4.47
19141.0,2.08,4.47
19141.0,2.27,4.47
19142.0,2.26,4.47
19142.0,2.27,4.47
19143.0,2.26,4.47
19144.0,2.27,4.47
19144.0,2.26,4.47
19145.0,2.41,4.47
19145.0,2.41,4.47
19146.0,2.41,4.47
19146.0,2.41,4.47
19147.0,2.41,4.47
19148.0,2.58,4.47
19148.0,2.58,4.47
19149.0,2.58,4.47
19149.0,2.58,4.47
19150.0,2.58,4.47
19151.0,2.48,4.47
19151.0,2.48,4.47
19152.0,2.48,4.47
19152.0,2.48,4.47
19153.0,2.48,4.47
19154.0,2.48,4.47
19154.0,2.21,4.47
19155.0,2.21,4.47
19155.0,2.21,4.47
19156.0,2.21,4.47
19156.0,2.21,4.47
19157.0,2.04,4.47
19158.0,2.04,4.47
19158.0,2.04,4.47
19159.0,2.04,4.47
19159.0,2.04,4.47
19160.0,2.0,4.47
19161.0,1.99,4.47
19161.0,2.0,4.47
19162.0,1.99,4.47
19162.0,2.0,4.47
19163.0,1.99,4.47
19163.0,1.97,4.47
19164.0,1.97,4.47
19165.0,1.97,4.47
19165.0,1.97,4.47
19166.0,1.97,4.47
19166.0,2.22,4.47
19167.0,2.22,4.47
19168.0,2.22,4.47
19168.0,2.22,4.47
19169.0,2.22,4.47
19169.0,2.35,4.47
19170.0,2.35,4.47
19171.0,2.35,4.47
19171.0,2.35,4.47
19172.0,2.35,4.47
19172.0,2.34,4.47
19173.0,2.35,4.47
19174.0,2.34,4.47
19174.0,2.35,4.47
19175.0,2.34,4.47
19175.0,2.35,4.47
19176.0,2.22,4.47
19176.0,2.22,4.47
19177.0,2.22,4.47
19178.0,2.22,4.47
19178.0,2.22,4.47
19179.0,2.08,4.47
19179.0,2.08,4.47
19180.0,2.08,4.47
19181.0,2.08,4.47
19181.0,2.08,4.47
19182.0,2.04,4.47
19182.0,2.04,4.47
19183.0,2.04,4.47
19184.0,2.04,4.47
19184.0,2.04,4.47
19185.0,2.04,4.47
19185.0,2.36,4.47
19186.0,2.36,4.47
19186.0,2.36,4.47
19187.0,2.36,4.47
19188.0,2.36,4.47
19188.0,2.67,4.47
19189.0,2.67,4.47
19189.0,2.67,4.47
19190.0,2.67,4.47
19191.0,2.67,4.47
19191.0,2.55,4.47
19192.0,2.55,4.47
19192.0,2.55,4.47
19193.0,2.55,4.47
19193.0,2.55,4.47
19194.0,2.55,4.47
19195.0,2.22,4.47
19195.0,2.22,4.47
19196.0,2.22,4.47
19196.0,2.22,4.47
19197.0,2.22,4.47
19198.0,1.91,4.47
19198.0,1.91,4.47
19199.0,1.91,4.47
19199.0,1.91,4.47
19200.0,1.91,4.47
19201.0,1.95,4.47
19201.0,1.95,4.47
19202.0,1.95,4.47
19202.0,1.95,4.47
19203.0,1.95,4.47
19203.0,1.95,4.47
19204.0,2.11,4.47
19205.0,2.11,4.47
19205.0,2.11,4.47
19206.0,2.11,4.47
19206.0,2.11,4.47
19207.0,2.15,4.47
19208.0,2.15,4.47
19208.0,2.15,4.47
19209.0,2.15,4.47
19209.0,2.15,4.47
19210.0,2.48,4.47
19211.0,2.48,4.47
19211.0,2.48,4.47
19212.0,2.48,4.47
19212.0,2.48,4.47
19213.0,2.48,4.47
19213.0,2.3,4.47
19214.0,2.31,4.47
19215.0,2.3,4.47
19215.0,2.31,4.47
19216.0,2.3,4.47
19216.0,1.81,4.47
19217.0,1.81,4.47
19218.0,1.81,4.47
19218.0,1.81,4.47
19219.0,1.81,4.47
19219.0,1.85,4.47
19220.0,1.86,4.47
19220.0,1.85,4.47
19221.0,1.86,4.47
19222.0,1.85,4.47
19222.0,1.86,4.47
19223.0,2.03,4.47
19223.0,2.03,4.47
19224.0,2.03,4.47
19225.0,2.03,4.47
19225.0,2.03,4.47
19226.0,2.24,4.47
19226.0,2.24,4.47
19227.0,2.24,4.47
19227.0,2.24,4.47
19228.0,2.24,4.47
19229.0,2.28,4.47
19229.0,2.28,4.47
19230.0,2.28,4.47
19230.0,2.28,4.47
19231.0,2.28,4.47
19232.0,2.28,4.47
19232.0,2.41,4.47
19233.0,2.41,4.47
19233.0,2.41,4.47
19234.0,2.41,4.47
19235.0,2.41,4.47
19235.0,2.44,4.47
19236.0,2.44,4.47
19236.0,2.44,4.47
19237.0,2.44,4.47
19237.0,2.44,4.47
19238.0,2.04,4.47
19239.0,2.04,4.47
19239.0,2.04,4.47
19240.0,2.04,4.47
19240.0,2.04,4.47
19241.0,2.04,4.47
19242.0,1.93,4.47
19242.0,1.93,4.47
19243.0,1.93,4.47
19243.0,1.93,4.47
19244.0,1.93,4.47
19245.0,1.97,4.47
19245.0,1.96,4.47
19246.0,1.97,4.47
19246.0,1.96,4.47
19247.0,1.97,4.47
19247.0,2.31,4.47
19248.0,2.32,4.47
19249.0,2.31,4.47
19249.0,2.32,4.47
19250.0,2.31,4.47
19250.0,2.49,4.47
19251.0,2.49,4.47
19252.0,2.49,4.47
19252.0,2.49,4.47
19253.0,2.49,4.47
19253.0,2.49,4.47
19254.0,2.44,4.47
19254.0,2.44,4.47
19255.0,2.44,4.47
19256.0,2.44,4.47
19256.0,2.44,4.47
19257.0,2.18,4.47
19257.0,2.18,4.47
19258.0,2.18,4.47
19259.0,2.18,4.47
19259.0,2.18,4.47
19260.0,1.93,4.47
19260.0,1.93,4.47
19261.0,1.93,4.47
19262.0,1.93,4.47
19262.0,1.93,4.47
19263.0,1.93,4.47
19263.0,2.14,4.47
19264.0,2.14,4.47
19264.0,2.14,4.47
19265.0,2.14,4.47
19266.0,2.14,4.47
19266.0,2.47,4.47
19267.0,2.47,4.47
19267.0,2.47,4.47
19268.0,2.47,4.47
19269.0,2.47,4.47
19269.0,2.54,4.47
19270.0,2.54,4.47
19270.0,2.54,4.47
19271.0,2.54,4.47
19271.0,2.54,4.47
19272.0,2.54,4.47
19273.0,2.38,4.47
19273.0,2.38,4.47
19274.0,2.38,4.47
19275.0,2.38,4.47
19275.0,2.38,4.47
19276.0,2.19,4.47
19276.0,2.19,4.47
19277.0,2.19,4.47
19277.0,2.19,4.47
19278.0,2.19,4.47
19279.0,2.26,4.47
19279.0,2.26,4.47
19280.0,2.26,4.47
19280.0,2.26,4.47
19281.0,2.26,4.47
19282.0,2.26,4.47
19282.0,2.32,4.47
19283.0,2.31,4.47
19283.0,2.32,4.47
19284.0,2.31,4.47
19284.0,2.32,4.47
19285.0,2.58,4.47
19286.0,2.58,4.47
19286.0,2.58,4.47
19287.0,2.58,4.47
19287.0,2.58,4.47
19288.0,2.66,4.47
19289.0,2.66,4.47
19289.0,2.66,4.47
19290.0,2.66,4.47
19290.0,2.66,4.47
19291.0,2.51,4.47
19292.0,2.52,4.47
19292.0,2.51,4.47
19293.0,2.52,4.47
19293.0,2.51,4.47
19294.0,2.52,4.47
19294.0,2.23,4.47
19295.0,2.23,4.47
19296.0,2.23,4.47
19296.0,2.23,4.47
19297.0,2.23,4.47
19297.0,2.05,4.47
19298.0,2.05,4.47
19299.0,2.05,4.47
19299.0,2.05,4.47
19300.0,2.05,4.47
19300.0,1.96,4.47
19301.0,1.97,4.47
19301.0,1.96,4.47
19302.0,1.97,4.47
19303.0,1.96,4.47
19303.0,1.97,4.47
19304.0,2.15,4.47
19304.0,2.15,4.47
19305.0,2.15,4.47
19306.0,2.15,4.47
19306.0,2.15,4.47
19307.0,2.33,4.47
19307.0,2.33,4.47
19308.0,2.33,4.47
19309.0,2.33,4.47
19309.0,2.33,4.47
19310.0,2.44,4.47
19310.0,2.44,4.47
19311.0,2.44,4.47
19311.0,2.44,4.47
19312.0,2.44,4.47
19313.0,2.44,4.47
19313.0,2.58,4.47
19314.0,2.58,4.47
19314.0,2.58,4.47
19315.0,2.58,4.47
19316.0,2.58,4.47
19316.0,2.33,4.47
19317.0,2.32,4.47
19317.0,2.33,4.47
19318.0,2.32,4.47
19319.0,2.33,4.47
19319.0,2.02,4.47
19320.0,2.03,4.47
19320.0,2.02,4.47
19321.0,2.03,4.47
19321.0,2.02,4.47
19322.0,2.03,4.47
19323.0,2.06,4.47
19323.0,2.06,4.47
19324.0,2.06,4.47
19324.0,2.06,4.47
19325.0,2.06,4.47
19326.0,2.18,4.47
19326.0,2.18,4.47
19327.0,2.18,4.47
19327.0,2.18,4.47
19328.0,2.18,4.47
19328.0,2.62,4.47
19329.0,2.62,4.47
19330.0,2.62,4.47
19330.0,2.62,4.47
19331.0,2.62,4.47
19331.0,2.62,4.47
19332.0,2.6,4.47
19333.0,2.61,4.47
19333.0,2.6,4.47
19334.0,2.61,4.47
19334.0,2.6,4.47
19335.0,2.19,4.47
19335.0,2.19,4.47
19336.0,2.19,4.47
19337.0,2.19,4.47
19337.0,2.19,4.47
19338.0,1.82,4.47
19338.0,1.82,4.47
19339.0,1.82,4.47
19340.0,1.82,4.47
19340.0,1.82,4.47
19341.0,1.82,4.47
19341.0,1.9,4.47
19342.0,1.9,4.47
19343.0,1.9,4.47
19343.0,1.9,4.47
19344.0,1.9,4.47
19344.0,2.2,4.47
19345.0,2.2,4.47
19345.0,2.2,4.47
19346.0,2.2,4.47
19347.0,2.2,4.47
19347.0,2.32,4.47
19348.0,2.33,4.47
19348.0,2.32,4.47
19349.0,2.33,4.47
19350.0,2.32,4.47
19350.0,2.33,4.47
19351.0,2.31,4.47
19351.0,2.32,4.47
19352.0,2.31,4.47
19353.0,2.32,4.47
19353.0,2.31,4.47
19354.0,2.27,4.47
19354.0,2.26,4.47
19355.0,2.27,4.47
19355.0,2.26,4.47
19356.0,2.27,4.47
19357.0,2.03,4.47
19357.0,2.03,4.47
19358.0,2.03,4.47
19358.0,2.03,4.47
19359.0,2.03,4.47
19360.0,2.03,4.47
19360.0,2.02,4.47
19361.0,2.03,4.47
19361.0,2.02,4.47
19362.0,2.03,4.47
19362.0,2.02,4.47
19363.0,1.92,4.47
19364.0,1.92,4.47
19364.0,1.92,4.47
19365.0,1.92,4.47
19365.0,1.92,4.47
19366.0,2.04,4.47
19367.0,2.04,4.47
19367.0,2.04,4.47
19368.0,2.04,4.47
19368.0,2.04,4.47
19369.0,2.31,4.47
19370.0,2.31,4.47
19370.0,2.31,4.47
19371.0,2.31,4.47
19371.0,2.31,4.47
19372.0,2.31,4.47
19372.0,2.22,4.47
19373.0,2.22,4.47
19374.0,2.22,4.47
19374.0,2.22,4.47
19375.0,2.22,4.47
19375.0,2.21,4.47
19376.0,2.21,4.47
19377.0,2.21,4.47
19377.0,2.21,4.47
19378.0,2.21,4.47
19378.0,2.04,4.47
19379.0,2.03,4.47
19380.0,2.04,4.47
19380.0,2.03,4.47
19381.0,2.04,4.47
19381.0,2.03,4.47
19382.0,1.98,4.47
19383.0,1.97,4.47
19383.0,1.98,4.47
19384.0,1.97,4.47
19384.0,1.98,4.47
19385.0,2.33,4.47
19385.0,2.33,4.47
19386.0,2.33,4.47
19387.0,2.33,4.47
19387.0,2.33,4.47
19388.0,2.38,4.47
19388.0,2.38,4.47
19389.0,2.38,4.47
19390.0,2.38,4.47
19390.0,2.38,4.47
19391.0,2.38,4.47
19391.0,2.4,4.47
19392.0,2.4,4.47
19392.0,2.4,4.47
19393.0,2.4,4.47
19394.0,2.4,4.47
19394.0,2.18,4.47
19395.0,2.18,4.47
19395.0,2.18,4.47
19396.0,2.18,4.47
19397.0,2.18,4.47
19397.0,2.11,4.47
19398.0,2.1,4.47
19398.0,2.11,4.47
19399.0,2.1,4.47
19400.0,2.11,4.47
19400.0,2.1,4.47
19401.0,1.96,4.47
19401.0,1.96,4.47
19402.0,1.96,4.47
19402.0,1.96,4.47
19403.0,1.96,4.47
19404.0,1.96,4.47
19404.0,1.97,4.47
19405.0,1.96,4.47
19405.0,1.97,4.47
19406.0,1.96,4.47
19407.0,2.01,4.47
19407.0,2.01,4.47
19408.0,2.01,4.47
19408.0,2.01,4.47
19409.0,2.01,4.47
19409.0,2.02,4.47
19410.0,2.02,4.47
19411.0,2.02,4.47
19411.0,2.02,4.47
19412.0,2.02,4.47
19412.0,2.02,4.47
19413.0,2.28,4.47
19414.0,2.28,4.47
19414.0,2.28,4.47
19415.0,2.28,4.47
19415.0,2.28,4.47
19416.0,2.31,4.47
19417.0,2.31,4.47
19417.0,2.31,4.47
19418.0,2.31,4.47
19418.0,2.31,4.47
19419.0,2.04,4.47
19419.0,2.05,4.47
19420.0,2.04,4.47
19421.0,2.05,4.47
19421.0,2.04,4.47
19422.0,2.05,4.47
19422.0,1.93,4.47
19423.0,1.93,4.47
19424.0,1.93,4.47
19424.0,1.93,4.47
19425.0,1.93,4.47
19425.0,2.23,4.47
19426.0,2.23,4.47
19427.0,2.23,4.47
19427.0,2.23,4.47
19428.0,2.23,4.47
19428.0,2.55,4.47
19429.0,2.55,4.47
19429.0,2.55,4.47
19430.0,2.55,4.47
19431.0,2.55,4.47
19431.0,2.55,4.47
19432.0,2.64,4.47
19432.0,2.64,4.47
19433.0,2.64,4.47
19434.0,2.64,4.47
19434.0,2.64,4.47
19435.0,2.44,4.47
19435.0,2.44,4.47
19436.0,2.44,4.47
19436.0,2.44,4.47
19437.0,2.44,4.47
19438.0,2.21,4.47
19438.0,2.21,4.47
19439.0,2.21,4.47
19439.0,2.21,4.47
19440.0,2.21,4.47
19441.0,2.21,4.47
19441.0,2.19,4.47
19442.0,2.19,4.47
19442.0,2.19,4.47
19443.0,2.19,4.47
19444.0,2.19,4.47
19444.0,2.4,4.47
19445.0,2.4,4.47
19445.0,2.4,4.47
19446.0,2.4,4.47
19446.0,2.4,4.47
19447.0,2.46,4.47
19448.0,2.46,4.47
19448.0,2.46,4.47
19449.0,2.46,4.47
19449.0,2.46,4.47
19450.0,2.46,4.47
19451.0,2.24,4.47
19451.0,2.24,4.47
19452.0,2.24,4.47
19452.0,2.24,4.47
19453.0,2.24,4.47
19453.0,2.21,4.47
19454.0,2.21,4.47
19455.0,2.21,4.47
19455.0,2.21,4.47
19456.0,2.21,4.47
19456.0,2.1,4.47
19457.0,2.11,4.47
19458.0,2.1,4.47
19458.0,2.11,4.47
19459.0,2.1,4.47
19459.0,2.11,4.47
19460.0,2.0,4.47
19461.0,2.0,4.47
19461.0,2.0,4.47
19462.0,2.0,4.47
19462.0,2.0,4.47
19463.0,1.97,4.47
19463.0,1.97,4.47
19464.0,1.97,4.47
19465.0,1.97,4.47
19465.0,1.97,4.47
19466.0,2.33,4.47
19466.0,2.33,4.47
19467.0,2.33,4.47
19468.0,2.33,4.47
19468.0,2.33,4.47
19469.0,2.33,4.47
19469.0,2.71,4.47
19470.0,2.71,4.47
19470.0,2.71,4.47
19471.0,2.71,4.47
19472.0,2.71,4.47
19472.0,2.57,4.47
19473.0,2.57,4.47
19473.0,2.57,4.47
19474.0,2.57,4.47
19475.0,2.57,4.47
19475.0,2.29,4.47
19476.0,2.3,4.47
19476.0,2.29,4.47
19477.0,2.3,4.47
19478.0,2.29,4.47
19478.0,2.01,4.47
19479.0,2.01,4.47
19479.0,2.01,4.47
19480.0,2.01,4.47
19481.0,2.01,4.47
19481.0,2.01,4.47
19482.0,2.06,4.47
19482.0,2.06,4.47
19483.0,2.06,4.47
19483.0,2.06,4.47
19484.0,2.06,4.47
19485.0,2.26,4.47
19485.0,2.26,4.47
19486.0,2.26,4.47
19486.0,2.26,4.47
19487.0,2.26,4.47
19488.0,2.45,4.47
19488.0,2.45,4.47
19489.0,2.45,4.47
19489.0,2.45,4.47
19490.0,2.45,4.47
19491.0,2.45,4.47
19491.0,2.42,4.47
19492.0,2.42,4.47
19492.0,2.42,4.47
19493.0,2.42,4.47
19493.0,2.42,4.47
19494.0,2.24,4.47
19495.0,2.24,4.47
19495.0,2.24,4.47
19496.0,2.24,4.47
19496.0,2.24,4.47
19497.0,2.01,4.47
19498.0,2.0,4.47
19498.0,2.01,4.47
19499.0,2.0,4.47
19499.0,2.01,4.47
19500.0,2.0,4.47
19501.0,1.96,4.47
19501.0,1.96,4.47
19502.0,1.96,4.47
19502.0,1.96,4.47
19503.0,1.96,4.47
19503.0,1.92,4.47
19504.0,1.92,4.47
19505.0,1.92,4.47
19505.0,1.92,4.47
19506.0,1.92,4.47
19506.0,2.07,4.47
19507.0,2.07,4.47
19508.0,2.07,4.47
19508.0,2.07,4.47
19509.0,2.07,4.47
19509.0,2.07,4.47
19510.0,2.44,4.47
19510.0,2.44,4.47
19511.0,2.44,4.47
19512.0,2.44,4.47
19512.0,2.44,4.47
19513.0,2.56,4.47
19513.0,2.56,4.47
19514.0,2.56,4.47
19515.0,2.56,4.47
19515.0,2.56,4.47
19516.0,2.35,4.47
19516.0,2.35,4.47
19517.0,2.35,4.47
19517.0,2.35,4.47
19518.0,2.35,4.47
19519.0,2.35,4.47
19519.0,2.12,4.47
19520.0,2.12,4.47
19520.0,2.12,4.47
19521.0,2.12,4.47
19522.0,2.12,4.47
19522.0,2.09,4.47
19523.0,2.09,4.47
19523.0,2.09,4.47
19524.0,2.09,4.47
19525.0,2.09,4.47
19525.0,2.22,4.47
19526.0,2.22,4.47
19526.0,2.22,4.47
19527.0,2.22,4.47
19527.0,2.22,4.47
19528.0,2.22,4.47
19529.0,2.52,4.47
19529.0,2.51,4.47
19530.0,2.52,4.47
19530.0,2.51,4.47
19531.0,2.52,4.47
19532.0,2.41,4.47
19532.0,2.41,4.47
19533.0,2.41,4.47
19533.0,2.41,4.47
19534.0,2.41,4.47
19535.0,2.41,4.47
19535.0,2.41,4.47
19536.0,2.41,4.47
19536.0,2.41,4.47
19537.0,2.41,4.47
19537.0,2.21,4.47
19538.0,2.21,4.47
19539.0,2.21,4.47
19539.0,2.21,4.47
19540.0,2.21,4.47
19540.0,2.21,4.47
19541.0,1.95,4.47
19542.0,1.95,4.47
19542.0,1.95,4.47
19543.0,1.95,4.47
19543.0,1.95,4.47
19544.0,2.05,4.47
19544.0,2.05,4.47
19545.0,2.05,4.47
19546.0,2.05,4.47
19546.0,2.05,4.47
19547.0,2.19,4.47
19547.0,2.19,4.47
19548.0,2.19,4.47
19549.0,2.19,4.47
19549.0,2.19,4.47
19550.0,2.19,4.47
19550.0,2.3,4.47
19551.0,2.3,4.47
19552.0,2.3,4.47
19552.0,2.3,4.47
19553.0,2.3,4.47
19553.0,2.37,4.47
19554.0,2.37,4.47
19554.0,2.37,4.47
19555.0,2.37,4.47
19556.0,2.37,4.47
19556.0,2.16,4.47
19557.0,2.16,4.47
19557.0,2.16,4.47
19558.0,2.16,4.47
19559.0,2.16,4.47
19559.0,2.16,4.47
19560.0,1.83,4.47
19560.0,1.83,4.47
19561.0,1.83,4.47
19561.0,1.83,4.47
19562.0,1.83,4.47
19563.0,2.03,4.47
19563.0,2.02,4.47
19564.0,2.03,4.47
19564.0,2.02,4.47
19565.0,2.03,4.47
19566.0,2.52,4.47
19566.0,2.52,4.47
19567.0,2.52,4.47
19567.0,2.52,4.47
19568.0,2.52,4.47
19569.0,2.52,4.47
19569.0,2.66,4.47
19570.0,2.66,4.47
19570.0,2.66,4.47
19571.0,2.66,4.47
19571.0,2.66,4.47
19572.0,2.48,4.47
19573.0,2.48,4.47
19573.0,2.48,4.47
19574.0,2.48,4.47
19574.0,2.48,4.47
19575.0,2.35,4.47
19576.0,2.36,4.47
19576.0,2.35,4.47
19577.0,2.36,4.47
19577.0,2.35,4.47
19578.0,2.08,4.47
19579.0,2.07,4.47
19579.0,2.08,4.47
19580.0,2.07,4.47
19580.0,2.08,4.47
19581.0,2.07,4.47
19582.0,1.78,4.47
19582.0,1.78,4.47
19583.0,1.78,4.47
19583.0,1.78,4.47
19584.0,1.78,4.47
19584.0,2.0,4.47
19585.0,2.01,4.47
19586.0,2.0,4.47
19586.0,2.01,4.47
19587.0,2.0,4.47
19587.0,2.2,4.47
19588.0,2.2,4.47
19589.0,2.2,4.47
19589.0,2.2,4.47
19590.0,2.2,4.47
19590.0,2.2,4.47
19591.0,2.38,4.47
19591.0,2.38,4.47
19592.0,2.38,4.47
19593.0,2.38,4.47
19593.0,2.38,4.47
19594.0,2.18,4.47
19594.0,2.18,4.47
19595.0,2.18,4.47
19596.0,2.18,4.47
19596.0,2.18,4.47
19597.0,2.0,4.47
19597.0,1.99,4.47
19598.0,2.0,4.47
19599.0,1.99,4.47
19599.0,2.0,4.47
19600.0,1.99,4.47
19600.0,1.77,4.47
19601.0,1.77,4.47
19601.0,1.77,4.47
19602.0,1.77,4.47
19603.0,1.77,4.47
19603.0,1.94,4.47
19604.0,1.94,4.47
19604.0,1.94,4.47
19605.0,1.94,4.47
19606.0,1.94,4.47
19606.0,2.27,4.47
19607.0,2.27,4.47
19607.0,2.27,4.47
19608.0,2.27,4.47
19609.0,2.27,4.47
19609.0,2.27,4.47
19610.0,2.57,4.47
19610.0,2.56,4.47
19611.0,2.57,4.47
19611.0,2.56,4.47
19612.0,2.57,4.47
19613.0,2.44,4.47
19613.0,2.44,4.47
19614.0,2.44,4.47
19614.0,2.44,4.47
19615.0,2.44,4.47
19616.0,2.29,4.47
19616.0,2.29,4.47
19617.0,2.29,4.47
19617.0,2.29,4.47
19618.0,2.29,4.47
19618.0,2.29,4.47
19619.0,2.01,4.47
19620.0,2.0,4.47
19620.0,2.01,4.47
19621.0,2.0,4.47
19621.0,2.01,4.47
19622.0,1.85,4.47
19623.0,1.85,4.47
19623.0,1.85,4.47
19624.0,1.85,4.47
19624.0,1.85,4.47
19625.0,2.01,4.47
19626.0,2.0,4.47
19626.0,2.01,4.47
19627.0,2.0,4.47
19627.0,2.01,4.47
19628.0,2.0,4.47
19628.0,2.24,4.47
19629.0,2.24,4.47
19630.0,2.24,4.47
19630.0,2.24,4.47
19631.0,2.24,4.47
19631.0,2.3,4.47
19632.0,2.3,4.47
19633.0,2.3,4.47
19633.0,2.3,4.47
19634.0,2.3,4.47
19634.0,2.28,4.47
19635.0,2.27,4.47
19635.0,2.28,4.47
19636.0,2.27,4.47
19637.0,2.28,4.47
19637.0,2.27,4.47
19638.0,2.03,4.47
19638.0,2.02,4.47
19639.0,2.03,4.47
19640.0,2.02,4.47
19640.0,2.03,4.47
19641.0,1.88,4.47
19641.0,1.88,4.47
19642.0,1.88,4.47
19643.0,1.88,4.47
19643.0,1.88,4.47
19644.0,2.08,4.47
19644.0,2.08,4.47
19645.0,2.08,4.47
19645.0,2.08,4.47
19646.0,2.08,4.47
19647.0,2.08,4.47
19647.0,2.35,4.47
19648.0,2.35,4.47
19648.0,2.35,4.47
19649.0,2.35,4.47
19650.0,2.35,4.47
19650.0,2.43,4.47
19651.0,2.43,4.47
19651.0,2.43,4.47
19652.0,2.43,4.47
19652.0,2.43,4.47
19653.0,2.52,4.47
19654.0,2.52,4.47
19654.0,2.52,4.47
19655.0,2.52,4.47
19655.0,2.52,4.47
19656.0,2.33,4.47
19657.0,2.34,4.47
19657.0,2.33,4.47
19658.0,2.34,4.47
19658.0,2.33,4.47
19659.0,2.34,4.47
19660.0,2.13,4.47
19660.0,2.13,4.47
19661.0,2.13,4.47
19661.0,2.13,4.47
19662.0,2.13,4.47
19662.0,2.28,4.47
19663.0,2.27,4.47
19664.0,2.28,4.47
19664.0,2.27,4.47
19665.0,2.28,4.47
19665.0,2.27,4.47
19666.0,2.27,4.47
19667.0,2.27,4.47
19667.0,2.27,4.47
19668.0,2.27,4.47
19668.0,2.27,4.47
19669.0,2.4,4.47
19669.0,2.4,4.47
19670.0,2.4,4.47
19671.0,2.4,4.47
19671.0,2.4,4.47
19672.0,2.31,4.47
19672.0,2.3,4.47
19673.0,2.31,4.47
19674.0,2.3,4.47
19674.0,2.31,4.47
19675.0,2.19,4.47
19675.0,2.19,4.47
19676.0,2.19,4.47
19677.0,2.19,4.47
19677.0,2.19,4.47
19678.0,2.19,4.47
19678.0,1.9,4.47
19679.0,1.9,4.47
19680.0,1.9,4.47
19680.0,1.9,4.47
19681.0,1.9,4.47
19681.0,1.86,4.47
19682.0,1.86,4.47
19683.0,1.86,4.47
19683.0,1.86,4.47
19684.0,1.86,4.47
19684.0,1.97,4.47
19685.0,1.97,4.47
19685.0,1.97,4.47
19686.0,1.97,4.47
19687.0,1.97,4.47
19687.0,2.43,4.47
19688.0,2.43,4.47
19688.0,2.43,4.47
19689.0,2.43,4.47
19690.0,2.43,4.47
19690.0,2.43,4.47
19691.0,2.58,4.47
19691.0,2.57,4.47
19692.0,2.58,4.47
19692.0,2.57,4.47
19693.0,2.58,4.47
19694.0,2.38,4.47
19694.0,2.38,4.47
19695.0,2.38,4.47
19695.0,2.38,4.47
19696.0,2.38,4.47
19697.0,2.35,4.47
19697.0,2.35,4.47
19698.0,2.35,4.47
19698.0,2.35,4.47
19699.0,2.35,4.47
19699.0,2.35,4.47
19700.0,2.01,4.47
19701.0,2.0,4.47
19701.0,2.01,4.47
19702.0,2.0,4.47
19702.0,2.01,4.47
19703.0,2.07,4.47
19704.0,2.07,4.47
19704.0,2.07,4.47
19705.0,2.07,4.47
19705.0,2.07,4.47
19706.0,2.21,4.47
19707.0,2.21,4.47
19707.0,2.21,4.47
19708.0,2.21,4.47
19708.0,2.21,4.47
19709.0,2.21,4.47
19709.0,2.32,4.47
19710.0,2.31,4.47
19711.0,2.32,4.47
19711.0,2.31,4.47
19712.0,2.32,4.47
19712.0,2.41,4.47
19713.0,2.41,4.47
19714.0,2.41,4.47
19714.0,2.41,4.47
19715.0,2.41,4.47
19715.0,2.37,4.47
19716.0,2.37,4.47
19717.0,2.37,4.47
19717.0,2.37,4.47
19718.0,2.37,4.47
19718.0,2.37,4.47
19719.0,1.93,4.47
19719.0,1.93,4.47
19720.0,1.93,4.47
19721.0,1.93,4.47
19721.0,1.93,4.47
19722.0,1.98,4.47
19722.0,1.98,4.47
19723.0,1.98,4.47
19724.0,1.98,4.47
19724.0,1.98,4.47
19725.0,2.28,4.47
19725.0,2.28,4.47
19726.0,2.28,4.47
19726.0,2.28,4.47
19727.0,2.28,4.47
19728.0,2.28,4.47
19728.0,2.08,4.47
19729.0,2.07,4.47
19729.0,2.08,4.47
19730.0,2.07,4.47
19731.0,2.08,4.47
19731.0,2.19,4.47
19732.0,2.19,4.47
19732.0,2.19,4.47
19733.0,2.19,4.47
19734.0,2.19,4.47
19734.0,2.11,4.47
19735.0,2.1,4.47
19735.0,2.11,4.47
19736.0,2.1,4.47
19736.0,2.11,4.47
19737.0,2.1,4.47
19738.0,1.88,4.47
19738.0,1.88,4.47
19739.0,1.88,4.47
19739.0,1.88,4.47
19740.0,1.88,4.47
19741.0,1.98,4.47
19741.0,1.98,4.47
19742.0,1.98,4.47
19742.0,1.98,4.47
19743.0,1.98,4.47
19743.0,2.39,4.47
19744.0,2.39,4.47
19745.0,2.39,4.47
19745.0,2.39,4.47
19746.0,2.39,4.47
19746.0,2.39,4.47
19747.0,2.42,4.47
19748.0,2.42,4.47
19748.0,2.42,4.47
19749.0,2.42,4.47
19749.0,2.42,4.47
19750.0,2.35,4.47
19751.0,2.35,4.47
19751.0,2.35,4.47
19752.0,2.35,4.47
19752.0,2.35,4.47
19753.0,2.19,4.47
19753.0,2.19,4.47
19754.0,2.19,4.47
19755.0,2.19,4.47
19755.0,2.19,4.47
19756.0,2.19,4.47
19756.0,2.09,4.47
19757.0,2.08,4.47
19758.0,2.09,4.47
19758.0,2.08,4.47
19759.0,2.09,4.47
19759.0,1.96,4.47
19760.0,1.96,4.47
19760.0,1.96,4.47
19761.0,1.96,4.47
19762.0,1.96,4.47
19762.0,1.9,4.47
19763.0,1.9,4.47
19763.0,1.9,4.47
19764.0,1.9,4.47
19765.0,1.9,4.47
19765.0,1.9,4.47
19766.0,2.17,4.47
19766.0,2.17,4.47
19767.0,2.17,4.47
19768.0,2.17,4.47
19768.0,2.17,4.47
19769.0,2.44,4.47
19769.0,2.44,4.47
19770.0,2.44,4.47
19770.0,2.44,4.47
19771.0,2.44,4.47
19772.0,2.35,4.47
19772.0,2.35,4.47
19773.0,2.35,4.47
19773.0,2.35,4.47
19774.0,2.35,4.47
19775.0,2.15,4.47
19775.0,2.15,4.47
19776.0,2.15,4.47
19776.0,2.15,4.47
19777.0,2.15,4.47
19777.0,2.15,4.47
19778.0,2.03,4.47
19779.0,2.04,4.47
19779.0,2.03,4.47
19780.0,2.04,4.47
19781.0,2.03,4.47
19781.0,2.1,4.47
19782.0,2.1,4.47
19782.0,2.1,4.47
19783.0,2.1,4.47
19783.0,2.1,4.47
19784.0,2.15,4.47
19785.0,2.15,4.47
19785.0,2.15,4.47
19786.0,2.15,4.47
19786.0,2.15,4.47
19787.0,2.15,4.47
19788.0,2.44,4.47
19788.0,2.44,4.47
19789.0,2.44,4.47
19789.0,2.44,4.47
19790.0,2.44,4.47
19791.0,2.36,4.47
19791.0,2.35,4.47
19792.0,2.36,4.47
19792.0,2.35,4.47
19793.0,2.36,4.47
19793.0,2.26,4.47
19794.0,2.26,4.47
19795.0,2.26,4.47
19795.0,2.26,4.47
19796.0,2.26,4.47
19796.0,2.26,4.47
19797.0,2.19,4.47
19798.0,2.19,4.47
19798.0,2.19,4.47
19799.0,2.19,4.47
19799.0,2.19,4.47
19800.0,2.0,4.47
19800.0,2.0,4.47
19801.0,2.0,4.47
19802.0,2.0,4.47
19802.0,2.0,4.47
19803.0,2.06,4.47
19803.0,2.06,4.47
19804.0,2.06,4.47
19805.0,2.06,4.47
19805.0,2.06,4.47
19806.0,2.47,4.47
19806.0,2.47,4.47
19807.0,2.47,4.47
19807.0,2.47,4.47
19808.0,2.47,4.47
19809.0,2.47,4.47
19809.0,2.63,4.47
19810.0,2.63,4.47
19810.0,2.63,4.47
19811.0,2.63,4.47
19812.0,2.63,4.47
19812.0,2.51,4.47
19813.0,2.52,4.47
19813.0,2.51,4.47
19814.0,2.52,4.47
19815.0,2.51,4.47
19815.0,2.14,4.47
19816.0,2.14,4.47
19816.0,2.14,4.47
19817.0,2.14,4.47
19817.0,2.14,4.47
19818.0,2.14,4.47
19819.0,1.86,4.47
19819.0,1.85,4.47
19820.0,1.86,4.47
19820.0,1.85,4.47
19821.0,1.86,4.47
19822.0,2.12,4.47
19822.0,2.12,4.47
19823.0,2.12,4.47
19823.0,2.12,4.47
19824.0,2.12,4.47
19825.0,2.21,4.47
19825.0,2.21,4.47
19826.0,2.21,4.47
19826.0,2.21,4.47
19827.0,2.21,4.47
19827.0,2.21,4.47
19828.0,2.3,4.47
19829.0,2.3,4.47
19829.0,2.3,4.47
19830.0,2.3,4.47
19830.0,2.3,4.47
19831.0,2.32,4.47
19832.0,2.33,4.47
19832.0,2.32,4.47
19833.0,2.33,4.47
19833.0,2.32,4.47
19834.0,2.3,4.47
19834.0,2.3,4.47
19835.0,2.3,4.47
19836.0,2.3,4.47
19836.0,2.3,4.47
19837.0,2.3,4.47
19837.0,2.22,4.47
19838.0,2.22,4.47
19839.0,2.22,4.47
19839.0,2.22,4.47
19840.0,2.22,4.47
19840.0,2.01,4.47
19841.0,2.01,4.47
19842.0,2.01,4.47
19842.0,2.01,4.47
19843.0,2.01,4.47
19843.0,1.84,4.47
19844.0,1.84,4.47
19844.0,1.84,4.47
19845.0,1.84,4.47
19846.0,1.84,4.47
19846.0,1.84,4.47
19847.0,2.2,4.47
19847.0,2.2,4.47
19848.0,2.2,4.47
19849.0,2.2,4.47
19849.0,2.2,4.47
19850.0,2.57,4.47
19850.0,2.57,4.47
19851.0,2.57,4.47
19851.0,2.57,4.47
19852.0,2.57,4.47
19853.0,2.48,4.47
19853.0,2.48,4.47
19854.0,2.48,4.47
19854.0,2.48,4.47
19855.0,2.48,4.47
19856.0,2.48,4.47
19856.0,2.34,4.47
19857.0,2.34,4.47
19857.0,2.34,4.47
19858.0,2.34,4.47
19859.0,2.34,4.47
19859.0,2.05,4.47
19860.0,2.05,4.47
19860.0,2.05,4.47
19861.0,2.05,4.47
19861.0,2.05,4.47
19862.0,2.04,4.47
19863.0,2.04,4.47
19863.0,2.04,4.47
19864.0,2.04,4.47
19864.0,2.04,4.47
19865.0,2.04,4.47
19866.0,2.4,4.47
19866.0,2.4,4.47
19867.0,2.4,4.47
19867.0,2.4,4.47
19868.0,2.4,4.47
19868.0,2.46,4.47
19869.0,2.46,4.47
19870.0,2.46,4.47
19870.0,2.46,4.47
19871.0,2.46,4.47
19871.0,2.34,4.47
19872.0,2.34,4.47
19873.0,2.34,4.47
19873.0,2.34,4.47
19874.0,2.34,4.47
19874.0,2.34,4.47
19875.0,2.03,4.47
19876.0,2.02,4.47
19876.0,2.03,4.47
19877.0,2.02,4.47
19877.0,2.03,4.47
19878.0,1.88,4.47
19878.0,1.88,4.47
19879.0,1.88,4.47
19880.0,1.88,4.47
19880.0,1.88,4.47
19881.0,1.86,4.47
19881.0,1.85,4.47
19882.0,1.86,4.47
19883.0,1.85,4.47
19883.0,1.86,4.47
19884.0,2.21,4.47
19884.0,2.21,4.47
19885.0,2.21,4.47
19886.0,2.21,4.47
19886.0,2.21,4.47
19887.0,2.21,4.47
19887.0,2.34,4.47
19888.0,2.34,4.47
19889.0,2.34,4.47
19889.0,2.34,4.47
19890.0,2.34,4.47
19890.0,2.43,4.47
19891.0,2.43,4.47
19891.0,2.43,4.47
19892.0,2.43,4.47
19893.0,2.43,4.47
19893.0,2.33,4.47
19894.0,2.33,4.47
19894.0,2.33,4.47
19895.0,2.33,4.47
19896.0,2.33,4.47
19896.0,2.33,4.47
19897.0,2.01,4.47
19897.0,2.01,4.47
19898.0,2.01,4.47
19899.0,2.01,4.47
19899.0,2.01,4.47
19900.0,2.01,4.47
19900.0,2.01,4.47
19901.0,2.01,4.47
19901.0,2.01,4.47
19902.0,2.01,4.47
19903.0,2.02,4.47
19903.0,2.03,4.47
19904.0,2.02,4.47
19904.0,2.03,4.47
19905.0,2.02,4.47
19906.0,2.03,4.47
19906.0,2.32,4.47
19907.0,2.32,4.47
19907.0,2.32,4.47
19908.0,2.32,4.47
19908.0,2.32,4.47
19909.0,2.6,4.47
19910.0,2.6,4.47
19910.0,2.6,4.47
19911.0,2.6,4.47
19911.0,2.6,4.47
19912.0,2.69,4.47
19913.0,2.69,4.47
19913.0,2.69,4.47
19914.0,2.69,4.47
19914.0,2.69,4.47
19915.0,2.69,4.47
19916.0,2.4,4.47
19916.0,2.4,4.47
19917.0,2.4,4.47
19917.0,2.4,4.47
19918.0,2.4,4.47
19918.0,1.85,4.47
19919.0,1.85,4.47
19920.0,1.85,4.47
19920.0,1.85,4.47
19921.0,1.85,4.47
19921.0,1.72,4.47
19922.0,1.72,4.47
19923.0,1.72,4.47
19923.0,1.72,4.47
19924.0,1.72,4.47
19924.0,2.07,4.47
19925.0,2.06,4.47
19925.0,2.07,4.47
19926.0,2.06,4.47
19927.0,2.07,4.47
19927.0,2.06,4.47
19928.0,2.31,4.47
19928.0,2.31,4.47
19929.0,2.31,4.47
19930.0,2.31,4.47
19930.0,2.31,4.47
19931.0,2.41,4.47
19931.0,2.41,4.47
19932.0,2.41,4.47
19933.0,2.41,4.47
19933.0,2.41,4.47
19934.0,2.34,4.47
19934.0,2.34,4.47
19935.0,2.34,4.47
19935.0,2.34,4.47
19936.0,2.34,4.47
19937.0,2.34,4.47
19937.0,2.22,4.47
19938.0,2.22,4.47
19938.0,2.22,4.47
19939.0,2.22,4.47
19940.0,2.22,4.47
19940.0,2.06,4.47
19941.0,2.06,4.47
19941.0,2.06,4.47
19942.0,2.06,4.47
19942.0,2.06,4.47
19943.0,2.01,4.47
19944.0,2.01,4.47
19944.0,2.01,4.47
19945.0,2.01,4.47
19945.0,2.01,4.47
19946.0,2.01,4.47
19947.0,2.34,4.47
19947.0,2.34,4.47
19948.0,2.34,4.47
19948.0,2.34,4.47
19949.0,2.34,4.47
19950.0,2.53,4.47
19950.0,2.53,4.47
19951.0,2.53,4.47
19951.0,2.53,4.47
19952.0,2.53,4.47
19952.0,2.5,4.47
19953.0,2.5,4.47
19954.0,2.5,4.47
19954.0,2.5,4.47
19955.0,2.5,4.47
19955.0,2.5,4.47
19956.0,2.48,4.47
19957.0,2.48,4.47
19957.0,2.48,4.47
19958.0,2.48,4.47
19958.0,2.48,4.47
19959.0,2.13,4.47
19959.0,2.13,4.47
19960.0,2.13,4.47
19961.0,2.13,4.47
19961.0,2.13,4.47
19962.0,1.91,4.47
19962.0,1.91,4.47
19963.0,1.91,4.47
19964.0,1.91,4.47
19964.0,1.91,4.47
19965.0,1.91,4.47
19965.0,2.15,4.47
19966.0,2.15,4.47
19967.0,2.15,4.47
19967.0,2.15,4.47
19968.0,2.15,4.47
19968.0,2.4,4.47
19969.0,2.4,4.47
19969.0,2.4,4.47
19970.0,2.4,4.47
19971.0,2.4,4.47
19971.0,2.3,4.47
19972.0,2.29,4.47
19972.0,2.3,4.47
19973.0,2.29,4.47
19974.0,2.3,4.47
19974.0,2.29,4.47
19975.0,2.1,4.47
19975.0,2.09,4.47
19976.0,2.1,4.47
19976.0,2.09,4.47
19977.0,2.1,4.47
19978.0,1.77,4.47
19978.0,1.77,4.47
19979.0,1.77,4.47
19979.0,1.77,4.47
19980.0,1.77,4.47
19981.0,1.74,4.47
19981.0,1.74,4.47
19982.0,1.74,4.47
19982.0,1.74,4.47
19983.0,1.74,4.47
19984.0,2.22,4.47
19984.0,2.22,4.47
19985.0,2.22,4.47
19985.0,2.22,4.47
19986.0,2.22,4.47
19987.0,2.22,4.47
19987.0,2.5,4.47
19988.0,2.51,4.47
19988.0,2.5,4.47
19989.0,2.51,4.47
19989.0,2.5,4.47
19990.0,2.33,4.47
19991.0,2.32,4.47
19991.0,2.33,4.47
19992.0,2.32,4.47
19992.0,2.33,4.47
19993.0,2.23,4.47
19994.0,2.23,4.47
19994.0,2.23,4.47
19995.0,2.23,4.47
19995.0,2.23,4.47
19996.0,2.23,4.47
19997.0,2.0,4.47
19997.0,2.0,4.47
19998.0,2.0,4.47
19998.0,2.0,4.47
19999.0,2.0,4.47
19999.0,1.97,4.47
20000.0,1.96,4.47
20001.0,1.97,4.47
20001.0,1.96,4.47
20002.0,1.97,4.47
20002.0,2.27,4.47
20003.0,2.27,4.47
20004.0,2.27,4.47
20004.0,2.27,4.47
20005.0,2.27,4.47
20005.0,2.27,4.47
20006.0,2.26,4.47
20007.0,2.27,4.47
20007.0,2.26,4.47
20008.0,2.27,4.47
20008.0,2.26,4.47
20009.0,2.56,4.47
20009.0,2.56,4.47
20010.0,2.56,4.47
20011.0,2.56,4.47
20011.0,2.56,4.47
20012.0,2.7,4.47
20012.0,2.7,4.47
20013.0,2.7,4.47
20014.0,2.7,4.47
20014.0,2.7,4.47
20015.0,2.7,4.47
20015.0,2.31,4.47
20016.0,2.31,4.47
20016.0,2.31,4.47
20017.0,2.31,4.47
20018.0,2.31,4.47
20018.0,1.98,4.47
20019.0,1.98,4.47
20019.0,1.98,4.47
20020.0,1.98,4.47
20021.0,1.98,4.47
20021.0,1.88,4.47
20022.0,1.88,4.47
20022.0,1.88,4.47
20023.0,1.88,4.47
20024.0,1.88,4.47
20024.0,1.88,4.47
20025.0,1.93,4.47
20025.0,1.93,4.47
20026.0,1.93,4.47
20026.0,1.93,4.47
20027.0,1.93,4.47
20028.0,2.09,4.47
20028.0,2.08,4.47
20029.0,2.09,4.47
20029.0,2.08,4.47
20030.0,2.09,4.47
20031.0,2.24,4.47
20031.0,2.24,4.47
20032.0,2.24,4.47
20032.0,2.24,4.47
20033.0,2.24,4.47
20033.0,2.24,4.47
20034.0,2.24,4.47
20035.0,2.24,4.47
20035.0,2.24,4.47
20036.0,2.24,4.47
20036.0,2.24,4.47
20037.0,1.95,4.47
20038.0,1.94,4.47
20038.0,1.95,4.47
20039.0,1.94,4.47
20039.0,1.95,4.47
20040.0,1.94,4.47
20041.0,1.95,4.47
20041.0,1.94,4.47
20042.0,1.95,4.47
20042.0,1.94,4.47
20043.0,1.95,4.47
20043.0,2.17,4.47
20044.0,2.17,4.47
20045.0,2.17,4.47
20045.0,2.17,4.47
20046.0,2.17,4.47
20046.0,2.41,4.47
20047.0,2.41,4.47
20048.0,2.41,4.47
20048.0,2.41,4.47
20049.0,2.41,4.47
20049.0,2.72,4.47
20050.0,2.72,4.47
20050.0,2.72,4.47
20051.0,2.72,4.47
20052.0,2.72,4.47
20052.0,2.55,4.47
20053.0,2.54,4.47
20053.0,2.55,4.47
20054.0,2.54,4.47
20055.0,2.55,4.47
20055.0,2.54,4.47
20056.0,2.38,4.47
20056.0,2.38,4.47
20057.0,2.38,4.47
20058.0,2.38,4.47
20058.0,2.38,4.47
20059.0,2.15,4.47
20059.0,2.15,4.47
20060.0,2.15,4.47
20060.0,2.15,4.47
20061.0,2.15,4.47
20062.0,2.07,4.47
20062.0,2.07,4.47
20063.0,2.07,4.47
20063.0,2.07,4.47
20064.0,2.07,4.47
20065.0,2.07,4.47
20065.0,2.15,4.47
20066.0,2.15,4.47
20066.0,2.15,4.47
20067.0,2.15,4.47
20067.0,2.15,4.47
20068.0,2.42,4.47
20069.0,2.42,4.47
20069.0,2.42,4.47
20070.0,2.42,4.47
20070.0,2.42,4.47
20071.0,2.43,4.47
20072.0,2.43,4.47
20072.0,2.43,4.47
20073.0,2.43,4.47
20073.0,2.43,4.47
20074.0,2.43,4.47
20075.0,2.31,4.47
20075.0,2.3,4.47
20076.0,2.31,4.47
20076.0,2.3,4.47
20077.0,2.31,4.47
20077.0,2.06,4.47
20078.0,2.06,4.47
20079.0,2.06,4.47
20079.0,2.06,4.47
20080.0,2.06,4.47
20080.0,2.14,4.47
20081.0,2.14,4.47
20082.0,2.14,4.47
20082.0,2.14,4.47
20083.0,2.14,4.47
20083.0,2.14,4.47
20084.0,2.23,4.47
20085.0,2.23,4.47
20085.0,2.23,4.47
20086.0,2.23,4.47
20086.0,2.23,4.47
20087.0,2.54,4.47
20088.0,2.55,4.47
20088.0,2.54,4.47
20089.0,2.55,4.47
20089.0,2.54,4.47
20090.0,2.52,4.47
20090.0,2.51,4.47
20091.0,2.52,4.47
20092.0,2.51,4.47
20092.0,2.52,4.47
20093.0,2.34,4.47
20093.0,2.34,4.47
20094.0,2.34,4.47
20095.0,2.34,4.47
20095.0,2.34,4.47
20096.0,2.34,4.47
20096.0,2.21,4.47
20097.0,2.21,4.47
20097.0,2.21,4.47
20098.0,2.21,4.47
20099.0,2.21,4.47
20099.0,2.23,4.47
20100.0,2.23,4.47
20100.0,2.23,4.47
20101.0,2.23,4.47
20102.0,2.23,4.47
20102.0,2.04,4.47
20103.0,2.04,4.47
20103.0,2.04,4.47
20104.0,2.04,4.47
20105.0,2.04,4.47
20105.0,2.04,4.47
20106.0,2.13,4.47
20106.0,2.13,4.47
20107.0,2.13,4.47
20107.0,2.13,4.47
20108.0,2.13,4.47
20109.0,2.48,4.47
20109.0,2.48,4.47
20110.0,2.48,4.47
20110.0,2.48,4.47
20111.0,2.48,4.47
20112.0,2.49,4.47
20112.0,2.49,4.47
20113.0,2.49,4.47
20113.0,2.49,4.47
20114.0,2.49,4.47
20115.0,2.49,4.47
20115.0,2.12,4.47
20116.0,2.12,4.47
20116.0,2.12,4.47
20117.0,2.12,4.47
20117.0,2.12,4.47
20118.0,1.95,4.47
20119.0,1.95,4.47
20119.0,1.95,4.47
20120.0,1.95,4.47
20120.0,1.95,4.47
20121.0,2.19,4.47
20122.0,2.19,4.47
20122.0,2.19,4.47
20123.0,2.19,4.47
20123.0,2.19,4.47
20124.0,2.19,4.47
20124.0,2.4,4.47
20125.0,2.4,4.47
20126.0,2.4,4.47
20126.0,2.4,4.47
20127.0,2.4,4.47
20127.0,2.44,4.47
20128.0,2.44,4.47
20129.0,2.44,4.47
20129.0,2.44,4.47
20130.0,2.44,4.47
20130.0,2.37,4.47
20131.0,2.37,4.47
20132.0,2.37,4.47
20132.0,2.37,4.47
20133.0,2.37,4.47
20133.0,2.37,4.47
20134.0,2.21,4.47
20134.0,2.21,4.47
20135.0,2.21,4.47
20136.0,2.21,4.47
20136.0,2.21,4.47
20137.0,2.05,4.47
20137.0,2.05,4.47
20138.0,2.05,4.47
20139.0,2.05,4.47
20139.0,2.05,4.47
20140.0,2.12,4.47
20140.0,2.12,4.47
20141.0,2.12,4.47
20141.0,2.12,4.47
20142.0,2.12,4.47
20143.0,2.12,4.47
20143.0,2.19,4.47
20144.0,2.19,4.47
20144.0,2.19,4.47
20145.0,2.19,4.47
20146.0,2.19,4.47
20146.0,2.5,4.47
20147.0,2.5,4.47
20147.0,2.5,4.47
20148.0,2.5,4.47
20149.0,2.5,4.47
20149.0,2.53,4.47
20150.0,2.53,4.47
20150.0,2.53,4.47
20151.0,2.53,4.47
20151.0,2.53,4.47
20152.0,2.53,4.47
20153.0,2.53,4.47
20153.0,2.54,4.47
20154.0,2.53,4.47
20154.0,2.54,4.47
20155.0,2.53,4.47
20156.0,2.2,4.47
20156.0,2.2,4.47
20157.0,2.2,4.47
20157.0,2.2,4.47
20158.0,2.2,4.47
20158.0,2.03,4.47
20159.0,2.03,4.47
20160.0,2.03,4.47
20160.0,2.03,4.47
20161.0,2.03,4.47
20161.0,2.03,4.47
20162.0,2.01,4.47
20163.0,2.01,4.47
20163.0,2.01,4.47
20164.0,2.01,4.47
20164.0,2.01,4.47
20165.0,2.13,4.47
20166.0,2.13,4.47
20166.0,2.13,4.47
20167.0,2.13,4.47
20167.0,2.13,4.47
20168.0,2.4,4.47
20168.0,2.4,4.47
20169.0,2.4,4.47
20170.0,2.4,4.47
20170.0,2.4,4.47
20171.0,2.62,4.47
20171.0,2.62,4.47
20172.0,2.62,4.47
20173.0,2.62,4.47
20173.0,2.62,4.47
20174.0,2.62,4.47
20174.0,2.29,4.47
20175.0,2.29,4.47
20175.0,2.29,4.47
20176.0,2.29,4.47
20177.0,2.29,4.47
20177.0,1.91,4.47
20178.0,1.91,4.47
20178.0,1.91,4.47
20179.0,1.91,4.47
20180.0,1.91,4.47
20180.0,1.95,4.47
20181.0,1.95,4.47
20181.0,1.95,4.47
20182.0,1.95,4.47
20183.0,1.95,4.47
20183.0,1.95,4.47
20184.0,2.05,4.47
20184.0,2.05,4.47
20185.0,2.05,4.47
20186.0,2.05,4.47
20186.0,2.05,4.47
20187.0,2.34,4.47
20187.0,2.34,4.47
20188.0,2.34,4.47
20189.0,2.34,4.47
20189.0,2.34,4.47
20190.0,2.42,4.47
20190.0,2.42,4.47
20191.0,2.42,4.47
20191.0,2.42,4.47
20192.0,2.42,4.47
20193.0,2.42,4.47
20193.0,2.34,4.47
20194.0,2.34,4.47
20194.0,2.34,4.47
20195.0,2.34,4.47
20196.0,2.34,4.47
20196.0,2.25,4.47
20197.0,2.25,4.47
20197.0,2.25,4.47
20198.0,2.25,4.47
20198.0,2.25,4.47
20199.0,2.18,4.47
20200.0,2.18,4.47
20200.0,2.18,4.47
20201.0,2.18,4.47
20201.0,2.18,4.47
20202.0,2.18,4.47
20203.0,1.96,4.47
20203.0,1.95,4.47
20204.0,1.96,4.47
20204.0,1.95,4.47
20205.0,1.96,4.47
20206.0,2.23,4.47
20206.0,2.23,4.47
20207.0,2.23,4.47
20207.0,2.23,4.47
20208.0,2.23,4.47
20208.0,2.53,4.47
20209.0,2.53,4.47
20210.0,2.53,4.47
20210.0,2.53,4.47
20211.0,2.53,4.47
20211.0,2.49,4.47
20212.0,2.49,4.47
20213.0,2.49,4.47
20213.0,2.49,4.47
20214.0,2.49,4.47
20214.0,2.49,4.47
20215.0,2.24,4.47
20215.0,2.24,4.47
20216.0,2.24,4.47
20217.0,2.24,4.47
20217.0,2.24,4.47
20218.0,1.85,4.47
20218.0,1.84,4.47
20219.0,1.85,4.47
20220.0,1.84,4.47
20220.0,1.85,4.47
20221.0,1.8,4.47
20221.0,1.8,4.47
20222.0,1.8,4.47
20223.0,1.8,4.47
20223.0,1.8,4.47
20224.0,1.8,4.47
20224.0,2.1,4.47
20225.0,2.11,4.47
20225.0,2.1,4.47
20226.0,2.11,4.47
20227.0,2.1,4.47
20227.0,2.46,4.47
20228.0,2.46,4.47
20228.0,2.46,4.47
20229.0,2.46,4.47
20230.0,2.46,4.47
20230.0,2.36,4.47
20231.0,2.36,4.47
20231.0,2.36,4.47
20232.0,2.36,4.47
20232.0,2.36,4.47
20233.0,2.36,4.47
20234.0,2.35,4.47
20234.0,2.35,4.47
20235.0,2.35,4.47
20235.0,2.35,4.47
20236.0,2.35,4.47
20237.0,2.12,4.47
20237.0,2.11,4.47
20238.0,2.12,4.47
20238.0,2.11,4.47
20239.0,2.12,4.47
20240.0,1.92,4.47
20240.0,1.92,4.47
20241.0,1.92,4.47
20241.0,1.92,4.47
20242.0,1.92,4.47
20242.0,1.92,4.47
20243.0,2.17,4.47
20244.0,2.17,4.47
20244.0,2.17,4.47
20245.0,2.17,4.47
20245.0,2.17,4.47
20246.0,2.43,4.47
20247.0,2.43,4.47
20247.0,2.43,4.47
20248.0,2.43,4.47
20248.0,2.43,4.47
20249.0,2.48,4.47
20249.0,2.48,4.47
20250.0,2.48,4.47
20251.0,2.48,4.47
20251.0,2.48,4.47
20252.0,2.48,4.47
20252.0,2.61,4.47
20253.0,2.61,4.47
20254.0,2.61,4.47
20254.0,2.61,4.47
20255.0,2.61,4.47
20255.0,2.49,4.47
20256.0,2.49,4.47
20257.0,2.49,4.47
20257.0,2.49,4.47
20258.0,2.49,4.47
20258.0,2.03,4.47
20259.0,2.03,4.47
20259.0,2.03,4.47
20260.0,2.03,4.47
20261.0,2.03,4.47
20261.0,2.03,4.47
20262.0,1.85,4.47
20262.0,1.85,4.47
20263.0,1.85,4.47
20264.0,1.85,4.47
20264.0,1.85,4.47
20265.0,1.95,4.47
20265.0,1.94,4.47
20266.0,1.95,4.47
20266.0,1.94,4.47
20267.0,1.95,4.47
20268.0,2.43,4.47
20268.0,2.43,4.47
20269.0,2.43,4.47
20269.0,2.43,4.47
20270.0,2.43,4.47
20271.0,2.43,4.47
20271.0,2.34,4.47
20272.0,2.34,4.47
20272.0,2.34,4.47
20273.0,2.34,4.47
20274.0,2.34,4.47
20274.0,2.22,4.47
20275.0,2.22,4.47
20275.0,2.22,4.47
20276.0,2.22,4.47
20276.0,2.22,4.47
20277.0,2.24,4.47
20278.0,2.24,4.47
20278.0,2.24,4.47
20279.0,2.24,4.47
20279.0,2.24,4.47
20280.0,2.24,4.47
20281.0,2.25,4.47
20281.0,2.25,4.47
20282.0,2.25,4.47
20282.0,2.25,4.47
20283.0,2.25,4.47
20284.0,2.13,4.47
20284.0,2.13,4.47
20285.0,2.13,4.47
20285.0,2.13,4.47
20286.0,2.13,4.47
20287.0,2.31,4.47
20287.0,2.32,4.47
20288.0,2.31,4.47
20288.0,2.32,4.47
20289.0,2.31,4.47
20289.0,2.58,4.47
20290.0,2.57,4.47
20291.0,2.58,4.47
20291.0,2.57,4.47
20292.0,2.58,4.47
20292.0,2.57,4.47
20293.0,2.38,4.47
20294.0,2.38,4.47
20294.0,2.38,4.47
20295.0,2.38,4.47
20295.0,2.38,4.47
20296.0,2.12,4.47
20297.0,2.12,4.47
20297.0,2.12,4.47
20298.0,2.12,4.47
20298.0,2.12,4.47
20299.0,2.07,4.47
20299.0,2.07,4.47
20300.0,2.07,4.47
20301.0,2.07,4.47
20301.0,2.07,4.47
20302.0,2.07,4.47
20302.0,2.15,4.47
20303.0,2.15,4.47
20304.0,2.15,4.47
20304.0,2.15,4.47
20305.0,2.15,4.47
20305.0,2.35,4.47
20306.0,2.35,4.47
20306.0,2.35,4.47
20307.0,2.35,4.47
20308.0,2.35,4.47
20308.0,2.42,4.47
20309.0,2.42,4.47
20309.0,2.42,4.47
20310.0,2.42,4.47
20311.0,2.42,4.47
20311.0,2.42,4.47
20312.0,2.41,4.47
20312.0,2.41,4.47
20313.0,2.41,4.47
20314.0,2.41,4.47
20314.0,2.41,4.47
20315.0,2.03,4.47
20315.0,2.03,4.47
20316.0,2.03,4.47
20316.0,2.03,4.47
20317.0,2.03,4.47
20318.0,1.74,4.47
20318.0,1.74,4.47
20319.0,1.74,4.47
20319.0,1.74,4.47
20320.0,1.74,4.47
20321.0,1.74,4.47
20321.0,1.91,4.47
20322.0,1.91,4.47
20322.0,1.91,4.47
20323.0,1.91,4.47
20323.0,1.91,4.47
20324.0,2.19,4.47
20325.0,2.19,4.47
20325.0,2.19,4.47
20326.0,2.19,4.47
20326.0,2.19,4.47
20327.0,2.23,4.47
20328.0,2.23,4.47
20328.0,2.23,4.47
20329.0,2.23,4.47
20329.0,2.23,4.47
20330.0,2.51,4.47
20331.0,2.51,4.47
20331.0,2.51,4.47
20332.0,2.51,4.47
20332.0,2.51,4.47
20333.0,2.51,4.47
20333.0,2.65,4.47
20334.0,2.65,4.47
20335.0,2.65,4.47
20335.0,2.65,4.47
20336.0,2.65,4.47
20336.0,2.42,4.47
20337.0,2.42,4.47
20338.0,2.42,4.47
20338.0,2.42,4.47
20339.0,2.42,4.47
20339.0,2.0,4.47
20340.0,2.01,4.47
20340.0,2.0,4.47
20341.0,2.01,4.47
20342.0,2.0,4.47
20342.0,2.01,4.47
20343.0,1.77,4.47
20343.0,1.77,4.47
20344.0,1.77,4.47
20345.0,1.77,4.47
20345.0,1.77,4.47
20346.0,2.05,4.47
20346.0,2.05,4.47
20347.0,2.05,4.47
20348.0,2.05,4.47
20348.0,2.05,4.47
20349.0,2.39,4.47
20349.0,2.39,4.47
20350.0,2.39,4.47
20350.0,2.39,4.47
20351.0,2.39,4.47
20352.0,2.39,4.47
20352.0,2.48,4.47
20353.0,2.48,4.47
20353.0,2.48,4.47
20354.0,2.48,4.47
20355.0,2.48,4.47
20355.0,2.19,4.47
20356.0,2.19,4.47
20356.0,2.19,4.47
20357.0,2.19,4.47
20357.0,2.19,4.47
20358.0,1.97,4.47
20359.0,1.98,4.47
20359.0,1.97,4.47
20360.0,1.98,4.47
20360.0,1.97,4.47
20361.0,1.98,4.47
20362.0,2.04,4.47
20362.0,2.04,4.47
20363.0,2.04,4.47
20363.0,2.04,4.47
20364.0,2.04,4.47
20365.0,2.11,4.47
20365.0,2.1,4.47
20366.0,2.11,4.47
20366.0,2.1,4.47
20367.0,2.11,4.47
20367.0,2.21,4.47
20368.0,2.21,4.47
20369.0,2.21,4.47
20369.0,2.21,4.47
20370.0,2.21,4.47
20370.0,2.21,4.47
20371.0,2.18,4.47
20372.0,2.18,4.47
20372.0,2.18,4.47
20373.0,2.18,4.47
20373.0,2.18,4.47
20374.0,2.14,4.47
20374.0,2.14,4.47
20375.0,2.14,4.47
20376.0,2.14,4.47
20376.0,2.14,4.47
20377.0,2.13,4.47
20377.0,2.13,4.47
20378.0,2.13,4.47
20379.0,2.13,4.47
20379.0,2.13,4.47
20380.0,2.13,4.47
20380.0,2.14,4.47
20381.0,2.14,4.47
20382.0,2.14,4.47
20382.0,2.14,4.47
20383.0,2.14,4.47
20383.0,2.15,4.47
20384.0,2.15,4.47
20384.0,2.15,4.47
20385.0,2.15,4.47
20386.0,2.15,4.47
20386.0,2.51,4.47
20387.0,2.52,4.47
20387.0,2.51,4.47
20388.0,2.52,4.47
20389.0,2.51,4.47
20389.0,2.77,4.47
20390.0,2.76,4.47
20390.0,2.77,4.47
20391.0,2.76,4.47
20392.0,2.77,4.47
20392.0,2.76,4.47
20393.0,2.28,4.47
20393.0,2.27,4.47
20394.0,2.28,4.47
20395.0,2.27,4.47
20395.0,2.28,4.47
20396.0,2.02,4.47
20396.0,2.02,4.47
20397.0,2.02,4.47
20397.0,2.02,4.47
20398.0,2.02,4.47
20399.0,2.02,4.47
20399.0,2.02,4.47
20400.0,2.02,4.47
20400.0,2.02,4.47
20401.0,2.02,4.47
20402.0,2.02,4.47
20402.0,1.96,4.47
20403.0,1.96,4.47
20403.0,1.96,4.47
20404.0,1.96,4.47
20405.0,1.96,4.47
20405.0,1.97,4.47
20406.0,1.98,4.47
20406.0,1.97,4.47
20407.0,1.98,4.47
20407.0,1.97,4.47
20408.0,2.38,4.47
20409.0,2.38,4.47
20409.0,2.38,4.47
20410.0,2.38,4.47
20410.0,2.38,4.47
20411.0,2.38,4.47
20412.0,2.25,4.47
20412.0,2.25,4.47
20413.0,2.25,4.47
20413.0,2.25,4.47
20414.0,2.25,4.47
20414.0,1.97,4.47
20415.0,1.98,4.47
20416.0,1.97,4.47
20416.0,1.98,4.47
20417.0,1.97,4.47
20417.0,1.85,4.47
20418.0,1.84,4.47
20419.0,1.85,4.47
20419.0,1.84,4.47
20420.0,1.85,4.47
20420.0,1.84,4.47
20421.0,1.93,4.47
20422.0,1.93,4.47
20422.0,1.93,4.47
20423.0,1.93,4.47
20423.0,1.93,4.47
20424.0,2.05,4.47
20424.0,2.06,4.47
20425.0,2.05,4.47
20426.0,2.06,4.47
20426.0,2.05,4.47
20427.0,2.3,4.47
20427.0,2.29,4.47
20428.0,2.3,4.47
20429.0,2.29,4.47
20429.0,2.3,4.47
20430.0,2.29,4.47
20430.0,2.53,4.47
20431.0,2.53,4.47
20431.0,2.53,4.47
20432.0,2.53,4.47
20433.0,2.53,4.47
20433.0,2.59,4.47
20434.0,2.6,4.47
20434.0,2.59,4.47
20435.0,2.6,4.47
20436.0,2.59,4.47
20436.0,2.37,4.47
20437.0,2.37,4.47
20437.0,2.37,4.47
20438.0,2.37,4.47
20439.0,2.37,4.47
20439.0,2.37,4.47
20440.0,1.95,4.47
20440.0,1.95,4.47
20441.0,1.95,4.47
20441.0,1.95,4.47
20442.0,1.95,4.47
20443.0,2.25,4.47
20443.0,2.25,4.47
20444.0,2.25,4.47
20444.0,2.25,4.47
20445.0,2.25,4.47
20446.0,2.52,4.47
20446.0,2.51,4.47
20447.0,2.52,4.47
20447.0,2.51,4.47
20448.0,2.52,4.47
20448.0,2.53,4.47
20449.0,2.53,4.47
20450.0,2.53,4.47
20450.0,2.53,4.47
20451.0,2.53,4.47
20451.0,2.53,4.47
20452.0,2.48,4.47
20453.0,2.48,4.47
20453.0,2.48,4.47
20454.0,2.48,4.47
20454.0,2.48,4.47
20455.0,2.02,4.47
20456.0,2.02,4.47
20456.0,2.02,4.47
20457.0,2.02,4.47
20457.0,2.02,4.47
20458.0,2.05,4.47
20458.0,2.05,4.47
20459.0,2.05,4.47
20460.0,2.05,4.47
20460.0,2.05,4.47
20461.0,2.05,4.47
20461.0,2.03,4.47
20462.0,2.03,4.47
20463.0,2.03,4.47
20463.0,2.03,4.47
20464.0,2.03,4.47
20464.0,1.97,4.47
20465.0,1.97,4.47
20465.0,1.97,4.47
20466.0,1.97,4.47
20467.0,1.97,4.47
20467.0,2.26,4.47
20468.0,2.27,4.47
20468.0,2.26,4.47
20469.0,2.27,4.47
20470.0,2.26,4.47
20470.0,2.27,4.47
20471.0,2.46,4.47
20471.0,2.46,4.47
20472.0,2.46,4.47
20473.0,2.46,4.47
20473.0,2.46,4.47
20474.0,2.29,4.47
20474.0,2.29,4.47
20475.0,2.29,4.47
20475.0,2.29,4.47
20476.0,2.29,4.47
20477.0,2.17,4.47
20477.0,2.17,4.47
20478.0,2.17,4.47
20478.0,2.17,4.47
20479.0,2.17,4.47
20480.0,2.17,4.47
20480.0,2.08,4.47
20481.0,2.09,4.47
20481.0,2.08,4.47
20482.0,2.09,4.47
20482.0,2.08,4.47
20483.0,2.18,4.47
20484.0,2.18,4.47
20484.0,2.18,4.47
20485.0,2.18,4.47
20485.0,2.18,4.47
20486.0,2.5,4.47
20487.0,2.5,4.47
20487.0,2.5,4.47
20488.0,2.5,4.47
20488.0,2.5,4.47
20489.0,2.45,4.47
20490.0,2.45,4.47
20490.0,2.45,4.47
20491.0,2.45,4.47
20491.0,2.45,4.47
20492.0,2.45,4.47
20493.0,2.41,4.47
20493.0,2.41,4.47
20494.0,2.41,4.47
20494.0,2.41,4.47
20495.0,2.41,4.47
20496.0,2.27,4.47
20496.0,2.27,4.47
20497.0,2.27,4.47
20497.0,2.27,4.47
20498.0,2.27,4.47
20498.0,2.12,4.47
20499.0,2.12,4.47
20500.0,2.12,4.47
20500.0,2.12,4.47
20501.0,2.12,4.47
20501.0,2.12,4.47
20502.0,2.19,4.47
20503.0,2.19,4.47
20503.0,2.19,4.47
20504.0,2.19,4.47
20504.0,2.19,4.47
20505.0,2.26,4.47
20505.0,2.26,4.47
20506.0,2.26,4.47
20507.0,2.26,4.47
20507.0,2.26,4.47
20508.0,2.34,4.47
20508.0,2.34,4.47
20509.0,2.34,4.47
20510.0,2.34,4.47
20510.0,2.34,4.47
20511.0,2.34,4.47
20511.0,2.77,4.47
20512.0,2.77,4.47
20513.0,2.77,4.47
20513.0,2.77,4.47
20514.0,2.77,4.47
20514.0,2.66,4.47
20515.0,2.66,4.47
20515.0,2.66,4.47
20516.0,2.66,4.47
20517.0,2.66,4.47
20517.0,2.05,4.47
20518.0,2.04,4.47
20518.0,2.05,4.47
20519.0,2.04,4.47
20520.0,2.05,4.47
20520.0,2.04,4.47
20521.0,1.91,4.47
20521.0,1.91,4.47
20522.0,1.91,4.47
20522.0,1.91,4.47
20523.0,1.91,4.47
20524.0,2.01,4.47
20524.0,2.01,4.47
20525.0,2.01,4.47
20525.0,2.01,4.47
20526.0,2.01,4.47
20527.0,2.42,4.47
20527.0,2.42,4.47
20528.0,2.42,4.47
20528.0,2.42,4.47
20529.0,2.42,4.47
20530.0,2.42,4.47
20530.0,2.6,4.47
20531.0,2.59,4.47
20531.0,2.6,4.47
20532.0,2.59,4.47
20532.0,2.6,4.47
20533.0,2.33,4.47
20534.0,2.33,4.47
20534.0,2.33,4.47
20535.0,2.33,4.47
20535.0,2.33,4.47
20536.0,2.08,4.47
20537.0,2.08,4.47
20537.0,2.08,4.47
20538.0,2.08,4.47
20538.0,2.08,4.47
20539.0,2.08,4.47
20539.0,2.13,4.47
20540.0,2.13,4.47
20541.0,2.13,4.47
20541.0,2.13,4.47
20542.0,2.13,4.47
20542.0,2.1,4.47
20543.0,2.1,4.47
20544.0,2.1,4.47
20544.0,2.1,4.47
20545.0,2.1,4.47
20545.0,2.15,4.47
20546.0,2.15,4.47
20547.0,2.15,4.47
20547.0,2.15,4.47
20548.0,2.15,4.47
20548.0,2.15,4.47
20549.0,2.37,4.47
20549.0,2.37,4.47
20550.0,2.37,4.47
20551.0,2.37,4.47
20551.0,2.37,4.47
20552.0,2.56,4.47
20552.0,2.56,4.47
20553.0,2.56,4.47
20554.0,2.56,4.47
20554.0,2.56,4.47
20555.0,2.33,4.47
20555.0,2.33,4.47
20556.0,2.33,4.47
20556.0,2.33,4.47
20557.0,2.33,4.47
20558.0,2.33,4.47
20558.0,1.98,4.47
20559.0,1.98,4.47
20559.0,1.98,4.47
20560.0,1.98,4.47
20561.0,1.98,4.47
20561.0,1.88,4.47
20562.0,1.88,4.47
20562.0,1.88,4.47
20563.0,1.88,4.47
20564.0,1.88,4.47
20564.0,2.12,4.47
20565.0,2.11,4.47
20565.0,2.12,4.47
20566.0,2.11,4.47
20566.0,2.12,4.47
20567.0,2.27,4.47
20568.0,2.27,4.47
20568.0,2.27,4.47
20569.0,2.27,4.47
20569.0,2.27,4.47
20570.0,2.27,4.47
20571.0,2.3,4.47
20571.0,2.3,4.47
20572.0,2.3,4.47
20572.0,2.3,4.47
20573.0,2.3,4.47
20574.0,2.14,4.47
20574.0,2.14,4.47
20575.0,2.14,4.47
20575.0,2.14,4.47
20576.0,2.14,4.47
20576.0,1.83,4.47
20577.0,1.84,4.47
20578.0,1.83,4.47
20578.0,1.84,4.47
20579.0,1.83,4.47
20579.0,1.84,4.47
20580.0,1.95,4.47
20581.0,1.95,4.47
20581.0,1.95,4.47
20582.0,1.95,4.47
20582.0,1.95,4.47
20583.0,2.38,4.47
20583.0,2.38,4.47
20584.0,2.38,4.47
20585.0,2.38,4.47
20585.0,2.38,4.47
20586.0,2.34,4.47
20586.0,2.35,4.47
20587.0,2.34,4.47
20588.0,2.35,4.47
20588.0,2.34,4.47
20589.0,2.35,4.47
20589.0,2.37,4.47
20590.0,2.37,4.47
20591.0,2.37,4.47
20591.0,2.37,4.47
20592.0,2.37,4.47
20592.0,2.23,4.47
20593.0,2.23,4.47
20594.0,2.23,4.47
20594.0,2.23,4.47
20595.0,2.23,4.47
20595.0,2.02,4.47
20596.0,2.03,4.47
20596.0,2.02,4.47
20597.0,2.03,4.47
20598.0,2.02,4.47
20598.0,1.84,4.47
20599.0,1.84,4.47
20599.0,1.84,4.47
20600.0,1.84,4.47
20601.0,1.84,4.47
20601.0,1.84,4.47
20602.0,1.92,4.47
20602.0,1.92,4.47
20603.0,1.92,4.47
20604.0,1.92,4.47
20604.0,1.92,4.47
20605.0,2.13,4.47
20605.0,2.13,4.47
20606.0,2.13,4.47
20606.0,2.13,4.47
20607.0,2.13,4.47
20608.0,2.55,4.47
20608.0,2.54,4.47
20609.0,2.55,4.47
20609.0,2.54,4.47
20610.0,2.55,4.47
20611.0,2.54,4.47
20611.0,2.61,4.47
20612.0,2.61,4.47
20612.0,2.61,4.47
20613.0,2.61,4.47
20613.0,2.61,4.47
20614.0,2.27,4.47
20615.0,2.27,4.47
20615.0,2.27,4.47
20616.0,2.27,4.47
20616.0,2.27,4.47
20617.0,1.86,4.47
20618.0,1.86,4.47
20618.0,1.86,4.47
20619.0,1.86,4.47
20619.0,1.86,4.47
20620.0,1.86,4.47
20621.0,1.94,4.47
20621.0,1.94,4.47
20622.0,1.94,4.47
20622.0,1.94,4.47
20623.0,1.94,4.47
20623.0,2.27,4.47
20624.0,2.28,4.47
20625.0,2.27,4.47
20625.0,2.28,4.47
20626.0,2.27,4.47
20626.0,2.61,4.47
20627.0,2.61,4.47
20628.0,2.61,4.47
20628.0,2.61,4.47
20629.0,2.61,4.47
20629.0,2.61,4.47
20630.0,2.41,4.47
20630.0,2.41,4.47
20631.0,2.41,4.47
20632.0,2.41,4.47
20632.0,2.41,4.47
20633.0,2.25,4.47
20633.0,2.25,4.47
20634.0,2.25,4.47
20635.0,2.25,4.47
20635.0,2.25,4.47
20636.0,2.18,4.47
20636.0,2.18,4.47
20637.0,2.18,4.47
20638.0,2.18,4.47
20638.0,2.18,4.47
20639.0,2.18,4.47
20639.0,1.99,4.47
20640.0,1.99,4.47
20640.0,1.99,4.47
20641.0,1.99,4.47
20642.0,1.99,4.47
20642.0,2.07,4.47
20643.0,2.07,4.47
20643.0,2.07,4.47
20644.0,2.07,4.47
20645.0,2.07,4.47
20645.0,2.24,4.47
20646.0,2.24,4.47
20646.0,2.24,4.47
20647.0,2.24,4.47
20647.0,2.24,4.47
20648.0,2.24,4.47
20649.0,2.48,4.47
20649.0,2.48,4.47
20650.0,2.48,4.47
20650.0,2.48,4.47
20651.0,2.48,4.47
20652.0,2.39,4.47
20652.0,2.39,4.47
20653.0,2.39,4.47
20653.0,2.39,4.47
20654.0,2.39,4.47
20655.0,2.04,4.47
20655.0,2.04,4.47
20656.0,2.04,4.47
20656.0,2.04,4.47
20657.0,2.04,4.47
20657.0,2.04,4.47
20658.0,1.86,4.47
20659.0,1.86,4.47
20659.0,1.86,4.47
20660.0,1.86,4.47
20660.0,1.86,4.47
20661.0,1.79,4.47
20662.0,1.79,4.47
20662.0,1.79,4.47
20663.0,1.79,4.47
20663.0,1.79,4.47
20664.0,1.89,4.47
20664.0,1.89,4.47
20665.0,1.89,4.47
20666.0,1.89,4.47
20666.0,1.89,4.47
20667.0,1.89,4.47
20667.0,2.3,4.47
20668.0,2.29,4.47
20669.0,2.3,4.47
20669.0,2.29,4.47
20670.0,2.3,4.47
20670.0,2.54,4.47
20671.0,2.54,4.47
20672.0,2.54,4.47
20672.0,2.54,4.47
20673.0,2.54,4.47
20673.0,2.3,4.47
20674.0,2.3,4.47
20674.0,2.3,4.47
20675.0,2.3,4.47
20676.0,2.3,4.47
20676.0,2.3,4.47
20677.0,2.1,4.47
20677.0,2.09,4.47
20678.0,2.1,4.47
20679.0,2.09,4.47
20679.0,2.1,4.47
20680.0,2.1,4.47
20680.0,2.1,4.47
20681.0,2.1,4.47
20682.0,2.1,4.47
20682.0,2.1,4.47
20683.0,2.24,4.47
20683.0,2.24,4.47
20684.0,2.24,4.47
20684.0,2.24,4.47
20685.0,2.24,4.47
20686.0,2.36,4.47
20686.0,2.37,4.47
20687.0,2.36,4.47
20687.0,2.37,4.47
20688.0,2.36,4.47
20689.0,2.37,4.47
